client_id,mois_liste,groupe,resultat_3_mois
CLI-004593,2027-01-01,non_retenu,reste
CLI-003145,2027-01-01,non_retenu,reste
CLI-002921,2027-01-01,non_retenu,reste
CLI-000847,2027-01-01,contact,parti
CLI-000228,2027-01-01,contact,reste
CLI-000782,2027-01-01,non_retenu,parti
CLI-000970,2027-01-01,non_retenu,reste
CLI-004120,2027-01-01,non_retenu,parti
CLI-001369,2027-01-01,non_retenu,reste
CLI-002764,2027-01-01,non_retenu,parti
CLI-000236,2027-01-01,non_retenu,reste
CLI-000261,2027-01-01,non_retenu,parti
CLI-003239,2027-01-01,non_retenu,parti
CLI-002869,2027-01-01,non_retenu,reste
CLI-004392,2027-01-01,non_retenu,parti
CLI-002113,2027-01-01,non_retenu,parti
CLI-002329,2027-01-01,non_retenu,reste
CLI-000305,2027-01-01,non_retenu,parti
CLI-002543,2027-01-01,non_retenu,reste
CLI-003431,2027-01-01,non_retenu,parti
CLI-000676,2027-01-01,non_retenu,reste
CLI-004211,2027-01-01,non_retenu,reste
CLI-003394,2027-01-01,non_retenu,reste
CLI-000854,2027-01-01,non_retenu,reste
CLI-003687,2027-01-01,non_retenu,reste
CLI-003033,2027-01-01,non_retenu,reste
CLI-003540,2027-01-01,non_retenu,reste
CLI-003877,2027-01-01,non_retenu,reste
CLI-001695,2027-01-01,non_retenu,reste
CLI-002671,2027-01-01,non_retenu,reste
CLI-004258,2027-01-01,non_retenu,reste
CLI-000319,2027-01-01,non_retenu,reste
CLI-003202,2027-01-01,non_retenu,reste
CLI-002011,2027-01-01,non_retenu,reste
CLI-001408,2027-01-01,non_retenu,parti
CLI-002478,2027-01-01,non_retenu,reste
SIM-00001,2027-01-01,non_retenu,reste
SIM-00002,2027-01-01,non_retenu,reste
SIM-00003,2027-01-01,non_retenu,reste
SIM-00004,2027-01-01,non_retenu,reste
SIM-00005,2027-01-01,non_retenu,reste
SIM-00006,2027-01-01,non_retenu,reste
SIM-00007,2027-01-01,non_retenu,reste
SIM-00008,2027-01-01,contact,parti
SIM-00009,2027-01-01,non_retenu,reste
SIM-00010,2027-01-01,non_retenu,parti
SIM-00011,2027-01-01,non_retenu,reste
SIM-00012,2027-01-01,non_retenu,reste
SIM-00013,2027-01-01,contact,parti
SIM-00014,2027-01-01,non_retenu,parti
SIM-00015,2027-01-01,non_retenu,parti
SIM-00016,2027-01-01,non_retenu,reste
SIM-00017,2027-01-01,non_retenu,reste
SIM-00018,2027-01-01,non_retenu,reste
SIM-00019,2027-01-01,non_retenu,reste
SIM-00020,2027-01-01,non_retenu,parti
SIM-00021,2027-01-01,non_retenu,reste
SIM-00022,2027-01-01,non_retenu,reste
SIM-00023,2027-01-01,non_retenu,reste
SIM-00024,2027-01-01,non_retenu,reste
SIM-00025,2027-01-01,non_retenu,reste
SIM-00026,2027-01-01,non_retenu,parti
SIM-00027,2027-01-01,non_retenu,reste
SIM-00028,2027-01-01,non_retenu,reste
SIM-00029,2027-01-01,non_retenu,reste
SIM-00030,2027-01-01,non_retenu,parti
SIM-00031,2027-01-01,non_retenu,reste
SIM-00032,2027-01-01,non_retenu,reste
SIM-00033,2027-01-01,non_retenu,reste
SIM-00034,2027-01-01,non_retenu,reste
SIM-00035,2027-01-01,non_retenu,parti
SIM-00036,2027-01-01,non_retenu,reste
SIM-00037,2027-01-01,non_retenu,reste
SIM-00038,2027-01-01,non_retenu,parti
SIM-00039,2027-01-01,non_retenu,reste
SIM-00040,2027-01-01,non_retenu,parti
SIM-00041,2027-01-01,non_retenu,reste
SIM-00042,2027-01-01,non_retenu,reste
SIM-00043,2027-01-01,non_retenu,parti
SIM-00044,2027-01-01,non_retenu,parti
SIM-00045,2027-01-01,non_retenu,parti
SIM-00046,2027-01-01,non_retenu,reste
SIM-00047,2027-01-01,non_retenu,parti
SIM-00048,2027-01-01,non_retenu,parti
SIM-00049,2027-01-01,non_retenu,reste
SIM-00050,2027-01-01,non_retenu,reste
SIM-00051,2027-01-01,non_retenu,parti
SIM-00052,2027-01-01,non_retenu,parti
SIM-00053,2027-01-01,non_retenu,parti
SIM-00054,2027-01-01,non_retenu,parti
SIM-00055,2027-01-01,non_retenu,reste
SIM-00056,2027-01-01,non_retenu,reste
SIM-00057,2027-01-01,non_retenu,reste
SIM-00058,2027-01-01,non_retenu,reste
SIM-00059,2027-01-01,non_retenu,parti
SIM-00060,2027-01-01,non_retenu,reste
SIM-00061,2027-01-01,non_retenu,reste
SIM-00062,2027-01-01,non_retenu,parti
SIM-00063,2027-01-01,contact,parti
SIM-00064,2027-01-01,non_retenu,reste
SIM-00065,2027-01-01,non_retenu,parti
SIM-00066,2027-01-01,non_retenu,reste
SIM-00067,2027-01-01,non_retenu,reste
SIM-00068,2027-01-01,non_retenu,reste
SIM-00069,2027-01-01,non_retenu,parti
SIM-00070,2027-01-01,non_retenu,reste
SIM-00071,2027-01-01,non_retenu,reste
SIM-00072,2027-01-01,non_retenu,reste
SIM-00073,2027-01-01,non_retenu,reste
SIM-00074,2027-01-01,non_retenu,reste
SIM-00075,2027-01-01,non_retenu,reste
SIM-00076,2027-01-01,non_retenu,parti
SIM-00077,2027-01-01,non_retenu,parti
SIM-00078,2027-01-01,non_retenu,reste
SIM-00079,2027-01-01,non_retenu,reste
SIM-00080,2027-01-01,non_retenu,reste
SIM-00081,2027-01-01,non_retenu,parti
SIM-00082,2027-01-01,non_retenu,parti
SIM-00083,2027-01-01,non_retenu,reste
SIM-00084,2027-01-01,non_retenu,parti
SIM-00085,2027-01-01,non_retenu,reste
SIM-00086,2027-01-01,non_retenu,parti
SIM-00087,2027-01-01,contact,reste
SIM-00088,2027-01-01,non_retenu,reste
SIM-00089,2027-01-01,contact,parti
SIM-00090,2027-01-01,non_retenu,parti
SIM-00091,2027-01-01,non_retenu,parti
SIM-00092,2027-01-01,non_retenu,parti
SIM-00093,2027-01-01,non_retenu,parti
SIM-00094,2027-01-01,non_retenu,reste
SIM-00095,2027-01-01,non_retenu,reste
SIM-00096,2027-01-01,non_retenu,parti
SIM-00097,2027-01-01,non_retenu,parti
SIM-00098,2027-01-01,non_retenu,parti
SIM-00099,2027-01-01,contact,parti
SIM-00100,2027-01-01,non_retenu,reste
SIM-00101,2027-01-01,non_retenu,reste
SIM-00102,2027-01-01,non_retenu,reste
SIM-00103,2027-01-01,non_retenu,parti
SIM-00104,2027-01-01,non_retenu,parti
SIM-00105,2027-01-01,non_retenu,reste
SIM-00106,2027-01-01,non_retenu,reste
SIM-00107,2027-01-01,non_retenu,reste
SIM-00108,2027-01-01,contact,parti
SIM-00109,2027-01-01,non_retenu,parti
SIM-00110,2027-01-01,non_retenu,reste
SIM-00111,2027-01-01,non_retenu,reste
SIM-00112,2027-01-01,non_retenu,reste
SIM-00113,2027-01-01,non_retenu,reste
SIM-00114,2027-01-01,non_retenu,reste
SIM-00115,2027-01-01,non_retenu,reste
SIM-00116,2027-01-01,non_retenu,reste
SIM-00117,2027-01-01,non_retenu,reste
SIM-00118,2027-01-01,non_retenu,reste
SIM-00119,2027-01-01,non_retenu,reste
SIM-00120,2027-01-01,non_retenu,reste
SIM-00121,2027-01-01,non_retenu,reste
SIM-00122,2027-01-01,non_retenu,reste
SIM-00123,2027-01-01,non_retenu,reste
SIM-00124,2027-01-01,non_retenu,parti
SIM-00125,2027-01-01,non_retenu,reste
SIM-00126,2027-01-01,non_retenu,parti
SIM-00127,2027-01-01,non_retenu,reste
SIM-00128,2027-01-01,non_retenu,reste
SIM-00129,2027-01-01,non_retenu,parti
SIM-00130,2027-01-01,non_retenu,reste
SIM-00131,2027-01-01,non_retenu,reste
SIM-00132,2027-01-01,non_retenu,reste
SIM-00133,2027-01-01,non_retenu,parti
SIM-00134,2027-01-01,non_retenu,parti
SIM-00135,2027-01-01,non_retenu,parti
SIM-00136,2027-01-01,non_retenu,reste
SIM-00137,2027-01-01,non_retenu,parti
SIM-00138,2027-01-01,non_retenu,parti
SIM-00139,2027-01-01,non_retenu,reste
SIM-00140,2027-01-01,non_retenu,reste
SIM-00141,2027-01-01,non_retenu,reste
SIM-00142,2027-01-01,non_retenu,parti
SIM-00143,2027-01-01,non_retenu,parti
SIM-00144,2027-01-01,non_retenu,reste
SIM-00145,2027-01-01,non_retenu,reste
SIM-00146,2027-01-01,non_retenu,parti
SIM-00147,2027-01-01,non_retenu,parti
SIM-00148,2027-01-01,non_retenu,reste
SIM-00149,2027-01-01,non_retenu,reste
SIM-00150,2027-01-01,non_retenu,parti
SIM-00151,2027-01-01,non_retenu,parti
SIM-00152,2027-01-01,non_retenu,reste
SIM-00153,2027-01-01,non_retenu,reste
SIM-00154,2027-01-01,non_retenu,reste
SIM-00155,2027-01-01,non_retenu,parti
SIM-00156,2027-01-01,non_retenu,parti
SIM-00157,2027-01-01,non_retenu,reste
SIM-00158,2027-01-01,non_retenu,reste
SIM-00159,2027-01-01,non_retenu,reste
SIM-00160,2027-01-01,non_retenu,reste
SIM-00161,2027-01-01,non_retenu,reste
SIM-00162,2027-01-01,non_retenu,parti
SIM-00163,2027-01-01,non_retenu,reste
SIM-00164,2027-01-01,non_retenu,reste
SIM-00165,2027-01-01,non_retenu,parti
SIM-00166,2027-01-01,non_retenu,reste
SIM-00167,2027-01-01,non_retenu,reste
SIM-00168,2027-01-01,non_retenu,reste
SIM-00169,2027-01-01,non_retenu,reste
SIM-00170,2027-01-01,non_retenu,reste
SIM-00171,2027-01-01,non_retenu,reste
SIM-00172,2027-01-01,non_retenu,reste
SIM-00173,2027-01-01,non_retenu,reste
SIM-00174,2027-01-01,non_retenu,reste
SIM-00175,2027-01-01,non_retenu,reste
SIM-00176,2027-01-01,non_retenu,reste
SIM-00177,2027-01-01,non_retenu,reste
SIM-00178,2027-01-01,non_retenu,reste
SIM-00179,2027-01-01,non_retenu,parti
SIM-00180,2027-01-01,non_retenu,reste
SIM-00181,2027-01-01,non_retenu,parti
SIM-00182,2027-01-01,non_retenu,reste
SIM-00183,2027-01-01,non_retenu,reste
SIM-00184,2027-01-01,non_retenu,parti
SIM-00185,2027-01-01,non_retenu,parti
SIM-00186,2027-01-01,non_retenu,parti
SIM-00187,2027-01-01,non_retenu,reste
SIM-00188,2027-01-01,non_retenu,parti
SIM-00189,2027-01-01,non_retenu,parti
SIM-00190,2027-01-01,non_retenu,parti
SIM-00191,2027-01-01,non_retenu,parti
SIM-00192,2027-01-01,non_retenu,reste
SIM-00193,2027-01-01,non_retenu,reste
SIM-00194,2027-01-01,non_retenu,parti
SIM-00195,2027-01-01,contact,parti
SIM-00196,2027-01-01,non_retenu,reste
SIM-00197,2027-01-01,non_retenu,reste
SIM-00198,2027-01-01,non_retenu,reste
SIM-00199,2027-01-01,non_retenu,reste
SIM-00200,2027-01-01,non_retenu,parti
SIM-00201,2027-01-01,contact,reste
SIM-00202,2027-01-01,non_retenu,reste
SIM-00203,2027-01-01,non_retenu,reste
SIM-00204,2027-01-01,non_retenu,reste
SIM-00205,2027-01-01,non_retenu,reste
SIM-00206,2027-01-01,non_retenu,parti
SIM-00207,2027-01-01,non_retenu,reste
SIM-00208,2027-01-01,non_retenu,reste
SIM-00209,2027-01-01,non_retenu,reste
SIM-00210,2027-01-01,non_retenu,reste
SIM-00211,2027-01-01,non_retenu,parti
SIM-00212,2027-01-01,non_retenu,reste
SIM-00213,2027-01-01,non_retenu,reste
SIM-00214,2027-01-01,non_retenu,parti
SIM-00215,2027-01-01,non_retenu,reste
SIM-00216,2027-01-01,non_retenu,reste
SIM-00217,2027-01-01,non_retenu,reste
SIM-00218,2027-01-01,non_retenu,parti
SIM-00219,2027-01-01,non_retenu,reste
SIM-00220,2027-01-01,non_retenu,reste
SIM-00221,2027-01-01,non_retenu,reste
SIM-00222,2027-01-01,non_retenu,reste
SIM-00223,2027-01-01,non_retenu,parti
SIM-00224,2027-01-01,non_retenu,reste
SIM-00225,2027-01-01,non_retenu,reste
SIM-00226,2027-01-01,non_retenu,reste
SIM-00227,2027-01-01,non_retenu,parti
SIM-00228,2027-01-01,non_retenu,reste
SIM-00229,2027-01-01,non_retenu,reste
SIM-00230,2027-01-01,non_retenu,reste
SIM-00231,2027-01-01,non_retenu,reste
SIM-00232,2027-01-01,contact,parti
SIM-00233,2027-01-01,non_retenu,parti
SIM-00234,2027-01-01,non_retenu,reste
SIM-00235,2027-01-01,non_retenu,reste
SIM-00236,2027-01-01,non_retenu,reste
SIM-00237,2027-01-01,non_retenu,parti
SIM-00238,2027-01-01,non_retenu,parti
SIM-00239,2027-01-01,non_retenu,parti
SIM-00240,2027-01-01,non_retenu,reste
SIM-00241,2027-01-01,non_retenu,reste
SIM-00242,2027-01-01,non_retenu,reste
SIM-00243,2027-01-01,non_retenu,parti
SIM-00244,2027-01-01,non_retenu,reste
SIM-00245,2027-01-01,non_retenu,parti
SIM-00246,2027-01-01,non_retenu,reste
SIM-00247,2027-01-01,non_retenu,reste
SIM-00248,2027-01-01,non_retenu,parti
SIM-00249,2027-01-01,non_retenu,parti
SIM-00250,2027-01-01,non_retenu,parti
SIM-00251,2027-01-01,non_retenu,reste
SIM-00252,2027-01-01,non_retenu,parti
SIM-00253,2027-01-01,non_retenu,reste
SIM-00254,2027-01-01,non_retenu,reste
SIM-00255,2027-01-01,non_retenu,reste
SIM-00256,2027-01-01,non_retenu,parti
SIM-00257,2027-01-01,non_retenu,parti
SIM-00258,2027-01-01,non_retenu,parti
SIM-00259,2027-01-01,non_retenu,reste
SIM-00260,2027-01-01,non_retenu,parti
SIM-00261,2027-01-01,non_retenu,parti
SIM-00262,2027-01-01,non_retenu,reste
SIM-00263,2027-01-01,non_retenu,reste
SIM-00264,2027-01-01,non_retenu,reste
SIM-00265,2027-01-01,temoin,parti
SIM-00266,2027-01-01,non_retenu,parti
SIM-00267,2027-01-01,non_retenu,reste
SIM-00268,2027-01-01,non_retenu,parti
SIM-00269,2027-01-01,non_retenu,parti
SIM-00270,2027-01-01,non_retenu,reste
SIM-00271,2027-01-01,non_retenu,reste
SIM-00272,2027-01-01,non_retenu,parti
SIM-00273,2027-01-01,non_retenu,parti
SIM-00274,2027-01-01,non_retenu,parti
SIM-00275,2027-01-01,non_retenu,reste
SIM-00276,2027-01-01,contact,reste
SIM-00277,2027-01-01,non_retenu,reste
SIM-00278,2027-01-01,non_retenu,reste
SIM-00279,2027-01-01,non_retenu,reste
SIM-00280,2027-01-01,non_retenu,reste
SIM-00281,2027-01-01,non_retenu,parti
SIM-00282,2027-01-01,non_retenu,reste
SIM-00283,2027-01-01,non_retenu,reste
SIM-00284,2027-01-01,non_retenu,reste
SIM-00285,2027-01-01,non_retenu,reste
SIM-00286,2027-01-01,non_retenu,parti
SIM-00287,2027-01-01,non_retenu,parti
SIM-00288,2027-01-01,non_retenu,reste
SIM-00289,2027-01-01,non_retenu,reste
SIM-00290,2027-01-01,non_retenu,parti
SIM-00291,2027-01-01,non_retenu,reste
SIM-00292,2027-01-01,non_retenu,reste
SIM-00293,2027-01-01,non_retenu,reste
SIM-00294,2027-01-01,non_retenu,reste
SIM-00295,2027-01-01,non_retenu,reste
SIM-00296,2027-01-01,non_retenu,parti
SIM-00297,2027-01-01,contact,reste
SIM-00298,2027-01-01,non_retenu,parti
SIM-00299,2027-01-01,non_retenu,reste
SIM-00300,2027-01-01,temoin,reste
SIM-00301,2027-01-01,non_retenu,parti
SIM-00302,2027-01-01,non_retenu,parti
SIM-00303,2027-01-01,non_retenu,reste
SIM-00304,2027-01-01,non_retenu,parti
SIM-00305,2027-01-01,non_retenu,reste
SIM-00306,2027-01-01,non_retenu,reste
SIM-00307,2027-01-01,non_retenu,reste
SIM-00308,2027-01-01,non_retenu,parti
SIM-00309,2027-01-01,non_retenu,reste
SIM-00310,2027-01-01,non_retenu,reste
SIM-00311,2027-01-01,non_retenu,reste
SIM-00312,2027-01-01,non_retenu,parti
SIM-00313,2027-01-01,non_retenu,parti
SIM-00314,2027-01-01,non_retenu,parti
SIM-00315,2027-01-01,non_retenu,reste
SIM-00316,2027-01-01,non_retenu,reste
SIM-00317,2027-01-01,non_retenu,reste
SIM-00318,2027-01-01,non_retenu,parti
SIM-00319,2027-01-01,non_retenu,parti
SIM-00320,2027-01-01,non_retenu,reste
SIM-00321,2027-01-01,non_retenu,parti
SIM-00322,2027-01-01,non_retenu,reste
SIM-00323,2027-01-01,non_retenu,parti
SIM-00324,2027-01-01,non_retenu,parti
SIM-00325,2027-01-01,non_retenu,reste
SIM-00326,2027-01-01,non_retenu,parti
SIM-00327,2027-01-01,non_retenu,reste
SIM-00328,2027-01-01,non_retenu,reste
SIM-00329,2027-01-01,non_retenu,reste
SIM-00330,2027-01-01,non_retenu,parti
SIM-00331,2027-01-01,contact,parti
SIM-00332,2027-01-01,non_retenu,reste
SIM-00333,2027-01-01,non_retenu,parti
SIM-00334,2027-01-01,non_retenu,parti
SIM-00335,2027-01-01,non_retenu,reste
SIM-00336,2027-01-01,non_retenu,reste
SIM-00337,2027-01-01,non_retenu,reste
SIM-00338,2027-01-01,non_retenu,parti
SIM-00339,2027-01-01,non_retenu,reste
SIM-00340,2027-01-01,non_retenu,reste
SIM-00341,2027-01-01,non_retenu,reste
SIM-00342,2027-01-01,non_retenu,parti
SIM-00343,2027-01-01,non_retenu,reste
SIM-00344,2027-01-01,non_retenu,reste
SIM-00345,2027-01-01,non_retenu,reste
SIM-00346,2027-01-01,non_retenu,parti
SIM-00347,2027-01-01,non_retenu,reste
SIM-00348,2027-01-01,contact,parti
SIM-00349,2027-01-01,non_retenu,reste
SIM-00350,2027-01-01,non_retenu,parti
SIM-00351,2027-01-01,non_retenu,reste
SIM-00352,2027-01-01,non_retenu,reste
SIM-00353,2027-01-01,non_retenu,reste
SIM-00354,2027-01-01,non_retenu,parti
SIM-00355,2027-01-01,non_retenu,parti
SIM-00356,2027-01-01,non_retenu,parti
SIM-00357,2027-01-01,non_retenu,parti
SIM-00358,2027-01-01,non_retenu,parti
SIM-00359,2027-01-01,non_retenu,reste
SIM-00360,2027-01-01,non_retenu,reste
SIM-00361,2027-01-01,non_retenu,reste
SIM-00362,2027-01-01,non_retenu,reste
SIM-00363,2027-01-01,non_retenu,reste
SIM-00364,2027-01-01,non_retenu,parti
SIM-00365,2027-01-01,non_retenu,reste
SIM-00366,2027-01-01,non_retenu,reste
SIM-00367,2027-01-01,non_retenu,reste
SIM-00368,2027-01-01,non_retenu,parti
SIM-00369,2027-01-01,non_retenu,parti
SIM-00370,2027-01-01,non_retenu,reste
SIM-00371,2027-01-01,non_retenu,reste
SIM-00372,2027-01-01,non_retenu,reste
SIM-00373,2027-01-01,non_retenu,reste
SIM-00374,2027-01-01,non_retenu,reste
SIM-00375,2027-01-01,non_retenu,parti
SIM-00376,2027-01-01,non_retenu,reste
SIM-00377,2027-01-01,non_retenu,reste
SIM-00378,2027-01-01,non_retenu,reste
SIM-00379,2027-01-01,non_retenu,reste
SIM-00380,2027-01-01,non_retenu,parti
SIM-00381,2027-01-01,non_retenu,parti
SIM-00382,2027-01-01,non_retenu,reste
SIM-00383,2027-01-01,non_retenu,reste
SIM-00384,2027-01-01,non_retenu,reste
SIM-00385,2027-01-01,non_retenu,reste
SIM-00386,2027-01-01,non_retenu,reste
SIM-00387,2027-01-01,non_retenu,reste
SIM-00388,2027-01-01,non_retenu,reste
SIM-00389,2027-01-01,non_retenu,reste
SIM-00390,2027-01-01,non_retenu,reste
SIM-00391,2027-01-01,non_retenu,reste
SIM-00392,2027-01-01,non_retenu,reste
SIM-00393,2027-01-01,non_retenu,reste
SIM-00394,2027-01-01,non_retenu,reste
SIM-00395,2027-01-01,non_retenu,reste
SIM-00396,2027-01-01,non_retenu,reste
SIM-00397,2027-01-01,non_retenu,reste
SIM-00398,2027-01-01,non_retenu,reste
SIM-00399,2027-01-01,non_retenu,reste
SIM-00400,2027-01-01,non_retenu,parti
SIM-00401,2027-01-01,non_retenu,parti
SIM-00402,2027-01-01,non_retenu,reste
SIM-00403,2027-01-01,non_retenu,parti
SIM-00404,2027-01-01,non_retenu,reste
SIM-00405,2027-01-01,non_retenu,reste
SIM-00406,2027-01-01,non_retenu,parti
SIM-00407,2027-01-01,non_retenu,reste
SIM-00408,2027-01-01,non_retenu,reste
SIM-00409,2027-01-01,non_retenu,reste
SIM-00410,2027-01-01,non_retenu,parti
SIM-00411,2027-01-01,non_retenu,reste
SIM-00412,2027-01-01,non_retenu,parti
SIM-00413,2027-01-01,non_retenu,reste
SIM-00414,2027-01-01,non_retenu,reste
SIM-00415,2027-01-01,non_retenu,reste
SIM-00416,2027-01-01,non_retenu,reste
SIM-00417,2027-01-01,non_retenu,reste
SIM-00418,2027-01-01,non_retenu,reste
SIM-00419,2027-01-01,non_retenu,reste
SIM-00420,2027-01-01,non_retenu,reste
SIM-00421,2027-01-01,non_retenu,reste
SIM-00422,2027-01-01,non_retenu,reste
SIM-00423,2027-01-01,non_retenu,parti
SIM-00424,2027-01-01,non_retenu,parti
SIM-00425,2027-01-01,non_retenu,reste
SIM-00426,2027-01-01,non_retenu,parti
SIM-00427,2027-01-01,non_retenu,reste
SIM-00428,2027-01-01,non_retenu,reste
SIM-00429,2027-01-01,non_retenu,reste
SIM-00430,2027-01-01,non_retenu,reste
SIM-00431,2027-01-01,non_retenu,parti
SIM-00432,2027-01-01,non_retenu,reste
SIM-00433,2027-01-01,non_retenu,parti
SIM-00434,2027-01-01,non_retenu,parti
SIM-00435,2027-01-01,non_retenu,parti
SIM-00436,2027-01-01,non_retenu,reste
SIM-00437,2027-01-01,non_retenu,reste
SIM-00438,2027-01-01,contact,parti
SIM-00439,2027-01-01,non_retenu,parti
SIM-00440,2027-01-01,non_retenu,parti
SIM-00441,2027-01-01,non_retenu,reste
SIM-00442,2027-01-01,non_retenu,parti
SIM-00443,2027-01-01,non_retenu,reste
SIM-00444,2027-01-01,non_retenu,reste
SIM-00445,2027-01-01,non_retenu,reste
SIM-00446,2027-01-01,non_retenu,parti
SIM-00447,2027-01-01,non_retenu,reste
SIM-00448,2027-01-01,non_retenu,reste
SIM-00449,2027-01-01,non_retenu,reste
SIM-00450,2027-01-01,non_retenu,reste
SIM-00451,2027-01-01,non_retenu,reste
SIM-00452,2027-01-01,non_retenu,parti
SIM-00453,2027-01-01,non_retenu,reste
SIM-00454,2027-01-01,non_retenu,reste
SIM-00455,2027-01-01,non_retenu,reste
SIM-00456,2027-01-01,non_retenu,reste
SIM-00457,2027-01-01,non_retenu,parti
SIM-00458,2027-01-01,non_retenu,reste
SIM-00459,2027-01-01,non_retenu,parti
SIM-00460,2027-01-01,non_retenu,parti
SIM-00461,2027-01-01,non_retenu,reste
SIM-00462,2027-01-01,non_retenu,reste
SIM-00463,2027-01-01,non_retenu,reste
SIM-00464,2027-01-01,non_retenu,reste
SIM-00465,2027-01-01,non_retenu,reste
SIM-00466,2027-01-01,non_retenu,parti
SIM-00467,2027-01-01,non_retenu,reste
SIM-00468,2027-01-01,non_retenu,parti
SIM-00469,2027-01-01,non_retenu,reste
SIM-00470,2027-01-01,non_retenu,reste
SIM-00471,2027-01-01,non_retenu,reste
SIM-00472,2027-01-01,non_retenu,parti
SIM-00473,2027-01-01,non_retenu,reste
SIM-00474,2027-01-01,non_retenu,reste
SIM-00475,2027-01-01,non_retenu,reste
SIM-00476,2027-01-01,non_retenu,reste
SIM-00477,2027-01-01,non_retenu,parti
SIM-00478,2027-01-01,non_retenu,reste
SIM-00479,2027-01-01,non_retenu,reste
SIM-00480,2027-01-01,non_retenu,parti
SIM-00481,2027-01-01,non_retenu,reste
SIM-00482,2027-01-01,non_retenu,reste
SIM-00483,2027-01-01,non_retenu,reste
SIM-00484,2027-01-01,non_retenu,reste
SIM-00485,2027-01-01,non_retenu,reste
SIM-00486,2027-01-01,non_retenu,parti
SIM-00487,2027-01-01,non_retenu,reste
SIM-00488,2027-01-01,contact,parti
SIM-00489,2027-01-01,non_retenu,parti
SIM-00490,2027-01-01,non_retenu,parti
SIM-00491,2027-01-01,non_retenu,reste
SIM-00492,2027-01-01,non_retenu,reste
SIM-00493,2027-01-01,non_retenu,reste
SIM-00494,2027-01-01,non_retenu,reste
SIM-00495,2027-01-01,non_retenu,reste
SIM-00496,2027-01-01,non_retenu,reste
SIM-00497,2027-01-01,non_retenu,parti
SIM-00498,2027-01-01,non_retenu,reste
SIM-00499,2027-01-01,non_retenu,reste
SIM-00500,2027-01-01,non_retenu,parti
SIM-00501,2027-01-01,non_retenu,parti
SIM-00502,2027-01-01,non_retenu,parti
SIM-00503,2027-01-01,non_retenu,reste
SIM-00504,2027-01-01,non_retenu,reste
SIM-00505,2027-01-01,non_retenu,reste
SIM-00506,2027-01-01,non_retenu,parti
SIM-00507,2027-01-01,non_retenu,reste
SIM-00508,2027-01-01,non_retenu,parti
SIM-00509,2027-01-01,non_retenu,parti
SIM-00510,2027-01-01,non_retenu,reste
SIM-00511,2027-01-01,non_retenu,parti
SIM-00512,2027-01-01,non_retenu,reste
SIM-00513,2027-01-01,non_retenu,parti
SIM-00514,2027-01-01,non_retenu,reste
SIM-00515,2027-01-01,non_retenu,parti
SIM-00516,2027-01-01,non_retenu,reste
SIM-00517,2027-01-01,non_retenu,reste
SIM-00518,2027-01-01,non_retenu,parti
SIM-00519,2027-01-01,non_retenu,reste
SIM-00520,2027-01-01,non_retenu,reste
SIM-00521,2027-01-01,non_retenu,reste
SIM-00522,2027-01-01,non_retenu,reste
SIM-00523,2027-01-01,non_retenu,reste
SIM-00524,2027-01-01,non_retenu,reste
SIM-00525,2027-01-01,non_retenu,reste
SIM-00526,2027-01-01,non_retenu,reste
SIM-00527,2027-01-01,non_retenu,parti
SIM-00528,2027-01-01,non_retenu,reste
SIM-00529,2027-01-01,non_retenu,reste
SIM-00530,2027-01-01,non_retenu,reste
SIM-00531,2027-01-01,non_retenu,reste
SIM-00532,2027-01-01,non_retenu,reste
SIM-00533,2027-01-01,non_retenu,parti
SIM-00534,2027-01-01,non_retenu,reste
SIM-00535,2027-01-01,non_retenu,parti
SIM-00536,2027-01-01,non_retenu,reste
SIM-00537,2027-01-01,non_retenu,reste
SIM-00538,2027-01-01,non_retenu,reste
SIM-00539,2027-01-01,non_retenu,reste
SIM-00540,2027-01-01,non_retenu,reste
SIM-00541,2027-01-01,non_retenu,reste
SIM-00542,2027-01-01,non_retenu,reste
SIM-00543,2027-01-01,non_retenu,reste
SIM-00544,2027-01-01,non_retenu,parti
SIM-00545,2027-01-01,non_retenu,parti
SIM-00546,2027-01-01,non_retenu,reste
SIM-00547,2027-01-01,non_retenu,reste
SIM-00548,2027-01-01,non_retenu,parti
SIM-00549,2027-01-01,non_retenu,reste
SIM-00550,2027-01-01,non_retenu,reste
SIM-00551,2027-01-01,non_retenu,parti
SIM-00552,2027-01-01,non_retenu,parti
SIM-00553,2027-01-01,non_retenu,parti
SIM-00554,2027-01-01,non_retenu,reste
SIM-00555,2027-01-01,non_retenu,reste
SIM-00556,2027-01-01,non_retenu,reste
SIM-00557,2027-01-01,non_retenu,reste
SIM-00558,2027-01-01,non_retenu,reste
SIM-00559,2027-01-01,non_retenu,reste
SIM-00560,2027-01-01,non_retenu,parti
SIM-00561,2027-01-01,non_retenu,parti
SIM-00562,2027-01-01,non_retenu,reste
SIM-00563,2027-01-01,non_retenu,reste
SIM-00564,2027-01-01,non_retenu,parti
SIM-00565,2027-01-01,non_retenu,parti
SIM-00566,2027-01-01,non_retenu,parti
SIM-00567,2027-01-01,non_retenu,reste
SIM-00568,2027-01-01,non_retenu,reste
SIM-00569,2027-01-01,non_retenu,parti
SIM-00570,2027-01-01,non_retenu,reste
SIM-00571,2027-01-01,non_retenu,parti
SIM-00572,2027-01-01,non_retenu,reste
SIM-00573,2027-01-01,non_retenu,parti
SIM-00574,2027-01-01,non_retenu,reste
SIM-00575,2027-01-01,non_retenu,reste
SIM-00576,2027-01-01,non_retenu,parti
SIM-00577,2027-01-01,non_retenu,reste
SIM-00578,2027-01-01,non_retenu,reste
SIM-00579,2027-01-01,non_retenu,parti
SIM-00580,2027-01-01,non_retenu,parti
SIM-00581,2027-01-01,non_retenu,reste
SIM-00582,2027-01-01,non_retenu,parti
SIM-00583,2027-01-01,non_retenu,reste
SIM-00584,2027-01-01,non_retenu,reste
SIM-00585,2027-01-01,non_retenu,parti
SIM-00586,2027-01-01,non_retenu,reste
SIM-00587,2027-01-01,non_retenu,reste
SIM-00588,2027-01-01,non_retenu,reste
SIM-00589,2027-01-01,non_retenu,reste
SIM-00590,2027-01-01,non_retenu,reste
SIM-00591,2027-01-01,non_retenu,reste
SIM-00592,2027-01-01,non_retenu,reste
SIM-00593,2027-01-01,non_retenu,reste
SIM-00594,2027-01-01,non_retenu,parti
SIM-00595,2027-01-01,non_retenu,reste
SIM-00596,2027-01-01,non_retenu,parti
SIM-00597,2027-01-01,non_retenu,reste
SIM-00598,2027-01-01,non_retenu,reste
SIM-00599,2027-01-01,non_retenu,parti
SIM-00600,2027-01-01,non_retenu,reste
SIM-00601,2027-01-01,non_retenu,reste
SIM-00602,2027-01-01,non_retenu,reste
SIM-00603,2027-01-01,non_retenu,reste
SIM-00604,2027-01-01,non_retenu,parti
SIM-00605,2027-01-01,non_retenu,parti
SIM-00606,2027-01-01,non_retenu,parti
SIM-00607,2027-01-01,non_retenu,reste
SIM-00608,2027-01-01,non_retenu,reste
SIM-00609,2027-01-01,non_retenu,parti
SIM-00610,2027-01-01,non_retenu,reste
SIM-00611,2027-01-01,non_retenu,parti
SIM-00612,2027-01-01,non_retenu,parti
SIM-00613,2027-01-01,non_retenu,parti
SIM-00614,2027-01-01,non_retenu,reste
SIM-00615,2027-01-01,non_retenu,reste
SIM-00616,2027-01-01,non_retenu,reste
SIM-00617,2027-01-01,non_retenu,reste
SIM-00618,2027-01-01,non_retenu,reste
SIM-00619,2027-01-01,non_retenu,reste
SIM-00620,2027-01-01,non_retenu,reste
SIM-00621,2027-01-01,non_retenu,reste
SIM-00622,2027-01-01,non_retenu,parti
SIM-00623,2027-01-01,non_retenu,parti
SIM-00624,2027-01-01,non_retenu,reste
SIM-00625,2027-01-01,non_retenu,reste
SIM-00626,2027-01-01,non_retenu,reste
SIM-00627,2027-01-01,non_retenu,parti
SIM-00628,2027-01-01,non_retenu,reste
SIM-00629,2027-01-01,non_retenu,reste
SIM-00630,2027-01-01,non_retenu,parti
SIM-00631,2027-01-01,non_retenu,reste
SIM-00632,2027-01-01,non_retenu,reste
SIM-00633,2027-01-01,non_retenu,reste
SIM-00634,2027-01-01,non_retenu,parti
SIM-00635,2027-01-01,non_retenu,parti
SIM-00636,2027-01-01,non_retenu,reste
SIM-00637,2027-01-01,non_retenu,parti
SIM-00638,2027-01-01,non_retenu,parti
SIM-00639,2027-01-01,non_retenu,parti
SIM-00640,2027-01-01,non_retenu,reste
SIM-00641,2027-01-01,non_retenu,parti
SIM-00642,2027-01-01,non_retenu,reste
SIM-00643,2027-01-01,non_retenu,parti
SIM-00644,2027-01-01,non_retenu,parti
SIM-00645,2027-01-01,non_retenu,reste
SIM-00646,2027-01-01,non_retenu,parti
SIM-00647,2027-01-01,non_retenu,reste
SIM-00648,2027-01-01,non_retenu,parti
SIM-00649,2027-01-01,non_retenu,parti
SIM-00650,2027-01-01,non_retenu,reste
SIM-00651,2027-01-01,non_retenu,reste
SIM-00652,2027-01-01,non_retenu,parti
SIM-00653,2027-01-01,non_retenu,reste
SIM-00654,2027-01-01,non_retenu,reste
SIM-00655,2027-01-01,non_retenu,reste
SIM-00656,2027-01-01,non_retenu,reste
SIM-00657,2027-01-01,non_retenu,parti
SIM-00658,2027-01-01,non_retenu,parti
SIM-00659,2027-01-01,non_retenu,reste
SIM-00660,2027-01-01,non_retenu,reste
SIM-00661,2027-01-01,non_retenu,parti
SIM-00662,2027-01-01,non_retenu,reste
SIM-00663,2027-01-01,non_retenu,reste
SIM-00664,2027-01-01,non_retenu,reste
SIM-00665,2027-01-01,non_retenu,reste
SIM-00666,2027-01-01,non_retenu,parti
SIM-00667,2027-01-01,non_retenu,parti
SIM-00668,2027-01-01,non_retenu,parti
SIM-00669,2027-01-01,non_retenu,reste
SIM-00670,2027-01-01,non_retenu,reste
SIM-00671,2027-01-01,non_retenu,parti
SIM-00672,2027-01-01,non_retenu,parti
SIM-00673,2027-01-01,non_retenu,parti
SIM-00674,2027-01-01,contact,parti
SIM-00675,2027-01-01,non_retenu,reste
SIM-00676,2027-01-01,non_retenu,parti
SIM-00677,2027-01-01,non_retenu,reste
SIM-00678,2027-01-01,non_retenu,parti
SIM-00679,2027-01-01,non_retenu,parti
SIM-00680,2027-01-01,non_retenu,parti
SIM-00681,2027-01-01,non_retenu,parti
SIM-00682,2027-01-01,non_retenu,reste
SIM-00683,2027-01-01,non_retenu,reste
SIM-00684,2027-01-01,non_retenu,reste
SIM-00685,2027-01-01,non_retenu,reste
SIM-00686,2027-01-01,non_retenu,reste
SIM-00687,2027-01-01,non_retenu,reste
SIM-00688,2027-01-01,non_retenu,parti
SIM-00689,2027-01-01,non_retenu,parti
SIM-00690,2027-01-01,non_retenu,reste
SIM-00691,2027-01-01,non_retenu,reste
SIM-00692,2027-01-01,non_retenu,reste
SIM-00693,2027-01-01,non_retenu,reste
SIM-00694,2027-01-01,non_retenu,parti
SIM-00695,2027-01-01,non_retenu,reste
SIM-00696,2027-01-01,non_retenu,parti
SIM-00697,2027-01-01,non_retenu,reste
SIM-00698,2027-01-01,non_retenu,reste
SIM-00699,2027-01-01,non_retenu,parti
SIM-00700,2027-01-01,non_retenu,reste
SIM-00701,2027-01-01,non_retenu,reste
SIM-00702,2027-01-01,non_retenu,reste
SIM-00703,2027-01-01,non_retenu,reste
SIM-00704,2027-01-01,non_retenu,reste
SIM-00705,2027-01-01,non_retenu,parti
SIM-00706,2027-01-01,non_retenu,parti
SIM-00707,2027-01-01,non_retenu,parti
SIM-00708,2027-01-01,non_retenu,reste
SIM-00709,2027-01-01,non_retenu,reste
SIM-00710,2027-01-01,non_retenu,reste
SIM-00711,2027-01-01,non_retenu,parti
SIM-00712,2027-01-01,non_retenu,reste
SIM-00713,2027-01-01,non_retenu,reste
SIM-00714,2027-01-01,non_retenu,parti
SIM-00715,2027-01-01,non_retenu,reste
SIM-00716,2027-01-01,non_retenu,reste
SIM-00717,2027-01-01,non_retenu,reste
SIM-00718,2027-01-01,non_retenu,reste
SIM-00719,2027-01-01,non_retenu,reste
SIM-00720,2027-01-01,non_retenu,parti
SIM-00721,2027-01-01,non_retenu,reste
SIM-00722,2027-01-01,non_retenu,parti
SIM-00723,2027-01-01,non_retenu,reste
SIM-00724,2027-01-01,non_retenu,reste
SIM-00725,2027-01-01,non_retenu,reste
SIM-00726,2027-01-01,non_retenu,reste
SIM-00727,2027-01-01,non_retenu,reste
SIM-00728,2027-01-01,non_retenu,reste
SIM-00729,2027-01-01,non_retenu,reste
SIM-00730,2027-01-01,non_retenu,parti
SIM-00731,2027-01-01,non_retenu,reste
SIM-00732,2027-01-01,non_retenu,reste
SIM-00733,2027-01-01,non_retenu,parti
SIM-00734,2027-01-01,non_retenu,parti
SIM-00735,2027-01-01,non_retenu,reste
SIM-00736,2027-01-01,non_retenu,parti
SIM-00737,2027-01-01,non_retenu,parti
SIM-00738,2027-01-01,non_retenu,reste
SIM-00739,2027-01-01,non_retenu,reste
SIM-00740,2027-01-01,non_retenu,parti
SIM-00741,2027-01-01,non_retenu,reste
SIM-00742,2027-01-01,non_retenu,reste
SIM-00743,2027-01-01,non_retenu,reste
SIM-00744,2027-01-01,non_retenu,reste
SIM-00745,2027-01-01,non_retenu,reste
SIM-00746,2027-01-01,non_retenu,reste
SIM-00747,2027-01-01,non_retenu,reste
SIM-00748,2027-01-01,non_retenu,parti
SIM-00749,2027-01-01,non_retenu,parti
SIM-00750,2027-01-01,non_retenu,reste
SIM-00751,2027-01-01,contact,reste
SIM-00752,2027-01-01,non_retenu,reste
SIM-00753,2027-01-01,non_retenu,reste
SIM-00754,2027-01-01,non_retenu,parti
SIM-00755,2027-01-01,non_retenu,reste
SIM-00756,2027-01-01,non_retenu,parti
SIM-00757,2027-01-01,non_retenu,reste
SIM-00758,2027-01-01,non_retenu,reste
SIM-00759,2027-01-01,non_retenu,parti
SIM-00760,2027-01-01,non_retenu,reste
SIM-00761,2027-01-01,non_retenu,reste
SIM-00762,2027-01-01,contact,parti
SIM-00763,2027-01-01,contact,reste
SIM-00764,2027-01-01,non_retenu,parti
SIM-00765,2027-01-01,non_retenu,reste
SIM-00766,2027-01-01,non_retenu,reste
SIM-00767,2027-01-01,non_retenu,reste
SIM-00768,2027-01-01,non_retenu,parti
SIM-00769,2027-01-01,non_retenu,parti
SIM-00770,2027-01-01,non_retenu,reste
SIM-00771,2027-01-01,non_retenu,parti
SIM-00772,2027-01-01,non_retenu,reste
SIM-00773,2027-01-01,non_retenu,reste
SIM-00774,2027-01-01,non_retenu,reste
SIM-00775,2027-01-01,non_retenu,parti
SIM-00776,2027-01-01,non_retenu,reste
SIM-00777,2027-01-01,non_retenu,reste
SIM-00778,2027-01-01,non_retenu,parti
SIM-00779,2027-01-01,non_retenu,reste
SIM-00780,2027-01-01,non_retenu,parti
SIM-00781,2027-01-01,non_retenu,reste
SIM-00782,2027-01-01,non_retenu,reste
SIM-00783,2027-01-01,non_retenu,parti
SIM-00784,2027-01-01,non_retenu,parti
SIM-00785,2027-01-01,non_retenu,parti
SIM-00786,2027-01-01,non_retenu,reste
SIM-00787,2027-01-01,non_retenu,reste
SIM-00788,2027-01-01,non_retenu,reste
SIM-00789,2027-01-01,non_retenu,reste
SIM-00790,2027-01-01,non_retenu,parti
SIM-00791,2027-01-01,contact,reste
SIM-00792,2027-01-01,non_retenu,reste
SIM-00793,2027-01-01,non_retenu,parti
SIM-00794,2027-01-01,non_retenu,reste
SIM-00795,2027-01-01,non_retenu,parti
SIM-00796,2027-01-01,non_retenu,reste
SIM-00797,2027-01-01,non_retenu,parti
SIM-00798,2027-01-01,non_retenu,reste
SIM-00799,2027-01-01,non_retenu,reste
SIM-00800,2027-01-01,non_retenu,parti
SIM-00801,2027-01-01,non_retenu,reste
SIM-00802,2027-01-01,contact,reste
SIM-00803,2027-01-01,non_retenu,parti
SIM-00804,2027-01-01,non_retenu,parti
SIM-00805,2027-01-01,non_retenu,reste
SIM-00806,2027-01-01,non_retenu,parti
SIM-00807,2027-01-01,non_retenu,parti
SIM-00808,2027-01-01,non_retenu,parti
SIM-00809,2027-01-01,non_retenu,parti
SIM-00810,2027-01-01,non_retenu,reste
SIM-00811,2027-01-01,non_retenu,parti
SIM-00812,2027-01-01,contact,reste
SIM-00813,2027-01-01,non_retenu,reste
SIM-00814,2027-01-01,non_retenu,parti
SIM-00815,2027-01-01,non_retenu,reste
SIM-00816,2027-01-01,non_retenu,reste
SIM-00817,2027-01-01,non_retenu,reste
SIM-00818,2027-01-01,non_retenu,reste
SIM-00819,2027-01-01,non_retenu,parti
SIM-00820,2027-01-01,non_retenu,reste
SIM-00821,2027-01-01,non_retenu,reste
SIM-00822,2027-01-01,non_retenu,reste
SIM-00823,2027-01-01,non_retenu,reste
SIM-00824,2027-01-01,non_retenu,reste
SIM-00825,2027-01-01,non_retenu,reste
SIM-00826,2027-01-01,non_retenu,parti
SIM-00827,2027-01-01,non_retenu,parti
SIM-00828,2027-01-01,non_retenu,reste
SIM-00829,2027-01-01,non_retenu,reste
SIM-00830,2027-01-01,non_retenu,reste
SIM-00831,2027-01-01,non_retenu,parti
SIM-00832,2027-01-01,non_retenu,reste
SIM-00833,2027-01-01,non_retenu,reste
SIM-00834,2027-01-01,non_retenu,parti
SIM-00835,2027-01-01,non_retenu,reste
SIM-00836,2027-01-01,non_retenu,reste
SIM-00837,2027-01-01,non_retenu,reste
SIM-00838,2027-01-01,non_retenu,reste
SIM-00839,2027-01-01,non_retenu,parti
SIM-00840,2027-01-01,non_retenu,reste
SIM-00841,2027-01-01,non_retenu,reste
SIM-00842,2027-01-01,non_retenu,reste
SIM-00843,2027-01-01,non_retenu,reste
SIM-00844,2027-01-01,non_retenu,reste
SIM-00845,2027-01-01,non_retenu,parti
SIM-00846,2027-01-01,non_retenu,reste
SIM-00847,2027-01-01,non_retenu,parti
SIM-00848,2027-01-01,non_retenu,reste
SIM-00849,2027-01-01,non_retenu,reste
SIM-00850,2027-01-01,non_retenu,parti
SIM-00851,2027-01-01,non_retenu,reste
SIM-00852,2027-01-01,non_retenu,parti
SIM-00853,2027-01-01,non_retenu,reste
SIM-00854,2027-01-01,non_retenu,reste
SIM-00855,2027-01-01,non_retenu,reste
SIM-00856,2027-01-01,non_retenu,parti
SIM-00857,2027-01-01,non_retenu,parti
SIM-00858,2027-01-01,non_retenu,parti
SIM-00859,2027-01-01,non_retenu,parti
SIM-00860,2027-01-01,non_retenu,reste
SIM-00861,2027-01-01,non_retenu,reste
SIM-00862,2027-01-01,non_retenu,reste
SIM-00863,2027-01-01,non_retenu,reste
SIM-00864,2027-01-01,contact,parti
SIM-00865,2027-01-01,non_retenu,reste
SIM-00866,2027-01-01,contact,parti
SIM-00867,2027-01-01,non_retenu,reste
SIM-00868,2027-01-01,non_retenu,parti
SIM-00869,2027-01-01,non_retenu,reste
SIM-00870,2027-01-01,contact,reste
SIM-00871,2027-01-01,non_retenu,parti
SIM-00872,2027-01-01,non_retenu,reste
SIM-00873,2027-01-01,non_retenu,parti
SIM-00874,2027-01-01,non_retenu,parti
SIM-00875,2027-01-01,non_retenu,reste
SIM-00876,2027-01-01,non_retenu,reste
SIM-00877,2027-01-01,non_retenu,parti
SIM-00878,2027-01-01,non_retenu,reste
SIM-00879,2027-01-01,non_retenu,parti
SIM-00880,2027-01-01,non_retenu,parti
SIM-00881,2027-01-01,non_retenu,reste
SIM-00882,2027-01-01,non_retenu,reste
SIM-00883,2027-01-01,non_retenu,parti
SIM-00884,2027-01-01,non_retenu,parti
SIM-00885,2027-01-01,non_retenu,reste
SIM-00886,2027-01-01,non_retenu,parti
SIM-00887,2027-01-01,non_retenu,reste
SIM-00888,2027-01-01,non_retenu,reste
SIM-00889,2027-01-01,non_retenu,parti
SIM-00890,2027-01-01,non_retenu,parti
SIM-00891,2027-01-01,non_retenu,reste
SIM-00892,2027-01-01,non_retenu,reste
SIM-00893,2027-01-01,non_retenu,reste
SIM-00894,2027-01-01,non_retenu,reste
SIM-00895,2027-01-01,non_retenu,parti
SIM-00896,2027-01-01,non_retenu,reste
SIM-00897,2027-01-01,non_retenu,reste
SIM-00898,2027-01-01,non_retenu,reste
SIM-00899,2027-01-01,non_retenu,reste
SIM-00900,2027-01-01,non_retenu,reste
SIM-00901,2027-01-01,non_retenu,parti
SIM-00902,2027-01-01,non_retenu,parti
SIM-00903,2027-01-01,non_retenu,reste
SIM-00904,2027-01-01,non_retenu,reste
SIM-00905,2027-01-01,non_retenu,parti
SIM-00906,2027-01-01,non_retenu,reste
SIM-00907,2027-01-01,non_retenu,parti
SIM-00908,2027-01-01,non_retenu,parti
SIM-00909,2027-01-01,non_retenu,parti
SIM-00910,2027-01-01,non_retenu,parti
SIM-00911,2027-01-01,non_retenu,parti
SIM-00912,2027-01-01,non_retenu,parti
SIM-00913,2027-01-01,non_retenu,parti
SIM-00914,2027-01-01,non_retenu,reste
SIM-00915,2027-01-01,non_retenu,reste
SIM-00916,2027-01-01,non_retenu,parti
SIM-00917,2027-01-01,non_retenu,reste
SIM-00918,2027-01-01,non_retenu,reste
SIM-00919,2027-01-01,non_retenu,reste
SIM-00920,2027-01-01,non_retenu,parti
SIM-00921,2027-01-01,non_retenu,parti
SIM-00922,2027-01-01,non_retenu,reste
SIM-00923,2027-01-01,non_retenu,reste
SIM-00924,2027-01-01,non_retenu,parti
SIM-00925,2027-01-01,non_retenu,reste
SIM-00926,2027-01-01,non_retenu,parti
SIM-00927,2027-01-01,non_retenu,reste
SIM-00928,2027-01-01,non_retenu,reste
SIM-00929,2027-01-01,non_retenu,reste
SIM-00930,2027-01-01,non_retenu,reste
SIM-00931,2027-01-01,non_retenu,reste
SIM-00932,2027-01-01,non_retenu,reste
SIM-00933,2027-01-01,non_retenu,reste
SIM-00934,2027-01-01,non_retenu,reste
SIM-00935,2027-01-01,non_retenu,reste
SIM-00936,2027-01-01,non_retenu,reste
SIM-00937,2027-01-01,non_retenu,reste
SIM-00938,2027-01-01,non_retenu,parti
SIM-00939,2027-01-01,non_retenu,reste
SIM-00940,2027-01-01,non_retenu,reste
SIM-00941,2027-01-01,non_retenu,parti
SIM-00942,2027-01-01,non_retenu,reste
SIM-00943,2027-01-01,non_retenu,parti
SIM-00944,2027-01-01,non_retenu,reste
SIM-00945,2027-01-01,non_retenu,parti
SIM-00946,2027-01-01,non_retenu,reste
SIM-00947,2027-01-01,non_retenu,parti
SIM-00948,2027-01-01,non_retenu,reste
SIM-00949,2027-01-01,non_retenu,reste
SIM-00950,2027-01-01,non_retenu,parti
SIM-00951,2027-01-01,non_retenu,parti
SIM-00952,2027-01-01,non_retenu,reste
SIM-00953,2027-01-01,non_retenu,reste
SIM-00954,2027-01-01,contact,parti
SIM-00955,2027-01-01,non_retenu,reste
SIM-00956,2027-01-01,non_retenu,reste
SIM-00957,2027-01-01,non_retenu,parti
SIM-00958,2027-01-01,non_retenu,reste
SIM-00959,2027-01-01,non_retenu,reste
SIM-00960,2027-01-01,non_retenu,reste
SIM-00961,2027-01-01,non_retenu,reste
SIM-00962,2027-01-01,non_retenu,reste
SIM-00963,2027-01-01,non_retenu,reste
SIM-00964,2027-01-01,non_retenu,reste
SIM-00965,2027-01-01,non_retenu,reste
SIM-00966,2027-01-01,non_retenu,reste
SIM-00967,2027-01-01,non_retenu,reste
SIM-00968,2027-01-01,non_retenu,reste
SIM-00969,2027-01-01,non_retenu,parti
SIM-00970,2027-01-01,non_retenu,parti
SIM-00971,2027-01-01,non_retenu,parti
SIM-00972,2027-01-01,non_retenu,reste
SIM-00973,2027-01-01,contact,reste
SIM-00974,2027-01-01,non_retenu,reste
SIM-00975,2027-01-01,non_retenu,reste
SIM-00976,2027-01-01,non_retenu,reste
SIM-00977,2027-01-01,non_retenu,reste
SIM-00978,2027-01-01,non_retenu,parti
SIM-00979,2027-01-01,non_retenu,reste
SIM-00980,2027-01-01,non_retenu,reste
SIM-00981,2027-01-01,non_retenu,parti
SIM-00982,2027-01-01,non_retenu,reste
SIM-00983,2027-01-01,non_retenu,reste
SIM-00984,2027-01-01,non_retenu,reste
SIM-00985,2027-01-01,non_retenu,reste
SIM-00986,2027-01-01,non_retenu,reste
SIM-00987,2027-01-01,non_retenu,reste
SIM-00988,2027-01-01,non_retenu,parti
SIM-00989,2027-01-01,non_retenu,reste
SIM-00990,2027-01-01,non_retenu,reste
SIM-00991,2027-01-01,non_retenu,reste
SIM-00992,2027-01-01,non_retenu,parti
SIM-00993,2027-01-01,non_retenu,reste
SIM-00994,2027-01-01,non_retenu,reste
SIM-00995,2027-01-01,non_retenu,reste
SIM-00996,2027-01-01,non_retenu,parti
SIM-00997,2027-01-01,non_retenu,reste
SIM-00998,2027-01-01,non_retenu,parti
SIM-00999,2027-01-01,non_retenu,parti
SIM-01000,2027-01-01,non_retenu,parti
SIM-01001,2027-01-01,non_retenu,parti
SIM-01002,2027-01-01,non_retenu,parti
SIM-01003,2027-01-01,non_retenu,parti
SIM-01004,2027-01-01,non_retenu,reste
SIM-01005,2027-01-01,non_retenu,reste
SIM-01006,2027-01-01,non_retenu,reste
SIM-01007,2027-01-01,non_retenu,parti
SIM-01008,2027-01-01,non_retenu,reste
SIM-01009,2027-01-01,non_retenu,reste
SIM-01010,2027-01-01,non_retenu,parti
SIM-01011,2027-01-01,non_retenu,reste
SIM-01012,2027-01-01,non_retenu,reste
SIM-01013,2027-01-01,contact,parti
SIM-01014,2027-01-01,non_retenu,reste
SIM-01015,2027-01-01,non_retenu,parti
SIM-01016,2027-01-01,non_retenu,reste
SIM-01017,2027-01-01,non_retenu,parti
SIM-01018,2027-01-01,non_retenu,parti
SIM-01019,2027-01-01,non_retenu,parti
SIM-01020,2027-01-01,non_retenu,reste
SIM-01021,2027-01-01,non_retenu,reste
SIM-01022,2027-01-01,non_retenu,parti
SIM-01023,2027-01-01,non_retenu,reste
SIM-01024,2027-01-01,non_retenu,parti
SIM-01025,2027-01-01,non_retenu,reste
SIM-01026,2027-01-01,non_retenu,reste
SIM-01027,2027-01-01,non_retenu,reste
SIM-01028,2027-01-01,non_retenu,reste
SIM-01029,2027-01-01,non_retenu,reste
SIM-01030,2027-01-01,non_retenu,parti
SIM-01031,2027-01-01,non_retenu,reste
SIM-01032,2027-01-01,non_retenu,parti
SIM-01033,2027-01-01,non_retenu,reste
SIM-01034,2027-01-01,non_retenu,reste
SIM-01035,2027-01-01,non_retenu,parti
SIM-01036,2027-01-01,non_retenu,parti
SIM-01037,2027-01-01,non_retenu,reste
SIM-01038,2027-01-01,non_retenu,reste
SIM-01039,2027-01-01,non_retenu,reste
SIM-01040,2027-01-01,non_retenu,reste
SIM-01041,2027-01-01,non_retenu,reste
SIM-01042,2027-01-01,non_retenu,parti
SIM-01043,2027-01-01,non_retenu,reste
SIM-01044,2027-01-01,non_retenu,reste
SIM-01045,2027-01-01,non_retenu,reste
SIM-01046,2027-01-01,non_retenu,parti
SIM-01047,2027-01-01,non_retenu,reste
SIM-01048,2027-01-01,contact,parti
SIM-01049,2027-01-01,non_retenu,parti
SIM-01050,2027-01-01,non_retenu,reste
SIM-01051,2027-01-01,non_retenu,reste
SIM-01052,2027-01-01,non_retenu,reste
SIM-01053,2027-01-01,non_retenu,parti
SIM-01054,2027-01-01,non_retenu,reste
SIM-01055,2027-01-01,non_retenu,reste
SIM-01056,2027-01-01,non_retenu,reste
SIM-01057,2027-01-01,non_retenu,reste
SIM-01058,2027-01-01,non_retenu,reste
SIM-01059,2027-01-01,non_retenu,parti
SIM-01060,2027-01-01,non_retenu,reste
SIM-01061,2027-01-01,non_retenu,reste
SIM-01062,2027-01-01,non_retenu,reste
SIM-01063,2027-01-01,non_retenu,parti
SIM-01064,2027-01-01,non_retenu,reste
SIM-01065,2027-01-01,non_retenu,reste
SIM-01066,2027-01-01,non_retenu,reste
SIM-01067,2027-01-01,non_retenu,reste
SIM-01068,2027-01-01,non_retenu,reste
SIM-01069,2027-01-01,non_retenu,parti
SIM-01070,2027-01-01,non_retenu,parti
SIM-01071,2027-01-01,non_retenu,parti
SIM-01072,2027-01-01,non_retenu,parti
SIM-01073,2027-01-01,non_retenu,reste
SIM-01074,2027-01-01,non_retenu,reste
SIM-01075,2027-01-01,non_retenu,reste
SIM-01076,2027-01-01,non_retenu,reste
SIM-01077,2027-01-01,non_retenu,parti
SIM-01078,2027-01-01,non_retenu,reste
SIM-01079,2027-01-01,non_retenu,reste
SIM-01080,2027-01-01,non_retenu,parti
SIM-01081,2027-01-01,non_retenu,parti
SIM-01082,2027-01-01,non_retenu,parti
SIM-01083,2027-01-01,non_retenu,reste
SIM-01084,2027-01-01,non_retenu,parti
SIM-01085,2027-01-01,non_retenu,reste
SIM-01086,2027-01-01,non_retenu,parti
SIM-01087,2027-01-01,non_retenu,reste
SIM-01088,2027-01-01,non_retenu,parti
SIM-01089,2027-01-01,non_retenu,parti
SIM-01090,2027-01-01,non_retenu,parti
SIM-01091,2027-01-01,non_retenu,reste
SIM-01092,2027-01-01,non_retenu,reste
SIM-01093,2027-01-01,non_retenu,parti
SIM-01094,2027-01-01,non_retenu,reste
SIM-01095,2027-01-01,non_retenu,parti
SIM-01096,2027-01-01,non_retenu,reste
SIM-01097,2027-01-01,non_retenu,reste
SIM-01098,2027-01-01,non_retenu,reste
SIM-01099,2027-01-01,non_retenu,reste
SIM-01100,2027-01-01,non_retenu,reste
SIM-01101,2027-01-01,non_retenu,parti
SIM-01102,2027-01-01,contact,reste
SIM-01103,2027-01-01,non_retenu,reste
SIM-01104,2027-01-01,non_retenu,reste
SIM-01105,2027-01-01,non_retenu,reste
SIM-01106,2027-01-01,non_retenu,reste
SIM-01107,2027-01-01,non_retenu,reste
SIM-01108,2027-01-01,non_retenu,reste
SIM-01109,2027-01-01,non_retenu,parti
SIM-01110,2027-01-01,non_retenu,reste
SIM-01111,2027-01-01,non_retenu,parti
SIM-01112,2027-01-01,non_retenu,reste
SIM-01113,2027-01-01,non_retenu,parti
SIM-01114,2027-01-01,non_retenu,parti
SIM-01115,2027-01-01,non_retenu,parti
SIM-01116,2027-01-01,non_retenu,reste
SIM-01117,2027-01-01,non_retenu,reste
SIM-01118,2027-01-01,non_retenu,reste
SIM-01119,2027-01-01,non_retenu,reste
SIM-01120,2027-01-01,non_retenu,parti
SIM-01121,2027-01-01,non_retenu,parti
SIM-01122,2027-01-01,non_retenu,reste
SIM-01123,2027-01-01,non_retenu,reste
SIM-01124,2027-01-01,non_retenu,reste
SIM-01125,2027-01-01,non_retenu,parti
SIM-01126,2027-01-01,non_retenu,reste
SIM-01127,2027-01-01,non_retenu,reste
SIM-01128,2027-01-01,non_retenu,reste
SIM-01129,2027-01-01,non_retenu,parti
SIM-01130,2027-01-01,non_retenu,parti
SIM-01131,2027-01-01,non_retenu,reste
SIM-01132,2027-01-01,non_retenu,reste
SIM-01133,2027-01-01,contact,parti
SIM-01134,2027-01-01,non_retenu,reste
SIM-01135,2027-01-01,non_retenu,reste
SIM-01136,2027-01-01,non_retenu,reste
SIM-01137,2027-01-01,non_retenu,parti
SIM-01138,2027-01-01,non_retenu,reste
SIM-01139,2027-01-01,non_retenu,parti
SIM-01140,2027-01-01,non_retenu,parti
SIM-01141,2027-01-01,non_retenu,parti
SIM-01142,2027-01-01,non_retenu,reste
SIM-01143,2027-01-01,non_retenu,reste
SIM-01144,2027-01-01,non_retenu,parti
SIM-01145,2027-01-01,non_retenu,reste
SIM-01146,2027-01-01,non_retenu,reste
SIM-01147,2027-01-01,non_retenu,parti
SIM-01148,2027-01-01,non_retenu,reste
SIM-01149,2027-01-01,non_retenu,reste
SIM-01150,2027-01-01,non_retenu,parti
SIM-01151,2027-01-01,non_retenu,parti
SIM-01152,2027-01-01,non_retenu,parti
SIM-01153,2027-01-01,non_retenu,reste
SIM-01154,2027-01-01,non_retenu,reste
SIM-01155,2027-01-01,non_retenu,reste
SIM-01156,2027-01-01,non_retenu,parti
SIM-01157,2027-01-01,non_retenu,parti
SIM-01158,2027-01-01,non_retenu,reste
SIM-01159,2027-01-01,non_retenu,parti
SIM-01160,2027-01-01,non_retenu,reste
SIM-01161,2027-01-01,non_retenu,parti
SIM-01162,2027-01-01,non_retenu,reste
SIM-01163,2027-01-01,non_retenu,parti
SIM-01164,2027-01-01,non_retenu,reste
SIM-01165,2027-01-01,non_retenu,parti
SIM-01166,2027-01-01,non_retenu,reste
SIM-01167,2027-01-01,non_retenu,reste
SIM-01168,2027-01-01,non_retenu,parti
SIM-01169,2027-01-01,non_retenu,parti
SIM-01170,2027-01-01,non_retenu,reste
SIM-01171,2027-01-01,non_retenu,reste
SIM-01172,2027-01-01,non_retenu,parti
SIM-01173,2027-01-01,non_retenu,parti
SIM-01174,2027-01-01,non_retenu,reste
SIM-01175,2027-01-01,non_retenu,reste
SIM-01176,2027-01-01,non_retenu,reste
SIM-01177,2027-01-01,non_retenu,reste
SIM-01178,2027-01-01,non_retenu,parti
SIM-01179,2027-01-01,non_retenu,parti
SIM-01180,2027-01-01,non_retenu,parti
SIM-01181,2027-01-01,non_retenu,parti
SIM-01182,2027-01-01,non_retenu,reste
SIM-01183,2027-01-01,non_retenu,reste
SIM-01184,2027-01-01,non_retenu,reste
SIM-01185,2027-01-01,non_retenu,parti
SIM-01186,2027-01-01,non_retenu,reste
SIM-01187,2027-01-01,non_retenu,reste
SIM-01188,2027-01-01,temoin,parti
SIM-01189,2027-01-01,non_retenu,reste
SIM-01190,2027-01-01,non_retenu,reste
SIM-01191,2027-01-01,non_retenu,parti
SIM-01192,2027-01-01,non_retenu,reste
SIM-01193,2027-01-01,non_retenu,parti
SIM-01194,2027-01-01,non_retenu,parti
SIM-01195,2027-01-01,non_retenu,reste
SIM-01196,2027-01-01,non_retenu,reste
SIM-01197,2027-01-01,non_retenu,reste
SIM-01198,2027-01-01,non_retenu,parti
SIM-01199,2027-01-01,non_retenu,reste
SIM-01200,2027-01-01,non_retenu,reste
SIM-01201,2027-01-01,non_retenu,reste
SIM-01202,2027-01-01,non_retenu,reste
SIM-01203,2027-01-01,non_retenu,reste
SIM-01204,2027-01-01,non_retenu,reste
SIM-01205,2027-01-01,non_retenu,reste
SIM-01206,2027-01-01,non_retenu,reste
SIM-01207,2027-01-01,non_retenu,reste
SIM-01208,2027-01-01,non_retenu,reste
SIM-01209,2027-01-01,non_retenu,parti
SIM-01210,2027-01-01,non_retenu,reste
SIM-01211,2027-01-01,non_retenu,reste
SIM-01212,2027-01-01,non_retenu,parti
SIM-01213,2027-01-01,non_retenu,parti
SIM-01214,2027-01-01,non_retenu,parti
SIM-01215,2027-01-01,non_retenu,parti
SIM-01216,2027-01-01,non_retenu,reste
SIM-01217,2027-01-01,non_retenu,parti
SIM-01218,2027-01-01,non_retenu,reste
SIM-01219,2027-01-01,non_retenu,reste
SIM-01220,2027-01-01,non_retenu,reste
SIM-01221,2027-01-01,non_retenu,reste
SIM-01222,2027-01-01,non_retenu,reste
SIM-01223,2027-01-01,non_retenu,parti
SIM-01224,2027-01-01,non_retenu,parti
SIM-01225,2027-01-01,non_retenu,reste
SIM-01226,2027-01-01,non_retenu,reste
SIM-01227,2027-01-01,non_retenu,reste
SIM-01228,2027-01-01,non_retenu,reste
SIM-01229,2027-01-01,non_retenu,reste
SIM-01230,2027-01-01,non_retenu,parti
SIM-01231,2027-01-01,non_retenu,parti
SIM-01232,2027-01-01,non_retenu,reste
SIM-01233,2027-01-01,non_retenu,reste
SIM-01234,2027-01-01,non_retenu,reste
SIM-01235,2027-01-01,non_retenu,parti
SIM-01236,2027-01-01,non_retenu,parti
SIM-01237,2027-01-01,non_retenu,reste
SIM-01238,2027-01-01,non_retenu,parti
SIM-01239,2027-01-01,non_retenu,reste
SIM-01240,2027-01-01,non_retenu,reste
SIM-01241,2027-01-01,non_retenu,parti
SIM-01242,2027-01-01,non_retenu,reste
SIM-01243,2027-01-01,non_retenu,parti
SIM-01244,2027-01-01,non_retenu,parti
SIM-01245,2027-01-01,non_retenu,reste
SIM-01246,2027-01-01,non_retenu,reste
SIM-01247,2027-01-01,non_retenu,parti
SIM-01248,2027-01-01,non_retenu,reste
SIM-01249,2027-01-01,non_retenu,reste
SIM-01250,2027-01-01,non_retenu,reste
SIM-01251,2027-01-01,non_retenu,reste
SIM-01252,2027-01-01,non_retenu,reste
SIM-01253,2027-01-01,non_retenu,reste
SIM-01254,2027-01-01,non_retenu,parti
SIM-01255,2027-01-01,non_retenu,reste
SIM-01256,2027-01-01,non_retenu,reste
SIM-01257,2027-01-01,non_retenu,reste
SIM-01258,2027-01-01,non_retenu,reste
SIM-01259,2027-01-01,non_retenu,reste
SIM-01260,2027-01-01,non_retenu,reste
SIM-01261,2027-01-01,contact,reste
SIM-01262,2027-01-01,non_retenu,reste
SIM-01263,2027-01-01,non_retenu,reste
SIM-01264,2027-01-01,non_retenu,parti
SIM-01265,2027-01-01,non_retenu,parti
SIM-01266,2027-01-01,non_retenu,reste
SIM-01267,2027-01-01,non_retenu,reste
SIM-01268,2027-01-01,non_retenu,reste
SIM-01269,2027-01-01,non_retenu,reste
SIM-01270,2027-01-01,non_retenu,reste
SIM-01271,2027-01-01,non_retenu,reste
SIM-01272,2027-01-01,non_retenu,parti
SIM-01273,2027-01-01,non_retenu,parti
SIM-01274,2027-01-01,non_retenu,reste
SIM-01275,2027-01-01,non_retenu,parti
SIM-01276,2027-01-01,non_retenu,parti
SIM-01277,2027-01-01,non_retenu,parti
SIM-01278,2027-01-01,non_retenu,reste
SIM-01279,2027-01-01,non_retenu,parti
SIM-01280,2027-01-01,non_retenu,parti
SIM-01281,2027-01-01,non_retenu,parti
SIM-01282,2027-01-01,non_retenu,reste
SIM-01283,2027-01-01,non_retenu,reste
SIM-01284,2027-01-01,non_retenu,reste
SIM-01285,2027-01-01,non_retenu,reste
SIM-01286,2027-01-01,non_retenu,reste
SIM-01287,2027-01-01,non_retenu,parti
SIM-01288,2027-01-01,non_retenu,reste
SIM-01289,2027-01-01,non_retenu,reste
SIM-01290,2027-01-01,non_retenu,parti
SIM-01291,2027-01-01,non_retenu,parti
SIM-01292,2027-01-01,non_retenu,reste
SIM-01293,2027-01-01,non_retenu,parti
SIM-01294,2027-01-01,non_retenu,reste
SIM-01295,2027-01-01,non_retenu,reste
SIM-01296,2027-01-01,non_retenu,reste
SIM-01297,2027-01-01,non_retenu,reste
SIM-01298,2027-01-01,non_retenu,reste
SIM-01299,2027-01-01,non_retenu,reste
SIM-01300,2027-01-01,non_retenu,reste
SIM-01301,2027-01-01,non_retenu,reste
SIM-01302,2027-01-01,non_retenu,reste
SIM-01303,2027-01-01,non_retenu,reste
SIM-01304,2027-01-01,non_retenu,parti
SIM-01305,2027-01-01,non_retenu,reste
SIM-01306,2027-01-01,non_retenu,reste
SIM-01307,2027-01-01,non_retenu,parti
SIM-01308,2027-01-01,contact,parti
SIM-01309,2027-01-01,non_retenu,parti
SIM-01310,2027-01-01,non_retenu,reste
SIM-01311,2027-01-01,non_retenu,reste
SIM-01312,2027-01-01,non_retenu,reste
SIM-01313,2027-01-01,non_retenu,parti
SIM-01314,2027-01-01,non_retenu,reste
SIM-01315,2027-01-01,non_retenu,parti
SIM-01316,2027-01-01,non_retenu,parti
SIM-01317,2027-01-01,non_retenu,reste
SIM-01318,2027-01-01,non_retenu,reste
SIM-01319,2027-01-01,non_retenu,parti
SIM-01320,2027-01-01,non_retenu,reste
SIM-01321,2027-01-01,non_retenu,reste
SIM-01322,2027-01-01,non_retenu,reste
SIM-01323,2027-01-01,non_retenu,parti
SIM-01324,2027-01-01,non_retenu,reste
SIM-01325,2027-01-01,non_retenu,reste
SIM-01326,2027-01-01,non_retenu,parti
SIM-01327,2027-01-01,non_retenu,reste
SIM-01328,2027-01-01,non_retenu,reste
SIM-01329,2027-01-01,non_retenu,parti
SIM-01330,2027-01-01,non_retenu,reste
SIM-01331,2027-01-01,non_retenu,parti
SIM-01332,2027-01-01,non_retenu,reste
SIM-01333,2027-01-01,non_retenu,reste
SIM-01334,2027-01-01,non_retenu,reste
SIM-01335,2027-01-01,non_retenu,reste
SIM-01336,2027-01-01,non_retenu,reste
SIM-01337,2027-01-01,non_retenu,parti
SIM-01338,2027-01-01,non_retenu,parti
SIM-01339,2027-01-01,non_retenu,reste
SIM-01340,2027-01-01,non_retenu,reste
SIM-01341,2027-01-01,non_retenu,parti
SIM-01342,2027-01-01,non_retenu,parti
SIM-01343,2027-01-01,non_retenu,reste
SIM-01344,2027-01-01,non_retenu,reste
SIM-01345,2027-01-01,non_retenu,reste
SIM-01346,2027-01-01,non_retenu,parti
SIM-01347,2027-01-01,non_retenu,parti
SIM-01348,2027-01-01,non_retenu,reste
SIM-01349,2027-01-01,non_retenu,reste
SIM-01350,2027-01-01,non_retenu,reste
SIM-01351,2027-01-01,non_retenu,parti
SIM-01352,2027-01-01,non_retenu,reste
SIM-01353,2027-01-01,non_retenu,reste
SIM-01354,2027-01-01,non_retenu,reste
SIM-01355,2027-01-01,non_retenu,reste
SIM-01356,2027-01-01,non_retenu,reste
SIM-01357,2027-01-01,non_retenu,reste
SIM-01358,2027-01-01,non_retenu,parti
SIM-01359,2027-01-01,non_retenu,parti
SIM-01360,2027-01-01,non_retenu,parti
SIM-01361,2027-01-01,non_retenu,parti
SIM-01362,2027-01-01,non_retenu,parti
SIM-01363,2027-01-01,non_retenu,parti
SIM-01364,2027-01-01,non_retenu,reste
SIM-01365,2027-01-01,non_retenu,reste
SIM-01366,2027-01-01,non_retenu,parti
SIM-01367,2027-01-01,non_retenu,reste
SIM-01368,2027-01-01,non_retenu,reste
SIM-01369,2027-01-01,non_retenu,reste
SIM-01370,2027-01-01,non_retenu,reste
SIM-01371,2027-01-01,non_retenu,reste
SIM-01372,2027-01-01,non_retenu,reste
SIM-01373,2027-01-01,non_retenu,reste
SIM-01374,2027-01-01,non_retenu,reste
SIM-01375,2027-01-01,non_retenu,reste
SIM-01376,2027-01-01,non_retenu,reste
SIM-01377,2027-01-01,non_retenu,reste
SIM-01378,2027-01-01,contact,reste
SIM-01379,2027-01-01,non_retenu,reste
SIM-01380,2027-01-01,non_retenu,reste
SIM-01381,2027-01-01,non_retenu,parti
SIM-01382,2027-01-01,non_retenu,reste
SIM-01383,2027-01-01,non_retenu,parti
SIM-01384,2027-01-01,non_retenu,reste
SIM-01385,2027-01-01,contact,reste
SIM-01386,2027-01-01,non_retenu,reste
SIM-01387,2027-01-01,contact,reste
SIM-01388,2027-01-01,non_retenu,reste
SIM-01389,2027-01-01,non_retenu,reste
SIM-01390,2027-01-01,non_retenu,parti
SIM-01391,2027-01-01,non_retenu,parti
SIM-01392,2027-01-01,non_retenu,reste
SIM-01393,2027-01-01,non_retenu,parti
SIM-01394,2027-01-01,non_retenu,reste
SIM-01395,2027-01-01,non_retenu,parti
SIM-01396,2027-01-01,non_retenu,parti
SIM-01397,2027-01-01,non_retenu,reste
SIM-01398,2027-01-01,non_retenu,reste
SIM-01399,2027-01-01,non_retenu,parti
SIM-01400,2027-01-01,non_retenu,reste
SIM-01401,2027-01-01,non_retenu,reste
SIM-01402,2027-01-01,non_retenu,parti
SIM-01403,2027-01-01,non_retenu,reste
SIM-01404,2027-01-01,non_retenu,parti
SIM-01405,2027-01-01,non_retenu,reste
SIM-01406,2027-01-01,non_retenu,reste
SIM-01407,2027-01-01,non_retenu,reste
SIM-01408,2027-01-01,non_retenu,parti
SIM-01409,2027-01-01,non_retenu,reste
SIM-01410,2027-01-01,non_retenu,parti
SIM-01411,2027-01-01,non_retenu,reste
SIM-01412,2027-01-01,non_retenu,reste
SIM-01413,2027-01-01,non_retenu,parti
SIM-01414,2027-01-01,non_retenu,reste
SIM-01415,2027-01-01,non_retenu,reste
SIM-01416,2027-01-01,non_retenu,reste
SIM-01417,2027-01-01,non_retenu,reste
SIM-01418,2027-01-01,non_retenu,reste
SIM-01419,2027-01-01,non_retenu,reste
SIM-01420,2027-01-01,non_retenu,reste
SIM-01421,2027-01-01,non_retenu,parti
SIM-01422,2027-01-01,non_retenu,reste
SIM-01423,2027-01-01,non_retenu,reste
SIM-01424,2027-01-01,non_retenu,reste
SIM-01425,2027-01-01,non_retenu,reste
SIM-01426,2027-01-01,non_retenu,reste
SIM-01427,2027-01-01,non_retenu,reste
SIM-01428,2027-01-01,non_retenu,parti
SIM-01429,2027-01-01,non_retenu,reste
SIM-01430,2027-01-01,non_retenu,reste
SIM-01431,2027-01-01,non_retenu,reste
SIM-01432,2027-01-01,non_retenu,parti
SIM-01433,2027-01-01,non_retenu,reste
SIM-01434,2027-01-01,non_retenu,reste
SIM-01435,2027-01-01,non_retenu,reste
SIM-01436,2027-01-01,non_retenu,reste
SIM-01437,2027-01-01,non_retenu,reste
SIM-01438,2027-01-01,non_retenu,parti
SIM-01439,2027-01-01,non_retenu,reste
SIM-01440,2027-01-01,non_retenu,parti
SIM-01441,2027-01-01,non_retenu,reste
SIM-01442,2027-01-01,non_retenu,parti
SIM-01443,2027-01-01,non_retenu,parti
SIM-01444,2027-01-01,non_retenu,reste
SIM-01445,2027-01-01,non_retenu,parti
SIM-01446,2027-01-01,non_retenu,parti
SIM-01447,2027-01-01,non_retenu,reste
SIM-01448,2027-01-01,non_retenu,parti
SIM-01449,2027-01-01,non_retenu,parti
SIM-01450,2027-01-01,non_retenu,reste
SIM-01451,2027-01-01,non_retenu,parti
SIM-01452,2027-01-01,non_retenu,reste
SIM-01453,2027-01-01,contact,parti
SIM-01454,2027-01-01,non_retenu,reste
SIM-01455,2027-01-01,non_retenu,reste
SIM-01456,2027-01-01,non_retenu,reste
SIM-01457,2027-01-01,non_retenu,reste
SIM-01458,2027-01-01,non_retenu,reste
SIM-01459,2027-01-01,non_retenu,reste
SIM-01460,2027-01-01,non_retenu,reste
SIM-01461,2027-01-01,non_retenu,parti
SIM-01462,2027-01-01,non_retenu,reste
SIM-01463,2027-01-01,non_retenu,parti
SIM-01464,2027-01-01,non_retenu,reste
SIM-01465,2027-01-01,non_retenu,reste
SIM-01466,2027-01-01,non_retenu,reste
SIM-01467,2027-01-01,contact,reste
SIM-01468,2027-01-01,non_retenu,parti
SIM-01469,2027-01-01,non_retenu,reste
SIM-01470,2027-01-01,non_retenu,parti
SIM-01471,2027-01-01,non_retenu,parti
SIM-01472,2027-01-01,contact,parti
SIM-01473,2027-01-01,non_retenu,reste
SIM-01474,2027-01-01,non_retenu,reste
SIM-01475,2027-01-01,non_retenu,reste
SIM-01476,2027-01-01,non_retenu,parti
SIM-01477,2027-01-01,non_retenu,reste
SIM-01478,2027-01-01,non_retenu,reste
SIM-01479,2027-01-01,non_retenu,reste
SIM-01480,2027-01-01,non_retenu,reste
SIM-01481,2027-01-01,non_retenu,reste
SIM-01482,2027-01-01,non_retenu,reste
SIM-01483,2027-01-01,non_retenu,reste
SIM-01484,2027-01-01,non_retenu,parti
SIM-01485,2027-01-01,non_retenu,parti
SIM-01486,2027-01-01,non_retenu,parti
SIM-01487,2027-01-01,non_retenu,reste
SIM-01488,2027-01-01,non_retenu,parti
SIM-01489,2027-01-01,non_retenu,parti
SIM-01490,2027-01-01,non_retenu,parti
SIM-01491,2027-01-01,non_retenu,reste
SIM-01492,2027-01-01,non_retenu,reste
SIM-01493,2027-01-01,non_retenu,reste
SIM-01494,2027-01-01,non_retenu,reste
SIM-01495,2027-01-01,non_retenu,reste
SIM-01496,2027-01-01,non_retenu,reste
SIM-01497,2027-01-01,non_retenu,parti
SIM-01498,2027-01-01,non_retenu,reste
SIM-01499,2027-01-01,non_retenu,reste
SIM-01500,2027-01-01,non_retenu,reste
SIM-01501,2027-01-01,non_retenu,reste
SIM-01502,2027-01-01,non_retenu,reste
SIM-01503,2027-01-01,non_retenu,reste
SIM-01504,2027-01-01,non_retenu,reste
SIM-01505,2027-01-01,non_retenu,reste
SIM-01506,2027-01-01,non_retenu,reste
SIM-01507,2027-01-01,non_retenu,reste
SIM-01508,2027-01-01,non_retenu,parti
SIM-01509,2027-01-01,non_retenu,reste
SIM-01510,2027-01-01,non_retenu,parti
SIM-01511,2027-01-01,non_retenu,reste
SIM-01512,2027-01-01,non_retenu,reste
SIM-01513,2027-01-01,non_retenu,reste
SIM-01514,2027-01-01,non_retenu,reste
SIM-01515,2027-01-01,contact,parti
SIM-01516,2027-01-01,non_retenu,reste
SIM-01517,2027-01-01,non_retenu,parti
SIM-01518,2027-01-01,non_retenu,parti
SIM-01519,2027-01-01,non_retenu,parti
SIM-01520,2027-01-01,non_retenu,reste
SIM-01521,2027-01-01,non_retenu,parti
SIM-01522,2027-01-01,non_retenu,reste
SIM-01523,2027-01-01,non_retenu,parti
SIM-01524,2027-01-01,non_retenu,reste
SIM-01525,2027-01-01,non_retenu,reste
SIM-01526,2027-01-01,non_retenu,parti
SIM-01527,2027-01-01,non_retenu,reste
SIM-01528,2027-01-01,non_retenu,reste
SIM-01529,2027-01-01,non_retenu,parti
SIM-01530,2027-01-01,non_retenu,parti
SIM-01531,2027-01-01,non_retenu,parti
SIM-01532,2027-01-01,non_retenu,reste
SIM-01533,2027-01-01,non_retenu,reste
SIM-01534,2027-01-01,contact,parti
SIM-01535,2027-01-01,non_retenu,reste
SIM-01536,2027-01-01,non_retenu,reste
SIM-01537,2027-01-01,non_retenu,parti
SIM-01538,2027-01-01,non_retenu,parti
SIM-01539,2027-01-01,non_retenu,reste
SIM-01540,2027-01-01,non_retenu,reste
SIM-01541,2027-01-01,non_retenu,reste
SIM-01542,2027-01-01,non_retenu,reste
SIM-01543,2027-01-01,non_retenu,parti
SIM-01544,2027-01-01,non_retenu,reste
SIM-01545,2027-01-01,non_retenu,parti
SIM-01546,2027-01-01,contact,parti
SIM-01547,2027-01-01,non_retenu,parti
SIM-01548,2027-01-01,non_retenu,parti
SIM-01549,2027-01-01,non_retenu,reste
SIM-01550,2027-01-01,non_retenu,parti
SIM-01551,2027-01-01,non_retenu,reste
SIM-01552,2027-01-01,non_retenu,reste
SIM-01553,2027-01-01,non_retenu,reste
SIM-01554,2027-01-01,non_retenu,parti
SIM-01555,2027-01-01,non_retenu,parti
SIM-01556,2027-01-01,non_retenu,reste
SIM-01557,2027-01-01,contact,parti
SIM-01558,2027-01-01,non_retenu,reste
SIM-01559,2027-01-01,non_retenu,reste
SIM-01560,2027-01-01,non_retenu,reste
SIM-01561,2027-01-01,non_retenu,parti
SIM-01562,2027-01-01,non_retenu,reste
SIM-01563,2027-01-01,non_retenu,parti
SIM-01564,2027-01-01,non_retenu,reste
SIM-01565,2027-01-01,non_retenu,parti
SIM-01566,2027-01-01,non_retenu,reste
SIM-01567,2027-01-01,non_retenu,parti
SIM-01568,2027-01-01,non_retenu,reste
SIM-01569,2027-01-01,non_retenu,reste
SIM-01570,2027-01-01,non_retenu,reste
SIM-01571,2027-01-01,contact,parti
SIM-01572,2027-01-01,non_retenu,reste
SIM-01573,2027-01-01,non_retenu,reste
SIM-01574,2027-01-01,non_retenu,parti
SIM-01575,2027-01-01,non_retenu,reste
SIM-01576,2027-01-01,non_retenu,reste
SIM-01577,2027-01-01,temoin,reste
SIM-01578,2027-01-01,non_retenu,reste
SIM-01579,2027-01-01,non_retenu,reste
SIM-01580,2027-01-01,non_retenu,reste
SIM-01581,2027-01-01,non_retenu,parti
SIM-01582,2027-01-01,non_retenu,reste
SIM-01583,2027-01-01,non_retenu,parti
SIM-01584,2027-01-01,non_retenu,parti
SIM-01585,2027-01-01,non_retenu,reste
SIM-01586,2027-01-01,non_retenu,parti
SIM-01587,2027-01-01,non_retenu,parti
SIM-01588,2027-01-01,non_retenu,reste
SIM-01589,2027-01-01,non_retenu,parti
SIM-01590,2027-01-01,non_retenu,reste
SIM-01591,2027-01-01,non_retenu,reste
SIM-01592,2027-01-01,non_retenu,reste
SIM-01593,2027-01-01,non_retenu,parti
SIM-01594,2027-01-01,non_retenu,reste
SIM-01595,2027-01-01,non_retenu,parti
SIM-01596,2027-01-01,non_retenu,reste
SIM-01597,2027-01-01,non_retenu,parti
SIM-01598,2027-01-01,non_retenu,reste
SIM-01599,2027-01-01,non_retenu,reste
SIM-01600,2027-01-01,non_retenu,reste
SIM-01601,2027-01-01,non_retenu,reste
SIM-01602,2027-01-01,non_retenu,reste
SIM-01603,2027-01-01,non_retenu,parti
SIM-01604,2027-01-01,non_retenu,parti
SIM-01605,2027-01-01,non_retenu,reste
SIM-01606,2027-01-01,non_retenu,reste
SIM-01607,2027-01-01,non_retenu,parti
SIM-01608,2027-01-01,non_retenu,parti
SIM-01609,2027-01-01,non_retenu,reste
SIM-01610,2027-01-01,non_retenu,parti
SIM-01611,2027-01-01,non_retenu,parti
SIM-01612,2027-01-01,non_retenu,reste
SIM-01613,2027-01-01,non_retenu,reste
SIM-01614,2027-01-01,non_retenu,reste
SIM-01615,2027-01-01,non_retenu,parti
SIM-01616,2027-01-01,non_retenu,reste
SIM-01617,2027-01-01,non_retenu,reste
SIM-01618,2027-01-01,non_retenu,reste
SIM-01619,2027-01-01,non_retenu,parti
SIM-01620,2027-01-01,non_retenu,reste
SIM-01621,2027-01-01,non_retenu,parti
SIM-01622,2027-01-01,contact,parti
SIM-01623,2027-01-01,non_retenu,parti
SIM-01624,2027-01-01,non_retenu,reste
SIM-01625,2027-01-01,non_retenu,reste
SIM-01626,2027-01-01,non_retenu,reste
SIM-01627,2027-01-01,non_retenu,reste
SIM-01628,2027-01-01,non_retenu,parti
SIM-01629,2027-01-01,non_retenu,parti
SIM-01630,2027-01-01,non_retenu,reste
SIM-01631,2027-01-01,non_retenu,parti
SIM-01632,2027-01-01,non_retenu,parti
SIM-01633,2027-01-01,non_retenu,reste
SIM-01634,2027-01-01,non_retenu,reste
SIM-01635,2027-01-01,non_retenu,parti
SIM-01636,2027-01-01,non_retenu,reste
SIM-01637,2027-01-01,non_retenu,reste
SIM-01638,2027-01-01,non_retenu,parti
SIM-01639,2027-01-01,non_retenu,reste
SIM-01640,2027-01-01,non_retenu,reste
SIM-01641,2027-01-01,non_retenu,parti
SIM-01642,2027-01-01,non_retenu,reste
SIM-01643,2027-01-01,non_retenu,parti
SIM-01644,2027-01-01,non_retenu,parti
SIM-01645,2027-01-01,non_retenu,reste
SIM-01646,2027-01-01,non_retenu,reste
SIM-01647,2027-01-01,non_retenu,reste
SIM-01648,2027-01-01,non_retenu,parti
SIM-01649,2027-01-01,non_retenu,parti
SIM-01650,2027-01-01,non_retenu,parti
SIM-01651,2027-01-01,non_retenu,reste
SIM-01652,2027-01-01,non_retenu,reste
SIM-01653,2027-01-01,non_retenu,reste
SIM-01654,2027-01-01,non_retenu,parti
SIM-01655,2027-01-01,non_retenu,parti
SIM-01656,2027-01-01,non_retenu,reste
SIM-01657,2027-01-01,non_retenu,parti
SIM-01658,2027-01-01,non_retenu,reste
SIM-01659,2027-01-01,non_retenu,reste
SIM-01660,2027-01-01,non_retenu,reste
SIM-01661,2027-01-01,non_retenu,reste
SIM-01662,2027-01-01,non_retenu,parti
SIM-01663,2027-01-01,non_retenu,parti
SIM-01664,2027-01-01,non_retenu,parti
SIM-01665,2027-01-01,non_retenu,reste
SIM-01666,2027-01-01,non_retenu,reste
SIM-01667,2027-01-01,non_retenu,reste
SIM-01668,2027-01-01,non_retenu,parti
SIM-01669,2027-01-01,non_retenu,reste
SIM-01670,2027-01-01,non_retenu,parti
SIM-01671,2027-01-01,non_retenu,reste
SIM-01672,2027-01-01,non_retenu,parti
SIM-01673,2027-01-01,non_retenu,reste
SIM-01674,2027-01-01,non_retenu,parti
SIM-01675,2027-01-01,non_retenu,reste
SIM-01676,2027-01-01,non_retenu,reste
SIM-01677,2027-01-01,non_retenu,reste
SIM-01678,2027-01-01,non_retenu,reste
SIM-01679,2027-01-01,non_retenu,reste
SIM-01680,2027-01-01,non_retenu,reste
SIM-01681,2027-01-01,non_retenu,parti
SIM-01682,2027-01-01,non_retenu,parti
SIM-01683,2027-01-01,contact,parti
SIM-01684,2027-01-01,non_retenu,parti
SIM-01685,2027-01-01,non_retenu,parti
SIM-01686,2027-01-01,non_retenu,reste
SIM-01687,2027-01-01,non_retenu,reste
SIM-01688,2027-01-01,non_retenu,reste
SIM-01689,2027-01-01,non_retenu,reste
SIM-01690,2027-01-01,non_retenu,reste
SIM-01691,2027-01-01,non_retenu,reste
SIM-01692,2027-01-01,non_retenu,reste
SIM-01693,2027-01-01,non_retenu,parti
SIM-01694,2027-01-01,non_retenu,parti
SIM-01695,2027-01-01,non_retenu,reste
SIM-01696,2027-01-01,non_retenu,reste
SIM-01697,2027-01-01,non_retenu,parti
SIM-01698,2027-01-01,non_retenu,reste
SIM-01699,2027-01-01,non_retenu,reste
SIM-01700,2027-01-01,non_retenu,parti
SIM-01701,2027-01-01,non_retenu,parti
SIM-01702,2027-01-01,non_retenu,reste
SIM-01703,2027-01-01,non_retenu,parti
SIM-01704,2027-01-01,contact,parti
SIM-01705,2027-01-01,non_retenu,parti
SIM-01706,2027-01-01,non_retenu,reste
SIM-01707,2027-01-01,non_retenu,parti
SIM-01708,2027-01-01,contact,reste
SIM-01709,2027-01-01,non_retenu,reste
SIM-01710,2027-01-01,non_retenu,reste
SIM-01711,2027-01-01,non_retenu,reste
SIM-01712,2027-01-01,non_retenu,reste
SIM-01713,2027-01-01,non_retenu,reste
SIM-01714,2027-01-01,non_retenu,parti
SIM-01715,2027-01-01,non_retenu,reste
SIM-01716,2027-01-01,non_retenu,reste
SIM-01717,2027-01-01,non_retenu,parti
SIM-01718,2027-01-01,non_retenu,reste
SIM-01719,2027-01-01,non_retenu,reste
SIM-01720,2027-01-01,non_retenu,parti
SIM-01721,2027-01-01,non_retenu,reste
SIM-01722,2027-01-01,non_retenu,reste
SIM-01723,2027-01-01,non_retenu,parti
SIM-01724,2027-01-01,non_retenu,reste
SIM-01725,2027-01-01,non_retenu,parti
SIM-01726,2027-01-01,non_retenu,reste
SIM-01727,2027-01-01,non_retenu,reste
SIM-01728,2027-01-01,non_retenu,reste
SIM-01729,2027-01-01,non_retenu,reste
SIM-01730,2027-01-01,non_retenu,reste
SIM-01731,2027-01-01,non_retenu,reste
SIM-01732,2027-01-01,non_retenu,parti
SIM-01733,2027-01-01,non_retenu,reste
SIM-01734,2027-01-01,non_retenu,parti
SIM-01735,2027-01-01,non_retenu,reste
SIM-01736,2027-01-01,non_retenu,parti
SIM-01737,2027-01-01,non_retenu,parti
SIM-01738,2027-01-01,non_retenu,reste
SIM-01739,2027-01-01,non_retenu,reste
SIM-01740,2027-01-01,non_retenu,reste
SIM-01741,2027-01-01,non_retenu,parti
SIM-01742,2027-01-01,non_retenu,reste
SIM-01743,2027-01-01,contact,parti
SIM-01744,2027-01-01,non_retenu,reste
SIM-01745,2027-01-01,non_retenu,reste
SIM-01746,2027-01-01,non_retenu,parti
SIM-01747,2027-01-01,non_retenu,reste
SIM-01748,2027-01-01,non_retenu,reste
SIM-01749,2027-01-01,non_retenu,reste
SIM-01750,2027-01-01,non_retenu,parti
SIM-01751,2027-01-01,non_retenu,reste
SIM-01752,2027-01-01,non_retenu,parti
SIM-01753,2027-01-01,non_retenu,reste
SIM-01754,2027-01-01,non_retenu,parti
SIM-01755,2027-01-01,non_retenu,reste
SIM-01756,2027-01-01,non_retenu,parti
SIM-01757,2027-01-01,non_retenu,parti
SIM-01758,2027-01-01,non_retenu,reste
SIM-01759,2027-01-01,non_retenu,reste
SIM-01760,2027-01-01,non_retenu,reste
SIM-01761,2027-01-01,non_retenu,reste
SIM-01762,2027-01-01,non_retenu,parti
SIM-01763,2027-01-01,non_retenu,reste
SIM-01764,2027-01-01,non_retenu,reste
SIM-01765,2027-01-01,non_retenu,parti
SIM-01766,2027-01-01,non_retenu,parti
SIM-01767,2027-01-01,non_retenu,reste
SIM-01768,2027-01-01,non_retenu,reste
SIM-01769,2027-01-01,non_retenu,parti
SIM-01770,2027-01-01,non_retenu,reste
SIM-01771,2027-01-01,non_retenu,reste
SIM-01772,2027-01-01,non_retenu,parti
SIM-01773,2027-01-01,non_retenu,reste
SIM-01774,2027-01-01,non_retenu,reste
SIM-01775,2027-01-01,non_retenu,reste
SIM-01776,2027-01-01,non_retenu,parti
SIM-01777,2027-01-01,non_retenu,reste
SIM-01778,2027-01-01,non_retenu,parti
SIM-01779,2027-01-01,non_retenu,parti
SIM-01780,2027-01-01,non_retenu,parti
SIM-01781,2027-01-01,non_retenu,reste
SIM-01782,2027-01-01,non_retenu,reste
SIM-01783,2027-01-01,non_retenu,parti
SIM-01784,2027-01-01,non_retenu,parti
SIM-01785,2027-01-01,non_retenu,reste
SIM-01786,2027-01-01,non_retenu,parti
SIM-01787,2027-01-01,non_retenu,parti
SIM-01788,2027-01-01,non_retenu,reste
SIM-01789,2027-01-01,non_retenu,reste
SIM-01790,2027-01-01,non_retenu,parti
SIM-01791,2027-01-01,non_retenu,parti
SIM-01792,2027-01-01,non_retenu,reste
SIM-01793,2027-01-01,non_retenu,parti
SIM-01794,2027-01-01,non_retenu,reste
SIM-01795,2027-01-01,non_retenu,parti
SIM-01796,2027-01-01,non_retenu,reste
SIM-01797,2027-01-01,non_retenu,reste
SIM-01798,2027-01-01,non_retenu,reste
SIM-01799,2027-01-01,non_retenu,parti
SIM-01800,2027-01-01,non_retenu,parti
SIM-01801,2027-01-01,non_retenu,reste
SIM-01802,2027-01-01,non_retenu,parti
SIM-01803,2027-01-01,non_retenu,reste
SIM-01804,2027-01-01,non_retenu,reste
SIM-01805,2027-01-01,non_retenu,reste
SIM-01806,2027-01-01,non_retenu,parti
SIM-01807,2027-01-01,non_retenu,parti
SIM-01808,2027-01-01,non_retenu,reste
SIM-01809,2027-01-01,non_retenu,reste
SIM-01810,2027-01-01,non_retenu,parti
SIM-01811,2027-01-01,non_retenu,reste
SIM-01812,2027-01-01,non_retenu,reste
SIM-01813,2027-01-01,non_retenu,reste
SIM-01814,2027-01-01,non_retenu,parti
SIM-01815,2027-01-01,non_retenu,reste
SIM-01816,2027-01-01,non_retenu,parti
SIM-01817,2027-01-01,non_retenu,parti
SIM-01818,2027-01-01,non_retenu,reste
SIM-01819,2027-01-01,non_retenu,reste
SIM-01820,2027-01-01,temoin,reste
SIM-01821,2027-01-01,non_retenu,reste
SIM-01822,2027-01-01,non_retenu,reste
SIM-01823,2027-01-01,non_retenu,reste
SIM-01824,2027-01-01,non_retenu,reste
SIM-01825,2027-01-01,non_retenu,parti
SIM-01826,2027-01-01,non_retenu,reste
SIM-01827,2027-01-01,non_retenu,reste
SIM-01828,2027-01-01,non_retenu,parti
SIM-01829,2027-01-01,non_retenu,reste
SIM-01830,2027-01-01,non_retenu,parti
SIM-01831,2027-01-01,non_retenu,reste
SIM-01832,2027-01-01,non_retenu,reste
SIM-01833,2027-01-01,non_retenu,reste
SIM-01834,2027-01-01,non_retenu,parti
SIM-01835,2027-01-01,non_retenu,reste
SIM-01836,2027-01-01,non_retenu,reste
SIM-01837,2027-01-01,non_retenu,parti
SIM-01838,2027-01-01,non_retenu,parti
SIM-01839,2027-01-01,non_retenu,reste
SIM-01840,2027-01-01,non_retenu,reste
SIM-01841,2027-01-01,non_retenu,reste
SIM-01842,2027-01-01,non_retenu,reste
SIM-01843,2027-01-01,non_retenu,reste
SIM-01844,2027-01-01,non_retenu,parti
SIM-01845,2027-01-01,non_retenu,parti
SIM-01846,2027-01-01,non_retenu,parti
SIM-01847,2027-01-01,non_retenu,parti
SIM-01848,2027-01-01,non_retenu,parti
SIM-01849,2027-01-01,non_retenu,parti
SIM-01850,2027-01-01,non_retenu,reste
SIM-01851,2027-01-01,non_retenu,reste
SIM-01852,2027-01-01,non_retenu,parti
SIM-01853,2027-01-01,non_retenu,parti
SIM-01854,2027-01-01,non_retenu,reste
SIM-01855,2027-01-01,non_retenu,reste
SIM-01856,2027-01-01,non_retenu,reste
SIM-01857,2027-01-01,non_retenu,parti
SIM-01858,2027-01-01,non_retenu,reste
SIM-01859,2027-01-01,non_retenu,reste
SIM-01860,2027-01-01,non_retenu,parti
SIM-01861,2027-01-01,non_retenu,reste
SIM-01862,2027-01-01,non_retenu,reste
SIM-01863,2027-01-01,non_retenu,reste
SIM-01864,2027-01-01,non_retenu,parti
SIM-01865,2027-01-01,non_retenu,reste
SIM-01866,2027-01-01,non_retenu,reste
SIM-01867,2027-01-01,non_retenu,reste
SIM-01868,2027-01-01,non_retenu,reste
SIM-01869,2027-01-01,non_retenu,reste
SIM-01870,2027-01-01,non_retenu,reste
SIM-01871,2027-01-01,non_retenu,parti
SIM-01872,2027-01-01,non_retenu,reste
SIM-01873,2027-01-01,non_retenu,reste
SIM-01874,2027-01-01,contact,parti
SIM-01875,2027-01-01,non_retenu,parti
SIM-01876,2027-01-01,non_retenu,reste
SIM-01877,2027-01-01,non_retenu,reste
SIM-01878,2027-01-01,non_retenu,reste
SIM-01879,2027-01-01,non_retenu,parti
SIM-01880,2027-01-01,non_retenu,reste
SIM-01881,2027-01-01,non_retenu,reste
SIM-01882,2027-01-01,contact,parti
SIM-01883,2027-01-01,contact,parti
SIM-01884,2027-01-01,non_retenu,reste
SIM-01885,2027-01-01,non_retenu,reste
SIM-01886,2027-01-01,non_retenu,reste
SIM-01887,2027-01-01,non_retenu,reste
SIM-01888,2027-01-01,non_retenu,parti
SIM-01889,2027-01-01,non_retenu,reste
SIM-01890,2027-01-01,non_retenu,reste
SIM-01891,2027-01-01,non_retenu,reste
SIM-01892,2027-01-01,non_retenu,parti
SIM-01893,2027-01-01,non_retenu,reste
SIM-01894,2027-01-01,non_retenu,parti
SIM-01895,2027-01-01,non_retenu,reste
SIM-01896,2027-01-01,non_retenu,reste
SIM-01897,2027-01-01,non_retenu,reste
SIM-01898,2027-01-01,non_retenu,reste
SIM-01899,2027-01-01,non_retenu,reste
SIM-01900,2027-01-01,non_retenu,reste
SIM-01901,2027-01-01,contact,reste
SIM-01902,2027-01-01,non_retenu,reste
SIM-01903,2027-01-01,non_retenu,parti
SIM-01904,2027-01-01,non_retenu,parti
SIM-01905,2027-01-01,non_retenu,reste
SIM-01906,2027-01-01,non_retenu,reste
SIM-01907,2027-01-01,non_retenu,reste
SIM-01908,2027-01-01,contact,parti
SIM-01909,2027-01-01,non_retenu,parti
SIM-01910,2027-01-01,non_retenu,reste
SIM-01911,2027-01-01,non_retenu,parti
SIM-01912,2027-01-01,non_retenu,reste
SIM-01913,2027-01-01,non_retenu,reste
SIM-01914,2027-01-01,non_retenu,reste
SIM-01915,2027-01-01,non_retenu,parti
SIM-01916,2027-01-01,non_retenu,reste
SIM-01917,2027-01-01,non_retenu,reste
SIM-01918,2027-01-01,non_retenu,reste
SIM-01919,2027-01-01,non_retenu,reste
SIM-01920,2027-01-01,non_retenu,reste
SIM-01921,2027-01-01,non_retenu,reste
SIM-01922,2027-01-01,non_retenu,parti
SIM-01923,2027-01-01,non_retenu,reste
SIM-01924,2027-01-01,non_retenu,reste
SIM-01925,2027-01-01,non_retenu,reste
SIM-01926,2027-01-01,non_retenu,parti
SIM-01927,2027-01-01,non_retenu,reste
SIM-01928,2027-01-01,non_retenu,reste
SIM-01929,2027-01-01,non_retenu,parti
SIM-01930,2027-01-01,non_retenu,reste
SIM-01931,2027-01-01,non_retenu,reste
SIM-01932,2027-01-01,non_retenu,parti
SIM-01933,2027-01-01,non_retenu,parti
SIM-01934,2027-01-01,non_retenu,reste
SIM-01935,2027-01-01,non_retenu,reste
SIM-01936,2027-01-01,non_retenu,reste
SIM-01937,2027-01-01,non_retenu,reste
SIM-01938,2027-01-01,non_retenu,reste
SIM-01939,2027-01-01,non_retenu,parti
SIM-01940,2027-01-01,non_retenu,parti
SIM-01941,2027-01-01,non_retenu,reste
SIM-01942,2027-01-01,non_retenu,parti
SIM-01943,2027-01-01,non_retenu,reste
SIM-01944,2027-01-01,non_retenu,reste
SIM-01945,2027-01-01,non_retenu,reste
SIM-01946,2027-01-01,non_retenu,reste
SIM-01947,2027-01-01,non_retenu,reste
SIM-01948,2027-01-01,non_retenu,parti
SIM-01949,2027-01-01,non_retenu,reste
SIM-01950,2027-01-01,non_retenu,parti
SIM-01951,2027-01-01,non_retenu,reste
SIM-01952,2027-01-01,contact,reste
SIM-01953,2027-01-01,non_retenu,reste
SIM-01954,2027-01-01,non_retenu,parti
SIM-01955,2027-01-01,non_retenu,reste
SIM-01956,2027-01-01,non_retenu,reste
SIM-01957,2027-01-01,non_retenu,parti
SIM-01958,2027-01-01,non_retenu,reste
SIM-01959,2027-01-01,non_retenu,parti
SIM-01960,2027-01-01,non_retenu,reste
SIM-01961,2027-01-01,non_retenu,reste
SIM-01962,2027-01-01,temoin,reste
SIM-01963,2027-01-01,non_retenu,parti
SIM-01964,2027-01-01,non_retenu,parti
SIM-01965,2027-01-01,non_retenu,reste
SIM-01966,2027-01-01,non_retenu,reste
SIM-01967,2027-01-01,non_retenu,reste
SIM-01968,2027-01-01,non_retenu,reste
SIM-01969,2027-01-01,non_retenu,parti
SIM-01970,2027-01-01,non_retenu,parti
SIM-01971,2027-01-01,non_retenu,parti
SIM-01972,2027-01-01,non_retenu,reste
SIM-01973,2027-01-01,non_retenu,reste
SIM-01974,2027-01-01,non_retenu,reste
SIM-01975,2027-01-01,non_retenu,reste
SIM-01976,2027-01-01,non_retenu,reste
SIM-01977,2027-01-01,non_retenu,parti
SIM-01978,2027-01-01,non_retenu,parti
SIM-01979,2027-01-01,non_retenu,parti
SIM-01980,2027-01-01,non_retenu,reste
SIM-01981,2027-01-01,non_retenu,reste
SIM-01982,2027-01-01,non_retenu,reste
SIM-01983,2027-01-01,non_retenu,reste
SIM-01984,2027-01-01,non_retenu,parti
SIM-01985,2027-01-01,non_retenu,reste
SIM-01986,2027-01-01,non_retenu,reste
SIM-01987,2027-01-01,non_retenu,parti
SIM-01988,2027-01-01,non_retenu,reste
SIM-01989,2027-01-01,non_retenu,reste
SIM-01990,2027-01-01,non_retenu,reste
SIM-01991,2027-01-01,non_retenu,reste
SIM-01992,2027-01-01,contact,reste
SIM-01993,2027-01-01,non_retenu,reste
SIM-01994,2027-01-01,non_retenu,reste
SIM-01995,2027-01-01,non_retenu,reste
SIM-01996,2027-01-01,non_retenu,parti
SIM-01997,2027-01-01,non_retenu,reste
SIM-01998,2027-01-01,contact,parti
SIM-01999,2027-01-01,non_retenu,reste
SIM-02000,2027-01-01,non_retenu,reste
SIM-02001,2027-01-01,non_retenu,reste
SIM-02002,2027-01-01,non_retenu,reste
SIM-02003,2027-01-01,non_retenu,reste
SIM-02004,2027-01-01,non_retenu,reste
SIM-02005,2027-01-01,non_retenu,parti
SIM-02006,2027-01-01,non_retenu,reste
SIM-02007,2027-01-01,non_retenu,reste
SIM-02008,2027-01-01,non_retenu,reste
SIM-02009,2027-01-01,non_retenu,parti
SIM-02010,2027-01-01,non_retenu,parti
SIM-02011,2027-01-01,non_retenu,reste
SIM-02012,2027-01-01,non_retenu,parti
SIM-02013,2027-01-01,non_retenu,reste
SIM-02014,2027-01-01,non_retenu,reste
SIM-02015,2027-01-01,non_retenu,parti
SIM-02016,2027-01-01,non_retenu,parti
SIM-02017,2027-01-01,non_retenu,reste
SIM-02018,2027-01-01,non_retenu,parti
SIM-02019,2027-01-01,non_retenu,parti
SIM-02020,2027-01-01,non_retenu,parti
SIM-02021,2027-01-01,non_retenu,reste
SIM-02022,2027-01-01,non_retenu,reste
SIM-02023,2027-01-01,non_retenu,reste
SIM-02024,2027-01-01,non_retenu,reste
SIM-02025,2027-01-01,non_retenu,reste
SIM-02026,2027-01-01,contact,parti
SIM-02027,2027-01-01,non_retenu,reste
SIM-02028,2027-01-01,contact,parti
SIM-02029,2027-01-01,non_retenu,reste
SIM-02030,2027-01-01,non_retenu,reste
SIM-02031,2027-01-01,non_retenu,parti
SIM-02032,2027-01-01,non_retenu,reste
SIM-02033,2027-01-01,non_retenu,parti
SIM-02034,2027-01-01,non_retenu,reste
SIM-02035,2027-01-01,contact,reste
SIM-02036,2027-01-01,non_retenu,parti
SIM-02037,2027-01-01,non_retenu,reste
SIM-02038,2027-01-01,non_retenu,parti
SIM-02039,2027-01-01,non_retenu,reste
SIM-02040,2027-01-01,contact,parti
SIM-02041,2027-01-01,non_retenu,reste
SIM-02042,2027-01-01,non_retenu,parti
SIM-02043,2027-01-01,non_retenu,parti
SIM-02044,2027-01-01,non_retenu,reste
SIM-02045,2027-01-01,non_retenu,parti
SIM-02046,2027-01-01,non_retenu,reste
SIM-02047,2027-01-01,non_retenu,reste
SIM-02048,2027-01-01,non_retenu,parti
SIM-02049,2027-01-01,non_retenu,parti
SIM-02050,2027-01-01,non_retenu,parti
SIM-02051,2027-01-01,non_retenu,reste
SIM-02052,2027-01-01,non_retenu,reste
SIM-02053,2027-01-01,non_retenu,reste
SIM-02054,2027-01-01,non_retenu,reste
SIM-02055,2027-01-01,non_retenu,parti
SIM-02056,2027-01-01,non_retenu,reste
SIM-02057,2027-01-01,non_retenu,parti
SIM-02058,2027-01-01,non_retenu,reste
SIM-02059,2027-01-01,non_retenu,reste
SIM-02060,2027-01-01,non_retenu,reste
SIM-02061,2027-01-01,non_retenu,reste
SIM-02062,2027-01-01,non_retenu,reste
SIM-02063,2027-01-01,non_retenu,parti
SIM-02064,2027-01-01,non_retenu,reste
SIM-02065,2027-01-01,non_retenu,reste
SIM-02066,2027-01-01,non_retenu,parti
SIM-02067,2027-01-01,non_retenu,parti
SIM-02068,2027-01-01,non_retenu,reste
SIM-02069,2027-01-01,non_retenu,reste
SIM-02070,2027-01-01,non_retenu,parti
SIM-02071,2027-01-01,contact,parti
SIM-02072,2027-01-01,non_retenu,parti
SIM-02073,2027-01-01,non_retenu,parti
SIM-02074,2027-01-01,non_retenu,reste
SIM-02075,2027-01-01,non_retenu,reste
SIM-02076,2027-01-01,non_retenu,parti
SIM-02077,2027-01-01,non_retenu,parti
SIM-02078,2027-01-01,non_retenu,parti
SIM-02079,2027-01-01,non_retenu,reste
SIM-02080,2027-01-01,non_retenu,reste
SIM-02081,2027-01-01,non_retenu,reste
SIM-02082,2027-01-01,non_retenu,reste
SIM-02083,2027-01-01,non_retenu,reste
SIM-02084,2027-01-01,non_retenu,parti
SIM-02085,2027-01-01,non_retenu,reste
SIM-02086,2027-01-01,non_retenu,reste
SIM-02087,2027-01-01,non_retenu,reste
SIM-02088,2027-01-01,non_retenu,parti
SIM-02089,2027-01-01,non_retenu,reste
SIM-02090,2027-01-01,non_retenu,reste
SIM-02091,2027-01-01,non_retenu,reste
SIM-02092,2027-01-01,non_retenu,reste
SIM-02093,2027-01-01,non_retenu,reste
SIM-02094,2027-01-01,non_retenu,reste
SIM-02095,2027-01-01,non_retenu,reste
SIM-02096,2027-01-01,non_retenu,parti
SIM-02097,2027-01-01,non_retenu,reste
SIM-02098,2027-01-01,non_retenu,reste
SIM-02099,2027-01-01,non_retenu,reste
SIM-02100,2027-01-01,non_retenu,parti
SIM-02101,2027-01-01,non_retenu,parti
SIM-02102,2027-01-01,non_retenu,parti
SIM-02103,2027-01-01,non_retenu,parti
SIM-02104,2027-01-01,non_retenu,parti
SIM-02105,2027-01-01,non_retenu,reste
SIM-02106,2027-01-01,non_retenu,reste
SIM-02107,2027-01-01,non_retenu,reste
SIM-02108,2027-01-01,non_retenu,parti
SIM-02109,2027-01-01,non_retenu,reste
SIM-02110,2027-01-01,non_retenu,parti
SIM-02111,2027-01-01,non_retenu,parti
SIM-02112,2027-01-01,non_retenu,reste
SIM-02113,2027-01-01,non_retenu,reste
SIM-02114,2027-01-01,non_retenu,reste
SIM-02115,2027-01-01,non_retenu,reste
SIM-02116,2027-01-01,non_retenu,reste
SIM-02117,2027-01-01,non_retenu,reste
SIM-02118,2027-01-01,non_retenu,reste
SIM-02119,2027-01-01,contact,reste
SIM-02120,2027-01-01,non_retenu,reste
SIM-02121,2027-01-01,non_retenu,parti
SIM-02122,2027-01-01,non_retenu,reste
SIM-02123,2027-01-01,non_retenu,reste
SIM-02124,2027-01-01,non_retenu,reste
SIM-02125,2027-01-01,non_retenu,reste
SIM-02126,2027-01-01,non_retenu,reste
SIM-02127,2027-01-01,non_retenu,parti
SIM-02128,2027-01-01,non_retenu,reste
SIM-02129,2027-01-01,non_retenu,reste
SIM-02130,2027-01-01,non_retenu,parti
SIM-02131,2027-01-01,non_retenu,parti
SIM-02132,2027-01-01,non_retenu,reste
SIM-02133,2027-01-01,non_retenu,parti
SIM-02134,2027-01-01,non_retenu,reste
SIM-02135,2027-01-01,non_retenu,parti
SIM-02136,2027-01-01,contact,reste
SIM-02137,2027-01-01,non_retenu,reste
SIM-02138,2027-01-01,non_retenu,parti
SIM-02139,2027-01-01,non_retenu,reste
SIM-02140,2027-01-01,non_retenu,reste
SIM-02141,2027-01-01,non_retenu,parti
SIM-02142,2027-01-01,non_retenu,parti
SIM-02143,2027-01-01,non_retenu,parti
SIM-02144,2027-01-01,non_retenu,parti
SIM-02145,2027-01-01,non_retenu,parti
SIM-02146,2027-01-01,non_retenu,reste
SIM-02147,2027-01-01,non_retenu,reste
SIM-02148,2027-01-01,non_retenu,reste
SIM-02149,2027-01-01,non_retenu,parti
SIM-02150,2027-01-01,contact,parti
SIM-02151,2027-01-01,non_retenu,reste
SIM-02152,2027-01-01,non_retenu,reste
SIM-02153,2027-01-01,non_retenu,parti
SIM-02154,2027-01-01,non_retenu,parti
SIM-02155,2027-01-01,non_retenu,reste
SIM-02156,2027-01-01,non_retenu,reste
SIM-02157,2027-01-01,non_retenu,reste
SIM-02158,2027-01-01,non_retenu,reste
SIM-02159,2027-01-01,non_retenu,reste
SIM-02160,2027-01-01,contact,parti
SIM-02161,2027-01-01,non_retenu,parti
SIM-02162,2027-01-01,non_retenu,reste
SIM-02163,2027-01-01,non_retenu,reste
SIM-02164,2027-01-01,non_retenu,parti
SIM-02165,2027-01-01,non_retenu,parti
SIM-02166,2027-01-01,non_retenu,reste
SIM-02167,2027-01-01,non_retenu,parti
SIM-02168,2027-01-01,non_retenu,reste
SIM-02169,2027-01-01,non_retenu,parti
SIM-02170,2027-01-01,non_retenu,reste
SIM-02171,2027-01-01,non_retenu,parti
SIM-02172,2027-01-01,non_retenu,reste
SIM-02173,2027-01-01,non_retenu,reste
SIM-02174,2027-01-01,non_retenu,reste
SIM-02175,2027-01-01,non_retenu,reste
SIM-02176,2027-01-01,non_retenu,parti
SIM-02177,2027-01-01,non_retenu,reste
SIM-02178,2027-01-01,non_retenu,reste
SIM-02179,2027-01-01,non_retenu,reste
SIM-02180,2027-01-01,non_retenu,reste
SIM-02181,2027-01-01,non_retenu,reste
SIM-02182,2027-01-01,non_retenu,parti
SIM-02183,2027-01-01,non_retenu,reste
SIM-02184,2027-01-01,non_retenu,parti
SIM-02185,2027-01-01,non_retenu,parti
SIM-02186,2027-01-01,non_retenu,parti
SIM-02187,2027-01-01,non_retenu,reste
SIM-02188,2027-01-01,non_retenu,reste
SIM-02189,2027-01-01,non_retenu,reste
SIM-02190,2027-01-01,non_retenu,reste
SIM-02191,2027-01-01,non_retenu,reste
SIM-02192,2027-01-01,contact,reste
SIM-02193,2027-01-01,non_retenu,reste
SIM-02194,2027-01-01,non_retenu,reste
SIM-02195,2027-01-01,non_retenu,reste
SIM-02196,2027-01-01,non_retenu,reste
SIM-02197,2027-01-01,non_retenu,parti
SIM-02198,2027-01-01,non_retenu,parti
SIM-02199,2027-01-01,non_retenu,reste
SIM-02200,2027-01-01,non_retenu,parti
SIM-02201,2027-01-01,non_retenu,parti
SIM-02202,2027-01-01,non_retenu,reste
SIM-02203,2027-01-01,non_retenu,parti
SIM-02204,2027-01-01,non_retenu,parti
SIM-02205,2027-01-01,non_retenu,parti
SIM-02206,2027-01-01,non_retenu,reste
SIM-02207,2027-01-01,non_retenu,reste
SIM-02208,2027-01-01,non_retenu,reste
SIM-02209,2027-01-01,non_retenu,reste
SIM-02210,2027-01-01,non_retenu,parti
SIM-02211,2027-01-01,non_retenu,reste
SIM-02212,2027-01-01,non_retenu,parti
SIM-02213,2027-01-01,non_retenu,reste
SIM-02214,2027-01-01,non_retenu,reste
SIM-02215,2027-01-01,non_retenu,parti
SIM-02216,2027-01-01,non_retenu,parti
SIM-02217,2027-01-01,non_retenu,reste
SIM-02218,2027-01-01,non_retenu,parti
SIM-02219,2027-01-01,non_retenu,parti
SIM-02220,2027-01-01,non_retenu,parti
SIM-02221,2027-01-01,non_retenu,reste
SIM-02222,2027-01-01,non_retenu,parti
SIM-02223,2027-01-01,non_retenu,reste
SIM-02224,2027-01-01,temoin,parti
SIM-02225,2027-01-01,non_retenu,parti
SIM-02226,2027-01-01,non_retenu,reste
SIM-02227,2027-01-01,non_retenu,reste
SIM-02228,2027-01-01,non_retenu,reste
SIM-02229,2027-01-01,non_retenu,reste
SIM-02230,2027-01-01,non_retenu,parti
SIM-02231,2027-01-01,non_retenu,reste
SIM-02232,2027-01-01,non_retenu,parti
SIM-02233,2027-01-01,non_retenu,reste
SIM-02234,2027-01-01,non_retenu,parti
SIM-02235,2027-01-01,non_retenu,reste
SIM-02236,2027-01-01,non_retenu,reste
SIM-02237,2027-01-01,non_retenu,reste
SIM-02238,2027-01-01,non_retenu,reste
SIM-02239,2027-01-01,non_retenu,reste
SIM-02240,2027-01-01,non_retenu,reste
SIM-02241,2027-01-01,non_retenu,reste
SIM-02242,2027-01-01,non_retenu,reste
SIM-02243,2027-01-01,non_retenu,reste
SIM-02244,2027-01-01,non_retenu,reste
SIM-02245,2027-01-01,non_retenu,reste
SIM-02246,2027-01-01,non_retenu,parti
SIM-02247,2027-01-01,non_retenu,reste
SIM-02248,2027-01-01,non_retenu,reste
SIM-02249,2027-01-01,non_retenu,reste
SIM-02250,2027-01-01,non_retenu,reste
SIM-02251,2027-01-01,non_retenu,reste
SIM-02252,2027-01-01,non_retenu,parti
SIM-02253,2027-01-01,non_retenu,reste
SIM-02254,2027-01-01,non_retenu,reste
SIM-02255,2027-01-01,non_retenu,reste
SIM-02256,2027-01-01,non_retenu,reste
SIM-02257,2027-01-01,non_retenu,parti
SIM-02258,2027-01-01,non_retenu,reste
SIM-02259,2027-01-01,non_retenu,reste
SIM-02260,2027-01-01,non_retenu,reste
SIM-02261,2027-01-01,non_retenu,reste
SIM-02262,2027-01-01,non_retenu,reste
SIM-02263,2027-01-01,non_retenu,reste
SIM-02264,2027-01-01,non_retenu,parti
SIM-02265,2027-01-01,non_retenu,parti
SIM-02266,2027-01-01,non_retenu,reste
SIM-02267,2027-01-01,non_retenu,parti
SIM-02268,2027-01-01,non_retenu,reste
SIM-02269,2027-01-01,non_retenu,parti
SIM-02270,2027-01-01,non_retenu,reste
SIM-02271,2027-01-01,non_retenu,parti
SIM-02272,2027-01-01,non_retenu,parti
SIM-02273,2027-01-01,contact,reste
SIM-02274,2027-01-01,non_retenu,parti
SIM-02275,2027-01-01,non_retenu,parti
SIM-02276,2027-01-01,non_retenu,parti
SIM-02277,2027-01-01,non_retenu,reste
SIM-02278,2027-01-01,non_retenu,parti
SIM-02279,2027-01-01,non_retenu,reste
SIM-02280,2027-01-01,non_retenu,parti
SIM-02281,2027-01-01,non_retenu,reste
SIM-02282,2027-01-01,non_retenu,parti
SIM-02283,2027-01-01,non_retenu,parti
SIM-02284,2027-01-01,non_retenu,reste
SIM-02285,2027-01-01,non_retenu,reste
SIM-02286,2027-01-01,non_retenu,reste
SIM-02287,2027-01-01,non_retenu,parti
SIM-02288,2027-01-01,non_retenu,parti
SIM-02289,2027-01-01,non_retenu,parti
SIM-02290,2027-01-01,non_retenu,reste
SIM-02291,2027-01-01,non_retenu,parti
SIM-02292,2027-01-01,non_retenu,reste
SIM-02293,2027-01-01,non_retenu,reste
SIM-02294,2027-01-01,non_retenu,reste
SIM-02295,2027-01-01,non_retenu,reste
SIM-02296,2027-01-01,non_retenu,reste
SIM-02297,2027-01-01,contact,reste
SIM-02298,2027-01-01,non_retenu,reste
SIM-02299,2027-01-01,non_retenu,reste
SIM-02300,2027-01-01,non_retenu,parti
SIM-02301,2027-01-01,non_retenu,parti
SIM-02302,2027-01-01,contact,parti
SIM-02303,2027-01-01,non_retenu,parti
SIM-02304,2027-01-01,non_retenu,reste
SIM-02305,2027-01-01,non_retenu,reste
SIM-02306,2027-01-01,non_retenu,reste
SIM-02307,2027-01-01,non_retenu,reste
SIM-02308,2027-01-01,non_retenu,reste
SIM-02309,2027-01-01,non_retenu,parti
SIM-02310,2027-01-01,non_retenu,reste
SIM-02311,2027-01-01,non_retenu,parti
SIM-02312,2027-01-01,non_retenu,parti
SIM-02313,2027-01-01,non_retenu,parti
SIM-02314,2027-01-01,non_retenu,reste
SIM-02315,2027-01-01,non_retenu,reste
SIM-02316,2027-01-01,non_retenu,reste
SIM-02317,2027-01-01,non_retenu,reste
SIM-02318,2027-01-01,non_retenu,parti
SIM-02319,2027-01-01,non_retenu,reste
SIM-02320,2027-01-01,non_retenu,reste
SIM-02321,2027-01-01,non_retenu,reste
SIM-02322,2027-01-01,non_retenu,reste
SIM-02323,2027-01-01,non_retenu,reste
SIM-02324,2027-01-01,non_retenu,reste
SIM-02325,2027-01-01,non_retenu,reste
SIM-02326,2027-01-01,non_retenu,reste
SIM-02327,2027-01-01,non_retenu,reste
SIM-02328,2027-01-01,non_retenu,parti
SIM-02329,2027-01-01,non_retenu,reste
SIM-02330,2027-01-01,non_retenu,parti
SIM-02331,2027-01-01,non_retenu,reste
SIM-02332,2027-01-01,non_retenu,reste
SIM-02333,2027-01-01,non_retenu,reste
SIM-02334,2027-01-01,non_retenu,reste
SIM-02335,2027-01-01,non_retenu,reste
SIM-02336,2027-01-01,non_retenu,parti
SIM-02337,2027-01-01,non_retenu,reste
SIM-02338,2027-01-01,non_retenu,reste
SIM-02339,2027-01-01,contact,reste
SIM-02340,2027-01-01,non_retenu,reste
SIM-02341,2027-01-01,non_retenu,reste
SIM-02342,2027-01-01,non_retenu,reste
SIM-02343,2027-01-01,non_retenu,parti
SIM-02344,2027-01-01,temoin,parti
SIM-02345,2027-01-01,non_retenu,parti
SIM-02346,2027-01-01,non_retenu,parti
SIM-02347,2027-01-01,non_retenu,parti
SIM-02348,2027-01-01,non_retenu,reste
SIM-02349,2027-01-01,non_retenu,reste
SIM-02350,2027-01-01,non_retenu,parti
SIM-02351,2027-01-01,non_retenu,reste
SIM-02352,2027-01-01,non_retenu,parti
SIM-02353,2027-01-01,non_retenu,parti
SIM-02354,2027-01-01,non_retenu,reste
SIM-02355,2027-01-01,non_retenu,reste
SIM-02356,2027-01-01,non_retenu,reste
SIM-02357,2027-01-01,non_retenu,reste
SIM-02358,2027-01-01,non_retenu,parti
SIM-02359,2027-01-01,non_retenu,parti
SIM-02360,2027-01-01,non_retenu,parti
SIM-02361,2027-01-01,non_retenu,reste
SIM-02362,2027-01-01,non_retenu,parti
SIM-02363,2027-01-01,non_retenu,reste
SIM-02364,2027-01-01,non_retenu,parti
SIM-02365,2027-01-01,non_retenu,parti
SIM-02366,2027-01-01,non_retenu,reste
SIM-02367,2027-01-01,non_retenu,reste
SIM-02368,2027-01-01,non_retenu,reste
SIM-02369,2027-01-01,non_retenu,reste
SIM-02370,2027-01-01,non_retenu,parti
SIM-02371,2027-01-01,non_retenu,reste
SIM-02372,2027-01-01,non_retenu,parti
SIM-02373,2027-01-01,non_retenu,reste
SIM-02374,2027-01-01,non_retenu,reste
SIM-02375,2027-01-01,non_retenu,reste
SIM-02376,2027-01-01,non_retenu,reste
SIM-02377,2027-01-01,non_retenu,reste
SIM-02378,2027-01-01,non_retenu,parti
SIM-02379,2027-01-01,non_retenu,reste
SIM-02380,2027-01-01,non_retenu,reste
SIM-02381,2027-01-01,non_retenu,parti
SIM-02382,2027-01-01,non_retenu,reste
SIM-02383,2027-01-01,non_retenu,parti
SIM-02384,2027-01-01,non_retenu,reste
SIM-02385,2027-01-01,non_retenu,parti
SIM-02386,2027-01-01,non_retenu,parti
SIM-02387,2027-01-01,non_retenu,reste
SIM-02388,2027-01-01,non_retenu,reste
SIM-02389,2027-01-01,non_retenu,parti
SIM-02390,2027-01-01,non_retenu,parti
SIM-02391,2027-01-01,non_retenu,reste
SIM-02392,2027-01-01,non_retenu,reste
SIM-02393,2027-01-01,non_retenu,reste
SIM-02394,2027-01-01,non_retenu,reste
SIM-02395,2027-01-01,non_retenu,reste
SIM-02396,2027-01-01,non_retenu,reste
SIM-02397,2027-01-01,non_retenu,reste
SIM-02398,2027-01-01,non_retenu,reste
SIM-02399,2027-01-01,non_retenu,parti
SIM-02400,2027-01-01,non_retenu,parti
SIM-02401,2027-01-01,non_retenu,reste
SIM-02402,2027-01-01,non_retenu,reste
SIM-02403,2027-01-01,non_retenu,parti
SIM-02404,2027-01-01,non_retenu,reste
SIM-02405,2027-01-01,non_retenu,parti
SIM-02406,2027-01-01,non_retenu,reste
SIM-02407,2027-01-01,non_retenu,reste
SIM-02408,2027-01-01,non_retenu,reste
SIM-02409,2027-01-01,non_retenu,parti
SIM-02410,2027-01-01,non_retenu,reste
SIM-02411,2027-01-01,non_retenu,reste
SIM-02412,2027-01-01,contact,parti
SIM-02413,2027-01-01,non_retenu,reste
SIM-02414,2027-01-01,non_retenu,reste
SIM-02415,2027-01-01,non_retenu,reste
SIM-02416,2027-01-01,non_retenu,reste
SIM-02417,2027-01-01,non_retenu,parti
SIM-02418,2027-01-01,non_retenu,parti
SIM-02419,2027-01-01,non_retenu,reste
SIM-02420,2027-01-01,non_retenu,parti
SIM-02421,2027-01-01,non_retenu,reste
SIM-02422,2027-01-01,non_retenu,reste
SIM-02423,2027-01-01,non_retenu,reste
SIM-02424,2027-01-01,non_retenu,reste
SIM-02425,2027-01-01,non_retenu,parti
SIM-02426,2027-01-01,non_retenu,reste
SIM-02427,2027-01-01,non_retenu,parti
SIM-02428,2027-01-01,non_retenu,parti
SIM-02429,2027-01-01,non_retenu,reste
SIM-02430,2027-01-01,non_retenu,reste
SIM-02431,2027-01-01,non_retenu,reste
SIM-02432,2027-01-01,non_retenu,reste
SIM-02433,2027-01-01,non_retenu,reste
SIM-02434,2027-01-01,non_retenu,reste
SIM-02435,2027-01-01,non_retenu,reste
SIM-02436,2027-01-01,non_retenu,reste
SIM-02437,2027-01-01,non_retenu,reste
SIM-02438,2027-01-01,non_retenu,parti
SIM-02439,2027-01-01,non_retenu,parti
SIM-02440,2027-01-01,non_retenu,reste
SIM-02441,2027-01-01,non_retenu,parti
SIM-02442,2027-01-01,non_retenu,reste
SIM-02443,2027-01-01,non_retenu,reste
SIM-02444,2027-01-01,non_retenu,reste
SIM-02445,2027-01-01,contact,parti
SIM-02446,2027-01-01,non_retenu,reste
SIM-02447,2027-01-01,non_retenu,reste
SIM-02448,2027-01-01,non_retenu,reste
SIM-02449,2027-01-01,non_retenu,reste
SIM-02450,2027-01-01,contact,parti
SIM-02451,2027-01-01,non_retenu,reste
SIM-02452,2027-01-01,non_retenu,reste
SIM-02453,2027-01-01,non_retenu,parti
SIM-02454,2027-01-01,non_retenu,reste
SIM-02455,2027-01-01,non_retenu,reste
SIM-02456,2027-01-01,non_retenu,parti
SIM-02457,2027-01-01,contact,reste
SIM-02458,2027-01-01,non_retenu,reste
SIM-02459,2027-01-01,non_retenu,reste
SIM-02460,2027-01-01,non_retenu,parti
SIM-02461,2027-01-01,non_retenu,reste
SIM-02462,2027-01-01,non_retenu,reste
SIM-02463,2027-01-01,non_retenu,reste
SIM-02464,2027-01-01,non_retenu,reste
SIM-02465,2027-01-01,non_retenu,reste
SIM-02466,2027-01-01,non_retenu,reste
SIM-02467,2027-01-01,non_retenu,reste
SIM-02468,2027-01-01,non_retenu,reste
SIM-02469,2027-01-01,non_retenu,reste
SIM-02470,2027-01-01,non_retenu,reste
SIM-02471,2027-01-01,non_retenu,reste
SIM-02472,2027-01-01,non_retenu,parti
SIM-02473,2027-01-01,non_retenu,reste
SIM-02474,2027-01-01,non_retenu,parti
SIM-02475,2027-01-01,non_retenu,reste
SIM-02476,2027-01-01,non_retenu,reste
SIM-02477,2027-01-01,non_retenu,reste
SIM-02478,2027-01-01,non_retenu,parti
SIM-02479,2027-01-01,contact,parti
SIM-02480,2027-01-01,non_retenu,reste
SIM-02481,2027-01-01,non_retenu,parti
SIM-02482,2027-01-01,non_retenu,parti
SIM-02483,2027-01-01,non_retenu,reste
SIM-02484,2027-01-01,non_retenu,reste
SIM-02485,2027-01-01,non_retenu,parti
SIM-02486,2027-01-01,non_retenu,reste
SIM-02487,2027-01-01,non_retenu,parti
SIM-02488,2027-01-01,non_retenu,parti
SIM-02489,2027-01-01,non_retenu,reste
SIM-02490,2027-01-01,non_retenu,parti
SIM-02491,2027-01-01,non_retenu,parti
SIM-02492,2027-01-01,non_retenu,parti
SIM-02493,2027-01-01,non_retenu,reste
SIM-02494,2027-01-01,non_retenu,reste
SIM-02495,2027-01-01,non_retenu,parti
SIM-02496,2027-01-01,non_retenu,reste
SIM-02497,2027-01-01,non_retenu,reste
SIM-02498,2027-01-01,non_retenu,parti
SIM-02499,2027-01-01,non_retenu,reste
SIM-02500,2027-01-01,non_retenu,reste
SIM-02501,2027-01-01,non_retenu,parti
SIM-02502,2027-01-01,contact,reste
SIM-02503,2027-01-01,non_retenu,reste
SIM-02504,2027-01-01,non_retenu,reste
SIM-02505,2027-01-01,non_retenu,parti
SIM-02506,2027-01-01,contact,parti
SIM-02507,2027-01-01,temoin,reste
SIM-02508,2027-01-01,non_retenu,reste
SIM-02509,2027-01-01,non_retenu,reste
SIM-02510,2027-01-01,non_retenu,reste
SIM-02511,2027-01-01,non_retenu,reste
SIM-02512,2027-01-01,non_retenu,reste
SIM-02513,2027-01-01,non_retenu,parti
SIM-02514,2027-01-01,non_retenu,reste
SIM-02515,2027-01-01,non_retenu,parti
SIM-02516,2027-01-01,non_retenu,parti
SIM-02517,2027-01-01,non_retenu,reste
SIM-02518,2027-01-01,non_retenu,reste
SIM-02519,2027-01-01,non_retenu,parti
SIM-02520,2027-01-01,non_retenu,reste
SIM-02521,2027-01-01,non_retenu,reste
SIM-02522,2027-01-01,non_retenu,reste
SIM-02523,2027-01-01,non_retenu,reste
SIM-02524,2027-01-01,non_retenu,reste
SIM-02525,2027-01-01,non_retenu,parti
SIM-02526,2027-01-01,non_retenu,parti
SIM-02527,2027-01-01,non_retenu,reste
SIM-02528,2027-01-01,non_retenu,reste
SIM-02529,2027-01-01,non_retenu,reste
SIM-02530,2027-01-01,non_retenu,reste
SIM-02531,2027-01-01,non_retenu,reste
SIM-02532,2027-01-01,non_retenu,reste
SIM-02533,2027-01-01,non_retenu,reste
SIM-02534,2027-01-01,non_retenu,parti
SIM-02535,2027-01-01,non_retenu,reste
SIM-02536,2027-01-01,non_retenu,parti
SIM-02537,2027-01-01,non_retenu,reste
SIM-02538,2027-01-01,non_retenu,reste
SIM-02539,2027-01-01,non_retenu,reste
SIM-02540,2027-01-01,non_retenu,parti
SIM-02541,2027-01-01,non_retenu,parti
SIM-02542,2027-01-01,non_retenu,reste
SIM-02543,2027-01-01,non_retenu,reste
SIM-02544,2027-01-01,non_retenu,reste
SIM-02545,2027-01-01,non_retenu,parti
SIM-02546,2027-01-01,contact,reste
SIM-02547,2027-01-01,non_retenu,reste
SIM-02548,2027-01-01,non_retenu,reste
SIM-02549,2027-01-01,non_retenu,reste
SIM-02550,2027-01-01,non_retenu,reste
SIM-02551,2027-01-01,non_retenu,parti
SIM-02552,2027-01-01,contact,parti
SIM-02553,2027-01-01,non_retenu,reste
SIM-02554,2027-01-01,non_retenu,reste
SIM-02555,2027-01-01,non_retenu,reste
SIM-02556,2027-01-01,non_retenu,parti
SIM-02557,2027-01-01,non_retenu,parti
SIM-02558,2027-01-01,non_retenu,reste
SIM-02559,2027-01-01,non_retenu,reste
SIM-02560,2027-01-01,non_retenu,reste
SIM-02561,2027-01-01,non_retenu,reste
SIM-02562,2027-01-01,non_retenu,reste
SIM-02563,2027-01-01,non_retenu,reste
SIM-02564,2027-01-01,non_retenu,parti
SIM-02565,2027-01-01,non_retenu,reste
SIM-02566,2027-01-01,non_retenu,reste
SIM-02567,2027-01-01,non_retenu,reste
SIM-02568,2027-01-01,non_retenu,reste
SIM-02569,2027-01-01,non_retenu,reste
SIM-02570,2027-01-01,non_retenu,reste
SIM-02571,2027-01-01,non_retenu,reste
SIM-02572,2027-01-01,non_retenu,parti
SIM-02573,2027-01-01,non_retenu,reste
SIM-02574,2027-01-01,non_retenu,parti
SIM-02575,2027-01-01,non_retenu,reste
SIM-02576,2027-01-01,non_retenu,reste
SIM-02577,2027-01-01,non_retenu,reste
SIM-02578,2027-01-01,non_retenu,reste
SIM-02579,2027-01-01,non_retenu,reste
SIM-02580,2027-01-01,non_retenu,reste
SIM-02581,2027-01-01,non_retenu,reste
SIM-02582,2027-01-01,non_retenu,parti
SIM-02583,2027-01-01,non_retenu,parti
SIM-02584,2027-01-01,non_retenu,reste
SIM-02585,2027-01-01,non_retenu,parti
SIM-02586,2027-01-01,non_retenu,reste
SIM-02587,2027-01-01,non_retenu,reste
SIM-02588,2027-01-01,non_retenu,parti
SIM-02589,2027-01-01,non_retenu,reste
SIM-02590,2027-01-01,non_retenu,reste
SIM-02591,2027-01-01,non_retenu,parti
SIM-02592,2027-01-01,non_retenu,parti
SIM-02593,2027-01-01,non_retenu,parti
SIM-02594,2027-01-01,non_retenu,reste
SIM-02595,2027-01-01,non_retenu,parti
SIM-02596,2027-01-01,non_retenu,parti
SIM-02597,2027-01-01,non_retenu,reste
SIM-02598,2027-01-01,non_retenu,reste
SIM-02599,2027-01-01,non_retenu,reste
SIM-02600,2027-01-01,non_retenu,reste
SIM-02601,2027-01-01,non_retenu,parti
SIM-02602,2027-01-01,non_retenu,reste
SIM-02603,2027-01-01,non_retenu,parti
SIM-02604,2027-01-01,non_retenu,parti
SIM-02605,2027-01-01,non_retenu,reste
SIM-02606,2027-01-01,non_retenu,parti
SIM-02607,2027-01-01,non_retenu,parti
SIM-02608,2027-01-01,non_retenu,parti
SIM-02609,2027-01-01,non_retenu,reste
SIM-02610,2027-01-01,non_retenu,reste
SIM-02611,2027-01-01,non_retenu,reste
SIM-02612,2027-01-01,non_retenu,reste
SIM-02613,2027-01-01,non_retenu,parti
SIM-02614,2027-01-01,non_retenu,reste
SIM-02615,2027-01-01,non_retenu,reste
SIM-02616,2027-01-01,non_retenu,parti
SIM-02617,2027-01-01,non_retenu,reste
SIM-02618,2027-01-01,non_retenu,reste
SIM-02619,2027-01-01,non_retenu,reste
SIM-02620,2027-01-01,non_retenu,reste
SIM-02621,2027-01-01,non_retenu,parti
SIM-02622,2027-01-01,non_retenu,parti
SIM-02623,2027-01-01,non_retenu,reste
SIM-02624,2027-01-01,non_retenu,reste
SIM-02625,2027-01-01,non_retenu,reste
SIM-02626,2027-01-01,non_retenu,reste
SIM-02627,2027-01-01,non_retenu,parti
SIM-02628,2027-01-01,non_retenu,parti
SIM-02629,2027-01-01,non_retenu,parti
SIM-02630,2027-01-01,non_retenu,reste
SIM-02631,2027-01-01,non_retenu,parti
SIM-02632,2027-01-01,non_retenu,parti
SIM-02633,2027-01-01,non_retenu,reste
SIM-02634,2027-01-01,non_retenu,reste
SIM-02635,2027-01-01,non_retenu,reste
SIM-02636,2027-01-01,non_retenu,parti
SIM-02637,2027-01-01,non_retenu,reste
SIM-02638,2027-01-01,non_retenu,reste
SIM-02639,2027-01-01,non_retenu,reste
SIM-02640,2027-01-01,non_retenu,reste
SIM-02641,2027-01-01,non_retenu,parti
SIM-02642,2027-01-01,non_retenu,reste
SIM-02643,2027-01-01,non_retenu,parti
SIM-02644,2027-01-01,non_retenu,reste
SIM-02645,2027-01-01,non_retenu,parti
SIM-02646,2027-01-01,non_retenu,reste
SIM-02647,2027-01-01,non_retenu,reste
SIM-02648,2027-01-01,non_retenu,reste
SIM-02649,2027-01-01,non_retenu,reste
SIM-02650,2027-01-01,non_retenu,parti
SIM-02651,2027-01-01,non_retenu,reste
SIM-02652,2027-01-01,non_retenu,parti
SIM-02653,2027-01-01,non_retenu,reste
SIM-02654,2027-01-01,non_retenu,parti
SIM-02655,2027-01-01,non_retenu,parti
SIM-02656,2027-01-01,non_retenu,parti
SIM-02657,2027-01-01,non_retenu,parti
SIM-02658,2027-01-01,contact,parti
SIM-02659,2027-01-01,non_retenu,reste
SIM-02660,2027-01-01,non_retenu,parti
SIM-02661,2027-01-01,non_retenu,parti
SIM-02662,2027-01-01,non_retenu,parti
SIM-02663,2027-01-01,non_retenu,parti
SIM-02664,2027-01-01,non_retenu,reste
SIM-02665,2027-01-01,non_retenu,reste
SIM-02666,2027-01-01,non_retenu,reste
SIM-02667,2027-01-01,non_retenu,parti
SIM-02668,2027-01-01,non_retenu,reste
SIM-02669,2027-01-01,non_retenu,parti
SIM-02670,2027-01-01,non_retenu,parti
SIM-02671,2027-01-01,non_retenu,parti
SIM-02672,2027-01-01,non_retenu,parti
SIM-02673,2027-01-01,non_retenu,parti
SIM-02674,2027-01-01,non_retenu,parti
SIM-02675,2027-01-01,non_retenu,reste
SIM-02676,2027-01-01,non_retenu,reste
SIM-02677,2027-01-01,non_retenu,reste
SIM-02678,2027-01-01,non_retenu,reste
SIM-02679,2027-01-01,non_retenu,parti
SIM-02680,2027-01-01,non_retenu,reste
SIM-02681,2027-01-01,non_retenu,reste
SIM-02682,2027-01-01,non_retenu,reste
SIM-02683,2027-01-01,non_retenu,reste
SIM-02684,2027-01-01,non_retenu,reste
SIM-02685,2027-01-01,non_retenu,reste
SIM-02686,2027-01-01,non_retenu,reste
SIM-02687,2027-01-01,non_retenu,parti
SIM-02688,2027-01-01,non_retenu,reste
SIM-02689,2027-01-01,non_retenu,reste
SIM-02690,2027-01-01,non_retenu,parti
SIM-02691,2027-01-01,non_retenu,parti
SIM-02692,2027-01-01,non_retenu,reste
SIM-02693,2027-01-01,non_retenu,parti
SIM-02694,2027-01-01,non_retenu,parti
SIM-02695,2027-01-01,non_retenu,parti
SIM-02696,2027-01-01,non_retenu,reste
SIM-02697,2027-01-01,non_retenu,reste
SIM-02698,2027-01-01,non_retenu,parti
SIM-02699,2027-01-01,non_retenu,reste
SIM-02700,2027-01-01,non_retenu,parti
SIM-02701,2027-01-01,non_retenu,reste
SIM-02702,2027-01-01,non_retenu,parti
SIM-02703,2027-01-01,non_retenu,parti
SIM-02704,2027-01-01,non_retenu,reste
SIM-02705,2027-01-01,non_retenu,parti
SIM-02706,2027-01-01,non_retenu,reste
SIM-02707,2027-01-01,non_retenu,parti
SIM-02708,2027-01-01,non_retenu,parti
SIM-02709,2027-01-01,non_retenu,parti
SIM-02710,2027-01-01,non_retenu,parti
SIM-02711,2027-01-01,non_retenu,reste
SIM-02712,2027-01-01,non_retenu,reste
SIM-02713,2027-01-01,non_retenu,reste
SIM-02714,2027-01-01,non_retenu,reste
SIM-02715,2027-01-01,non_retenu,reste
SIM-02716,2027-01-01,non_retenu,parti
SIM-02717,2027-01-01,non_retenu,reste
SIM-02718,2027-01-01,non_retenu,reste
SIM-02719,2027-01-01,non_retenu,parti
SIM-02720,2027-01-01,non_retenu,parti
SIM-02721,2027-01-01,non_retenu,reste
SIM-02722,2027-01-01,non_retenu,reste
SIM-02723,2027-01-01,non_retenu,parti
SIM-02724,2027-01-01,non_retenu,parti
SIM-02725,2027-01-01,non_retenu,reste
SIM-02726,2027-01-01,non_retenu,reste
SIM-02727,2027-01-01,non_retenu,reste
SIM-02728,2027-01-01,non_retenu,reste
SIM-02729,2027-01-01,non_retenu,reste
SIM-02730,2027-01-01,non_retenu,reste
SIM-02731,2027-01-01,non_retenu,reste
SIM-02732,2027-01-01,non_retenu,parti
SIM-02733,2027-01-01,non_retenu,parti
SIM-02734,2027-01-01,non_retenu,reste
SIM-02735,2027-01-01,non_retenu,parti
SIM-02736,2027-01-01,non_retenu,parti
SIM-02737,2027-01-01,non_retenu,parti
SIM-02738,2027-01-01,non_retenu,parti
SIM-02739,2027-01-01,non_retenu,reste
SIM-02740,2027-01-01,non_retenu,reste
SIM-02741,2027-01-01,non_retenu,parti
SIM-02742,2027-01-01,contact,parti
SIM-02743,2027-01-01,non_retenu,reste
SIM-02744,2027-01-01,non_retenu,parti
SIM-02745,2027-01-01,non_retenu,parti
SIM-02746,2027-01-01,non_retenu,reste
SIM-02747,2027-01-01,non_retenu,reste
SIM-02748,2027-01-01,non_retenu,reste
SIM-02749,2027-01-01,non_retenu,reste
SIM-02750,2027-01-01,non_retenu,parti
SIM-02751,2027-01-01,non_retenu,reste
SIM-02752,2027-01-01,non_retenu,reste
SIM-02753,2027-01-01,non_retenu,reste
SIM-02754,2027-01-01,non_retenu,parti
SIM-02755,2027-01-01,non_retenu,parti
SIM-02756,2027-01-01,non_retenu,parti
SIM-02757,2027-01-01,non_retenu,parti
SIM-02758,2027-01-01,non_retenu,parti
SIM-02759,2027-01-01,non_retenu,reste
SIM-02760,2027-01-01,non_retenu,reste
SIM-02761,2027-01-01,non_retenu,parti
SIM-02762,2027-01-01,non_retenu,parti
SIM-02763,2027-01-01,non_retenu,parti
SIM-02764,2027-01-01,non_retenu,parti
SIM-02765,2027-01-01,non_retenu,parti
SIM-02766,2027-01-01,non_retenu,reste
SIM-02767,2027-01-01,non_retenu,parti
SIM-02768,2027-01-01,non_retenu,reste
SIM-02769,2027-01-01,non_retenu,parti
SIM-02770,2027-01-01,non_retenu,reste
SIM-02771,2027-01-01,non_retenu,reste
SIM-02772,2027-01-01,non_retenu,reste
SIM-02773,2027-01-01,non_retenu,reste
SIM-02774,2027-01-01,non_retenu,parti
SIM-02775,2027-01-01,non_retenu,parti
SIM-02776,2027-01-01,non_retenu,parti
SIM-02777,2027-01-01,non_retenu,reste
SIM-02778,2027-01-01,non_retenu,reste
SIM-02779,2027-01-01,non_retenu,parti
SIM-02780,2027-01-01,non_retenu,reste
SIM-02781,2027-01-01,non_retenu,reste
SIM-02782,2027-01-01,non_retenu,parti
SIM-02783,2027-01-01,non_retenu,parti
SIM-02784,2027-01-01,non_retenu,reste
SIM-02785,2027-01-01,non_retenu,reste
SIM-02786,2027-01-01,non_retenu,reste
SIM-02787,2027-01-01,non_retenu,parti
SIM-02788,2027-01-01,non_retenu,reste
SIM-02789,2027-01-01,non_retenu,reste
SIM-02790,2027-01-01,non_retenu,reste
SIM-02791,2027-01-01,non_retenu,reste
SIM-02792,2027-01-01,non_retenu,reste
SIM-02793,2027-01-01,contact,reste
SIM-02794,2027-01-01,non_retenu,parti
SIM-02795,2027-01-01,non_retenu,reste
SIM-02796,2027-01-01,non_retenu,reste
SIM-02797,2027-01-01,non_retenu,reste
SIM-02798,2027-01-01,non_retenu,reste
SIM-02799,2027-01-01,non_retenu,parti
SIM-02800,2027-01-01,non_retenu,reste
SIM-02801,2027-01-01,non_retenu,reste
SIM-02802,2027-01-01,non_retenu,reste
SIM-02803,2027-01-01,non_retenu,parti
SIM-02804,2027-01-01,non_retenu,reste
SIM-02805,2027-01-01,non_retenu,parti
SIM-02806,2027-01-01,non_retenu,parti
SIM-02807,2027-01-01,non_retenu,reste
SIM-02808,2027-01-01,non_retenu,reste
SIM-02809,2027-01-01,non_retenu,reste
SIM-02810,2027-01-01,non_retenu,reste
SIM-02811,2027-01-01,non_retenu,reste
SIM-02812,2027-01-01,non_retenu,parti
SIM-02813,2027-01-01,non_retenu,reste
SIM-02814,2027-01-01,non_retenu,parti
SIM-02815,2027-01-01,contact,parti
SIM-02816,2027-01-01,non_retenu,reste
SIM-02817,2027-01-01,non_retenu,reste
SIM-02818,2027-01-01,non_retenu,reste
SIM-02819,2027-01-01,non_retenu,parti
SIM-02820,2027-01-01,non_retenu,reste
SIM-02821,2027-01-01,non_retenu,reste
SIM-02822,2027-01-01,non_retenu,reste
SIM-02823,2027-01-01,non_retenu,parti
SIM-02824,2027-01-01,non_retenu,reste
SIM-02825,2027-01-01,non_retenu,reste
SIM-02826,2027-01-01,non_retenu,reste
SIM-02827,2027-01-01,non_retenu,parti
SIM-02828,2027-01-01,non_retenu,reste
SIM-02829,2027-01-01,non_retenu,reste
SIM-02830,2027-01-01,non_retenu,reste
SIM-02831,2027-01-01,non_retenu,reste
SIM-02832,2027-01-01,non_retenu,reste
SIM-02833,2027-01-01,non_retenu,reste
SIM-02834,2027-01-01,non_retenu,parti
SIM-02835,2027-01-01,non_retenu,reste
SIM-02836,2027-01-01,non_retenu,reste
SIM-02837,2027-01-01,non_retenu,reste
SIM-02838,2027-01-01,non_retenu,reste
SIM-02839,2027-01-01,non_retenu,reste
SIM-02840,2027-01-01,non_retenu,reste
SIM-02841,2027-01-01,non_retenu,reste
SIM-02842,2027-01-01,non_retenu,reste
SIM-02843,2027-01-01,non_retenu,reste
SIM-02844,2027-01-01,non_retenu,parti
SIM-02845,2027-01-01,non_retenu,reste
SIM-02846,2027-01-01,non_retenu,parti
SIM-02847,2027-01-01,non_retenu,parti
SIM-02848,2027-01-01,non_retenu,parti
SIM-02849,2027-01-01,non_retenu,reste
SIM-02850,2027-01-01,non_retenu,reste
SIM-02851,2027-01-01,contact,parti
SIM-02852,2027-01-01,non_retenu,parti
SIM-02853,2027-01-01,non_retenu,parti
SIM-02854,2027-01-01,non_retenu,reste
SIM-02855,2027-01-01,non_retenu,reste
SIM-02856,2027-01-01,non_retenu,reste
SIM-02857,2027-01-01,non_retenu,reste
SIM-02858,2027-01-01,non_retenu,parti
SIM-02859,2027-01-01,non_retenu,reste
SIM-02860,2027-01-01,non_retenu,reste
SIM-02861,2027-01-01,non_retenu,reste
SIM-02862,2027-01-01,non_retenu,reste
SIM-02863,2027-01-01,non_retenu,reste
SIM-02864,2027-01-01,contact,parti
SIM-02865,2027-01-01,non_retenu,reste
SIM-02866,2027-01-01,non_retenu,parti
SIM-02867,2027-01-01,non_retenu,parti
SIM-02868,2027-01-01,non_retenu,reste
SIM-02869,2027-01-01,non_retenu,reste
SIM-02870,2027-01-01,non_retenu,reste
SIM-02871,2027-01-01,non_retenu,reste
SIM-02872,2027-01-01,non_retenu,parti
SIM-02873,2027-01-01,non_retenu,reste
SIM-02874,2027-01-01,non_retenu,reste
SIM-02875,2027-01-01,non_retenu,parti
SIM-02876,2027-01-01,non_retenu,reste
SIM-02877,2027-01-01,non_retenu,reste
SIM-02878,2027-01-01,non_retenu,reste
SIM-02879,2027-01-01,non_retenu,parti
SIM-02880,2027-01-01,non_retenu,reste
SIM-02881,2027-01-01,non_retenu,parti
SIM-02882,2027-01-01,non_retenu,reste
SIM-02883,2027-01-01,non_retenu,parti
SIM-02884,2027-01-01,non_retenu,parti
SIM-02885,2027-01-01,non_retenu,parti
SIM-02886,2027-01-01,non_retenu,reste
SIM-02887,2027-01-01,non_retenu,reste
SIM-02888,2027-01-01,non_retenu,reste
SIM-02889,2027-01-01,non_retenu,reste
SIM-02890,2027-01-01,non_retenu,reste
SIM-02891,2027-01-01,non_retenu,reste
SIM-02892,2027-01-01,non_retenu,parti
SIM-02893,2027-01-01,non_retenu,parti
SIM-02894,2027-01-01,non_retenu,reste
SIM-02895,2027-01-01,non_retenu,reste
SIM-02896,2027-01-01,non_retenu,reste
SIM-02897,2027-01-01,non_retenu,reste
SIM-02898,2027-01-01,non_retenu,parti
SIM-02899,2027-01-01,non_retenu,parti
SIM-02900,2027-01-01,non_retenu,parti
SIM-02901,2027-01-01,non_retenu,parti
SIM-02902,2027-01-01,non_retenu,parti
SIM-02903,2027-01-01,non_retenu,reste
SIM-02904,2027-01-01,non_retenu,parti
SIM-02905,2027-01-01,non_retenu,reste
SIM-02906,2027-01-01,non_retenu,reste
SIM-02907,2027-01-01,non_retenu,reste
SIM-02908,2027-01-01,non_retenu,parti
SIM-02909,2027-01-01,non_retenu,parti
SIM-02910,2027-01-01,contact,parti
SIM-02911,2027-01-01,non_retenu,reste
SIM-02912,2027-01-01,contact,reste
SIM-02913,2027-01-01,non_retenu,reste
SIM-02914,2027-01-01,non_retenu,reste
SIM-02915,2027-01-01,non_retenu,reste
SIM-02916,2027-01-01,non_retenu,reste
SIM-02917,2027-01-01,non_retenu,parti
SIM-02918,2027-01-01,non_retenu,reste
SIM-02919,2027-01-01,non_retenu,parti
SIM-02920,2027-01-01,non_retenu,reste
SIM-02921,2027-01-01,non_retenu,reste
SIM-02922,2027-01-01,non_retenu,reste
SIM-02923,2027-01-01,non_retenu,reste
SIM-02924,2027-01-01,non_retenu,parti
SIM-02925,2027-01-01,non_retenu,reste
SIM-02926,2027-01-01,non_retenu,reste
SIM-02927,2027-01-01,non_retenu,parti
SIM-02928,2027-01-01,non_retenu,parti
SIM-02929,2027-01-01,non_retenu,reste
SIM-02930,2027-01-01,non_retenu,reste
SIM-02931,2027-01-01,non_retenu,parti
SIM-02932,2027-01-01,non_retenu,parti
SIM-02933,2027-01-01,non_retenu,parti
SIM-02934,2027-01-01,non_retenu,parti
SIM-02935,2027-01-01,non_retenu,reste
SIM-02936,2027-01-01,non_retenu,reste
SIM-02937,2027-01-01,non_retenu,reste
SIM-02938,2027-01-01,non_retenu,parti
SIM-02939,2027-01-01,non_retenu,parti
SIM-02940,2027-01-01,non_retenu,reste
SIM-02941,2027-01-01,non_retenu,reste
SIM-02942,2027-01-01,non_retenu,reste
SIM-02943,2027-01-01,non_retenu,reste
SIM-02944,2027-01-01,non_retenu,reste
SIM-02945,2027-01-01,non_retenu,reste
SIM-02946,2027-01-01,non_retenu,reste
SIM-02947,2027-01-01,non_retenu,reste
SIM-02948,2027-01-01,non_retenu,parti
SIM-02949,2027-01-01,non_retenu,reste
SIM-02950,2027-01-01,non_retenu,parti
SIM-02951,2027-01-01,non_retenu,reste
SIM-02952,2027-01-01,non_retenu,reste
SIM-02953,2027-01-01,non_retenu,parti
SIM-02954,2027-01-01,non_retenu,parti
SIM-02955,2027-01-01,non_retenu,reste
SIM-02956,2027-01-01,non_retenu,reste
SIM-02957,2027-01-01,non_retenu,reste
SIM-02958,2027-01-01,non_retenu,reste
SIM-02959,2027-01-01,non_retenu,parti
SIM-02960,2027-01-01,non_retenu,parti
SIM-02961,2027-01-01,non_retenu,reste
SIM-02962,2027-01-01,non_retenu,reste
SIM-02963,2027-01-01,non_retenu,reste
SIM-02964,2027-01-01,non_retenu,parti
SIM-02965,2027-01-01,non_retenu,reste
SIM-02966,2027-01-01,non_retenu,parti
SIM-02967,2027-01-01,non_retenu,parti
SIM-02968,2027-01-01,non_retenu,parti
SIM-02969,2027-01-01,non_retenu,reste
SIM-02970,2027-01-01,non_retenu,reste
SIM-02971,2027-01-01,non_retenu,reste
SIM-02972,2027-01-01,non_retenu,reste
SIM-02973,2027-01-01,non_retenu,reste
SIM-02974,2027-01-01,non_retenu,parti
SIM-02975,2027-01-01,non_retenu,parti
SIM-02976,2027-01-01,contact,parti
SIM-02977,2027-01-01,non_retenu,reste
SIM-02978,2027-01-01,non_retenu,parti
SIM-02979,2027-01-01,non_retenu,reste
SIM-02980,2027-01-01,non_retenu,parti
SIM-02981,2027-01-01,non_retenu,parti
SIM-02982,2027-01-01,non_retenu,reste
SIM-02983,2027-01-01,non_retenu,reste
SIM-02984,2027-01-01,non_retenu,reste
SIM-02985,2027-01-01,non_retenu,parti
SIM-02986,2027-01-01,non_retenu,reste
SIM-02987,2027-01-01,non_retenu,reste
SIM-02988,2027-01-01,non_retenu,parti
SIM-02989,2027-01-01,non_retenu,reste
SIM-02990,2027-01-01,non_retenu,reste
SIM-02991,2027-01-01,non_retenu,parti
SIM-02992,2027-01-01,non_retenu,reste
SIM-02993,2027-01-01,non_retenu,reste
SIM-02994,2027-01-01,non_retenu,reste
SIM-02995,2027-01-01,non_retenu,reste
SIM-02996,2027-01-01,non_retenu,reste
SIM-02997,2027-01-01,non_retenu,reste
SIM-02998,2027-01-01,non_retenu,reste
SIM-02999,2027-01-01,non_retenu,parti
SIM-03000,2027-01-01,non_retenu,reste
SIM-03001,2027-01-01,non_retenu,reste
SIM-03002,2027-01-01,non_retenu,reste
SIM-03003,2027-01-01,non_retenu,reste
SIM-03004,2027-01-01,non_retenu,reste
SIM-03005,2027-01-01,non_retenu,parti
SIM-03006,2027-01-01,non_retenu,reste
SIM-03007,2027-01-01,non_retenu,reste
SIM-03008,2027-01-01,non_retenu,reste
SIM-03009,2027-01-01,non_retenu,parti
SIM-03010,2027-01-01,non_retenu,reste
SIM-03011,2027-01-01,non_retenu,parti
SIM-03012,2027-01-01,non_retenu,parti
SIM-03013,2027-01-01,non_retenu,reste
SIM-03014,2027-01-01,non_retenu,parti
SIM-03015,2027-01-01,non_retenu,reste
SIM-03016,2027-01-01,non_retenu,reste
SIM-03017,2027-01-01,non_retenu,reste
SIM-03018,2027-01-01,non_retenu,parti
SIM-03019,2027-01-01,non_retenu,reste
SIM-03020,2027-01-01,non_retenu,parti
SIM-03021,2027-01-01,non_retenu,reste
SIM-03022,2027-01-01,non_retenu,reste
SIM-03023,2027-01-01,non_retenu,reste
SIM-03024,2027-01-01,non_retenu,parti
SIM-03025,2027-01-01,non_retenu,reste
SIM-03026,2027-01-01,non_retenu,reste
SIM-03027,2027-01-01,non_retenu,reste
SIM-03028,2027-01-01,non_retenu,reste
SIM-03029,2027-01-01,non_retenu,parti
SIM-03030,2027-01-01,non_retenu,reste
SIM-03031,2027-01-01,non_retenu,parti
SIM-03032,2027-01-01,non_retenu,reste
SIM-03033,2027-01-01,non_retenu,reste
SIM-03034,2027-01-01,non_retenu,parti
SIM-03035,2027-01-01,non_retenu,reste
SIM-03036,2027-01-01,non_retenu,parti
SIM-03037,2027-01-01,non_retenu,parti
SIM-03038,2027-01-01,non_retenu,reste
SIM-03039,2027-01-01,non_retenu,parti
SIM-03040,2027-01-01,non_retenu,reste
SIM-03041,2027-01-01,non_retenu,parti
SIM-03042,2027-01-01,non_retenu,reste
SIM-03043,2027-01-01,non_retenu,parti
SIM-03044,2027-01-01,non_retenu,reste
SIM-03045,2027-01-01,non_retenu,reste
SIM-03046,2027-01-01,non_retenu,parti
SIM-03047,2027-01-01,non_retenu,reste
SIM-03048,2027-01-01,non_retenu,reste
SIM-03049,2027-01-01,non_retenu,reste
SIM-03050,2027-01-01,non_retenu,parti
SIM-03051,2027-01-01,non_retenu,reste
SIM-03052,2027-01-01,non_retenu,parti
SIM-03053,2027-01-01,non_retenu,parti
SIM-03054,2027-01-01,non_retenu,reste
SIM-03055,2027-01-01,non_retenu,reste
SIM-03056,2027-01-01,non_retenu,parti
SIM-03057,2027-01-01,non_retenu,reste
SIM-03058,2027-01-01,non_retenu,reste
SIM-03059,2027-01-01,non_retenu,reste
SIM-03060,2027-01-01,non_retenu,parti
SIM-03061,2027-01-01,non_retenu,reste
SIM-03062,2027-01-01,non_retenu,parti
SIM-03063,2027-01-01,non_retenu,parti
SIM-03064,2027-01-01,non_retenu,reste
SIM-03065,2027-01-01,non_retenu,parti
SIM-03066,2027-01-01,non_retenu,parti
SIM-03067,2027-01-01,non_retenu,reste
SIM-03068,2027-01-01,non_retenu,parti
SIM-03069,2027-01-01,non_retenu,reste
SIM-03070,2027-01-01,non_retenu,reste
SIM-03071,2027-01-01,non_retenu,reste
SIM-03072,2027-01-01,non_retenu,reste
SIM-03073,2027-01-01,non_retenu,parti
SIM-03074,2027-01-01,non_retenu,parti
SIM-03075,2027-01-01,non_retenu,reste
SIM-03076,2027-01-01,non_retenu,reste
SIM-03077,2027-01-01,non_retenu,reste
SIM-03078,2027-01-01,non_retenu,parti
SIM-03079,2027-01-01,non_retenu,parti
SIM-03080,2027-01-01,non_retenu,parti
SIM-03081,2027-01-01,non_retenu,reste
SIM-03082,2027-01-01,non_retenu,reste
SIM-03083,2027-01-01,non_retenu,parti
SIM-03084,2027-01-01,non_retenu,parti
SIM-03085,2027-01-01,non_retenu,parti
SIM-03086,2027-01-01,non_retenu,parti
SIM-03087,2027-01-01,non_retenu,reste
SIM-03088,2027-01-01,non_retenu,reste
SIM-03089,2027-01-01,non_retenu,reste
SIM-03090,2027-01-01,non_retenu,reste
SIM-03091,2027-01-01,non_retenu,parti
SIM-03092,2027-01-01,non_retenu,reste
SIM-03093,2027-01-01,contact,parti
SIM-03094,2027-01-01,non_retenu,reste
SIM-03095,2027-01-01,non_retenu,reste
SIM-03096,2027-01-01,non_retenu,reste
SIM-03097,2027-01-01,non_retenu,reste
SIM-03098,2027-01-01,non_retenu,reste
SIM-03099,2027-01-01,non_retenu,reste
SIM-03100,2027-01-01,non_retenu,reste
SIM-03101,2027-01-01,non_retenu,reste
SIM-03102,2027-01-01,non_retenu,reste
SIM-03103,2027-01-01,non_retenu,reste
SIM-03104,2027-01-01,non_retenu,reste
SIM-03105,2027-01-01,non_retenu,parti
SIM-03106,2027-01-01,non_retenu,reste
SIM-03107,2027-01-01,contact,parti
SIM-03108,2027-01-01,non_retenu,parti
SIM-03109,2027-01-01,non_retenu,parti
SIM-03110,2027-01-01,non_retenu,reste
SIM-03111,2027-01-01,non_retenu,reste
SIM-03112,2027-01-01,non_retenu,reste
SIM-03113,2027-01-01,non_retenu,reste
SIM-03114,2027-01-01,non_retenu,parti
SIM-03115,2027-01-01,non_retenu,reste
SIM-03116,2027-01-01,non_retenu,parti
SIM-03117,2027-01-01,non_retenu,reste
SIM-03118,2027-01-01,non_retenu,reste
SIM-03119,2027-01-01,non_retenu,reste
SIM-03120,2027-01-01,non_retenu,parti
SIM-03121,2027-01-01,non_retenu,parti
SIM-03122,2027-01-01,non_retenu,parti
SIM-03123,2027-01-01,non_retenu,parti
SIM-03124,2027-01-01,non_retenu,parti
SIM-03125,2027-01-01,non_retenu,parti
SIM-03126,2027-01-01,non_retenu,parti
SIM-03127,2027-01-01,non_retenu,parti
SIM-03128,2027-01-01,non_retenu,reste
SIM-03129,2027-01-01,non_retenu,reste
SIM-03130,2027-01-01,non_retenu,reste
SIM-03131,2027-01-01,non_retenu,parti
SIM-03132,2027-01-01,non_retenu,parti
SIM-03133,2027-01-01,non_retenu,reste
SIM-03134,2027-01-01,non_retenu,reste
SIM-03135,2027-01-01,non_retenu,reste
SIM-03136,2027-01-01,non_retenu,reste
SIM-03137,2027-01-01,non_retenu,parti
SIM-03138,2027-01-01,non_retenu,reste
SIM-03139,2027-01-01,non_retenu,reste
SIM-03140,2027-01-01,non_retenu,reste
SIM-03141,2027-01-01,non_retenu,parti
SIM-03142,2027-01-01,non_retenu,reste
SIM-03143,2027-01-01,non_retenu,parti
SIM-03144,2027-01-01,non_retenu,parti
SIM-03145,2027-01-01,non_retenu,reste
SIM-03146,2027-01-01,non_retenu,parti
SIM-03147,2027-01-01,non_retenu,reste
SIM-03148,2027-01-01,non_retenu,reste
SIM-03149,2027-01-01,non_retenu,reste
SIM-03150,2027-01-01,non_retenu,parti
SIM-03151,2027-01-01,non_retenu,parti
SIM-03152,2027-01-01,non_retenu,reste
SIM-03153,2027-01-01,non_retenu,reste
SIM-03154,2027-01-01,non_retenu,reste
SIM-03155,2027-01-01,non_retenu,parti
SIM-03156,2027-01-01,non_retenu,reste
SIM-03157,2027-01-01,non_retenu,reste
SIM-03158,2027-01-01,non_retenu,reste
SIM-03159,2027-01-01,non_retenu,parti
SIM-03160,2027-01-01,non_retenu,parti
SIM-03161,2027-01-01,non_retenu,reste
SIM-03162,2027-01-01,non_retenu,reste
SIM-03163,2027-01-01,non_retenu,parti
SIM-03164,2027-01-01,non_retenu,reste
SIM-03165,2027-01-01,non_retenu,reste
SIM-03166,2027-01-01,non_retenu,parti
SIM-03167,2027-01-01,non_retenu,reste
SIM-03168,2027-01-01,non_retenu,reste
SIM-03169,2027-01-01,non_retenu,parti
SIM-03170,2027-01-01,non_retenu,reste
SIM-03171,2027-01-01,non_retenu,reste
SIM-03172,2027-01-01,non_retenu,reste
SIM-03173,2027-01-01,non_retenu,reste
SIM-03174,2027-01-01,non_retenu,reste
SIM-03175,2027-01-01,non_retenu,reste
SIM-03176,2027-01-01,non_retenu,parti
SIM-03177,2027-01-01,non_retenu,reste
SIM-03178,2027-01-01,non_retenu,reste
SIM-03179,2027-01-01,non_retenu,reste
SIM-03180,2027-01-01,non_retenu,reste
SIM-03181,2027-01-01,non_retenu,parti
SIM-03182,2027-01-01,non_retenu,reste
SIM-03183,2027-01-01,non_retenu,parti
SIM-03184,2027-01-01,non_retenu,reste
SIM-03185,2027-01-01,non_retenu,parti
SIM-03186,2027-01-01,non_retenu,reste
SIM-03187,2027-01-01,non_retenu,reste
SIM-03188,2027-01-01,non_retenu,parti
SIM-03189,2027-01-01,non_retenu,parti
SIM-03190,2027-01-01,non_retenu,reste
SIM-03191,2027-01-01,non_retenu,parti
SIM-03192,2027-01-01,non_retenu,reste
SIM-03193,2027-01-01,non_retenu,reste
SIM-03194,2027-01-01,non_retenu,parti
SIM-03195,2027-01-01,non_retenu,reste
SIM-03196,2027-01-01,non_retenu,reste
SIM-03197,2027-01-01,non_retenu,reste
SIM-03198,2027-01-01,non_retenu,parti
SIM-03199,2027-01-01,non_retenu,parti
SIM-03200,2027-01-01,non_retenu,parti
SIM-03201,2027-01-01,non_retenu,parti
SIM-03202,2027-01-01,non_retenu,reste
SIM-03203,2027-01-01,non_retenu,reste
SIM-03204,2027-01-01,non_retenu,reste
SIM-03205,2027-01-01,non_retenu,reste
SIM-03206,2027-01-01,non_retenu,reste
SIM-03207,2027-01-01,non_retenu,reste
SIM-03208,2027-01-01,non_retenu,parti
SIM-03209,2027-01-01,non_retenu,parti
SIM-03210,2027-01-01,non_retenu,reste
SIM-03211,2027-01-01,non_retenu,reste
SIM-03212,2027-01-01,non_retenu,reste
SIM-03213,2027-01-01,non_retenu,reste
SIM-03214,2027-01-01,non_retenu,reste
SIM-03215,2027-01-01,non_retenu,reste
SIM-03216,2027-01-01,non_retenu,reste
SIM-03217,2027-01-01,non_retenu,parti
SIM-03218,2027-01-01,non_retenu,reste
SIM-03219,2027-01-01,non_retenu,parti
SIM-03220,2027-01-01,non_retenu,reste
SIM-03221,2027-01-01,non_retenu,reste
SIM-03222,2027-01-01,non_retenu,reste
SIM-03223,2027-01-01,non_retenu,reste
SIM-03224,2027-01-01,non_retenu,parti
SIM-03225,2027-01-01,non_retenu,parti
SIM-03226,2027-01-01,contact,parti
SIM-03227,2027-01-01,non_retenu,reste
SIM-03228,2027-01-01,non_retenu,reste
SIM-03229,2027-01-01,non_retenu,reste
SIM-03230,2027-01-01,non_retenu,reste
SIM-03231,2027-01-01,non_retenu,reste
SIM-03232,2027-01-01,non_retenu,reste
SIM-03233,2027-01-01,non_retenu,reste
SIM-03234,2027-01-01,non_retenu,parti
SIM-03235,2027-01-01,non_retenu,reste
SIM-03236,2027-01-01,non_retenu,parti
SIM-03237,2027-01-01,non_retenu,parti
SIM-03238,2027-01-01,non_retenu,parti
SIM-03239,2027-01-01,non_retenu,reste
SIM-03240,2027-01-01,contact,reste
SIM-03241,2027-01-01,non_retenu,reste
SIM-03242,2027-01-01,non_retenu,reste
SIM-03243,2027-01-01,non_retenu,reste
SIM-03244,2027-01-01,non_retenu,reste
SIM-03245,2027-01-01,non_retenu,reste
SIM-03246,2027-01-01,non_retenu,reste
SIM-03247,2027-01-01,non_retenu,reste
SIM-03248,2027-01-01,non_retenu,reste
SIM-03249,2027-01-01,non_retenu,reste
SIM-03250,2027-01-01,non_retenu,reste
SIM-03251,2027-01-01,non_retenu,reste
SIM-03252,2027-01-01,non_retenu,parti
SIM-03253,2027-01-01,non_retenu,reste
SIM-03254,2027-01-01,non_retenu,parti
SIM-03255,2027-01-01,non_retenu,reste
SIM-03256,2027-01-01,non_retenu,parti
SIM-03257,2027-01-01,non_retenu,reste
SIM-03258,2027-01-01,non_retenu,reste
SIM-03259,2027-01-01,non_retenu,reste
SIM-03260,2027-01-01,non_retenu,reste
SIM-03261,2027-01-01,non_retenu,parti
SIM-03262,2027-01-01,non_retenu,reste
SIM-03263,2027-01-01,non_retenu,parti
SIM-03264,2027-01-01,non_retenu,parti
SIM-03265,2027-01-01,contact,reste
SIM-03266,2027-01-01,non_retenu,reste
SIM-03267,2027-01-01,non_retenu,parti
SIM-03268,2027-01-01,non_retenu,parti
SIM-03269,2027-01-01,non_retenu,reste
SIM-03270,2027-01-01,non_retenu,parti
SIM-03271,2027-01-01,non_retenu,parti
SIM-03272,2027-01-01,non_retenu,reste
SIM-03273,2027-01-01,non_retenu,parti
SIM-03274,2027-01-01,non_retenu,reste
SIM-03275,2027-01-01,non_retenu,parti
SIM-03276,2027-01-01,non_retenu,reste
SIM-03277,2027-01-01,non_retenu,reste
SIM-03278,2027-01-01,non_retenu,reste
SIM-03279,2027-01-01,non_retenu,reste
SIM-03280,2027-01-01,non_retenu,reste
SIM-03281,2027-01-01,non_retenu,reste
SIM-03282,2027-01-01,non_retenu,reste
SIM-03283,2027-01-01,non_retenu,reste
SIM-03284,2027-01-01,non_retenu,reste
SIM-03285,2027-01-01,contact,parti
SIM-03286,2027-01-01,non_retenu,parti
SIM-03287,2027-01-01,non_retenu,reste
SIM-03288,2027-01-01,non_retenu,reste
SIM-03289,2027-01-01,non_retenu,reste
SIM-03290,2027-01-01,non_retenu,reste
SIM-03291,2027-01-01,non_retenu,parti
SIM-03292,2027-01-01,non_retenu,reste
SIM-03293,2027-01-01,non_retenu,reste
SIM-03294,2027-01-01,non_retenu,parti
SIM-03295,2027-01-01,non_retenu,reste
SIM-03296,2027-01-01,non_retenu,parti
SIM-03297,2027-01-01,non_retenu,reste
SIM-03298,2027-01-01,non_retenu,reste
SIM-03299,2027-01-01,non_retenu,reste
SIM-03300,2027-01-01,non_retenu,reste
SIM-03301,2027-01-01,non_retenu,parti
SIM-03302,2027-01-01,non_retenu,reste
SIM-03303,2027-01-01,non_retenu,parti
SIM-03304,2027-01-01,non_retenu,reste
SIM-03305,2027-01-01,non_retenu,reste
SIM-03306,2027-01-01,non_retenu,reste
SIM-03307,2027-01-01,non_retenu,parti
SIM-03308,2027-01-01,non_retenu,reste
SIM-03309,2027-01-01,non_retenu,parti
SIM-03310,2027-01-01,non_retenu,reste
SIM-03311,2027-01-01,non_retenu,reste
SIM-03312,2027-01-01,non_retenu,parti
SIM-03313,2027-01-01,contact,reste
SIM-03314,2027-01-01,non_retenu,reste
SIM-03315,2027-01-01,non_retenu,parti
SIM-03316,2027-01-01,non_retenu,parti
SIM-03317,2027-01-01,non_retenu,reste
SIM-03318,2027-01-01,non_retenu,reste
SIM-03319,2027-01-01,non_retenu,parti
SIM-03320,2027-01-01,non_retenu,reste
SIM-03321,2027-01-01,non_retenu,parti
SIM-03322,2027-01-01,non_retenu,reste
SIM-03323,2027-01-01,non_retenu,reste
SIM-03324,2027-01-01,non_retenu,parti
SIM-03325,2027-01-01,non_retenu,parti
SIM-03326,2027-01-01,non_retenu,reste
SIM-03327,2027-01-01,non_retenu,parti
SIM-03328,2027-01-01,non_retenu,reste
SIM-03329,2027-01-01,non_retenu,reste
SIM-03330,2027-01-01,non_retenu,reste
SIM-03331,2027-01-01,non_retenu,reste
SIM-03332,2027-01-01,non_retenu,reste
SIM-03333,2027-01-01,non_retenu,reste
SIM-03334,2027-01-01,non_retenu,parti
SIM-03335,2027-01-01,non_retenu,reste
SIM-03336,2027-01-01,non_retenu,reste
SIM-03337,2027-01-01,non_retenu,parti
SIM-03338,2027-01-01,non_retenu,reste
SIM-03339,2027-01-01,non_retenu,parti
SIM-03340,2027-01-01,non_retenu,parti
SIM-03341,2027-01-01,non_retenu,parti
SIM-03342,2027-01-01,non_retenu,reste
SIM-03343,2027-01-01,non_retenu,reste
SIM-03344,2027-01-01,non_retenu,reste
SIM-03345,2027-01-01,non_retenu,reste
SIM-03346,2027-01-01,non_retenu,parti
SIM-03347,2027-01-01,contact,parti
SIM-03348,2027-01-01,non_retenu,reste
SIM-03349,2027-01-01,non_retenu,reste
SIM-03350,2027-01-01,non_retenu,reste
SIM-03351,2027-01-01,non_retenu,parti
SIM-03352,2027-01-01,non_retenu,parti
SIM-03353,2027-01-01,non_retenu,reste
SIM-03354,2027-01-01,non_retenu,reste
SIM-03355,2027-01-01,non_retenu,reste
SIM-03356,2027-01-01,non_retenu,parti
SIM-03357,2027-01-01,non_retenu,reste
SIM-03358,2027-01-01,non_retenu,reste
SIM-03359,2027-01-01,non_retenu,parti
SIM-03360,2027-01-01,non_retenu,reste
SIM-03361,2027-01-01,non_retenu,reste
SIM-03362,2027-01-01,non_retenu,reste
SIM-03363,2027-01-01,non_retenu,reste
SIM-03364,2027-01-01,non_retenu,reste
SIM-03365,2027-01-01,non_retenu,reste
SIM-03366,2027-01-01,non_retenu,reste
SIM-03367,2027-01-01,non_retenu,parti
SIM-03368,2027-01-01,non_retenu,reste
SIM-03369,2027-01-01,non_retenu,reste
SIM-03370,2027-01-01,non_retenu,parti
SIM-03371,2027-01-01,non_retenu,reste
SIM-03372,2027-01-01,non_retenu,reste
SIM-03373,2027-01-01,non_retenu,reste
SIM-03374,2027-01-01,non_retenu,reste
SIM-03375,2027-01-01,non_retenu,parti
SIM-03376,2027-01-01,non_retenu,reste
SIM-03377,2027-01-01,non_retenu,reste
SIM-03378,2027-01-01,non_retenu,reste
SIM-03379,2027-01-01,non_retenu,reste
SIM-03380,2027-01-01,non_retenu,reste
SIM-03381,2027-01-01,non_retenu,reste
SIM-03382,2027-01-01,non_retenu,reste
SIM-03383,2027-01-01,non_retenu,reste
SIM-03384,2027-01-01,non_retenu,reste
SIM-03385,2027-01-01,non_retenu,reste
SIM-03386,2027-01-01,non_retenu,parti
SIM-03387,2027-01-01,non_retenu,reste
SIM-03388,2027-01-01,non_retenu,reste
SIM-03389,2027-01-01,non_retenu,parti
SIM-03390,2027-01-01,non_retenu,reste
SIM-03391,2027-01-01,non_retenu,reste
SIM-03392,2027-01-01,non_retenu,parti
SIM-03393,2027-01-01,non_retenu,parti
SIM-03394,2027-01-01,non_retenu,reste
SIM-03395,2027-01-01,non_retenu,reste
SIM-03396,2027-01-01,non_retenu,reste
SIM-03397,2027-01-01,non_retenu,reste
SIM-03398,2027-01-01,non_retenu,reste
SIM-03399,2027-01-01,non_retenu,reste
SIM-03400,2027-01-01,non_retenu,reste
SIM-03401,2027-01-01,non_retenu,parti
SIM-03402,2027-01-01,non_retenu,reste
SIM-03403,2027-01-01,non_retenu,reste
SIM-03404,2027-01-01,non_retenu,reste
SIM-03405,2027-01-01,non_retenu,parti
SIM-03406,2027-01-01,non_retenu,reste
SIM-03407,2027-01-01,contact,reste
SIM-03408,2027-01-01,non_retenu,parti
SIM-03409,2027-01-01,non_retenu,reste
SIM-03410,2027-01-01,non_retenu,parti
SIM-03411,2027-01-01,non_retenu,reste
SIM-03412,2027-01-01,contact,reste
SIM-03413,2027-01-01,non_retenu,reste
SIM-03414,2027-01-01,non_retenu,parti
SIM-03415,2027-01-01,non_retenu,reste
SIM-03416,2027-01-01,non_retenu,reste
SIM-03417,2027-01-01,non_retenu,parti
SIM-03418,2027-01-01,non_retenu,reste
SIM-03419,2027-01-01,non_retenu,reste
SIM-03420,2027-01-01,non_retenu,parti
SIM-03421,2027-01-01,non_retenu,reste
SIM-03422,2027-01-01,non_retenu,reste
SIM-03423,2027-01-01,non_retenu,parti
SIM-03424,2027-01-01,non_retenu,reste
SIM-03425,2027-01-01,non_retenu,reste
SIM-03426,2027-01-01,non_retenu,parti
SIM-03427,2027-01-01,non_retenu,reste
SIM-03428,2027-01-01,non_retenu,parti
SIM-03429,2027-01-01,non_retenu,reste
SIM-03430,2027-01-01,non_retenu,reste
SIM-03431,2027-01-01,non_retenu,parti
SIM-03432,2027-01-01,non_retenu,reste
SIM-03433,2027-01-01,non_retenu,reste
SIM-03434,2027-01-01,non_retenu,parti
SIM-03435,2027-01-01,non_retenu,reste
SIM-03436,2027-01-01,non_retenu,parti
SIM-03437,2027-01-01,non_retenu,reste
SIM-03438,2027-01-01,non_retenu,reste
SIM-03439,2027-01-01,non_retenu,reste
SIM-03440,2027-01-01,non_retenu,parti
SIM-03441,2027-01-01,non_retenu,parti
SIM-03442,2027-01-01,non_retenu,parti
SIM-03443,2027-01-01,non_retenu,reste
SIM-03444,2027-01-01,non_retenu,reste
SIM-03445,2027-01-01,non_retenu,parti
SIM-03446,2027-01-01,non_retenu,reste
SIM-03447,2027-01-01,non_retenu,reste
SIM-03448,2027-01-01,non_retenu,reste
SIM-03449,2027-01-01,non_retenu,parti
SIM-03450,2027-01-01,non_retenu,reste
SIM-03451,2027-01-01,non_retenu,reste
SIM-03452,2027-01-01,non_retenu,reste
SIM-03453,2027-01-01,non_retenu,reste
SIM-03454,2027-01-01,non_retenu,reste
SIM-03455,2027-01-01,non_retenu,parti
SIM-03456,2027-01-01,non_retenu,parti
SIM-03457,2027-01-01,non_retenu,parti
SIM-03458,2027-01-01,non_retenu,reste
SIM-03459,2027-01-01,non_retenu,reste
SIM-03460,2027-01-01,non_retenu,reste
SIM-03461,2027-01-01,non_retenu,reste
SIM-03462,2027-01-01,non_retenu,parti
SIM-03463,2027-01-01,non_retenu,parti
SIM-03464,2027-01-01,non_retenu,reste
SIM-03465,2027-01-01,non_retenu,reste
SIM-03466,2027-01-01,non_retenu,reste
SIM-03467,2027-01-01,non_retenu,reste
SIM-03468,2027-01-01,non_retenu,reste
SIM-03469,2027-01-01,non_retenu,reste
SIM-03470,2027-01-01,non_retenu,reste
SIM-03471,2027-01-01,non_retenu,reste
SIM-03472,2027-01-01,non_retenu,reste
SIM-03473,2027-01-01,non_retenu,reste
SIM-03474,2027-01-01,non_retenu,reste
SIM-03475,2027-01-01,non_retenu,reste
SIM-03476,2027-01-01,non_retenu,reste
SIM-03477,2027-01-01,non_retenu,reste
SIM-03478,2027-01-01,non_retenu,parti
SIM-03479,2027-01-01,non_retenu,parti
SIM-03480,2027-01-01,non_retenu,reste
SIM-03481,2027-01-01,non_retenu,reste
SIM-03482,2027-01-01,non_retenu,parti
SIM-03483,2027-01-01,contact,reste
SIM-03484,2027-01-01,non_retenu,parti
SIM-03485,2027-01-01,non_retenu,reste
SIM-03486,2027-01-01,non_retenu,reste
SIM-03487,2027-01-01,non_retenu,reste
SIM-03488,2027-01-01,non_retenu,parti
SIM-03489,2027-01-01,non_retenu,parti
SIM-03490,2027-01-01,non_retenu,parti
SIM-03491,2027-01-01,non_retenu,parti
SIM-03492,2027-01-01,non_retenu,reste
SIM-03493,2027-01-01,non_retenu,reste
SIM-03494,2027-01-01,non_retenu,reste
SIM-03495,2027-01-01,non_retenu,reste
SIM-03496,2027-01-01,non_retenu,parti
SIM-03497,2027-01-01,non_retenu,reste
SIM-03498,2027-01-01,non_retenu,parti
SIM-03499,2027-01-01,non_retenu,reste
SIM-03500,2027-01-01,non_retenu,parti
SIM-03501,2027-01-01,contact,parti
SIM-03502,2027-01-01,non_retenu,reste
SIM-03503,2027-01-01,non_retenu,parti
SIM-03504,2027-01-01,non_retenu,parti
SIM-03505,2027-01-01,non_retenu,reste
SIM-03506,2027-01-01,temoin,reste
SIM-03507,2027-01-01,non_retenu,reste
SIM-03508,2027-01-01,non_retenu,parti
SIM-03509,2027-01-01,non_retenu,parti
SIM-03510,2027-01-01,non_retenu,reste
SIM-03511,2027-01-01,non_retenu,reste
SIM-03512,2027-01-01,non_retenu,reste
SIM-03513,2027-01-01,non_retenu,parti
SIM-03514,2027-01-01,non_retenu,parti
SIM-03515,2027-01-01,non_retenu,reste
SIM-03516,2027-01-01,non_retenu,reste
SIM-03517,2027-01-01,non_retenu,reste
SIM-03518,2027-01-01,non_retenu,reste
SIM-03519,2027-01-01,non_retenu,parti
SIM-03520,2027-01-01,non_retenu,reste
SIM-03521,2027-01-01,non_retenu,reste
SIM-03522,2027-01-01,non_retenu,parti
SIM-03523,2027-01-01,contact,parti
SIM-03524,2027-01-01,non_retenu,parti
SIM-03525,2027-01-01,non_retenu,reste
SIM-03526,2027-01-01,non_retenu,parti
SIM-03527,2027-01-01,non_retenu,reste
SIM-03528,2027-01-01,non_retenu,parti
SIM-03529,2027-01-01,non_retenu,reste
SIM-03530,2027-01-01,non_retenu,reste
SIM-03531,2027-01-01,non_retenu,reste
SIM-03532,2027-01-01,non_retenu,reste
SIM-03533,2027-01-01,non_retenu,reste
SIM-03534,2027-01-01,non_retenu,reste
SIM-03535,2027-01-01,non_retenu,reste
SIM-03536,2027-01-01,non_retenu,parti
SIM-03537,2027-01-01,non_retenu,parti
SIM-03538,2027-01-01,non_retenu,parti
SIM-03539,2027-01-01,non_retenu,parti
SIM-03540,2027-01-01,non_retenu,parti
SIM-03541,2027-01-01,non_retenu,reste
SIM-03542,2027-01-01,non_retenu,reste
SIM-03543,2027-01-01,non_retenu,parti
SIM-03544,2027-01-01,contact,parti
SIM-03545,2027-01-01,non_retenu,parti
SIM-03546,2027-01-01,non_retenu,reste
SIM-03547,2027-01-01,non_retenu,parti
SIM-03548,2027-01-01,non_retenu,parti
SIM-03549,2027-01-01,non_retenu,reste
SIM-03550,2027-01-01,non_retenu,reste
SIM-03551,2027-01-01,non_retenu,reste
SIM-03552,2027-01-01,non_retenu,reste
SIM-03553,2027-01-01,non_retenu,reste
SIM-03554,2027-01-01,non_retenu,reste
SIM-03555,2027-01-01,non_retenu,reste
SIM-03556,2027-01-01,non_retenu,reste
SIM-03557,2027-01-01,non_retenu,reste
SIM-03558,2027-01-01,non_retenu,parti
SIM-03559,2027-01-01,non_retenu,reste
SIM-03560,2027-01-01,non_retenu,reste
SIM-03561,2027-01-01,non_retenu,parti
SIM-03562,2027-01-01,non_retenu,parti
SIM-03563,2027-01-01,non_retenu,reste
SIM-03564,2027-01-01,non_retenu,reste
SIM-03565,2027-01-01,non_retenu,parti
SIM-03566,2027-01-01,non_retenu,reste
SIM-03567,2027-01-01,non_retenu,parti
SIM-03568,2027-01-01,non_retenu,parti
SIM-03569,2027-01-01,non_retenu,parti
SIM-03570,2027-01-01,non_retenu,parti
SIM-03571,2027-01-01,non_retenu,reste
SIM-03572,2027-01-01,non_retenu,reste
SIM-03573,2027-01-01,non_retenu,parti
SIM-03574,2027-01-01,non_retenu,reste
SIM-03575,2027-01-01,contact,reste
SIM-03576,2027-01-01,non_retenu,reste
SIM-03577,2027-01-01,non_retenu,reste
SIM-03578,2027-01-01,non_retenu,parti
SIM-03579,2027-01-01,non_retenu,parti
SIM-03580,2027-01-01,non_retenu,reste
SIM-03581,2027-01-01,non_retenu,reste
SIM-03582,2027-01-01,non_retenu,reste
SIM-03583,2027-01-01,non_retenu,reste
SIM-03584,2027-01-01,non_retenu,reste
SIM-03585,2027-01-01,non_retenu,reste
SIM-03586,2027-01-01,non_retenu,reste
SIM-03587,2027-01-01,non_retenu,parti
SIM-03588,2027-01-01,contact,parti
SIM-03589,2027-01-01,contact,parti
SIM-03590,2027-01-01,non_retenu,parti
SIM-03591,2027-01-01,non_retenu,reste
SIM-03592,2027-01-01,non_retenu,parti
SIM-03593,2027-01-01,non_retenu,reste
SIM-03594,2027-01-01,non_retenu,parti
SIM-03595,2027-01-01,non_retenu,parti
SIM-03596,2027-01-01,non_retenu,parti
SIM-03597,2027-01-01,non_retenu,parti
SIM-03598,2027-01-01,non_retenu,parti
SIM-03599,2027-01-01,non_retenu,parti
SIM-03600,2027-01-01,non_retenu,reste
SIM-03601,2027-01-01,contact,reste
SIM-03602,2027-01-01,non_retenu,reste
SIM-03603,2027-01-01,non_retenu,parti
SIM-03604,2027-01-01,non_retenu,reste
SIM-03605,2027-01-01,non_retenu,reste
SIM-03606,2027-01-01,non_retenu,reste
SIM-03607,2027-01-01,non_retenu,reste
SIM-03608,2027-01-01,non_retenu,parti
SIM-03609,2027-01-01,non_retenu,reste
SIM-03610,2027-01-01,non_retenu,reste
SIM-03611,2027-01-01,non_retenu,reste
SIM-03612,2027-01-01,non_retenu,parti
SIM-03613,2027-01-01,non_retenu,parti
SIM-03614,2027-01-01,non_retenu,reste
SIM-03615,2027-01-01,non_retenu,reste
SIM-03616,2027-01-01,non_retenu,parti
SIM-03617,2027-01-01,non_retenu,reste
SIM-03618,2027-01-01,non_retenu,reste
SIM-03619,2027-01-01,non_retenu,parti
SIM-03620,2027-01-01,non_retenu,reste
SIM-03621,2027-01-01,non_retenu,parti
SIM-03622,2027-01-01,non_retenu,parti
SIM-03623,2027-01-01,non_retenu,reste
SIM-03624,2027-01-01,non_retenu,reste
SIM-03625,2027-01-01,non_retenu,parti
SIM-03626,2027-01-01,non_retenu,parti
SIM-03627,2027-01-01,non_retenu,reste
SIM-03628,2027-01-01,non_retenu,reste
SIM-03629,2027-01-01,non_retenu,reste
SIM-03630,2027-01-01,non_retenu,parti
SIM-03631,2027-01-01,non_retenu,reste
SIM-03632,2027-01-01,non_retenu,reste
SIM-03633,2027-01-01,non_retenu,reste
SIM-03634,2027-01-01,non_retenu,reste
SIM-03635,2027-01-01,non_retenu,reste
SIM-03636,2027-01-01,non_retenu,reste
SIM-03637,2027-01-01,non_retenu,reste
SIM-03638,2027-01-01,non_retenu,reste
SIM-03639,2027-01-01,non_retenu,reste
SIM-03640,2027-01-01,non_retenu,parti
SIM-03641,2027-01-01,non_retenu,parti
SIM-03642,2027-01-01,non_retenu,parti
SIM-03643,2027-01-01,non_retenu,reste
SIM-03644,2027-01-01,non_retenu,reste
SIM-03645,2027-01-01,non_retenu,reste
SIM-03646,2027-01-01,non_retenu,reste
SIM-03647,2027-01-01,non_retenu,reste
SIM-03648,2027-01-01,non_retenu,parti
SIM-03649,2027-01-01,non_retenu,parti
SIM-03650,2027-01-01,non_retenu,reste
SIM-03651,2027-01-01,non_retenu,reste
SIM-03652,2027-01-01,non_retenu,parti
SIM-03653,2027-01-01,non_retenu,parti
SIM-03654,2027-01-01,non_retenu,reste
SIM-03655,2027-01-01,non_retenu,reste
SIM-03656,2027-01-01,non_retenu,reste
SIM-03657,2027-01-01,non_retenu,reste
SIM-03658,2027-01-01,non_retenu,reste
SIM-03659,2027-01-01,non_retenu,reste
SIM-03660,2027-01-01,non_retenu,parti
SIM-03661,2027-01-01,non_retenu,reste
SIM-03662,2027-01-01,non_retenu,parti
SIM-03663,2027-01-01,non_retenu,reste
SIM-03664,2027-01-01,non_retenu,reste
SIM-03665,2027-01-01,temoin,reste
SIM-03666,2027-01-01,non_retenu,reste
SIM-03667,2027-01-01,non_retenu,reste
SIM-03668,2027-01-01,non_retenu,reste
SIM-03669,2027-01-01,non_retenu,parti
SIM-03670,2027-01-01,non_retenu,reste
SIM-03671,2027-01-01,non_retenu,reste
SIM-03672,2027-01-01,non_retenu,reste
SIM-03673,2027-01-01,non_retenu,reste
SIM-03674,2027-01-01,non_retenu,reste
SIM-03675,2027-01-01,non_retenu,parti
SIM-03676,2027-01-01,non_retenu,reste
SIM-03677,2027-01-01,non_retenu,parti
SIM-03678,2027-01-01,non_retenu,reste
SIM-03679,2027-01-01,non_retenu,parti
SIM-03680,2027-01-01,non_retenu,parti
SIM-03681,2027-01-01,non_retenu,reste
SIM-03682,2027-01-01,non_retenu,reste
SIM-03683,2027-01-01,non_retenu,parti
SIM-03684,2027-01-01,non_retenu,reste
SIM-03685,2027-01-01,non_retenu,reste
SIM-03686,2027-01-01,non_retenu,reste
SIM-03687,2027-01-01,non_retenu,reste
SIM-03688,2027-01-01,non_retenu,reste
SIM-03689,2027-01-01,non_retenu,reste
SIM-03690,2027-01-01,non_retenu,reste
SIM-03691,2027-01-01,non_retenu,reste
SIM-03692,2027-01-01,non_retenu,reste
SIM-03693,2027-01-01,non_retenu,reste
SIM-03694,2027-01-01,non_retenu,reste
SIM-03695,2027-01-01,non_retenu,parti
SIM-03696,2027-01-01,non_retenu,reste
SIM-03697,2027-01-01,non_retenu,reste
SIM-03698,2027-01-01,non_retenu,reste
SIM-03699,2027-01-01,non_retenu,parti
SIM-03700,2027-01-01,non_retenu,reste
SIM-03701,2027-01-01,non_retenu,reste
SIM-03702,2027-01-01,non_retenu,reste
SIM-03703,2027-01-01,non_retenu,parti
SIM-03704,2027-01-01,non_retenu,parti
SIM-03705,2027-01-01,non_retenu,parti
SIM-03706,2027-01-01,non_retenu,parti
SIM-03707,2027-01-01,non_retenu,reste
SIM-03708,2027-01-01,non_retenu,reste
SIM-03709,2027-01-01,non_retenu,reste
SIM-03710,2027-01-01,non_retenu,reste
SIM-03711,2027-01-01,non_retenu,reste
SIM-03712,2027-01-01,non_retenu,reste
SIM-03713,2027-01-01,non_retenu,parti
SIM-03714,2027-01-01,non_retenu,parti
SIM-03715,2027-01-01,non_retenu,parti
SIM-03716,2027-01-01,non_retenu,reste
SIM-03717,2027-01-01,non_retenu,reste
SIM-03718,2027-01-01,non_retenu,reste
SIM-03719,2027-01-01,non_retenu,reste
SIM-03720,2027-01-01,non_retenu,reste
SIM-03721,2027-01-01,non_retenu,reste
SIM-03722,2027-01-01,non_retenu,parti
SIM-03723,2027-01-01,non_retenu,reste
SIM-03724,2027-01-01,non_retenu,reste
SIM-03725,2027-01-01,non_retenu,reste
SIM-03726,2027-01-01,non_retenu,parti
SIM-03727,2027-01-01,non_retenu,reste
SIM-03728,2027-01-01,non_retenu,parti
SIM-03729,2027-01-01,non_retenu,parti
SIM-03730,2027-01-01,non_retenu,parti
SIM-03731,2027-01-01,non_retenu,reste
SIM-03732,2027-01-01,non_retenu,reste
SIM-03733,2027-01-01,non_retenu,reste
SIM-03734,2027-01-01,non_retenu,parti
SIM-03735,2027-01-01,non_retenu,parti
SIM-03736,2027-01-01,non_retenu,reste
SIM-03737,2027-01-01,non_retenu,reste
SIM-03738,2027-01-01,non_retenu,reste
SIM-03739,2027-01-01,non_retenu,reste
SIM-03740,2027-01-01,non_retenu,reste
SIM-03741,2027-01-01,non_retenu,parti
SIM-03742,2027-01-01,non_retenu,reste
SIM-03743,2027-01-01,non_retenu,reste
SIM-03744,2027-01-01,non_retenu,reste
SIM-03745,2027-01-01,non_retenu,reste
SIM-03746,2027-01-01,non_retenu,reste
SIM-03747,2027-01-01,non_retenu,reste
SIM-03748,2027-01-01,non_retenu,reste
SIM-03749,2027-01-01,non_retenu,parti
SIM-03750,2027-01-01,non_retenu,reste
SIM-03751,2027-01-01,non_retenu,parti
SIM-03752,2027-01-01,non_retenu,reste
SIM-03753,2027-01-01,non_retenu,reste
SIM-03754,2027-01-01,non_retenu,reste
SIM-03755,2027-01-01,non_retenu,parti
SIM-03756,2027-01-01,non_retenu,parti
SIM-03757,2027-01-01,non_retenu,parti
SIM-03758,2027-01-01,non_retenu,reste
SIM-03759,2027-01-01,non_retenu,reste
SIM-03760,2027-01-01,non_retenu,parti
SIM-03761,2027-01-01,non_retenu,reste
SIM-03762,2027-01-01,non_retenu,parti
SIM-03763,2027-01-01,non_retenu,parti
SIM-03764,2027-01-01,non_retenu,parti
SIM-03765,2027-01-01,non_retenu,reste
SIM-03766,2027-01-01,non_retenu,parti
SIM-03767,2027-01-01,non_retenu,reste
SIM-03768,2027-01-01,non_retenu,parti
SIM-03769,2027-01-01,non_retenu,reste
SIM-03770,2027-01-01,non_retenu,reste
SIM-03771,2027-01-01,non_retenu,reste
SIM-03772,2027-01-01,non_retenu,reste
SIM-03773,2027-01-01,non_retenu,parti
SIM-03774,2027-01-01,non_retenu,parti
SIM-03775,2027-01-01,non_retenu,parti
SIM-03776,2027-01-01,non_retenu,reste
SIM-03777,2027-01-01,contact,reste
SIM-03778,2027-01-01,non_retenu,reste
SIM-03779,2027-01-01,non_retenu,parti
SIM-03780,2027-01-01,non_retenu,reste
SIM-03781,2027-01-01,contact,parti
SIM-03782,2027-01-01,non_retenu,reste
SIM-03783,2027-01-01,non_retenu,parti
SIM-03784,2027-01-01,non_retenu,parti
SIM-03785,2027-01-01,non_retenu,reste
SIM-03786,2027-01-01,non_retenu,reste
SIM-03787,2027-01-01,non_retenu,parti
SIM-03788,2027-01-01,non_retenu,reste
SIM-03789,2027-01-01,non_retenu,parti
SIM-03790,2027-01-01,non_retenu,reste
SIM-03791,2027-01-01,non_retenu,reste
SIM-03792,2027-01-01,non_retenu,parti
SIM-03793,2027-01-01,non_retenu,parti
SIM-03794,2027-01-01,non_retenu,reste
SIM-03795,2027-01-01,non_retenu,reste
SIM-03796,2027-01-01,non_retenu,parti
SIM-03797,2027-01-01,non_retenu,parti
SIM-03798,2027-01-01,non_retenu,parti
SIM-03799,2027-01-01,non_retenu,reste
SIM-03800,2027-01-01,non_retenu,parti
SIM-03801,2027-01-01,non_retenu,parti
SIM-03802,2027-01-01,non_retenu,reste
SIM-03803,2027-01-01,non_retenu,reste
SIM-03804,2027-01-01,non_retenu,reste
SIM-03805,2027-01-01,non_retenu,parti
SIM-03806,2027-01-01,non_retenu,reste
SIM-03807,2027-01-01,non_retenu,parti
SIM-03808,2027-01-01,non_retenu,reste
SIM-03809,2027-01-01,non_retenu,reste
SIM-03810,2027-01-01,non_retenu,reste
SIM-03811,2027-01-01,non_retenu,reste
SIM-03812,2027-01-01,non_retenu,reste
SIM-03813,2027-01-01,non_retenu,parti
SIM-03814,2027-01-01,non_retenu,reste
SIM-03815,2027-01-01,non_retenu,reste
SIM-03816,2027-01-01,non_retenu,parti
SIM-03817,2027-01-01,non_retenu,reste
SIM-03818,2027-01-01,non_retenu,parti
SIM-03819,2027-01-01,non_retenu,reste
SIM-03820,2027-01-01,non_retenu,parti
SIM-03821,2027-01-01,non_retenu,reste
SIM-03822,2027-01-01,non_retenu,reste
SIM-03823,2027-01-01,non_retenu,parti
SIM-03824,2027-01-01,non_retenu,reste
SIM-03825,2027-01-01,non_retenu,reste
SIM-03826,2027-01-01,non_retenu,reste
SIM-03827,2027-01-01,non_retenu,reste
SIM-03828,2027-01-01,non_retenu,reste
SIM-03829,2027-01-01,non_retenu,reste
SIM-03830,2027-01-01,non_retenu,reste
SIM-03831,2027-01-01,non_retenu,reste
SIM-03832,2027-01-01,non_retenu,reste
SIM-03833,2027-01-01,non_retenu,reste
SIM-03834,2027-01-01,non_retenu,reste
SIM-03835,2027-01-01,non_retenu,reste
SIM-03836,2027-01-01,non_retenu,reste
SIM-03837,2027-01-01,non_retenu,reste
SIM-03838,2027-01-01,non_retenu,reste
SIM-03839,2027-01-01,non_retenu,reste
SIM-03840,2027-01-01,non_retenu,reste
SIM-03841,2027-01-01,non_retenu,parti
SIM-03842,2027-01-01,non_retenu,reste
SIM-03843,2027-01-01,non_retenu,reste
SIM-03844,2027-01-01,non_retenu,reste
SIM-03845,2027-01-01,non_retenu,reste
SIM-03846,2027-01-01,non_retenu,parti
SIM-03847,2027-01-01,non_retenu,parti
SIM-03848,2027-01-01,non_retenu,reste
SIM-03849,2027-01-01,non_retenu,reste
SIM-03850,2027-01-01,non_retenu,reste
SIM-03851,2027-01-01,non_retenu,reste
SIM-03852,2027-01-01,non_retenu,parti
SIM-03853,2027-01-01,non_retenu,parti
SIM-03854,2027-01-01,non_retenu,parti
SIM-03855,2027-01-01,non_retenu,reste
SIM-03856,2027-01-01,non_retenu,reste
SIM-03857,2027-01-01,non_retenu,reste
SIM-03858,2027-01-01,non_retenu,reste
SIM-03859,2027-01-01,temoin,reste
SIM-03860,2027-01-01,non_retenu,reste
SIM-03861,2027-01-01,non_retenu,reste
SIM-03862,2027-01-01,non_retenu,reste
SIM-03863,2027-01-01,non_retenu,reste
SIM-03864,2027-01-01,non_retenu,reste
SIM-03865,2027-01-01,non_retenu,parti
SIM-03866,2027-01-01,non_retenu,reste
SIM-03867,2027-01-01,non_retenu,reste
SIM-03868,2027-01-01,non_retenu,parti
SIM-03869,2027-01-01,non_retenu,reste
SIM-03870,2027-01-01,non_retenu,parti
SIM-03871,2027-01-01,non_retenu,reste
SIM-03872,2027-01-01,non_retenu,reste
SIM-03873,2027-01-01,non_retenu,reste
SIM-03874,2027-01-01,non_retenu,reste
SIM-03875,2027-01-01,non_retenu,reste
SIM-03876,2027-01-01,non_retenu,reste
SIM-03877,2027-01-01,non_retenu,reste
SIM-03878,2027-01-01,non_retenu,reste
SIM-03879,2027-01-01,non_retenu,reste
SIM-03880,2027-01-01,non_retenu,parti
SIM-03881,2027-01-01,non_retenu,reste
SIM-03882,2027-01-01,non_retenu,reste
SIM-03883,2027-01-01,non_retenu,reste
SIM-03884,2027-01-01,non_retenu,reste
SIM-03885,2027-01-01,non_retenu,reste
SIM-03886,2027-01-01,non_retenu,reste
SIM-03887,2027-01-01,non_retenu,reste
SIM-03888,2027-01-01,non_retenu,parti
SIM-03889,2027-01-01,non_retenu,parti
SIM-03890,2027-01-01,non_retenu,reste
SIM-03891,2027-01-01,non_retenu,parti
SIM-03892,2027-01-01,non_retenu,reste
SIM-03893,2027-01-01,non_retenu,reste
SIM-03894,2027-01-01,non_retenu,reste
SIM-03895,2027-01-01,non_retenu,reste
SIM-03896,2027-01-01,non_retenu,reste
SIM-03897,2027-01-01,non_retenu,reste
SIM-03898,2027-01-01,non_retenu,reste
SIM-03899,2027-01-01,non_retenu,reste
SIM-03900,2027-01-01,non_retenu,reste
SIM-03901,2027-01-01,non_retenu,reste
SIM-03902,2027-01-01,non_retenu,reste
SIM-03903,2027-01-01,non_retenu,reste
SIM-03904,2027-01-01,non_retenu,reste
SIM-03905,2027-01-01,non_retenu,reste
SIM-03906,2027-01-01,non_retenu,parti
SIM-03907,2027-01-01,non_retenu,reste
SIM-03908,2027-01-01,non_retenu,parti
SIM-03909,2027-01-01,non_retenu,parti
SIM-03910,2027-01-01,non_retenu,reste
SIM-03911,2027-01-01,non_retenu,parti
SIM-03912,2027-01-01,non_retenu,reste
SIM-03913,2027-01-01,non_retenu,reste
SIM-03914,2027-01-01,non_retenu,reste
SIM-03915,2027-01-01,contact,reste
SIM-03916,2027-01-01,non_retenu,parti
SIM-03917,2027-01-01,non_retenu,reste
SIM-03918,2027-01-01,non_retenu,reste
SIM-03919,2027-01-01,non_retenu,parti
SIM-03920,2027-01-01,non_retenu,reste
SIM-03921,2027-01-01,non_retenu,reste
SIM-03922,2027-01-01,non_retenu,parti
SIM-03923,2027-01-01,non_retenu,parti
SIM-03924,2027-01-01,non_retenu,parti
SIM-03925,2027-01-01,non_retenu,reste
SIM-03926,2027-01-01,non_retenu,reste
SIM-03927,2027-01-01,non_retenu,parti
SIM-03928,2027-01-01,non_retenu,parti
SIM-03929,2027-01-01,non_retenu,reste
SIM-03930,2027-01-01,non_retenu,reste
SIM-03931,2027-01-01,non_retenu,reste
SIM-03932,2027-01-01,non_retenu,parti
SIM-03933,2027-01-01,non_retenu,reste
SIM-03934,2027-01-01,non_retenu,reste
SIM-03935,2027-01-01,non_retenu,reste
SIM-03936,2027-01-01,non_retenu,parti
SIM-03937,2027-01-01,non_retenu,parti
SIM-03938,2027-01-01,non_retenu,reste
SIM-03939,2027-01-01,non_retenu,reste
SIM-03940,2027-01-01,non_retenu,parti
SIM-03941,2027-01-01,non_retenu,parti
SIM-03942,2027-01-01,non_retenu,reste
SIM-03943,2027-01-01,non_retenu,reste
SIM-03944,2027-01-01,non_retenu,reste
SIM-03945,2027-01-01,non_retenu,reste
SIM-03946,2027-01-01,non_retenu,parti
SIM-03947,2027-01-01,non_retenu,parti
SIM-03948,2027-01-01,non_retenu,reste
SIM-03949,2027-01-01,non_retenu,reste
SIM-03950,2027-01-01,non_retenu,parti
SIM-03951,2027-01-01,non_retenu,reste
SIM-03952,2027-01-01,non_retenu,reste
SIM-03953,2027-01-01,non_retenu,reste
SIM-03954,2027-01-01,non_retenu,parti
SIM-03955,2027-01-01,non_retenu,parti
SIM-03956,2027-01-01,non_retenu,reste
SIM-03957,2027-01-01,non_retenu,parti
SIM-03958,2027-01-01,non_retenu,reste
SIM-03959,2027-01-01,non_retenu,reste
SIM-03960,2027-01-01,contact,parti
SIM-03961,2027-01-01,non_retenu,reste
SIM-03962,2027-01-01,non_retenu,reste
SIM-03963,2027-01-01,non_retenu,reste
SIM-03964,2027-01-01,non_retenu,parti
SIM-03965,2027-01-01,non_retenu,reste
SIM-03966,2027-01-01,non_retenu,reste
SIM-03967,2027-01-01,non_retenu,reste
SIM-03968,2027-01-01,non_retenu,reste
SIM-03969,2027-01-01,non_retenu,parti
SIM-03970,2027-01-01,non_retenu,reste
SIM-03971,2027-01-01,non_retenu,parti
SIM-03972,2027-01-01,non_retenu,reste
SIM-03973,2027-01-01,non_retenu,reste
SIM-03974,2027-01-01,non_retenu,parti
SIM-03975,2027-01-01,non_retenu,parti
SIM-03976,2027-01-01,non_retenu,reste
SIM-03977,2027-01-01,non_retenu,reste
SIM-03978,2027-01-01,non_retenu,parti
SIM-03979,2027-01-01,non_retenu,reste
SIM-03980,2027-01-01,non_retenu,reste
SIM-03981,2027-01-01,non_retenu,parti
SIM-03982,2027-01-01,non_retenu,parti
SIM-03983,2027-01-01,non_retenu,parti
SIM-03984,2027-01-01,non_retenu,reste
SIM-03985,2027-01-01,non_retenu,reste
SIM-03986,2027-01-01,non_retenu,reste
SIM-03987,2027-01-01,non_retenu,parti
SIM-03988,2027-01-01,non_retenu,parti
SIM-03989,2027-01-01,non_retenu,reste
SIM-03990,2027-01-01,non_retenu,reste
SIM-03991,2027-01-01,non_retenu,reste
SIM-03992,2027-01-01,non_retenu,parti
SIM-03993,2027-01-01,non_retenu,parti
SIM-03994,2027-01-01,non_retenu,reste
SIM-03995,2027-01-01,non_retenu,reste
SIM-03996,2027-01-01,non_retenu,parti
SIM-03997,2027-01-01,non_retenu,parti
SIM-03998,2027-01-01,non_retenu,reste
SIM-03999,2027-01-01,non_retenu,reste
SIM-04000,2027-01-01,non_retenu,reste
SIM-04001,2027-01-01,non_retenu,reste
SIM-04002,2027-01-01,non_retenu,reste
SIM-04003,2027-01-01,non_retenu,reste
SIM-04004,2027-01-01,non_retenu,reste
SIM-04005,2027-01-01,non_retenu,parti
SIM-04006,2027-01-01,non_retenu,reste
SIM-04007,2027-01-01,non_retenu,reste
SIM-04008,2027-01-01,non_retenu,reste
SIM-04009,2027-01-01,non_retenu,reste
SIM-04010,2027-01-01,non_retenu,reste
SIM-04011,2027-01-01,non_retenu,reste
SIM-04012,2027-01-01,non_retenu,reste
SIM-04013,2027-01-01,non_retenu,reste
SIM-04014,2027-01-01,non_retenu,reste
SIM-04015,2027-01-01,non_retenu,parti
SIM-04016,2027-01-01,non_retenu,reste
SIM-04017,2027-01-01,non_retenu,reste
SIM-04018,2027-01-01,non_retenu,reste
SIM-04019,2027-01-01,non_retenu,parti
SIM-04020,2027-01-01,non_retenu,parti
SIM-04021,2027-01-01,non_retenu,reste
SIM-04022,2027-01-01,non_retenu,reste
SIM-04023,2027-01-01,non_retenu,reste
SIM-04024,2027-01-01,non_retenu,reste
SIM-04025,2027-01-01,non_retenu,reste
SIM-04026,2027-01-01,non_retenu,reste
SIM-04027,2027-01-01,non_retenu,reste
SIM-04028,2027-01-01,non_retenu,parti
SIM-04029,2027-01-01,non_retenu,reste
SIM-04030,2027-01-01,non_retenu,reste
SIM-04031,2027-01-01,non_retenu,reste
SIM-04032,2027-01-01,non_retenu,reste
SIM-04033,2027-01-01,non_retenu,reste
SIM-04034,2027-01-01,contact,reste
SIM-04035,2027-01-01,non_retenu,parti
SIM-04036,2027-01-01,non_retenu,reste
SIM-04037,2027-01-01,non_retenu,reste
SIM-04038,2027-01-01,non_retenu,parti
SIM-04039,2027-01-01,non_retenu,reste
SIM-04040,2027-01-01,non_retenu,reste
SIM-04041,2027-01-01,non_retenu,parti
SIM-04042,2027-01-01,non_retenu,reste
SIM-04043,2027-01-01,non_retenu,reste
SIM-04044,2027-01-01,non_retenu,reste
SIM-04045,2027-01-01,non_retenu,reste
SIM-04046,2027-01-01,non_retenu,reste
SIM-04047,2027-01-01,non_retenu,reste
SIM-04048,2027-01-01,non_retenu,parti
SIM-04049,2027-01-01,non_retenu,parti
SIM-04050,2027-01-01,non_retenu,reste
SIM-04051,2027-01-01,non_retenu,parti
SIM-04052,2027-01-01,non_retenu,reste
SIM-04053,2027-01-01,non_retenu,parti
SIM-04054,2027-01-01,non_retenu,reste
SIM-04055,2027-01-01,contact,reste
SIM-04056,2027-01-01,non_retenu,reste
SIM-04057,2027-01-01,non_retenu,reste
SIM-04058,2027-01-01,non_retenu,reste
SIM-04059,2027-01-01,non_retenu,parti
SIM-04060,2027-01-01,contact,reste
SIM-04061,2027-01-01,temoin,parti
SIM-04062,2027-01-01,non_retenu,reste
SIM-04063,2027-01-01,non_retenu,reste
SIM-04064,2027-01-01,non_retenu,reste
SIM-04065,2027-01-01,non_retenu,reste
SIM-04066,2027-01-01,non_retenu,reste
SIM-04067,2027-01-01,non_retenu,reste
SIM-04068,2027-01-01,non_retenu,reste
SIM-04069,2027-01-01,non_retenu,parti
SIM-04070,2027-01-01,non_retenu,reste
SIM-04071,2027-01-01,non_retenu,reste
SIM-04072,2027-01-01,non_retenu,parti
SIM-04073,2027-01-01,non_retenu,parti
SIM-04074,2027-01-01,non_retenu,reste
SIM-04075,2027-01-01,non_retenu,reste
SIM-04076,2027-01-01,non_retenu,reste
SIM-04077,2027-01-01,non_retenu,parti
SIM-04078,2027-01-01,non_retenu,parti
SIM-04079,2027-01-01,non_retenu,parti
SIM-04080,2027-01-01,non_retenu,parti
SIM-04081,2027-01-01,non_retenu,reste
SIM-04082,2027-01-01,non_retenu,reste
SIM-04083,2027-01-01,non_retenu,reste
SIM-04084,2027-01-01,non_retenu,reste
SIM-04085,2027-01-01,non_retenu,parti
SIM-04086,2027-01-01,non_retenu,reste
SIM-04087,2027-01-01,non_retenu,reste
SIM-04088,2027-01-01,non_retenu,reste
SIM-04089,2027-01-01,non_retenu,parti
SIM-04090,2027-01-01,non_retenu,reste
SIM-04091,2027-01-01,non_retenu,reste
SIM-04092,2027-01-01,non_retenu,parti
SIM-04093,2027-01-01,non_retenu,parti
SIM-04094,2027-01-01,non_retenu,reste
SIM-04095,2027-01-01,non_retenu,reste
SIM-04096,2027-01-01,non_retenu,reste
SIM-04097,2027-01-01,non_retenu,parti
SIM-04098,2027-01-01,non_retenu,reste
SIM-04099,2027-01-01,non_retenu,parti
SIM-04100,2027-01-01,non_retenu,reste
SIM-04101,2027-01-01,non_retenu,reste
SIM-04102,2027-01-01,non_retenu,reste
SIM-04103,2027-01-01,non_retenu,reste
SIM-04104,2027-01-01,non_retenu,parti
SIM-04105,2027-01-01,non_retenu,reste
SIM-04106,2027-01-01,non_retenu,parti
SIM-04107,2027-01-01,non_retenu,parti
SIM-04108,2027-01-01,non_retenu,reste
SIM-04109,2027-01-01,non_retenu,parti
SIM-04110,2027-01-01,non_retenu,reste
SIM-04111,2027-01-01,non_retenu,reste
SIM-04112,2027-01-01,non_retenu,reste
SIM-04113,2027-01-01,non_retenu,parti
SIM-04114,2027-01-01,non_retenu,reste
SIM-04115,2027-01-01,non_retenu,reste
SIM-04116,2027-01-01,non_retenu,reste
SIM-04117,2027-01-01,non_retenu,reste
SIM-04118,2027-01-01,non_retenu,reste
SIM-04119,2027-01-01,non_retenu,reste
SIM-04120,2027-01-01,non_retenu,reste
SIM-04121,2027-01-01,non_retenu,reste
SIM-04122,2027-01-01,non_retenu,reste
SIM-04123,2027-01-01,non_retenu,reste
SIM-04124,2027-01-01,non_retenu,reste
SIM-04125,2027-01-01,non_retenu,reste
SIM-04126,2027-01-01,non_retenu,reste
SIM-04127,2027-01-01,non_retenu,parti
SIM-04128,2027-01-01,non_retenu,reste
SIM-04129,2027-01-01,non_retenu,parti
SIM-04130,2027-01-01,non_retenu,reste
SIM-04131,2027-01-01,non_retenu,parti
SIM-04132,2027-01-01,non_retenu,parti
SIM-04133,2027-01-01,non_retenu,parti
SIM-04134,2027-01-01,non_retenu,parti
SIM-04135,2027-01-01,non_retenu,reste
SIM-04136,2027-01-01,non_retenu,parti
SIM-04137,2027-01-01,non_retenu,parti
SIM-04138,2027-01-01,non_retenu,reste
SIM-04139,2027-01-01,non_retenu,reste
SIM-04140,2027-01-01,non_retenu,reste
SIM-04141,2027-01-01,non_retenu,reste
SIM-04142,2027-01-01,non_retenu,parti
SIM-04143,2027-01-01,non_retenu,reste
SIM-04144,2027-01-01,non_retenu,parti
SIM-04145,2027-01-01,non_retenu,reste
SIM-04146,2027-01-01,non_retenu,reste
SIM-04147,2027-01-01,non_retenu,reste
SIM-04148,2027-01-01,non_retenu,reste
SIM-04149,2027-01-01,non_retenu,reste
SIM-04150,2027-01-01,non_retenu,reste
SIM-04151,2027-01-01,non_retenu,reste
SIM-04152,2027-01-01,non_retenu,reste
SIM-04153,2027-01-01,non_retenu,parti
SIM-04154,2027-01-01,non_retenu,reste
SIM-04155,2027-01-01,non_retenu,parti
SIM-04156,2027-01-01,non_retenu,reste
SIM-04157,2027-01-01,non_retenu,parti
SIM-04158,2027-01-01,non_retenu,reste
SIM-04159,2027-01-01,non_retenu,reste
SIM-04160,2027-01-01,non_retenu,reste
SIM-04161,2027-01-01,non_retenu,parti
SIM-04162,2027-01-01,non_retenu,reste
SIM-04163,2027-01-01,non_retenu,reste
SIM-04164,2027-01-01,non_retenu,reste
SIM-04165,2027-01-01,non_retenu,reste
SIM-04166,2027-01-01,non_retenu,reste
SIM-04167,2027-01-01,non_retenu,reste
SIM-04168,2027-01-01,contact,parti
SIM-04169,2027-01-01,non_retenu,reste
SIM-04170,2027-01-01,non_retenu,parti
SIM-04171,2027-01-01,non_retenu,parti
SIM-04172,2027-01-01,non_retenu,parti
SIM-04173,2027-01-01,non_retenu,reste
SIM-04174,2027-01-01,non_retenu,reste
SIM-04175,2027-01-01,non_retenu,reste
SIM-04176,2027-01-01,non_retenu,reste
SIM-04177,2027-01-01,non_retenu,reste
SIM-04178,2027-01-01,non_retenu,reste
SIM-04179,2027-01-01,non_retenu,reste
SIM-04180,2027-01-01,non_retenu,reste
SIM-04181,2027-01-01,non_retenu,parti
SIM-04182,2027-01-01,non_retenu,reste
SIM-04183,2027-01-01,non_retenu,parti
SIM-04184,2027-01-01,non_retenu,reste
SIM-04185,2027-01-01,non_retenu,reste
SIM-04186,2027-01-01,non_retenu,reste
SIM-04187,2027-01-01,non_retenu,parti
SIM-04188,2027-01-01,non_retenu,reste
SIM-04189,2027-01-01,non_retenu,parti
SIM-04190,2027-01-01,non_retenu,parti
SIM-04191,2027-01-01,non_retenu,reste
SIM-04192,2027-01-01,non_retenu,reste
SIM-04193,2027-01-01,non_retenu,parti
SIM-04194,2027-01-01,non_retenu,parti
SIM-04195,2027-01-01,non_retenu,reste
SIM-04196,2027-01-01,non_retenu,reste
SIM-04197,2027-01-01,non_retenu,reste
SIM-04198,2027-01-01,non_retenu,reste
SIM-04199,2027-01-01,non_retenu,reste
SIM-04200,2027-01-01,non_retenu,parti
SIM-04201,2027-01-01,non_retenu,reste
SIM-04202,2027-01-01,non_retenu,parti
SIM-04203,2027-01-01,non_retenu,parti
SIM-04204,2027-01-01,non_retenu,parti
SIM-04205,2027-01-01,non_retenu,parti
SIM-04206,2027-01-01,non_retenu,parti
SIM-04207,2027-01-01,non_retenu,reste
SIM-04208,2027-01-01,non_retenu,reste
SIM-04209,2027-01-01,non_retenu,parti
SIM-04210,2027-01-01,non_retenu,reste
SIM-04211,2027-01-01,contact,reste
SIM-04212,2027-01-01,non_retenu,reste
SIM-04213,2027-01-01,non_retenu,reste
SIM-04214,2027-01-01,non_retenu,parti
SIM-04215,2027-01-01,non_retenu,reste
SIM-04216,2027-01-01,non_retenu,reste
SIM-04217,2027-01-01,non_retenu,parti
SIM-04218,2027-01-01,non_retenu,reste
SIM-04219,2027-01-01,non_retenu,reste
SIM-04220,2027-01-01,non_retenu,reste
SIM-04221,2027-01-01,non_retenu,reste
SIM-04222,2027-01-01,non_retenu,reste
SIM-04223,2027-01-01,non_retenu,reste
SIM-04224,2027-01-01,non_retenu,reste
SIM-04225,2027-01-01,non_retenu,parti
SIM-04226,2027-01-01,non_retenu,reste
SIM-04227,2027-01-01,non_retenu,reste
SIM-04228,2027-01-01,contact,parti
SIM-04229,2027-01-01,non_retenu,parti
SIM-04230,2027-01-01,non_retenu,parti
SIM-04231,2027-01-01,non_retenu,parti
SIM-04232,2027-01-01,non_retenu,parti
SIM-04233,2027-01-01,non_retenu,reste
SIM-04234,2027-01-01,non_retenu,parti
SIM-04235,2027-01-01,non_retenu,reste
SIM-04236,2027-01-01,non_retenu,reste
SIM-04237,2027-01-01,non_retenu,parti
SIM-04238,2027-01-01,non_retenu,reste
SIM-04239,2027-01-01,non_retenu,reste
SIM-04240,2027-01-01,non_retenu,reste
SIM-04241,2027-01-01,non_retenu,reste
SIM-04242,2027-01-01,non_retenu,reste
SIM-04243,2027-01-01,non_retenu,reste
SIM-04244,2027-01-01,non_retenu,reste
SIM-04245,2027-01-01,non_retenu,parti
SIM-04246,2027-01-01,non_retenu,reste
SIM-04247,2027-01-01,non_retenu,reste
SIM-04248,2027-01-01,non_retenu,parti
SIM-04249,2027-01-01,non_retenu,reste
SIM-04250,2027-01-01,non_retenu,reste
SIM-04251,2027-01-01,non_retenu,reste
SIM-04252,2027-01-01,non_retenu,reste
SIM-04253,2027-01-01,non_retenu,reste
SIM-04254,2027-01-01,non_retenu,reste
SIM-04255,2027-01-01,non_retenu,reste
SIM-04256,2027-01-01,non_retenu,reste
SIM-04257,2027-01-01,non_retenu,reste
SIM-04258,2027-01-01,non_retenu,reste
SIM-04259,2027-01-01,non_retenu,parti
SIM-04260,2027-01-01,non_retenu,reste
SIM-04261,2027-01-01,non_retenu,parti
SIM-04262,2027-01-01,non_retenu,reste
SIM-04263,2027-01-01,non_retenu,reste
SIM-04264,2027-01-01,non_retenu,reste
SIM-04265,2027-01-01,contact,parti
SIM-04266,2027-01-01,non_retenu,parti
SIM-04267,2027-01-01,non_retenu,reste
SIM-04268,2027-01-01,non_retenu,reste
SIM-04269,2027-01-01,non_retenu,reste
SIM-04270,2027-01-01,non_retenu,parti
SIM-04271,2027-01-01,non_retenu,reste
SIM-04272,2027-01-01,contact,reste
SIM-04273,2027-01-01,non_retenu,parti
SIM-04274,2027-01-01,non_retenu,reste
SIM-04275,2027-01-01,contact,parti
SIM-04276,2027-01-01,non_retenu,parti
SIM-04277,2027-01-01,non_retenu,parti
SIM-04278,2027-01-01,non_retenu,reste
SIM-04279,2027-01-01,non_retenu,parti
SIM-04280,2027-01-01,non_retenu,reste
SIM-04281,2027-01-01,non_retenu,reste
SIM-04282,2027-01-01,non_retenu,parti
SIM-04283,2027-01-01,non_retenu,reste
SIM-04284,2027-01-01,non_retenu,reste
SIM-04285,2027-01-01,non_retenu,reste
SIM-04286,2027-01-01,contact,parti
SIM-04287,2027-01-01,non_retenu,parti
SIM-04288,2027-01-01,non_retenu,parti
SIM-04289,2027-01-01,non_retenu,reste
SIM-04290,2027-01-01,non_retenu,reste
SIM-04291,2027-01-01,non_retenu,reste
SIM-04292,2027-01-01,non_retenu,reste
SIM-04293,2027-01-01,contact,parti
SIM-04294,2027-01-01,non_retenu,reste
SIM-04295,2027-01-01,non_retenu,reste
SIM-04296,2027-01-01,non_retenu,parti
SIM-04297,2027-01-01,non_retenu,parti
SIM-04298,2027-01-01,non_retenu,reste
SIM-04299,2027-01-01,non_retenu,reste
SIM-04300,2027-01-01,non_retenu,parti
SIM-04301,2027-01-01,non_retenu,reste
SIM-04302,2027-01-01,non_retenu,reste
SIM-04303,2027-01-01,non_retenu,parti
SIM-04304,2027-01-01,non_retenu,parti
SIM-04305,2027-01-01,non_retenu,reste
SIM-04306,2027-01-01,non_retenu,reste
SIM-04307,2027-01-01,non_retenu,reste
SIM-04308,2027-01-01,non_retenu,reste
SIM-04309,2027-01-01,non_retenu,reste
SIM-04310,2027-01-01,non_retenu,reste
SIM-04311,2027-01-01,non_retenu,reste
SIM-04312,2027-01-01,non_retenu,reste
SIM-04313,2027-01-01,non_retenu,reste
SIM-04314,2027-01-01,non_retenu,parti
SIM-04315,2027-01-01,non_retenu,reste
SIM-04316,2027-01-01,non_retenu,reste
SIM-04317,2027-01-01,non_retenu,parti
SIM-04318,2027-01-01,non_retenu,reste
SIM-04319,2027-01-01,temoin,reste
SIM-04320,2027-01-01,non_retenu,reste
SIM-04321,2027-01-01,non_retenu,parti
SIM-04322,2027-01-01,non_retenu,reste
SIM-04323,2027-01-01,non_retenu,reste
SIM-04324,2027-01-01,non_retenu,parti
SIM-04325,2027-01-01,non_retenu,reste
SIM-04326,2027-01-01,non_retenu,reste
SIM-04327,2027-01-01,non_retenu,reste
SIM-04328,2027-01-01,non_retenu,reste
SIM-04329,2027-01-01,non_retenu,parti
SIM-04330,2027-01-01,non_retenu,reste
SIM-04331,2027-01-01,non_retenu,parti
SIM-04332,2027-01-01,non_retenu,reste
SIM-04333,2027-01-01,non_retenu,parti
SIM-04334,2027-01-01,non_retenu,parti
SIM-04335,2027-01-01,non_retenu,reste
SIM-04336,2027-01-01,non_retenu,parti
SIM-04337,2027-01-01,non_retenu,reste
SIM-04338,2027-01-01,non_retenu,reste
SIM-04339,2027-01-01,non_retenu,reste
SIM-04340,2027-01-01,non_retenu,parti
SIM-04341,2027-01-01,non_retenu,parti
SIM-04342,2027-01-01,non_retenu,reste
SIM-04343,2027-01-01,non_retenu,reste
SIM-04344,2027-01-01,non_retenu,parti
SIM-04345,2027-01-01,non_retenu,reste
SIM-04346,2027-01-01,non_retenu,parti
SIM-04347,2027-01-01,non_retenu,parti
SIM-04348,2027-01-01,non_retenu,reste
SIM-04349,2027-01-01,non_retenu,reste
SIM-04350,2027-01-01,non_retenu,parti
SIM-04351,2027-01-01,non_retenu,parti
SIM-04352,2027-01-01,non_retenu,reste
SIM-04353,2027-01-01,non_retenu,reste
SIM-04354,2027-01-01,non_retenu,reste
SIM-04355,2027-01-01,non_retenu,reste
SIM-04356,2027-01-01,non_retenu,reste
SIM-04357,2027-01-01,non_retenu,parti
SIM-04358,2027-01-01,non_retenu,reste
SIM-04359,2027-01-01,non_retenu,reste
SIM-04360,2027-01-01,non_retenu,parti
SIM-04361,2027-01-01,non_retenu,reste
SIM-04362,2027-01-01,non_retenu,parti
SIM-04363,2027-01-01,contact,reste
SIM-04364,2027-01-01,non_retenu,reste
SIM-04365,2027-01-01,non_retenu,reste
SIM-04366,2027-01-01,non_retenu,reste
SIM-04367,2027-01-01,non_retenu,reste
SIM-04368,2027-01-01,non_retenu,reste
SIM-04369,2027-01-01,non_retenu,reste
SIM-04370,2027-01-01,non_retenu,reste
SIM-04371,2027-01-01,non_retenu,reste
SIM-04372,2027-01-01,non_retenu,reste
SIM-04373,2027-01-01,non_retenu,reste
SIM-04374,2027-01-01,non_retenu,parti
SIM-04375,2027-01-01,non_retenu,reste
SIM-04376,2027-01-01,non_retenu,reste
SIM-04377,2027-01-01,non_retenu,reste
SIM-04378,2027-01-01,non_retenu,reste
SIM-04379,2027-01-01,non_retenu,reste
SIM-04380,2027-01-01,non_retenu,parti
SIM-04381,2027-01-01,non_retenu,reste
SIM-04382,2027-01-01,non_retenu,reste
SIM-04383,2027-01-01,non_retenu,parti
SIM-04384,2027-01-01,non_retenu,parti
SIM-04385,2027-01-01,non_retenu,reste
SIM-04386,2027-01-01,non_retenu,reste
SIM-04387,2027-01-01,non_retenu,parti
SIM-04388,2027-01-01,non_retenu,reste
SIM-04389,2027-01-01,non_retenu,reste
SIM-04390,2027-01-01,non_retenu,parti
SIM-04391,2027-01-01,non_retenu,parti
SIM-04392,2027-01-01,non_retenu,reste
SIM-04393,2027-01-01,non_retenu,reste
SIM-04394,2027-01-01,non_retenu,reste
SIM-04395,2027-01-01,non_retenu,reste
SIM-04396,2027-01-01,non_retenu,reste
SIM-04397,2027-01-01,non_retenu,parti
SIM-04398,2027-01-01,non_retenu,reste
SIM-04399,2027-01-01,non_retenu,reste
SIM-04400,2027-01-01,non_retenu,reste
SIM-04401,2027-01-01,non_retenu,parti
SIM-04402,2027-01-01,non_retenu,reste
SIM-04403,2027-01-01,non_retenu,reste
SIM-04404,2027-01-01,non_retenu,reste
SIM-04405,2027-01-01,non_retenu,reste
SIM-04406,2027-01-01,non_retenu,reste
SIM-04407,2027-01-01,non_retenu,parti
SIM-04408,2027-01-01,non_retenu,reste
SIM-04409,2027-01-01,non_retenu,reste
SIM-04410,2027-01-01,non_retenu,reste
SIM-04411,2027-01-01,non_retenu,reste
SIM-04412,2027-01-01,non_retenu,parti
SIM-04413,2027-01-01,non_retenu,reste
SIM-04414,2027-01-01,non_retenu,reste
SIM-04415,2027-01-01,non_retenu,reste
SIM-04416,2027-01-01,non_retenu,reste
SIM-04417,2027-01-01,non_retenu,reste
SIM-04418,2027-01-01,non_retenu,reste
SIM-04419,2027-01-01,non_retenu,reste
SIM-04420,2027-01-01,non_retenu,reste
SIM-04421,2027-01-01,non_retenu,parti
SIM-04422,2027-01-01,non_retenu,reste
SIM-04423,2027-01-01,non_retenu,reste
SIM-04424,2027-01-01,non_retenu,parti
SIM-04425,2027-01-01,non_retenu,reste
SIM-04426,2027-01-01,non_retenu,reste
SIM-04427,2027-01-01,non_retenu,reste
SIM-04428,2027-01-01,non_retenu,parti
SIM-04429,2027-01-01,non_retenu,reste
SIM-04430,2027-01-01,non_retenu,parti
SIM-04431,2027-01-01,non_retenu,reste
SIM-04432,2027-01-01,non_retenu,reste
SIM-04433,2027-01-01,non_retenu,reste
SIM-04434,2027-01-01,non_retenu,reste
SIM-04435,2027-01-01,non_retenu,reste
SIM-04436,2027-01-01,non_retenu,reste
SIM-04437,2027-01-01,non_retenu,reste
SIM-04438,2027-01-01,non_retenu,reste
SIM-04439,2027-01-01,non_retenu,parti
SIM-04440,2027-01-01,non_retenu,parti
SIM-04441,2027-01-01,non_retenu,reste
SIM-04442,2027-01-01,non_retenu,parti
SIM-04443,2027-01-01,non_retenu,reste
SIM-04444,2027-01-01,non_retenu,reste
SIM-04445,2027-01-01,non_retenu,reste
SIM-04446,2027-01-01,non_retenu,reste
SIM-04447,2027-01-01,non_retenu,reste
SIM-04448,2027-01-01,non_retenu,reste
SIM-04449,2027-01-01,non_retenu,reste
SIM-04450,2027-01-01,non_retenu,parti
SIM-04451,2027-01-01,non_retenu,reste
SIM-04452,2027-01-01,non_retenu,parti
SIM-04453,2027-01-01,non_retenu,reste
SIM-04454,2027-01-01,non_retenu,parti
SIM-04455,2027-01-01,non_retenu,parti
SIM-04456,2027-01-01,non_retenu,reste
SIM-04457,2027-01-01,non_retenu,parti
SIM-04458,2027-01-01,non_retenu,reste
SIM-04459,2027-01-01,non_retenu,reste
SIM-04460,2027-01-01,non_retenu,reste
SIM-04461,2027-01-01,non_retenu,parti
SIM-04462,2027-01-01,non_retenu,reste
SIM-04463,2027-01-01,non_retenu,reste
SIM-04464,2027-01-01,non_retenu,reste
SIM-04465,2027-01-01,non_retenu,parti
SIM-04466,2027-01-01,contact,reste
SIM-04467,2027-01-01,non_retenu,reste
SIM-04468,2027-01-01,non_retenu,parti
SIM-04469,2027-01-01,non_retenu,reste
SIM-04470,2027-01-01,non_retenu,parti
SIM-04471,2027-01-01,non_retenu,reste
SIM-04472,2027-01-01,non_retenu,reste
SIM-04473,2027-01-01,non_retenu,reste
SIM-04474,2027-01-01,non_retenu,parti
SIM-04475,2027-01-01,non_retenu,parti
SIM-04476,2027-01-01,non_retenu,reste
SIM-04477,2027-01-01,non_retenu,reste
SIM-04478,2027-01-01,non_retenu,reste
SIM-04479,2027-01-01,non_retenu,reste
SIM-04480,2027-01-01,non_retenu,reste
SIM-04481,2027-01-01,non_retenu,reste
SIM-04482,2027-01-01,non_retenu,parti
SIM-04483,2027-01-01,non_retenu,reste
SIM-04484,2027-01-01,non_retenu,parti
SIM-04485,2027-01-01,non_retenu,reste
SIM-04486,2027-01-01,contact,parti
SIM-04487,2027-01-01,non_retenu,parti
SIM-04488,2027-01-01,non_retenu,reste
SIM-04489,2027-01-01,non_retenu,parti
SIM-04490,2027-01-01,non_retenu,reste
SIM-04491,2027-01-01,non_retenu,reste
SIM-04492,2027-01-01,non_retenu,parti
SIM-04493,2027-01-01,non_retenu,reste
SIM-04494,2027-01-01,non_retenu,reste
SIM-04495,2027-01-01,non_retenu,reste
SIM-04496,2027-01-01,non_retenu,parti
SIM-04497,2027-01-01,non_retenu,reste
SIM-04498,2027-01-01,non_retenu,reste
SIM-04499,2027-01-01,non_retenu,reste
SIM-04500,2027-01-01,non_retenu,parti
SIM-04501,2027-01-01,non_retenu,reste
SIM-04502,2027-01-01,non_retenu,reste
SIM-04503,2027-01-01,non_retenu,reste
SIM-04504,2027-01-01,non_retenu,reste
SIM-04505,2027-01-01,non_retenu,reste
SIM-04506,2027-01-01,non_retenu,reste
SIM-04507,2027-01-01,non_retenu,reste
SIM-04508,2027-01-01,non_retenu,reste
SIM-04509,2027-01-01,non_retenu,parti
SIM-04510,2027-01-01,non_retenu,reste
SIM-04511,2027-01-01,non_retenu,reste
SIM-04512,2027-01-01,non_retenu,reste
SIM-04513,2027-01-01,non_retenu,reste
SIM-04514,2027-01-01,non_retenu,parti
SIM-04515,2027-01-01,non_retenu,reste
SIM-04516,2027-01-01,non_retenu,parti
SIM-04517,2027-01-01,non_retenu,reste
SIM-04518,2027-01-01,non_retenu,parti
SIM-04519,2027-01-01,non_retenu,reste
SIM-04520,2027-01-01,non_retenu,parti
SIM-04521,2027-01-01,non_retenu,parti
SIM-04522,2027-01-01,non_retenu,reste
SIM-04523,2027-01-01,non_retenu,reste
SIM-04524,2027-01-01,non_retenu,reste
SIM-04525,2027-01-01,non_retenu,parti
SIM-04526,2027-01-01,non_retenu,parti
SIM-04527,2027-01-01,non_retenu,reste
SIM-04528,2027-01-01,non_retenu,reste
SIM-04529,2027-01-01,non_retenu,reste
SIM-04530,2027-01-01,non_retenu,reste
SIM-04531,2027-01-01,non_retenu,reste
SIM-04532,2027-01-01,non_retenu,parti
SIM-04533,2027-01-01,contact,parti
SIM-04534,2027-01-01,non_retenu,reste
SIM-04535,2027-01-01,non_retenu,reste
SIM-04536,2027-01-01,non_retenu,reste
SIM-04537,2027-01-01,non_retenu,reste
SIM-04538,2027-01-01,non_retenu,reste
SIM-04539,2027-01-01,non_retenu,reste
SIM-04540,2027-01-01,non_retenu,reste
SIM-04541,2027-01-01,non_retenu,reste
SIM-04542,2027-01-01,non_retenu,reste
SIM-04543,2027-01-01,non_retenu,reste
SIM-04544,2027-01-01,non_retenu,parti
SIM-04545,2027-01-01,non_retenu,reste
SIM-04546,2027-01-01,contact,parti
SIM-04547,2027-01-01,non_retenu,reste
SIM-04548,2027-01-01,non_retenu,reste
SIM-04549,2027-01-01,non_retenu,parti
SIM-04550,2027-01-01,non_retenu,reste
SIM-04551,2027-01-01,non_retenu,reste
SIM-04552,2027-01-01,non_retenu,parti
SIM-04553,2027-01-01,non_retenu,parti
SIM-04554,2027-01-01,non_retenu,reste
SIM-04555,2027-01-01,contact,reste
SIM-04556,2027-01-01,non_retenu,reste
SIM-04557,2027-01-01,non_retenu,parti
SIM-04558,2027-01-01,non_retenu,reste
SIM-04559,2027-01-01,non_retenu,reste
SIM-04560,2027-01-01,non_retenu,parti
SIM-04561,2027-01-01,non_retenu,reste
SIM-04562,2027-01-01,non_retenu,reste
SIM-04563,2027-01-01,non_retenu,reste
SIM-04564,2027-01-01,non_retenu,reste
SIM-04565,2027-01-01,non_retenu,reste
SIM-04566,2027-01-01,non_retenu,parti
SIM-04567,2027-01-01,non_retenu,reste
SIM-04568,2027-01-01,non_retenu,reste
SIM-04569,2027-01-01,non_retenu,reste
SIM-04570,2027-01-01,non_retenu,reste
SIM-04571,2027-01-01,non_retenu,parti
SIM-04572,2027-01-01,non_retenu,parti
SIM-04573,2027-01-01,non_retenu,parti
SIM-04574,2027-01-01,non_retenu,reste
SIM-04575,2027-01-01,non_retenu,reste
SIM-04576,2027-01-01,non_retenu,parti
SIM-04577,2027-01-01,non_retenu,reste
SIM-04578,2027-01-01,non_retenu,reste
SIM-04579,2027-01-01,non_retenu,reste
SIM-04580,2027-01-01,non_retenu,reste
SIM-04581,2027-01-01,non_retenu,reste
SIM-04582,2027-01-01,non_retenu,reste
SIM-04583,2027-01-01,non_retenu,parti
SIM-04584,2027-01-01,contact,parti
SIM-04585,2027-01-01,non_retenu,parti
SIM-04586,2027-01-01,non_retenu,parti
SIM-04587,2027-01-01,non_retenu,reste
SIM-04588,2027-01-01,non_retenu,reste
SIM-04589,2027-01-01,non_retenu,reste
SIM-04590,2027-01-01,non_retenu,reste
SIM-04591,2027-01-01,non_retenu,parti
SIM-04592,2027-01-01,non_retenu,parti
SIM-04593,2027-01-01,non_retenu,reste
SIM-04594,2027-01-01,non_retenu,reste
SIM-04595,2027-01-01,non_retenu,parti
SIM-04596,2027-01-01,non_retenu,reste
SIM-04597,2027-01-01,non_retenu,parti
SIM-04598,2027-01-01,non_retenu,reste
SIM-04599,2027-01-01,non_retenu,parti
SIM-04600,2027-01-01,non_retenu,reste
SIM-04601,2027-01-01,non_retenu,reste
SIM-04602,2027-01-01,non_retenu,reste
SIM-04603,2027-01-01,non_retenu,parti
SIM-04604,2027-01-01,non_retenu,reste
SIM-04605,2027-01-01,non_retenu,parti
SIM-04606,2027-01-01,non_retenu,reste
SIM-04607,2027-01-01,non_retenu,parti
SIM-04608,2027-01-01,non_retenu,parti
SIM-04609,2027-01-01,non_retenu,reste
SIM-04610,2027-01-01,non_retenu,reste
SIM-04611,2027-01-01,non_retenu,parti
SIM-04612,2027-01-01,non_retenu,reste
SIM-04613,2027-01-01,contact,parti
SIM-04614,2027-01-01,non_retenu,reste
SIM-04615,2027-01-01,non_retenu,parti
SIM-04616,2027-01-01,non_retenu,parti
SIM-04617,2027-01-01,non_retenu,parti
SIM-04618,2027-01-01,non_retenu,parti
SIM-04619,2027-01-01,non_retenu,parti
SIM-04620,2027-01-01,non_retenu,parti
SIM-04621,2027-01-01,non_retenu,parti
SIM-04622,2027-01-01,non_retenu,reste
SIM-04623,2027-01-01,non_retenu,reste
SIM-04624,2027-01-01,non_retenu,reste
SIM-04625,2027-01-01,non_retenu,parti
SIM-04626,2027-01-01,non_retenu,reste
SIM-04627,2027-01-01,non_retenu,reste
SIM-04628,2027-01-01,non_retenu,reste
SIM-04629,2027-01-01,non_retenu,reste
SIM-04630,2027-01-01,non_retenu,reste
SIM-04631,2027-01-01,non_retenu,parti
SIM-04632,2027-01-01,non_retenu,reste
SIM-04633,2027-01-01,non_retenu,reste
SIM-04634,2027-01-01,non_retenu,reste
SIM-04635,2027-01-01,non_retenu,reste
SIM-04636,2027-01-01,non_retenu,parti
SIM-04637,2027-01-01,non_retenu,parti
SIM-04638,2027-01-01,non_retenu,reste
SIM-04639,2027-01-01,non_retenu,parti
SIM-04640,2027-01-01,non_retenu,reste
SIM-04641,2027-01-01,non_retenu,reste
SIM-04642,2027-01-01,contact,parti
SIM-04643,2027-01-01,non_retenu,parti
SIM-04644,2027-01-01,non_retenu,parti
SIM-04645,2027-01-01,non_retenu,reste
SIM-04646,2027-01-01,non_retenu,reste
SIM-04647,2027-01-01,non_retenu,parti
SIM-04648,2027-01-01,non_retenu,parti
SIM-04649,2027-01-01,non_retenu,reste
SIM-04650,2027-01-01,non_retenu,parti
SIM-04651,2027-01-01,non_retenu,parti
SIM-04652,2027-01-01,non_retenu,reste
SIM-04653,2027-01-01,non_retenu,parti
SIM-04654,2027-01-01,non_retenu,reste
SIM-04655,2027-01-01,non_retenu,parti
SIM-04656,2027-01-01,non_retenu,parti
SIM-04657,2027-01-01,non_retenu,parti
SIM-04658,2027-01-01,non_retenu,parti
SIM-04659,2027-01-01,non_retenu,reste
SIM-04660,2027-01-01,non_retenu,reste
SIM-04661,2027-01-01,non_retenu,parti
SIM-04662,2027-01-01,non_retenu,reste
SIM-04663,2027-01-01,non_retenu,reste
SIM-04664,2027-01-01,non_retenu,reste
SIM-04665,2027-01-01,non_retenu,reste
SIM-04666,2027-01-01,non_retenu,reste
SIM-04667,2027-01-01,non_retenu,parti
SIM-04668,2027-01-01,non_retenu,reste
SIM-04669,2027-01-01,non_retenu,reste
SIM-04670,2027-01-01,non_retenu,reste
SIM-04671,2027-01-01,non_retenu,parti
SIM-04672,2027-01-01,non_retenu,parti
SIM-04673,2027-01-01,non_retenu,reste
SIM-04674,2027-01-01,non_retenu,reste
SIM-04675,2027-01-01,non_retenu,reste
SIM-04676,2027-01-01,non_retenu,reste
SIM-04677,2027-01-01,non_retenu,reste
SIM-04678,2027-01-01,non_retenu,parti
SIM-04679,2027-01-01,non_retenu,reste
SIM-04680,2027-01-01,non_retenu,reste
SIM-04681,2027-01-01,non_retenu,parti
SIM-04682,2027-01-01,non_retenu,reste
SIM-04683,2027-01-01,non_retenu,parti
SIM-04684,2027-01-01,non_retenu,reste
SIM-04685,2027-01-01,non_retenu,parti
SIM-04686,2027-01-01,non_retenu,reste
SIM-04687,2027-01-01,non_retenu,parti
SIM-04688,2027-01-01,non_retenu,reste
SIM-04689,2027-01-01,non_retenu,parti
SIM-04690,2027-01-01,non_retenu,reste
SIM-04691,2027-01-01,non_retenu,parti
SIM-04692,2027-01-01,non_retenu,parti
SIM-04693,2027-01-01,non_retenu,reste
SIM-04694,2027-01-01,non_retenu,parti
SIM-04695,2027-01-01,non_retenu,reste
SIM-04696,2027-01-01,non_retenu,parti
SIM-04697,2027-01-01,non_retenu,parti
SIM-04698,2027-01-01,non_retenu,reste
SIM-04699,2027-01-01,non_retenu,parti
SIM-04700,2027-01-01,non_retenu,reste
SIM-04701,2027-01-01,non_retenu,reste
SIM-04702,2027-01-01,non_retenu,reste
SIM-04703,2027-01-01,non_retenu,reste
SIM-04704,2027-01-01,non_retenu,reste
SIM-04705,2027-01-01,non_retenu,reste
SIM-04706,2027-01-01,non_retenu,parti
SIM-04707,2027-01-01,non_retenu,parti
SIM-04708,2027-01-01,non_retenu,parti
SIM-04709,2027-01-01,non_retenu,reste
SIM-04710,2027-01-01,non_retenu,reste
SIM-04711,2027-01-01,non_retenu,reste
SIM-04712,2027-01-01,non_retenu,reste
SIM-04713,2027-01-01,contact,parti
SIM-04714,2027-01-01,non_retenu,reste
SIM-04715,2027-01-01,non_retenu,reste
SIM-04716,2027-01-01,non_retenu,reste
SIM-04717,2027-01-01,non_retenu,reste
SIM-04718,2027-01-01,non_retenu,reste
SIM-04719,2027-01-01,non_retenu,reste
SIM-04720,2027-01-01,non_retenu,reste
SIM-04721,2027-01-01,non_retenu,reste
SIM-04722,2027-01-01,non_retenu,reste
SIM-04723,2027-01-01,non_retenu,reste
SIM-04724,2027-01-01,non_retenu,reste
SIM-04725,2027-01-01,non_retenu,reste
SIM-04726,2027-01-01,non_retenu,reste
SIM-04727,2027-01-01,non_retenu,reste
SIM-04728,2027-01-01,non_retenu,reste
SIM-04729,2027-01-01,non_retenu,reste
SIM-04730,2027-01-01,non_retenu,reste
SIM-04731,2027-01-01,non_retenu,parti
SIM-04732,2027-01-01,non_retenu,parti
SIM-04733,2027-01-01,non_retenu,reste
SIM-04734,2027-01-01,non_retenu,parti
SIM-04735,2027-01-01,non_retenu,reste
SIM-04736,2027-01-01,non_retenu,parti
SIM-04737,2027-01-01,contact,parti
SIM-04738,2027-01-01,non_retenu,reste
SIM-04739,2027-01-01,non_retenu,parti
SIM-04740,2027-01-01,non_retenu,reste
SIM-04741,2027-01-01,non_retenu,reste
SIM-04742,2027-01-01,non_retenu,parti
SIM-04743,2027-01-01,non_retenu,reste
SIM-04744,2027-01-01,non_retenu,reste
SIM-04745,2027-01-01,non_retenu,parti
SIM-04746,2027-01-01,non_retenu,reste
SIM-04747,2027-01-01,non_retenu,reste
SIM-04748,2027-01-01,non_retenu,reste
SIM-04749,2027-01-01,non_retenu,parti
SIM-04750,2027-01-01,non_retenu,reste
SIM-04751,2027-01-01,non_retenu,reste
SIM-04752,2027-01-01,contact,reste
SIM-04753,2027-01-01,contact,reste
SIM-04754,2027-01-01,non_retenu,reste
SIM-04755,2027-01-01,non_retenu,reste
SIM-04756,2027-01-01,non_retenu,reste
SIM-04757,2027-01-01,non_retenu,reste
SIM-04758,2027-01-01,non_retenu,reste
SIM-04759,2027-01-01,non_retenu,parti
SIM-04760,2027-01-01,non_retenu,parti
SIM-04761,2027-01-01,non_retenu,reste
SIM-04762,2027-01-01,non_retenu,reste
SIM-04763,2027-01-01,non_retenu,parti
SIM-04764,2027-01-01,non_retenu,reste
SIM-04765,2027-01-01,non_retenu,parti
SIM-04766,2027-01-01,non_retenu,reste
SIM-04767,2027-01-01,non_retenu,reste
SIM-04768,2027-01-01,non_retenu,reste
SIM-04769,2027-01-01,non_retenu,reste
SIM-04770,2027-01-01,non_retenu,parti
SIM-04771,2027-01-01,non_retenu,reste
SIM-04772,2027-01-01,non_retenu,reste
SIM-04773,2027-01-01,non_retenu,reste
SIM-04774,2027-01-01,non_retenu,reste
SIM-04775,2027-01-01,non_retenu,parti
SIM-04776,2027-01-01,non_retenu,parti
SIM-04777,2027-01-01,non_retenu,reste
SIM-04778,2027-01-01,non_retenu,reste
SIM-04779,2027-01-01,non_retenu,reste
SIM-04780,2027-01-01,non_retenu,parti
SIM-04781,2027-01-01,non_retenu,reste
SIM-04782,2027-01-01,non_retenu,parti
SIM-04783,2027-01-01,non_retenu,parti
SIM-04784,2027-01-01,non_retenu,reste
SIM-04785,2027-01-01,non_retenu,reste
SIM-04786,2027-01-01,non_retenu,reste
SIM-04787,2027-01-01,non_retenu,reste
SIM-04788,2027-01-01,non_retenu,reste
SIM-04789,2027-01-01,non_retenu,parti
SIM-04790,2027-01-01,non_retenu,reste
SIM-04791,2027-01-01,non_retenu,parti
SIM-04792,2027-01-01,non_retenu,reste
SIM-04793,2027-01-01,non_retenu,reste
SIM-04794,2027-01-01,non_retenu,reste
SIM-04795,2027-01-01,contact,reste
SIM-04796,2027-01-01,non_retenu,reste
SIM-04797,2027-01-01,non_retenu,parti
SIM-04798,2027-01-01,non_retenu,reste
SIM-04799,2027-01-01,non_retenu,parti
SIM-04800,2027-01-01,non_retenu,reste
SIM-04801,2027-01-01,non_retenu,parti
SIM-04802,2027-01-01,non_retenu,parti
SIM-04803,2027-01-01,non_retenu,reste
SIM-04804,2027-01-01,non_retenu,reste
SIM-04805,2027-01-01,non_retenu,parti
SIM-04806,2027-01-01,non_retenu,reste
SIM-04807,2027-01-01,non_retenu,reste
SIM-04808,2027-01-01,non_retenu,reste
SIM-04809,2027-01-01,non_retenu,reste
SIM-04810,2027-01-01,non_retenu,reste
SIM-04811,2027-01-01,non_retenu,parti
SIM-04812,2027-01-01,non_retenu,reste
SIM-04813,2027-01-01,non_retenu,reste
SIM-04814,2027-01-01,non_retenu,reste
SIM-04815,2027-01-01,non_retenu,reste
SIM-04816,2027-01-01,non_retenu,parti
SIM-04817,2027-01-01,non_retenu,parti
SIM-04818,2027-01-01,non_retenu,reste
SIM-04819,2027-01-01,non_retenu,reste
SIM-04820,2027-01-01,non_retenu,reste
SIM-04821,2027-01-01,non_retenu,parti
SIM-04822,2027-01-01,non_retenu,parti
SIM-04823,2027-01-01,non_retenu,parti
SIM-04824,2027-01-01,non_retenu,parti
SIM-04825,2027-01-01,non_retenu,reste
SIM-04826,2027-01-01,non_retenu,parti
SIM-04827,2027-01-01,non_retenu,reste
SIM-04828,2027-01-01,non_retenu,reste
SIM-04829,2027-01-01,non_retenu,reste
SIM-04830,2027-01-01,non_retenu,reste
SIM-04831,2027-01-01,non_retenu,reste
SIM-04832,2027-01-01,non_retenu,parti
SIM-04833,2027-01-01,non_retenu,parti
SIM-04834,2027-01-01,non_retenu,reste
SIM-04835,2027-01-01,non_retenu,parti
SIM-04836,2027-01-01,non_retenu,reste
SIM-04837,2027-01-01,non_retenu,reste
SIM-04838,2027-01-01,non_retenu,reste
SIM-04839,2027-01-01,non_retenu,reste
SIM-04840,2027-01-01,non_retenu,reste
SIM-04841,2027-01-01,non_retenu,parti
SIM-04842,2027-01-01,non_retenu,parti
SIM-04843,2027-01-01,non_retenu,parti
SIM-04844,2027-01-01,non_retenu,reste
SIM-04845,2027-01-01,non_retenu,reste
SIM-04846,2027-01-01,non_retenu,reste
SIM-04847,2027-01-01,non_retenu,reste
SIM-04848,2027-01-01,non_retenu,parti
SIM-04849,2027-01-01,non_retenu,reste
SIM-04850,2027-01-01,non_retenu,reste
SIM-04851,2027-01-01,non_retenu,parti
SIM-04852,2027-01-01,non_retenu,parti
SIM-04853,2027-01-01,non_retenu,parti
SIM-04854,2027-01-01,non_retenu,reste
SIM-04855,2027-01-01,non_retenu,reste
SIM-04856,2027-01-01,non_retenu,reste
SIM-04857,2027-01-01,non_retenu,reste
SIM-04858,2027-01-01,non_retenu,reste
SIM-04859,2027-01-01,non_retenu,reste
SIM-04860,2027-01-01,non_retenu,reste
SIM-04861,2027-01-01,non_retenu,reste
SIM-04862,2027-01-01,non_retenu,reste
SIM-04863,2027-01-01,non_retenu,parti
SIM-04864,2027-01-01,non_retenu,reste
SIM-04865,2027-01-01,non_retenu,reste
SIM-04866,2027-01-01,non_retenu,reste
SIM-04867,2027-01-01,non_retenu,reste
SIM-04868,2027-01-01,non_retenu,parti
SIM-04869,2027-01-01,non_retenu,parti
SIM-04870,2027-01-01,non_retenu,reste
SIM-04871,2027-01-01,temoin,parti
SIM-04872,2027-01-01,non_retenu,parti
SIM-04873,2027-01-01,non_retenu,reste
SIM-04874,2027-01-01,non_retenu,parti
SIM-04875,2027-01-01,non_retenu,parti
SIM-04876,2027-01-01,non_retenu,reste
SIM-04877,2027-01-01,non_retenu,reste
SIM-04878,2027-01-01,non_retenu,parti
SIM-04879,2027-01-01,non_retenu,reste
SIM-04880,2027-01-01,non_retenu,reste
SIM-04881,2027-01-01,non_retenu,reste
SIM-04882,2027-01-01,non_retenu,reste
SIM-04883,2027-01-01,non_retenu,parti
SIM-04884,2027-01-01,non_retenu,reste
SIM-04885,2027-01-01,non_retenu,reste
SIM-04886,2027-01-01,non_retenu,parti
SIM-04887,2027-01-01,non_retenu,reste
SIM-04888,2027-01-01,non_retenu,parti
SIM-04889,2027-01-01,non_retenu,reste
SIM-04890,2027-01-01,non_retenu,reste
SIM-04891,2027-01-01,non_retenu,reste
SIM-04892,2027-01-01,non_retenu,reste
SIM-04893,2027-01-01,non_retenu,reste
SIM-04894,2027-01-01,non_retenu,parti
SIM-04895,2027-01-01,non_retenu,reste
SIM-04896,2027-01-01,non_retenu,reste
SIM-04897,2027-01-01,non_retenu,reste
SIM-04898,2027-01-01,non_retenu,reste
SIM-04899,2027-01-01,non_retenu,reste
SIM-04900,2027-01-01,non_retenu,reste
SIM-04901,2027-01-01,non_retenu,reste
SIM-04902,2027-01-01,non_retenu,parti
SIM-04903,2027-01-01,non_retenu,parti
SIM-04904,2027-01-01,non_retenu,reste
SIM-04905,2027-01-01,non_retenu,reste
SIM-04906,2027-01-01,non_retenu,parti
SIM-04907,2027-01-01,non_retenu,reste
SIM-04908,2027-01-01,non_retenu,parti
SIM-04909,2027-01-01,non_retenu,reste
SIM-04910,2027-01-01,non_retenu,parti
SIM-04911,2027-01-01,non_retenu,parti
SIM-04912,2027-01-01,non_retenu,reste
SIM-04913,2027-01-01,non_retenu,parti
SIM-04914,2027-01-01,non_retenu,reste
SIM-04915,2027-01-01,non_retenu,reste
SIM-04916,2027-01-01,non_retenu,reste
SIM-04917,2027-01-01,temoin,parti
SIM-04918,2027-01-01,non_retenu,reste
SIM-04919,2027-01-01,non_retenu,reste
SIM-04920,2027-01-01,non_retenu,reste
SIM-04921,2027-01-01,non_retenu,reste
SIM-04922,2027-01-01,non_retenu,reste
SIM-04923,2027-01-01,non_retenu,reste
SIM-04924,2027-01-01,non_retenu,reste
SIM-04925,2027-01-01,non_retenu,parti
SIM-04926,2027-01-01,non_retenu,reste
SIM-04927,2027-01-01,non_retenu,parti
SIM-04928,2027-01-01,non_retenu,parti
SIM-04929,2027-01-01,non_retenu,reste
SIM-04930,2027-01-01,non_retenu,reste
SIM-04931,2027-01-01,non_retenu,parti
SIM-04932,2027-01-01,non_retenu,parti
SIM-04933,2027-01-01,non_retenu,reste
SIM-04934,2027-01-01,non_retenu,parti
SIM-04935,2027-01-01,non_retenu,parti
SIM-04936,2027-01-01,non_retenu,parti
SIM-04937,2027-01-01,non_retenu,reste
SIM-04938,2027-01-01,non_retenu,parti
SIM-04939,2027-01-01,non_retenu,reste
SIM-04940,2027-01-01,non_retenu,reste
SIM-04941,2027-01-01,non_retenu,parti
SIM-04942,2027-01-01,non_retenu,reste
SIM-04943,2027-01-01,non_retenu,parti
SIM-04944,2027-01-01,non_retenu,reste
SIM-04945,2027-01-01,non_retenu,reste
SIM-04946,2027-01-01,non_retenu,parti
SIM-04947,2027-01-01,non_retenu,parti
SIM-04948,2027-01-01,non_retenu,reste
SIM-04949,2027-01-01,non_retenu,parti
SIM-04950,2027-01-01,non_retenu,reste
SIM-04951,2027-01-01,non_retenu,reste
SIM-04952,2027-01-01,non_retenu,reste
SIM-04953,2027-01-01,non_retenu,parti
SIM-04954,2027-01-01,non_retenu,parti
SIM-04955,2027-01-01,non_retenu,parti
SIM-04956,2027-01-01,non_retenu,parti
SIM-04957,2027-01-01,non_retenu,reste
SIM-04958,2027-01-01,non_retenu,parti
SIM-04959,2027-01-01,non_retenu,reste
SIM-04960,2027-01-01,non_retenu,reste
SIM-04961,2027-01-01,contact,parti
SIM-04962,2027-01-01,non_retenu,reste
SIM-04963,2027-01-01,non_retenu,reste
SIM-04964,2027-01-01,non_retenu,parti
