client_id,mois_liste,groupe,resultat_3_mois
CLI-004593,2026-12-01,non_retenu,reste
CLI-003145,2026-12-01,non_retenu,parti
CLI-002921,2026-12-01,non_retenu,reste
CLI-000847,2026-12-01,contact,reste
CLI-000228,2026-12-01,non_retenu,reste
CLI-000782,2026-12-01,non_retenu,reste
CLI-000970,2026-12-01,non_retenu,parti
CLI-004120,2026-12-01,non_retenu,reste
CLI-001369,2026-12-01,non_retenu,reste
CLI-002764,2026-12-01,non_retenu,parti
CLI-000236,2026-12-01,non_retenu,reste
CLI-000261,2026-12-01,non_retenu,reste
CLI-003239,2026-12-01,non_retenu,reste
CLI-002869,2026-12-01,non_retenu,reste
CLI-004392,2026-12-01,non_retenu,parti
CLI-002113,2026-12-01,non_retenu,parti
CLI-002329,2026-12-01,non_retenu,reste
CLI-000305,2026-12-01,non_retenu,parti
CLI-002543,2026-12-01,non_retenu,reste
CLI-003431,2026-12-01,non_retenu,reste
CLI-000676,2026-12-01,non_retenu,reste
CLI-004211,2026-12-01,non_retenu,reste
CLI-003394,2026-12-01,non_retenu,reste
CLI-000854,2026-12-01,non_retenu,reste
CLI-003687,2026-12-01,non_retenu,reste
CLI-003033,2026-12-01,non_retenu,reste
CLI-003540,2026-12-01,non_retenu,reste
CLI-003877,2026-12-01,non_retenu,parti
CLI-001695,2026-12-01,non_retenu,reste
CLI-002671,2026-12-01,non_retenu,reste
CLI-004258,2026-12-01,non_retenu,reste
CLI-000319,2026-12-01,non_retenu,reste
CLI-003202,2026-12-01,non_retenu,reste
CLI-002011,2026-12-01,non_retenu,reste
CLI-001408,2026-12-01,non_retenu,reste
CLI-002478,2026-12-01,non_retenu,reste
SIM-00001,2026-12-01,non_retenu,parti
SIM-00002,2026-12-01,non_retenu,reste
SIM-00003,2026-12-01,non_retenu,reste
SIM-00004,2026-12-01,non_retenu,reste
SIM-00005,2026-12-01,non_retenu,reste
SIM-00006,2026-12-01,non_retenu,reste
SIM-00007,2026-12-01,contact,reste
SIM-00008,2026-12-01,non_retenu,parti
SIM-00009,2026-12-01,non_retenu,reste
SIM-00010,2026-12-01,non_retenu,parti
SIM-00011,2026-12-01,non_retenu,reste
SIM-00012,2026-12-01,non_retenu,parti
SIM-00013,2026-12-01,non_retenu,parti
SIM-00014,2026-12-01,non_retenu,parti
SIM-00015,2026-12-01,non_retenu,reste
SIM-00016,2026-12-01,non_retenu,parti
SIM-00017,2026-12-01,non_retenu,reste
SIM-00018,2026-12-01,non_retenu,reste
SIM-00019,2026-12-01,non_retenu,parti
SIM-00020,2026-12-01,non_retenu,parti
SIM-00021,2026-12-01,non_retenu,reste
SIM-00022,2026-12-01,non_retenu,reste
SIM-00023,2026-12-01,non_retenu,reste
SIM-00024,2026-12-01,non_retenu,parti
SIM-00025,2026-12-01,non_retenu,reste
SIM-00026,2026-12-01,non_retenu,reste
SIM-00027,2026-12-01,non_retenu,reste
SIM-00028,2026-12-01,non_retenu,parti
SIM-00029,2026-12-01,non_retenu,reste
SIM-00030,2026-12-01,non_retenu,reste
SIM-00031,2026-12-01,non_retenu,reste
SIM-00032,2026-12-01,non_retenu,parti
SIM-00033,2026-12-01,non_retenu,parti
SIM-00034,2026-12-01,contact,parti
SIM-00035,2026-12-01,non_retenu,parti
SIM-00036,2026-12-01,non_retenu,reste
SIM-00037,2026-12-01,non_retenu,reste
SIM-00038,2026-12-01,non_retenu,reste
SIM-00039,2026-12-01,non_retenu,parti
SIM-00040,2026-12-01,non_retenu,parti
SIM-00041,2026-12-01,non_retenu,parti
SIM-00042,2026-12-01,non_retenu,parti
SIM-00043,2026-12-01,non_retenu,parti
SIM-00044,2026-12-01,non_retenu,parti
SIM-00045,2026-12-01,non_retenu,reste
SIM-00046,2026-12-01,non_retenu,parti
SIM-00047,2026-12-01,non_retenu,reste
SIM-00048,2026-12-01,non_retenu,reste
SIM-00049,2026-12-01,non_retenu,reste
SIM-00050,2026-12-01,non_retenu,reste
SIM-00051,2026-12-01,non_retenu,parti
SIM-00052,2026-12-01,non_retenu,reste
SIM-00053,2026-12-01,non_retenu,reste
SIM-00054,2026-12-01,non_retenu,parti
SIM-00055,2026-12-01,non_retenu,parti
SIM-00056,2026-12-01,non_retenu,reste
SIM-00057,2026-12-01,non_retenu,reste
SIM-00058,2026-12-01,non_retenu,parti
SIM-00059,2026-12-01,non_retenu,parti
SIM-00060,2026-12-01,non_retenu,reste
SIM-00061,2026-12-01,non_retenu,reste
SIM-00062,2026-12-01,non_retenu,reste
SIM-00063,2026-12-01,non_retenu,parti
SIM-00064,2026-12-01,non_retenu,reste
SIM-00065,2026-12-01,non_retenu,reste
SIM-00066,2026-12-01,non_retenu,reste
SIM-00067,2026-12-01,contact,parti
SIM-00068,2026-12-01,non_retenu,reste
SIM-00069,2026-12-01,non_retenu,reste
SIM-00070,2026-12-01,non_retenu,parti
SIM-00071,2026-12-01,non_retenu,parti
SIM-00072,2026-12-01,non_retenu,reste
SIM-00073,2026-12-01,non_retenu,reste
SIM-00074,2026-12-01,non_retenu,reste
SIM-00075,2026-12-01,non_retenu,reste
SIM-00076,2026-12-01,non_retenu,reste
SIM-00077,2026-12-01,non_retenu,parti
SIM-00078,2026-12-01,non_retenu,reste
SIM-00079,2026-12-01,non_retenu,reste
SIM-00080,2026-12-01,non_retenu,reste
SIM-00081,2026-12-01,non_retenu,reste
SIM-00082,2026-12-01,non_retenu,reste
SIM-00083,2026-12-01,non_retenu,reste
SIM-00084,2026-12-01,non_retenu,reste
SIM-00085,2026-12-01,non_retenu,reste
SIM-00086,2026-12-01,non_retenu,reste
SIM-00087,2026-12-01,non_retenu,parti
SIM-00088,2026-12-01,non_retenu,reste
SIM-00089,2026-12-01,non_retenu,reste
SIM-00090,2026-12-01,non_retenu,parti
SIM-00091,2026-12-01,contact,parti
SIM-00092,2026-12-01,non_retenu,reste
SIM-00093,2026-12-01,non_retenu,reste
SIM-00094,2026-12-01,non_retenu,reste
SIM-00095,2026-12-01,non_retenu,reste
SIM-00096,2026-12-01,non_retenu,reste
SIM-00097,2026-12-01,non_retenu,reste
SIM-00098,2026-12-01,non_retenu,reste
SIM-00099,2026-12-01,non_retenu,reste
SIM-00100,2026-12-01,non_retenu,reste
SIM-00101,2026-12-01,non_retenu,reste
SIM-00102,2026-12-01,non_retenu,reste
SIM-00103,2026-12-01,non_retenu,reste
SIM-00104,2026-12-01,non_retenu,parti
SIM-00105,2026-12-01,contact,reste
SIM-00106,2026-12-01,contact,reste
SIM-00107,2026-12-01,non_retenu,reste
SIM-00108,2026-12-01,non_retenu,reste
SIM-00109,2026-12-01,non_retenu,parti
SIM-00110,2026-12-01,non_retenu,parti
SIM-00111,2026-12-01,non_retenu,parti
SIM-00112,2026-12-01,non_retenu,parti
SIM-00113,2026-12-01,non_retenu,parti
SIM-00114,2026-12-01,non_retenu,reste
SIM-00115,2026-12-01,non_retenu,reste
SIM-00116,2026-12-01,non_retenu,reste
SIM-00117,2026-12-01,non_retenu,reste
SIM-00118,2026-12-01,non_retenu,reste
SIM-00119,2026-12-01,non_retenu,parti
SIM-00120,2026-12-01,non_retenu,reste
SIM-00121,2026-12-01,non_retenu,reste
SIM-00122,2026-12-01,non_retenu,reste
SIM-00123,2026-12-01,non_retenu,reste
SIM-00124,2026-12-01,non_retenu,reste
SIM-00125,2026-12-01,non_retenu,parti
SIM-00126,2026-12-01,non_retenu,reste
SIM-00127,2026-12-01,non_retenu,reste
SIM-00128,2026-12-01,non_retenu,parti
SIM-00129,2026-12-01,non_retenu,reste
SIM-00130,2026-12-01,non_retenu,parti
SIM-00131,2026-12-01,non_retenu,parti
SIM-00132,2026-12-01,non_retenu,reste
SIM-00133,2026-12-01,non_retenu,reste
SIM-00134,2026-12-01,non_retenu,parti
SIM-00135,2026-12-01,non_retenu,parti
SIM-00136,2026-12-01,non_retenu,parti
SIM-00137,2026-12-01,non_retenu,reste
SIM-00138,2026-12-01,non_retenu,parti
SIM-00139,2026-12-01,non_retenu,reste
SIM-00140,2026-12-01,non_retenu,reste
SIM-00141,2026-12-01,non_retenu,reste
SIM-00142,2026-12-01,non_retenu,parti
SIM-00143,2026-12-01,non_retenu,parti
SIM-00144,2026-12-01,non_retenu,reste
SIM-00145,2026-12-01,non_retenu,reste
SIM-00146,2026-12-01,non_retenu,reste
SIM-00147,2026-12-01,non_retenu,reste
SIM-00148,2026-12-01,non_retenu,parti
SIM-00149,2026-12-01,non_retenu,reste
SIM-00150,2026-12-01,non_retenu,parti
SIM-00151,2026-12-01,non_retenu,reste
SIM-00152,2026-12-01,non_retenu,reste
SIM-00153,2026-12-01,non_retenu,reste
SIM-00154,2026-12-01,non_retenu,reste
SIM-00155,2026-12-01,non_retenu,reste
SIM-00156,2026-12-01,non_retenu,reste
SIM-00157,2026-12-01,non_retenu,reste
SIM-00158,2026-12-01,non_retenu,reste
SIM-00159,2026-12-01,non_retenu,reste
SIM-00160,2026-12-01,non_retenu,reste
SIM-00161,2026-12-01,non_retenu,parti
SIM-00162,2026-12-01,non_retenu,reste
SIM-00163,2026-12-01,non_retenu,reste
SIM-00164,2026-12-01,non_retenu,reste
SIM-00165,2026-12-01,non_retenu,reste
SIM-00166,2026-12-01,non_retenu,reste
SIM-00167,2026-12-01,non_retenu,parti
SIM-00168,2026-12-01,non_retenu,reste
SIM-00169,2026-12-01,contact,parti
SIM-00170,2026-12-01,non_retenu,parti
SIM-00171,2026-12-01,non_retenu,reste
SIM-00172,2026-12-01,non_retenu,reste
SIM-00173,2026-12-01,non_retenu,parti
SIM-00174,2026-12-01,non_retenu,reste
SIM-00175,2026-12-01,non_retenu,reste
SIM-00176,2026-12-01,non_retenu,reste
SIM-00177,2026-12-01,non_retenu,reste
SIM-00178,2026-12-01,non_retenu,parti
SIM-00179,2026-12-01,non_retenu,parti
SIM-00180,2026-12-01,contact,reste
SIM-00181,2026-12-01,non_retenu,reste
SIM-00182,2026-12-01,non_retenu,reste
SIM-00183,2026-12-01,non_retenu,reste
SIM-00184,2026-12-01,non_retenu,reste
SIM-00185,2026-12-01,non_retenu,reste
SIM-00186,2026-12-01,non_retenu,reste
SIM-00187,2026-12-01,non_retenu,reste
SIM-00188,2026-12-01,non_retenu,parti
SIM-00189,2026-12-01,non_retenu,reste
SIM-00190,2026-12-01,non_retenu,parti
SIM-00191,2026-12-01,non_retenu,reste
SIM-00192,2026-12-01,non_retenu,reste
SIM-00193,2026-12-01,non_retenu,parti
SIM-00194,2026-12-01,non_retenu,reste
SIM-00195,2026-12-01,non_retenu,reste
SIM-00196,2026-12-01,non_retenu,reste
SIM-00197,2026-12-01,non_retenu,reste
SIM-00198,2026-12-01,non_retenu,reste
SIM-00199,2026-12-01,non_retenu,reste
SIM-00200,2026-12-01,non_retenu,reste
SIM-00201,2026-12-01,non_retenu,parti
SIM-00202,2026-12-01,non_retenu,reste
SIM-00203,2026-12-01,non_retenu,parti
SIM-00204,2026-12-01,non_retenu,reste
SIM-00205,2026-12-01,non_retenu,parti
SIM-00206,2026-12-01,non_retenu,reste
SIM-00207,2026-12-01,non_retenu,reste
SIM-00208,2026-12-01,non_retenu,reste
SIM-00209,2026-12-01,non_retenu,parti
SIM-00210,2026-12-01,non_retenu,reste
SIM-00211,2026-12-01,non_retenu,parti
SIM-00212,2026-12-01,non_retenu,reste
SIM-00213,2026-12-01,non_retenu,reste
SIM-00214,2026-12-01,contact,parti
SIM-00215,2026-12-01,non_retenu,reste
SIM-00216,2026-12-01,non_retenu,parti
SIM-00217,2026-12-01,non_retenu,parti
SIM-00218,2026-12-01,non_retenu,parti
SIM-00219,2026-12-01,non_retenu,parti
SIM-00220,2026-12-01,non_retenu,reste
SIM-00221,2026-12-01,non_retenu,reste
SIM-00222,2026-12-01,temoin,parti
SIM-00223,2026-12-01,non_retenu,reste
SIM-00224,2026-12-01,non_retenu,parti
SIM-00225,2026-12-01,non_retenu,parti
SIM-00226,2026-12-01,non_retenu,parti
SIM-00227,2026-12-01,non_retenu,reste
SIM-00228,2026-12-01,non_retenu,reste
SIM-00229,2026-12-01,non_retenu,parti
SIM-00230,2026-12-01,non_retenu,parti
SIM-00231,2026-12-01,non_retenu,reste
SIM-00232,2026-12-01,non_retenu,parti
SIM-00233,2026-12-01,non_retenu,parti
SIM-00234,2026-12-01,non_retenu,reste
SIM-00235,2026-12-01,non_retenu,reste
SIM-00236,2026-12-01,non_retenu,parti
SIM-00237,2026-12-01,non_retenu,parti
SIM-00238,2026-12-01,non_retenu,reste
SIM-00239,2026-12-01,non_retenu,parti
SIM-00240,2026-12-01,non_retenu,reste
SIM-00241,2026-12-01,non_retenu,parti
SIM-00242,2026-12-01,non_retenu,reste
SIM-00243,2026-12-01,non_retenu,reste
SIM-00244,2026-12-01,non_retenu,parti
SIM-00245,2026-12-01,non_retenu,reste
SIM-00246,2026-12-01,non_retenu,reste
SIM-00247,2026-12-01,non_retenu,reste
SIM-00248,2026-12-01,non_retenu,reste
SIM-00249,2026-12-01,non_retenu,reste
SIM-00250,2026-12-01,non_retenu,reste
SIM-00251,2026-12-01,non_retenu,reste
SIM-00252,2026-12-01,non_retenu,reste
SIM-00253,2026-12-01,non_retenu,reste
SIM-00254,2026-12-01,non_retenu,reste
SIM-00255,2026-12-01,non_retenu,reste
SIM-00256,2026-12-01,non_retenu,reste
SIM-00257,2026-12-01,non_retenu,reste
SIM-00258,2026-12-01,non_retenu,reste
SIM-00259,2026-12-01,non_retenu,parti
SIM-00260,2026-12-01,non_retenu,parti
SIM-00261,2026-12-01,non_retenu,reste
SIM-00262,2026-12-01,non_retenu,reste
SIM-00263,2026-12-01,non_retenu,reste
SIM-00264,2026-12-01,non_retenu,reste
SIM-00265,2026-12-01,non_retenu,reste
SIM-00266,2026-12-01,non_retenu,parti
SIM-00267,2026-12-01,non_retenu,parti
SIM-00268,2026-12-01,non_retenu,parti
SIM-00269,2026-12-01,non_retenu,reste
SIM-00270,2026-12-01,non_retenu,reste
SIM-00271,2026-12-01,non_retenu,parti
SIM-00272,2026-12-01,non_retenu,reste
SIM-00273,2026-12-01,non_retenu,reste
SIM-00274,2026-12-01,non_retenu,reste
SIM-00275,2026-12-01,non_retenu,reste
SIM-00276,2026-12-01,non_retenu,parti
SIM-00277,2026-12-01,non_retenu,reste
SIM-00278,2026-12-01,non_retenu,reste
SIM-00279,2026-12-01,contact,reste
SIM-00280,2026-12-01,non_retenu,reste
SIM-00281,2026-12-01,non_retenu,reste
SIM-00282,2026-12-01,non_retenu,reste
SIM-00283,2026-12-01,non_retenu,reste
SIM-00284,2026-12-01,non_retenu,reste
SIM-00285,2026-12-01,non_retenu,reste
SIM-00286,2026-12-01,non_retenu,reste
SIM-00287,2026-12-01,non_retenu,reste
SIM-00288,2026-12-01,non_retenu,reste
SIM-00289,2026-12-01,non_retenu,reste
SIM-00290,2026-12-01,non_retenu,parti
SIM-00291,2026-12-01,non_retenu,parti
SIM-00292,2026-12-01,non_retenu,reste
SIM-00293,2026-12-01,non_retenu,reste
SIM-00294,2026-12-01,non_retenu,reste
SIM-00295,2026-12-01,non_retenu,reste
SIM-00296,2026-12-01,non_retenu,reste
SIM-00297,2026-12-01,non_retenu,reste
SIM-00298,2026-12-01,non_retenu,parti
SIM-00299,2026-12-01,non_retenu,reste
SIM-00300,2026-12-01,non_retenu,reste
SIM-00301,2026-12-01,non_retenu,parti
SIM-00302,2026-12-01,non_retenu,parti
SIM-00303,2026-12-01,non_retenu,reste
SIM-00304,2026-12-01,non_retenu,reste
SIM-00305,2026-12-01,non_retenu,parti
SIM-00306,2026-12-01,non_retenu,parti
SIM-00307,2026-12-01,non_retenu,parti
SIM-00308,2026-12-01,non_retenu,reste
SIM-00309,2026-12-01,non_retenu,reste
SIM-00310,2026-12-01,non_retenu,reste
SIM-00311,2026-12-01,non_retenu,reste
SIM-00312,2026-12-01,non_retenu,parti
SIM-00313,2026-12-01,non_retenu,reste
SIM-00314,2026-12-01,non_retenu,reste
SIM-00315,2026-12-01,non_retenu,reste
SIM-00316,2026-12-01,non_retenu,reste
SIM-00317,2026-12-01,non_retenu,reste
SIM-00318,2026-12-01,non_retenu,parti
SIM-00319,2026-12-01,non_retenu,reste
SIM-00320,2026-12-01,non_retenu,reste
SIM-00321,2026-12-01,non_retenu,parti
SIM-00322,2026-12-01,non_retenu,parti
SIM-00323,2026-12-01,non_retenu,reste
SIM-00324,2026-12-01,non_retenu,reste
SIM-00325,2026-12-01,non_retenu,reste
SIM-00326,2026-12-01,non_retenu,reste
SIM-00327,2026-12-01,non_retenu,reste
SIM-00328,2026-12-01,non_retenu,parti
SIM-00329,2026-12-01,non_retenu,reste
SIM-00330,2026-12-01,non_retenu,reste
SIM-00331,2026-12-01,non_retenu,reste
SIM-00332,2026-12-01,non_retenu,reste
SIM-00333,2026-12-01,non_retenu,parti
SIM-00334,2026-12-01,non_retenu,parti
SIM-00335,2026-12-01,non_retenu,reste
SIM-00336,2026-12-01,non_retenu,parti
SIM-00337,2026-12-01,non_retenu,reste
SIM-00338,2026-12-01,non_retenu,reste
SIM-00339,2026-12-01,non_retenu,parti
SIM-00340,2026-12-01,non_retenu,reste
SIM-00341,2026-12-01,non_retenu,reste
SIM-00342,2026-12-01,non_retenu,parti
SIM-00343,2026-12-01,non_retenu,parti
SIM-00344,2026-12-01,non_retenu,reste
SIM-00345,2026-12-01,non_retenu,reste
SIM-00346,2026-12-01,non_retenu,reste
SIM-00347,2026-12-01,non_retenu,parti
SIM-00348,2026-12-01,non_retenu,parti
SIM-00349,2026-12-01,non_retenu,reste
SIM-00350,2026-12-01,non_retenu,parti
SIM-00351,2026-12-01,non_retenu,reste
SIM-00352,2026-12-01,non_retenu,reste
SIM-00353,2026-12-01,non_retenu,parti
SIM-00354,2026-12-01,non_retenu,reste
SIM-00355,2026-12-01,non_retenu,reste
SIM-00356,2026-12-01,non_retenu,reste
SIM-00357,2026-12-01,non_retenu,reste
SIM-00358,2026-12-01,non_retenu,reste
SIM-00359,2026-12-01,non_retenu,reste
SIM-00360,2026-12-01,non_retenu,reste
SIM-00361,2026-12-01,non_retenu,reste
SIM-00362,2026-12-01,non_retenu,parti
SIM-00363,2026-12-01,non_retenu,reste
SIM-00364,2026-12-01,non_retenu,reste
SIM-00365,2026-12-01,non_retenu,reste
SIM-00366,2026-12-01,non_retenu,reste
SIM-00367,2026-12-01,non_retenu,parti
SIM-00368,2026-12-01,non_retenu,reste
SIM-00369,2026-12-01,non_retenu,reste
SIM-00370,2026-12-01,non_retenu,parti
SIM-00371,2026-12-01,non_retenu,parti
SIM-00372,2026-12-01,non_retenu,reste
SIM-00373,2026-12-01,non_retenu,reste
SIM-00374,2026-12-01,non_retenu,parti
SIM-00375,2026-12-01,contact,parti
SIM-00376,2026-12-01,non_retenu,parti
SIM-00377,2026-12-01,non_retenu,reste
SIM-00378,2026-12-01,non_retenu,reste
SIM-00379,2026-12-01,non_retenu,reste
SIM-00380,2026-12-01,non_retenu,parti
SIM-00381,2026-12-01,non_retenu,reste
SIM-00382,2026-12-01,non_retenu,reste
SIM-00383,2026-12-01,non_retenu,reste
SIM-00384,2026-12-01,non_retenu,reste
SIM-00385,2026-12-01,non_retenu,reste
SIM-00386,2026-12-01,non_retenu,parti
SIM-00387,2026-12-01,non_retenu,reste
SIM-00388,2026-12-01,non_retenu,parti
SIM-00389,2026-12-01,non_retenu,reste
SIM-00390,2026-12-01,non_retenu,reste
SIM-00391,2026-12-01,non_retenu,reste
SIM-00392,2026-12-01,non_retenu,reste
SIM-00393,2026-12-01,non_retenu,parti
SIM-00394,2026-12-01,non_retenu,reste
SIM-00395,2026-12-01,non_retenu,parti
SIM-00396,2026-12-01,non_retenu,reste
SIM-00397,2026-12-01,non_retenu,reste
SIM-00398,2026-12-01,non_retenu,parti
SIM-00399,2026-12-01,non_retenu,parti
SIM-00400,2026-12-01,non_retenu,parti
SIM-00401,2026-12-01,non_retenu,parti
SIM-00402,2026-12-01,non_retenu,reste
SIM-00403,2026-12-01,non_retenu,reste
SIM-00404,2026-12-01,non_retenu,reste
SIM-00405,2026-12-01,non_retenu,reste
SIM-00406,2026-12-01,non_retenu,reste
SIM-00407,2026-12-01,non_retenu,reste
SIM-00408,2026-12-01,non_retenu,reste
SIM-00409,2026-12-01,contact,parti
SIM-00410,2026-12-01,non_retenu,reste
SIM-00411,2026-12-01,non_retenu,parti
SIM-00412,2026-12-01,non_retenu,reste
SIM-00413,2026-12-01,non_retenu,parti
SIM-00414,2026-12-01,non_retenu,reste
SIM-00415,2026-12-01,non_retenu,parti
SIM-00416,2026-12-01,non_retenu,parti
SIM-00417,2026-12-01,non_retenu,reste
SIM-00418,2026-12-01,contact,parti
SIM-00419,2026-12-01,non_retenu,reste
SIM-00420,2026-12-01,non_retenu,reste
SIM-00421,2026-12-01,non_retenu,parti
SIM-00422,2026-12-01,non_retenu,reste
SIM-00423,2026-12-01,non_retenu,reste
SIM-00424,2026-12-01,non_retenu,reste
SIM-00425,2026-12-01,non_retenu,reste
SIM-00426,2026-12-01,non_retenu,reste
SIM-00427,2026-12-01,non_retenu,reste
SIM-00428,2026-12-01,non_retenu,reste
SIM-00429,2026-12-01,non_retenu,reste
SIM-00430,2026-12-01,contact,parti
SIM-00431,2026-12-01,non_retenu,reste
SIM-00432,2026-12-01,non_retenu,reste
SIM-00433,2026-12-01,non_retenu,reste
SIM-00434,2026-12-01,non_retenu,parti
SIM-00435,2026-12-01,non_retenu,parti
SIM-00436,2026-12-01,non_retenu,reste
SIM-00437,2026-12-01,non_retenu,reste
SIM-00438,2026-12-01,non_retenu,reste
SIM-00439,2026-12-01,non_retenu,parti
SIM-00440,2026-12-01,non_retenu,parti
SIM-00441,2026-12-01,non_retenu,parti
SIM-00442,2026-12-01,non_retenu,reste
SIM-00443,2026-12-01,non_retenu,reste
SIM-00444,2026-12-01,non_retenu,parti
SIM-00445,2026-12-01,non_retenu,reste
SIM-00446,2026-12-01,non_retenu,reste
SIM-00447,2026-12-01,non_retenu,reste
SIM-00448,2026-12-01,non_retenu,reste
SIM-00449,2026-12-01,non_retenu,reste
SIM-00450,2026-12-01,non_retenu,reste
SIM-00451,2026-12-01,non_retenu,reste
SIM-00452,2026-12-01,non_retenu,reste
SIM-00453,2026-12-01,non_retenu,parti
SIM-00454,2026-12-01,non_retenu,reste
SIM-00455,2026-12-01,non_retenu,parti
SIM-00456,2026-12-01,non_retenu,parti
SIM-00457,2026-12-01,non_retenu,reste
SIM-00458,2026-12-01,non_retenu,reste
SIM-00459,2026-12-01,non_retenu,parti
SIM-00460,2026-12-01,non_retenu,reste
SIM-00461,2026-12-01,non_retenu,parti
SIM-00462,2026-12-01,non_retenu,reste
SIM-00463,2026-12-01,non_retenu,reste
SIM-00464,2026-12-01,non_retenu,reste
SIM-00465,2026-12-01,non_retenu,parti
SIM-00466,2026-12-01,non_retenu,reste
SIM-00467,2026-12-01,non_retenu,reste
SIM-00468,2026-12-01,non_retenu,reste
SIM-00469,2026-12-01,non_retenu,reste
SIM-00470,2026-12-01,non_retenu,reste
SIM-00471,2026-12-01,non_retenu,reste
SIM-00472,2026-12-01,non_retenu,reste
SIM-00473,2026-12-01,non_retenu,reste
SIM-00474,2026-12-01,non_retenu,reste
SIM-00475,2026-12-01,non_retenu,reste
SIM-00476,2026-12-01,non_retenu,reste
SIM-00477,2026-12-01,non_retenu,reste
SIM-00478,2026-12-01,non_retenu,reste
SIM-00479,2026-12-01,non_retenu,parti
SIM-00480,2026-12-01,non_retenu,reste
SIM-00481,2026-12-01,non_retenu,reste
SIM-00482,2026-12-01,non_retenu,reste
SIM-00483,2026-12-01,non_retenu,reste
SIM-00484,2026-12-01,non_retenu,reste
SIM-00485,2026-12-01,non_retenu,reste
SIM-00486,2026-12-01,non_retenu,reste
SIM-00487,2026-12-01,non_retenu,reste
SIM-00488,2026-12-01,non_retenu,parti
SIM-00489,2026-12-01,non_retenu,reste
SIM-00490,2026-12-01,non_retenu,reste
SIM-00491,2026-12-01,non_retenu,reste
SIM-00492,2026-12-01,non_retenu,reste
SIM-00493,2026-12-01,non_retenu,reste
SIM-00494,2026-12-01,non_retenu,parti
SIM-00495,2026-12-01,non_retenu,reste
SIM-00496,2026-12-01,non_retenu,reste
SIM-00497,2026-12-01,non_retenu,reste
SIM-00498,2026-12-01,contact,reste
SIM-00499,2026-12-01,non_retenu,parti
SIM-00500,2026-12-01,contact,reste
SIM-00501,2026-12-01,non_retenu,reste
SIM-00502,2026-12-01,non_retenu,parti
SIM-00503,2026-12-01,non_retenu,reste
SIM-00504,2026-12-01,non_retenu,reste
SIM-00505,2026-12-01,non_retenu,reste
SIM-00506,2026-12-01,non_retenu,reste
SIM-00507,2026-12-01,non_retenu,reste
SIM-00508,2026-12-01,non_retenu,reste
SIM-00509,2026-12-01,non_retenu,reste
SIM-00510,2026-12-01,non_retenu,reste
SIM-00511,2026-12-01,non_retenu,reste
SIM-00512,2026-12-01,contact,parti
SIM-00513,2026-12-01,non_retenu,reste
SIM-00514,2026-12-01,non_retenu,parti
SIM-00515,2026-12-01,non_retenu,parti
SIM-00516,2026-12-01,non_retenu,parti
SIM-00517,2026-12-01,non_retenu,reste
SIM-00518,2026-12-01,non_retenu,reste
SIM-00519,2026-12-01,non_retenu,parti
SIM-00520,2026-12-01,non_retenu,reste
SIM-00521,2026-12-01,non_retenu,parti
SIM-00522,2026-12-01,non_retenu,reste
SIM-00523,2026-12-01,non_retenu,reste
SIM-00524,2026-12-01,non_retenu,parti
SIM-00525,2026-12-01,non_retenu,parti
SIM-00526,2026-12-01,non_retenu,reste
SIM-00527,2026-12-01,non_retenu,parti
SIM-00528,2026-12-01,non_retenu,parti
SIM-00529,2026-12-01,non_retenu,reste
SIM-00530,2026-12-01,non_retenu,parti
SIM-00531,2026-12-01,non_retenu,reste
SIM-00532,2026-12-01,contact,reste
SIM-00533,2026-12-01,non_retenu,reste
SIM-00534,2026-12-01,non_retenu,reste
SIM-00535,2026-12-01,non_retenu,reste
SIM-00536,2026-12-01,non_retenu,reste
SIM-00537,2026-12-01,non_retenu,reste
SIM-00538,2026-12-01,non_retenu,reste
SIM-00539,2026-12-01,non_retenu,parti
SIM-00540,2026-12-01,non_retenu,reste
SIM-00541,2026-12-01,non_retenu,parti
SIM-00542,2026-12-01,non_retenu,reste
SIM-00543,2026-12-01,non_retenu,reste
SIM-00544,2026-12-01,non_retenu,parti
SIM-00545,2026-12-01,non_retenu,reste
SIM-00546,2026-12-01,non_retenu,reste
SIM-00547,2026-12-01,non_retenu,reste
SIM-00548,2026-12-01,non_retenu,reste
SIM-00549,2026-12-01,non_retenu,reste
SIM-00550,2026-12-01,non_retenu,reste
SIM-00551,2026-12-01,non_retenu,reste
SIM-00552,2026-12-01,non_retenu,reste
SIM-00553,2026-12-01,non_retenu,reste
SIM-00554,2026-12-01,non_retenu,reste
SIM-00555,2026-12-01,non_retenu,reste
SIM-00556,2026-12-01,non_retenu,reste
SIM-00557,2026-12-01,non_retenu,reste
SIM-00558,2026-12-01,non_retenu,parti
SIM-00559,2026-12-01,non_retenu,reste
SIM-00560,2026-12-01,non_retenu,reste
SIM-00561,2026-12-01,non_retenu,parti
SIM-00562,2026-12-01,non_retenu,reste
SIM-00563,2026-12-01,non_retenu,reste
SIM-00564,2026-12-01,non_retenu,reste
SIM-00565,2026-12-01,non_retenu,reste
SIM-00566,2026-12-01,non_retenu,parti
SIM-00567,2026-12-01,non_retenu,parti
SIM-00568,2026-12-01,non_retenu,parti
SIM-00569,2026-12-01,non_retenu,reste
SIM-00570,2026-12-01,non_retenu,reste
SIM-00571,2026-12-01,non_retenu,reste
SIM-00572,2026-12-01,non_retenu,reste
SIM-00573,2026-12-01,non_retenu,parti
SIM-00574,2026-12-01,non_retenu,parti
SIM-00575,2026-12-01,non_retenu,reste
SIM-00576,2026-12-01,non_retenu,reste
SIM-00577,2026-12-01,non_retenu,reste
SIM-00578,2026-12-01,non_retenu,reste
SIM-00579,2026-12-01,non_retenu,reste
SIM-00580,2026-12-01,non_retenu,reste
SIM-00581,2026-12-01,non_retenu,reste
SIM-00582,2026-12-01,non_retenu,reste
SIM-00583,2026-12-01,non_retenu,parti
SIM-00584,2026-12-01,non_retenu,reste
SIM-00585,2026-12-01,non_retenu,parti
SIM-00586,2026-12-01,non_retenu,parti
SIM-00587,2026-12-01,non_retenu,reste
SIM-00588,2026-12-01,non_retenu,reste
SIM-00589,2026-12-01,non_retenu,reste
SIM-00590,2026-12-01,non_retenu,reste
SIM-00591,2026-12-01,non_retenu,reste
SIM-00592,2026-12-01,non_retenu,parti
SIM-00593,2026-12-01,non_retenu,reste
SIM-00594,2026-12-01,non_retenu,reste
SIM-00595,2026-12-01,contact,reste
SIM-00596,2026-12-01,non_retenu,reste
SIM-00597,2026-12-01,non_retenu,reste
SIM-00598,2026-12-01,non_retenu,parti
SIM-00599,2026-12-01,non_retenu,reste
SIM-00600,2026-12-01,non_retenu,reste
SIM-00601,2026-12-01,non_retenu,reste
SIM-00602,2026-12-01,non_retenu,reste
SIM-00603,2026-12-01,non_retenu,reste
SIM-00604,2026-12-01,non_retenu,reste
SIM-00605,2026-12-01,non_retenu,reste
SIM-00606,2026-12-01,non_retenu,parti
SIM-00607,2026-12-01,non_retenu,reste
SIM-00608,2026-12-01,non_retenu,reste
SIM-00609,2026-12-01,non_retenu,reste
SIM-00610,2026-12-01,non_retenu,reste
SIM-00611,2026-12-01,non_retenu,reste
SIM-00612,2026-12-01,non_retenu,reste
SIM-00613,2026-12-01,non_retenu,reste
SIM-00614,2026-12-01,non_retenu,reste
SIM-00615,2026-12-01,non_retenu,parti
SIM-00616,2026-12-01,non_retenu,reste
SIM-00617,2026-12-01,non_retenu,parti
SIM-00618,2026-12-01,non_retenu,reste
SIM-00619,2026-12-01,non_retenu,reste
SIM-00620,2026-12-01,non_retenu,reste
SIM-00621,2026-12-01,non_retenu,reste
SIM-00622,2026-12-01,non_retenu,reste
SIM-00623,2026-12-01,non_retenu,reste
SIM-00624,2026-12-01,contact,parti
SIM-00625,2026-12-01,non_retenu,reste
SIM-00626,2026-12-01,non_retenu,reste
SIM-00627,2026-12-01,non_retenu,reste
SIM-00628,2026-12-01,non_retenu,reste
SIM-00629,2026-12-01,contact,reste
SIM-00630,2026-12-01,non_retenu,parti
SIM-00631,2026-12-01,non_retenu,reste
SIM-00632,2026-12-01,non_retenu,parti
SIM-00633,2026-12-01,non_retenu,reste
SIM-00634,2026-12-01,non_retenu,reste
SIM-00635,2026-12-01,non_retenu,parti
SIM-00636,2026-12-01,non_retenu,parti
SIM-00637,2026-12-01,non_retenu,parti
SIM-00638,2026-12-01,non_retenu,parti
SIM-00639,2026-12-01,non_retenu,reste
SIM-00640,2026-12-01,non_retenu,reste
SIM-00641,2026-12-01,non_retenu,reste
SIM-00642,2026-12-01,non_retenu,reste
SIM-00643,2026-12-01,contact,parti
SIM-00644,2026-12-01,non_retenu,parti
SIM-00645,2026-12-01,non_retenu,parti
SIM-00646,2026-12-01,non_retenu,reste
SIM-00647,2026-12-01,non_retenu,reste
SIM-00648,2026-12-01,non_retenu,parti
SIM-00649,2026-12-01,non_retenu,reste
SIM-00650,2026-12-01,contact,reste
SIM-00651,2026-12-01,non_retenu,reste
SIM-00652,2026-12-01,non_retenu,reste
SIM-00653,2026-12-01,non_retenu,parti
SIM-00654,2026-12-01,non_retenu,parti
SIM-00655,2026-12-01,non_retenu,parti
SIM-00656,2026-12-01,non_retenu,reste
SIM-00657,2026-12-01,non_retenu,reste
SIM-00658,2026-12-01,non_retenu,parti
SIM-00659,2026-12-01,non_retenu,parti
SIM-00660,2026-12-01,non_retenu,parti
SIM-00661,2026-12-01,non_retenu,reste
SIM-00662,2026-12-01,non_retenu,reste
SIM-00663,2026-12-01,non_retenu,parti
SIM-00664,2026-12-01,non_retenu,parti
SIM-00665,2026-12-01,non_retenu,reste
SIM-00666,2026-12-01,non_retenu,reste
SIM-00667,2026-12-01,non_retenu,reste
SIM-00668,2026-12-01,non_retenu,reste
SIM-00669,2026-12-01,non_retenu,reste
SIM-00670,2026-12-01,non_retenu,reste
SIM-00671,2026-12-01,non_retenu,parti
SIM-00672,2026-12-01,non_retenu,reste
SIM-00673,2026-12-01,non_retenu,reste
SIM-00674,2026-12-01,non_retenu,reste
SIM-00675,2026-12-01,non_retenu,reste
SIM-00676,2026-12-01,non_retenu,reste
SIM-00677,2026-12-01,non_retenu,reste
SIM-00678,2026-12-01,non_retenu,reste
SIM-00679,2026-12-01,non_retenu,reste
SIM-00680,2026-12-01,non_retenu,reste
SIM-00681,2026-12-01,non_retenu,parti
SIM-00682,2026-12-01,non_retenu,parti
SIM-00683,2026-12-01,non_retenu,reste
SIM-00684,2026-12-01,non_retenu,reste
SIM-00685,2026-12-01,non_retenu,reste
SIM-00686,2026-12-01,non_retenu,reste
SIM-00687,2026-12-01,non_retenu,reste
SIM-00688,2026-12-01,non_retenu,reste
SIM-00689,2026-12-01,non_retenu,parti
SIM-00690,2026-12-01,non_retenu,reste
SIM-00691,2026-12-01,non_retenu,reste
SIM-00692,2026-12-01,non_retenu,reste
SIM-00693,2026-12-01,contact,reste
SIM-00694,2026-12-01,non_retenu,parti
SIM-00695,2026-12-01,non_retenu,reste
SIM-00696,2026-12-01,non_retenu,parti
SIM-00697,2026-12-01,non_retenu,reste
SIM-00698,2026-12-01,non_retenu,parti
SIM-00699,2026-12-01,non_retenu,parti
SIM-00700,2026-12-01,contact,parti
SIM-00701,2026-12-01,contact,parti
SIM-00702,2026-12-01,non_retenu,reste
SIM-00703,2026-12-01,non_retenu,reste
SIM-00704,2026-12-01,non_retenu,parti
SIM-00705,2026-12-01,non_retenu,parti
SIM-00706,2026-12-01,non_retenu,reste
SIM-00707,2026-12-01,non_retenu,reste
SIM-00708,2026-12-01,non_retenu,parti
SIM-00709,2026-12-01,non_retenu,parti
SIM-00710,2026-12-01,non_retenu,reste
SIM-00711,2026-12-01,non_retenu,parti
SIM-00712,2026-12-01,non_retenu,parti
SIM-00713,2026-12-01,non_retenu,reste
SIM-00714,2026-12-01,non_retenu,reste
SIM-00715,2026-12-01,non_retenu,reste
SIM-00716,2026-12-01,non_retenu,reste
SIM-00717,2026-12-01,non_retenu,parti
SIM-00718,2026-12-01,non_retenu,reste
SIM-00719,2026-12-01,non_retenu,reste
SIM-00720,2026-12-01,non_retenu,parti
SIM-00721,2026-12-01,non_retenu,reste
SIM-00722,2026-12-01,non_retenu,reste
SIM-00723,2026-12-01,non_retenu,parti
SIM-00724,2026-12-01,non_retenu,reste
SIM-00725,2026-12-01,non_retenu,reste
SIM-00726,2026-12-01,non_retenu,reste
SIM-00727,2026-12-01,non_retenu,reste
SIM-00728,2026-12-01,non_retenu,reste
SIM-00729,2026-12-01,non_retenu,reste
SIM-00730,2026-12-01,non_retenu,reste
SIM-00731,2026-12-01,non_retenu,reste
SIM-00732,2026-12-01,non_retenu,reste
SIM-00733,2026-12-01,non_retenu,reste
SIM-00734,2026-12-01,non_retenu,parti
SIM-00735,2026-12-01,non_retenu,reste
SIM-00736,2026-12-01,non_retenu,reste
SIM-00737,2026-12-01,non_retenu,parti
SIM-00738,2026-12-01,non_retenu,reste
SIM-00739,2026-12-01,non_retenu,reste
SIM-00740,2026-12-01,non_retenu,reste
SIM-00741,2026-12-01,non_retenu,parti
SIM-00742,2026-12-01,non_retenu,reste
SIM-00743,2026-12-01,non_retenu,reste
SIM-00744,2026-12-01,non_retenu,reste
SIM-00745,2026-12-01,non_retenu,reste
SIM-00746,2026-12-01,non_retenu,reste
SIM-00747,2026-12-01,non_retenu,reste
SIM-00748,2026-12-01,non_retenu,parti
SIM-00749,2026-12-01,non_retenu,reste
SIM-00750,2026-12-01,non_retenu,reste
SIM-00751,2026-12-01,non_retenu,parti
SIM-00752,2026-12-01,non_retenu,reste
SIM-00753,2026-12-01,non_retenu,reste
SIM-00754,2026-12-01,non_retenu,reste
SIM-00755,2026-12-01,non_retenu,reste
SIM-00756,2026-12-01,non_retenu,parti
SIM-00757,2026-12-01,non_retenu,reste
SIM-00758,2026-12-01,non_retenu,reste
SIM-00759,2026-12-01,non_retenu,reste
SIM-00760,2026-12-01,non_retenu,reste
SIM-00761,2026-12-01,non_retenu,parti
SIM-00762,2026-12-01,non_retenu,reste
SIM-00763,2026-12-01,non_retenu,reste
SIM-00764,2026-12-01,non_retenu,parti
SIM-00765,2026-12-01,non_retenu,reste
SIM-00766,2026-12-01,non_retenu,reste
SIM-00767,2026-12-01,non_retenu,parti
SIM-00768,2026-12-01,non_retenu,reste
SIM-00769,2026-12-01,non_retenu,reste
SIM-00770,2026-12-01,non_retenu,reste
SIM-00771,2026-12-01,non_retenu,parti
SIM-00772,2026-12-01,non_retenu,reste
SIM-00773,2026-12-01,non_retenu,reste
SIM-00774,2026-12-01,non_retenu,reste
SIM-00775,2026-12-01,non_retenu,reste
SIM-00776,2026-12-01,non_retenu,reste
SIM-00777,2026-12-01,non_retenu,reste
SIM-00778,2026-12-01,non_retenu,reste
SIM-00779,2026-12-01,non_retenu,reste
SIM-00780,2026-12-01,non_retenu,reste
SIM-00781,2026-12-01,non_retenu,reste
SIM-00782,2026-12-01,non_retenu,parti
SIM-00783,2026-12-01,non_retenu,reste
SIM-00784,2026-12-01,non_retenu,reste
SIM-00785,2026-12-01,non_retenu,reste
SIM-00786,2026-12-01,non_retenu,parti
SIM-00787,2026-12-01,non_retenu,parti
SIM-00788,2026-12-01,non_retenu,reste
SIM-00789,2026-12-01,non_retenu,reste
SIM-00790,2026-12-01,non_retenu,reste
SIM-00791,2026-12-01,non_retenu,reste
SIM-00792,2026-12-01,non_retenu,parti
SIM-00793,2026-12-01,non_retenu,parti
SIM-00794,2026-12-01,non_retenu,reste
SIM-00795,2026-12-01,non_retenu,reste
SIM-00796,2026-12-01,non_retenu,parti
SIM-00797,2026-12-01,non_retenu,parti
SIM-00798,2026-12-01,non_retenu,reste
SIM-00799,2026-12-01,non_retenu,reste
SIM-00800,2026-12-01,non_retenu,reste
SIM-00801,2026-12-01,non_retenu,reste
SIM-00802,2026-12-01,non_retenu,parti
SIM-00803,2026-12-01,non_retenu,reste
SIM-00804,2026-12-01,non_retenu,parti
SIM-00805,2026-12-01,non_retenu,reste
SIM-00806,2026-12-01,non_retenu,reste
SIM-00807,2026-12-01,non_retenu,reste
SIM-00808,2026-12-01,non_retenu,parti
SIM-00809,2026-12-01,non_retenu,reste
SIM-00810,2026-12-01,non_retenu,parti
SIM-00811,2026-12-01,non_retenu,parti
SIM-00812,2026-12-01,non_retenu,reste
SIM-00813,2026-12-01,non_retenu,reste
SIM-00814,2026-12-01,non_retenu,reste
SIM-00815,2026-12-01,non_retenu,reste
SIM-00816,2026-12-01,non_retenu,reste
SIM-00817,2026-12-01,non_retenu,reste
SIM-00818,2026-12-01,non_retenu,reste
SIM-00819,2026-12-01,non_retenu,reste
SIM-00820,2026-12-01,non_retenu,reste
SIM-00821,2026-12-01,non_retenu,reste
SIM-00822,2026-12-01,non_retenu,reste
SIM-00823,2026-12-01,non_retenu,reste
SIM-00824,2026-12-01,non_retenu,reste
SIM-00825,2026-12-01,non_retenu,reste
SIM-00826,2026-12-01,non_retenu,parti
SIM-00827,2026-12-01,non_retenu,reste
SIM-00828,2026-12-01,non_retenu,reste
SIM-00829,2026-12-01,non_retenu,reste
SIM-00830,2026-12-01,non_retenu,reste
SIM-00831,2026-12-01,non_retenu,reste
SIM-00832,2026-12-01,non_retenu,reste
SIM-00833,2026-12-01,non_retenu,reste
SIM-00834,2026-12-01,non_retenu,reste
SIM-00835,2026-12-01,non_retenu,reste
SIM-00836,2026-12-01,non_retenu,reste
SIM-00837,2026-12-01,non_retenu,parti
SIM-00838,2026-12-01,non_retenu,reste
SIM-00839,2026-12-01,non_retenu,reste
SIM-00840,2026-12-01,non_retenu,parti
SIM-00841,2026-12-01,non_retenu,parti
SIM-00842,2026-12-01,non_retenu,reste
SIM-00843,2026-12-01,non_retenu,parti
SIM-00844,2026-12-01,contact,reste
SIM-00845,2026-12-01,non_retenu,parti
SIM-00846,2026-12-01,non_retenu,reste
SIM-00847,2026-12-01,non_retenu,reste
SIM-00848,2026-12-01,non_retenu,parti
SIM-00849,2026-12-01,non_retenu,reste
SIM-00850,2026-12-01,non_retenu,parti
SIM-00851,2026-12-01,non_retenu,reste
SIM-00852,2026-12-01,non_retenu,parti
SIM-00853,2026-12-01,non_retenu,reste
SIM-00854,2026-12-01,non_retenu,reste
SIM-00855,2026-12-01,non_retenu,parti
SIM-00856,2026-12-01,non_retenu,parti
SIM-00857,2026-12-01,non_retenu,reste
SIM-00858,2026-12-01,non_retenu,reste
SIM-00859,2026-12-01,non_retenu,reste
SIM-00860,2026-12-01,non_retenu,reste
SIM-00861,2026-12-01,non_retenu,reste
SIM-00862,2026-12-01,non_retenu,reste
SIM-00863,2026-12-01,non_retenu,parti
SIM-00864,2026-12-01,non_retenu,reste
SIM-00865,2026-12-01,non_retenu,reste
SIM-00866,2026-12-01,non_retenu,parti
SIM-00867,2026-12-01,non_retenu,parti
SIM-00868,2026-12-01,non_retenu,reste
SIM-00869,2026-12-01,non_retenu,reste
SIM-00870,2026-12-01,non_retenu,reste
SIM-00871,2026-12-01,non_retenu,reste
SIM-00872,2026-12-01,non_retenu,parti
SIM-00873,2026-12-01,non_retenu,reste
SIM-00874,2026-12-01,non_retenu,reste
SIM-00875,2026-12-01,non_retenu,reste
SIM-00876,2026-12-01,non_retenu,reste
SIM-00877,2026-12-01,non_retenu,reste
SIM-00878,2026-12-01,non_retenu,reste
SIM-00879,2026-12-01,non_retenu,parti
SIM-00880,2026-12-01,non_retenu,reste
SIM-00881,2026-12-01,non_retenu,parti
SIM-00882,2026-12-01,non_retenu,reste
SIM-00883,2026-12-01,non_retenu,parti
SIM-00884,2026-12-01,non_retenu,reste
SIM-00885,2026-12-01,non_retenu,parti
SIM-00886,2026-12-01,non_retenu,parti
SIM-00887,2026-12-01,non_retenu,reste
SIM-00888,2026-12-01,non_retenu,reste
SIM-00889,2026-12-01,non_retenu,reste
SIM-00890,2026-12-01,non_retenu,reste
SIM-00891,2026-12-01,non_retenu,reste
SIM-00892,2026-12-01,non_retenu,reste
SIM-00893,2026-12-01,non_retenu,reste
SIM-00894,2026-12-01,non_retenu,parti
SIM-00895,2026-12-01,non_retenu,reste
SIM-00896,2026-12-01,non_retenu,reste
SIM-00897,2026-12-01,non_retenu,reste
SIM-00898,2026-12-01,non_retenu,reste
SIM-00899,2026-12-01,non_retenu,reste
SIM-00900,2026-12-01,non_retenu,reste
SIM-00901,2026-12-01,non_retenu,parti
SIM-00902,2026-12-01,non_retenu,reste
SIM-00903,2026-12-01,non_retenu,parti
SIM-00904,2026-12-01,non_retenu,reste
SIM-00905,2026-12-01,non_retenu,reste
SIM-00906,2026-12-01,non_retenu,reste
SIM-00907,2026-12-01,non_retenu,reste
SIM-00908,2026-12-01,non_retenu,reste
SIM-00909,2026-12-01,non_retenu,reste
SIM-00910,2026-12-01,non_retenu,reste
SIM-00911,2026-12-01,non_retenu,parti
SIM-00912,2026-12-01,non_retenu,reste
SIM-00913,2026-12-01,non_retenu,reste
SIM-00914,2026-12-01,non_retenu,reste
SIM-00915,2026-12-01,non_retenu,reste
SIM-00916,2026-12-01,non_retenu,reste
SIM-00917,2026-12-01,non_retenu,reste
SIM-00918,2026-12-01,non_retenu,parti
SIM-00919,2026-12-01,non_retenu,parti
SIM-00920,2026-12-01,non_retenu,reste
SIM-00921,2026-12-01,non_retenu,reste
SIM-00922,2026-12-01,non_retenu,reste
SIM-00923,2026-12-01,contact,reste
SIM-00924,2026-12-01,non_retenu,reste
SIM-00925,2026-12-01,non_retenu,parti
SIM-00926,2026-12-01,non_retenu,parti
SIM-00927,2026-12-01,non_retenu,reste
SIM-00928,2026-12-01,non_retenu,reste
SIM-00929,2026-12-01,non_retenu,parti
SIM-00930,2026-12-01,non_retenu,reste
SIM-00931,2026-12-01,non_retenu,reste
SIM-00932,2026-12-01,non_retenu,reste
SIM-00933,2026-12-01,non_retenu,reste
SIM-00934,2026-12-01,non_retenu,parti
SIM-00935,2026-12-01,non_retenu,reste
SIM-00936,2026-12-01,non_retenu,reste
SIM-00937,2026-12-01,non_retenu,reste
SIM-00938,2026-12-01,non_retenu,parti
SIM-00939,2026-12-01,non_retenu,reste
SIM-00940,2026-12-01,non_retenu,reste
SIM-00941,2026-12-01,non_retenu,parti
SIM-00942,2026-12-01,non_retenu,reste
SIM-00943,2026-12-01,non_retenu,reste
SIM-00944,2026-12-01,non_retenu,reste
SIM-00945,2026-12-01,non_retenu,reste
SIM-00946,2026-12-01,non_retenu,reste
SIM-00947,2026-12-01,non_retenu,reste
SIM-00948,2026-12-01,non_retenu,parti
SIM-00949,2026-12-01,non_retenu,reste
SIM-00950,2026-12-01,non_retenu,parti
SIM-00951,2026-12-01,non_retenu,parti
SIM-00952,2026-12-01,non_retenu,reste
SIM-00953,2026-12-01,non_retenu,reste
SIM-00954,2026-12-01,non_retenu,reste
SIM-00955,2026-12-01,non_retenu,parti
SIM-00956,2026-12-01,non_retenu,reste
SIM-00957,2026-12-01,non_retenu,reste
SIM-00958,2026-12-01,non_retenu,parti
SIM-00959,2026-12-01,non_retenu,reste
SIM-00960,2026-12-01,non_retenu,parti
SIM-00961,2026-12-01,non_retenu,reste
SIM-00962,2026-12-01,non_retenu,parti
SIM-00963,2026-12-01,non_retenu,parti
SIM-00964,2026-12-01,non_retenu,reste
SIM-00965,2026-12-01,non_retenu,reste
SIM-00966,2026-12-01,non_retenu,parti
SIM-00967,2026-12-01,non_retenu,reste
SIM-00968,2026-12-01,non_retenu,reste
SIM-00969,2026-12-01,non_retenu,parti
SIM-00970,2026-12-01,non_retenu,reste
SIM-00971,2026-12-01,non_retenu,parti
SIM-00972,2026-12-01,non_retenu,reste
SIM-00973,2026-12-01,non_retenu,parti
SIM-00974,2026-12-01,non_retenu,reste
SIM-00975,2026-12-01,non_retenu,reste
SIM-00976,2026-12-01,non_retenu,reste
SIM-00977,2026-12-01,non_retenu,reste
SIM-00978,2026-12-01,non_retenu,parti
SIM-00979,2026-12-01,non_retenu,reste
SIM-00980,2026-12-01,non_retenu,reste
SIM-00981,2026-12-01,non_retenu,reste
SIM-00982,2026-12-01,contact,reste
SIM-00983,2026-12-01,non_retenu,reste
SIM-00984,2026-12-01,non_retenu,reste
SIM-00985,2026-12-01,non_retenu,reste
SIM-00986,2026-12-01,non_retenu,parti
SIM-00987,2026-12-01,contact,reste
SIM-00988,2026-12-01,contact,reste
SIM-00989,2026-12-01,non_retenu,parti
SIM-00990,2026-12-01,non_retenu,parti
SIM-00991,2026-12-01,non_retenu,reste
SIM-00992,2026-12-01,non_retenu,reste
SIM-00993,2026-12-01,non_retenu,reste
SIM-00994,2026-12-01,non_retenu,reste
SIM-00995,2026-12-01,non_retenu,reste
SIM-00996,2026-12-01,non_retenu,reste
SIM-00997,2026-12-01,non_retenu,parti
SIM-00998,2026-12-01,non_retenu,reste
SIM-00999,2026-12-01,non_retenu,reste
SIM-01000,2026-12-01,non_retenu,reste
SIM-01001,2026-12-01,non_retenu,parti
SIM-01002,2026-12-01,non_retenu,parti
SIM-01003,2026-12-01,non_retenu,parti
SIM-01004,2026-12-01,non_retenu,reste
SIM-01005,2026-12-01,non_retenu,reste
SIM-01006,2026-12-01,non_retenu,reste
SIM-01007,2026-12-01,non_retenu,reste
SIM-01008,2026-12-01,non_retenu,parti
SIM-01009,2026-12-01,non_retenu,parti
SIM-01010,2026-12-01,non_retenu,reste
SIM-01011,2026-12-01,contact,reste
SIM-01012,2026-12-01,non_retenu,parti
SIM-01013,2026-12-01,non_retenu,reste
SIM-01014,2026-12-01,non_retenu,reste
SIM-01015,2026-12-01,non_retenu,parti
SIM-01016,2026-12-01,non_retenu,reste
SIM-01017,2026-12-01,non_retenu,parti
SIM-01018,2026-12-01,non_retenu,reste
SIM-01019,2026-12-01,non_retenu,reste
SIM-01020,2026-12-01,non_retenu,reste
SIM-01021,2026-12-01,non_retenu,reste
SIM-01022,2026-12-01,non_retenu,reste
SIM-01023,2026-12-01,non_retenu,reste
SIM-01024,2026-12-01,non_retenu,parti
SIM-01025,2026-12-01,non_retenu,parti
SIM-01026,2026-12-01,non_retenu,reste
SIM-01027,2026-12-01,contact,reste
SIM-01028,2026-12-01,non_retenu,reste
SIM-01029,2026-12-01,non_retenu,reste
SIM-01030,2026-12-01,non_retenu,reste
SIM-01031,2026-12-01,non_retenu,reste
SIM-01032,2026-12-01,non_retenu,reste
SIM-01033,2026-12-01,non_retenu,parti
SIM-01034,2026-12-01,non_retenu,reste
SIM-01035,2026-12-01,non_retenu,reste
SIM-01036,2026-12-01,non_retenu,reste
SIM-01037,2026-12-01,non_retenu,reste
SIM-01038,2026-12-01,non_retenu,parti
SIM-01039,2026-12-01,non_retenu,reste
SIM-01040,2026-12-01,non_retenu,reste
SIM-01041,2026-12-01,non_retenu,parti
SIM-01042,2026-12-01,non_retenu,parti
SIM-01043,2026-12-01,non_retenu,reste
SIM-01044,2026-12-01,non_retenu,reste
SIM-01045,2026-12-01,non_retenu,parti
SIM-01046,2026-12-01,non_retenu,reste
SIM-01047,2026-12-01,non_retenu,reste
SIM-01048,2026-12-01,non_retenu,reste
SIM-01049,2026-12-01,non_retenu,reste
SIM-01050,2026-12-01,non_retenu,reste
SIM-01051,2026-12-01,non_retenu,reste
SIM-01052,2026-12-01,non_retenu,parti
SIM-01053,2026-12-01,non_retenu,parti
SIM-01054,2026-12-01,non_retenu,reste
SIM-01055,2026-12-01,non_retenu,parti
SIM-01056,2026-12-01,non_retenu,reste
SIM-01057,2026-12-01,non_retenu,reste
SIM-01058,2026-12-01,non_retenu,reste
SIM-01059,2026-12-01,non_retenu,reste
SIM-01060,2026-12-01,non_retenu,reste
SIM-01061,2026-12-01,non_retenu,parti
SIM-01062,2026-12-01,non_retenu,reste
SIM-01063,2026-12-01,non_retenu,parti
SIM-01064,2026-12-01,non_retenu,reste
SIM-01065,2026-12-01,non_retenu,reste
SIM-01066,2026-12-01,non_retenu,reste
SIM-01067,2026-12-01,non_retenu,reste
SIM-01068,2026-12-01,non_retenu,reste
SIM-01069,2026-12-01,non_retenu,reste
SIM-01070,2026-12-01,non_retenu,reste
SIM-01071,2026-12-01,non_retenu,parti
SIM-01072,2026-12-01,non_retenu,reste
SIM-01073,2026-12-01,non_retenu,parti
SIM-01074,2026-12-01,non_retenu,reste
SIM-01075,2026-12-01,non_retenu,reste
SIM-01076,2026-12-01,non_retenu,parti
SIM-01077,2026-12-01,non_retenu,parti
SIM-01078,2026-12-01,non_retenu,parti
SIM-01079,2026-12-01,non_retenu,reste
SIM-01080,2026-12-01,non_retenu,parti
SIM-01081,2026-12-01,non_retenu,reste
SIM-01082,2026-12-01,non_retenu,parti
SIM-01083,2026-12-01,non_retenu,reste
SIM-01084,2026-12-01,non_retenu,reste
SIM-01085,2026-12-01,non_retenu,reste
SIM-01086,2026-12-01,non_retenu,reste
SIM-01087,2026-12-01,non_retenu,parti
SIM-01088,2026-12-01,non_retenu,reste
SIM-01089,2026-12-01,non_retenu,parti
SIM-01090,2026-12-01,non_retenu,reste
SIM-01091,2026-12-01,non_retenu,parti
SIM-01092,2026-12-01,non_retenu,reste
SIM-01093,2026-12-01,non_retenu,reste
SIM-01094,2026-12-01,non_retenu,reste
SIM-01095,2026-12-01,non_retenu,reste
SIM-01096,2026-12-01,non_retenu,parti
SIM-01097,2026-12-01,non_retenu,parti
SIM-01098,2026-12-01,non_retenu,parti
SIM-01099,2026-12-01,non_retenu,parti
SIM-01100,2026-12-01,non_retenu,parti
SIM-01101,2026-12-01,non_retenu,parti
SIM-01102,2026-12-01,non_retenu,parti
SIM-01103,2026-12-01,non_retenu,reste
SIM-01104,2026-12-01,non_retenu,parti
SIM-01105,2026-12-01,non_retenu,parti
SIM-01106,2026-12-01,non_retenu,reste
SIM-01107,2026-12-01,non_retenu,reste
SIM-01108,2026-12-01,non_retenu,parti
SIM-01109,2026-12-01,non_retenu,reste
SIM-01110,2026-12-01,non_retenu,reste
SIM-01111,2026-12-01,non_retenu,reste
SIM-01112,2026-12-01,non_retenu,parti
SIM-01113,2026-12-01,non_retenu,reste
SIM-01114,2026-12-01,non_retenu,parti
SIM-01115,2026-12-01,non_retenu,parti
SIM-01116,2026-12-01,non_retenu,reste
SIM-01117,2026-12-01,non_retenu,reste
SIM-01118,2026-12-01,non_retenu,reste
SIM-01119,2026-12-01,non_retenu,reste
SIM-01120,2026-12-01,non_retenu,parti
SIM-01121,2026-12-01,non_retenu,reste
SIM-01122,2026-12-01,non_retenu,parti
SIM-01123,2026-12-01,non_retenu,reste
SIM-01124,2026-12-01,non_retenu,reste
SIM-01125,2026-12-01,non_retenu,reste
SIM-01126,2026-12-01,non_retenu,reste
SIM-01127,2026-12-01,non_retenu,reste
SIM-01128,2026-12-01,non_retenu,reste
SIM-01129,2026-12-01,non_retenu,reste
SIM-01130,2026-12-01,non_retenu,parti
SIM-01131,2026-12-01,non_retenu,reste
SIM-01132,2026-12-01,non_retenu,reste
SIM-01133,2026-12-01,non_retenu,reste
SIM-01134,2026-12-01,non_retenu,reste
SIM-01135,2026-12-01,non_retenu,reste
SIM-01136,2026-12-01,non_retenu,parti
SIM-01137,2026-12-01,non_retenu,reste
SIM-01138,2026-12-01,non_retenu,parti
SIM-01139,2026-12-01,non_retenu,parti
SIM-01140,2026-12-01,non_retenu,reste
SIM-01141,2026-12-01,non_retenu,parti
SIM-01142,2026-12-01,non_retenu,reste
SIM-01143,2026-12-01,non_retenu,reste
SIM-01144,2026-12-01,non_retenu,parti
SIM-01145,2026-12-01,non_retenu,parti
SIM-01146,2026-12-01,non_retenu,reste
SIM-01147,2026-12-01,non_retenu,parti
SIM-01148,2026-12-01,non_retenu,parti
SIM-01149,2026-12-01,non_retenu,parti
SIM-01150,2026-12-01,non_retenu,reste
SIM-01151,2026-12-01,non_retenu,reste
SIM-01152,2026-12-01,non_retenu,parti
SIM-01153,2026-12-01,non_retenu,reste
SIM-01154,2026-12-01,non_retenu,reste
SIM-01155,2026-12-01,non_retenu,parti
SIM-01156,2026-12-01,non_retenu,parti
SIM-01157,2026-12-01,non_retenu,reste
SIM-01158,2026-12-01,non_retenu,reste
SIM-01159,2026-12-01,non_retenu,parti
SIM-01160,2026-12-01,non_retenu,reste
SIM-01161,2026-12-01,non_retenu,reste
SIM-01162,2026-12-01,non_retenu,reste
SIM-01163,2026-12-01,non_retenu,parti
SIM-01164,2026-12-01,non_retenu,reste
SIM-01165,2026-12-01,non_retenu,parti
SIM-01166,2026-12-01,non_retenu,reste
SIM-01167,2026-12-01,non_retenu,reste
SIM-01168,2026-12-01,non_retenu,reste
SIM-01169,2026-12-01,non_retenu,reste
SIM-01170,2026-12-01,non_retenu,reste
SIM-01171,2026-12-01,non_retenu,parti
SIM-01172,2026-12-01,non_retenu,reste
SIM-01173,2026-12-01,non_retenu,reste
SIM-01174,2026-12-01,non_retenu,reste
SIM-01175,2026-12-01,non_retenu,parti
SIM-01176,2026-12-01,non_retenu,reste
SIM-01177,2026-12-01,non_retenu,reste
SIM-01178,2026-12-01,non_retenu,reste
SIM-01179,2026-12-01,non_retenu,reste
SIM-01180,2026-12-01,non_retenu,parti
SIM-01181,2026-12-01,non_retenu,reste
SIM-01182,2026-12-01,non_retenu,reste
SIM-01183,2026-12-01,non_retenu,parti
SIM-01184,2026-12-01,non_retenu,reste
SIM-01185,2026-12-01,non_retenu,reste
SIM-01186,2026-12-01,non_retenu,reste
SIM-01187,2026-12-01,non_retenu,reste
SIM-01188,2026-12-01,non_retenu,reste
SIM-01189,2026-12-01,non_retenu,parti
SIM-01190,2026-12-01,non_retenu,reste
SIM-01191,2026-12-01,non_retenu,parti
SIM-01192,2026-12-01,non_retenu,parti
SIM-01193,2026-12-01,non_retenu,reste
SIM-01194,2026-12-01,non_retenu,reste
SIM-01195,2026-12-01,non_retenu,reste
SIM-01196,2026-12-01,non_retenu,parti
SIM-01197,2026-12-01,non_retenu,parti
SIM-01198,2026-12-01,non_retenu,reste
SIM-01199,2026-12-01,non_retenu,reste
SIM-01200,2026-12-01,non_retenu,reste
SIM-01201,2026-12-01,non_retenu,reste
SIM-01202,2026-12-01,non_retenu,reste
SIM-01203,2026-12-01,non_retenu,reste
SIM-01204,2026-12-01,non_retenu,reste
SIM-01205,2026-12-01,non_retenu,reste
SIM-01206,2026-12-01,non_retenu,reste
SIM-01207,2026-12-01,non_retenu,parti
SIM-01208,2026-12-01,non_retenu,reste
SIM-01209,2026-12-01,non_retenu,parti
SIM-01210,2026-12-01,non_retenu,reste
SIM-01211,2026-12-01,non_retenu,reste
SIM-01212,2026-12-01,non_retenu,parti
SIM-01213,2026-12-01,non_retenu,reste
SIM-01214,2026-12-01,non_retenu,reste
SIM-01215,2026-12-01,non_retenu,reste
SIM-01216,2026-12-01,non_retenu,reste
SIM-01217,2026-12-01,non_retenu,parti
SIM-01218,2026-12-01,non_retenu,reste
SIM-01219,2026-12-01,non_retenu,reste
SIM-01220,2026-12-01,contact,reste
SIM-01221,2026-12-01,non_retenu,reste
SIM-01222,2026-12-01,non_retenu,reste
SIM-01223,2026-12-01,non_retenu,reste
SIM-01224,2026-12-01,non_retenu,reste
SIM-01225,2026-12-01,non_retenu,reste
SIM-01226,2026-12-01,non_retenu,reste
SIM-01227,2026-12-01,non_retenu,reste
SIM-01228,2026-12-01,non_retenu,reste
SIM-01229,2026-12-01,non_retenu,reste
SIM-01230,2026-12-01,non_retenu,parti
SIM-01231,2026-12-01,non_retenu,parti
SIM-01232,2026-12-01,non_retenu,reste
SIM-01233,2026-12-01,non_retenu,parti
SIM-01234,2026-12-01,non_retenu,reste
SIM-01235,2026-12-01,non_retenu,reste
SIM-01236,2026-12-01,non_retenu,parti
SIM-01237,2026-12-01,non_retenu,reste
SIM-01238,2026-12-01,non_retenu,reste
SIM-01239,2026-12-01,non_retenu,reste
SIM-01240,2026-12-01,non_retenu,reste
SIM-01241,2026-12-01,non_retenu,reste
SIM-01242,2026-12-01,contact,parti
SIM-01243,2026-12-01,non_retenu,reste
SIM-01244,2026-12-01,non_retenu,parti
SIM-01245,2026-12-01,non_retenu,reste
SIM-01246,2026-12-01,non_retenu,parti
SIM-01247,2026-12-01,non_retenu,reste
SIM-01248,2026-12-01,non_retenu,parti
SIM-01249,2026-12-01,non_retenu,reste
SIM-01250,2026-12-01,non_retenu,parti
SIM-01251,2026-12-01,non_retenu,reste
SIM-01252,2026-12-01,non_retenu,parti
SIM-01253,2026-12-01,non_retenu,reste
SIM-01254,2026-12-01,contact,reste
SIM-01255,2026-12-01,non_retenu,reste
SIM-01256,2026-12-01,non_retenu,reste
SIM-01257,2026-12-01,non_retenu,reste
SIM-01258,2026-12-01,non_retenu,parti
SIM-01259,2026-12-01,non_retenu,reste
SIM-01260,2026-12-01,non_retenu,reste
SIM-01261,2026-12-01,non_retenu,reste
SIM-01262,2026-12-01,non_retenu,reste
SIM-01263,2026-12-01,non_retenu,reste
SIM-01264,2026-12-01,non_retenu,reste
SIM-01265,2026-12-01,non_retenu,parti
SIM-01266,2026-12-01,contact,parti
SIM-01267,2026-12-01,non_retenu,reste
SIM-01268,2026-12-01,non_retenu,reste
SIM-01269,2026-12-01,non_retenu,reste
SIM-01270,2026-12-01,non_retenu,reste
SIM-01271,2026-12-01,non_retenu,reste
SIM-01272,2026-12-01,non_retenu,parti
SIM-01273,2026-12-01,non_retenu,reste
SIM-01274,2026-12-01,non_retenu,reste
SIM-01275,2026-12-01,non_retenu,reste
SIM-01276,2026-12-01,non_retenu,parti
SIM-01277,2026-12-01,non_retenu,reste
SIM-01278,2026-12-01,non_retenu,parti
SIM-01279,2026-12-01,non_retenu,parti
SIM-01280,2026-12-01,non_retenu,parti
SIM-01281,2026-12-01,non_retenu,parti
SIM-01282,2026-12-01,non_retenu,reste
SIM-01283,2026-12-01,contact,reste
SIM-01284,2026-12-01,non_retenu,reste
SIM-01285,2026-12-01,non_retenu,reste
SIM-01286,2026-12-01,non_retenu,reste
SIM-01287,2026-12-01,non_retenu,parti
SIM-01288,2026-12-01,non_retenu,reste
SIM-01289,2026-12-01,non_retenu,reste
SIM-01290,2026-12-01,non_retenu,reste
SIM-01291,2026-12-01,non_retenu,reste
SIM-01292,2026-12-01,non_retenu,reste
SIM-01293,2026-12-01,non_retenu,reste
SIM-01294,2026-12-01,non_retenu,reste
SIM-01295,2026-12-01,non_retenu,reste
SIM-01296,2026-12-01,non_retenu,reste
SIM-01297,2026-12-01,contact,parti
SIM-01298,2026-12-01,non_retenu,parti
SIM-01299,2026-12-01,non_retenu,reste
SIM-01300,2026-12-01,non_retenu,reste
SIM-01301,2026-12-01,temoin,parti
SIM-01302,2026-12-01,non_retenu,reste
SIM-01303,2026-12-01,contact,parti
SIM-01304,2026-12-01,non_retenu,reste
SIM-01305,2026-12-01,non_retenu,reste
SIM-01306,2026-12-01,non_retenu,reste
SIM-01307,2026-12-01,non_retenu,reste
SIM-01308,2026-12-01,non_retenu,reste
SIM-01309,2026-12-01,non_retenu,reste
SIM-01310,2026-12-01,non_retenu,reste
SIM-01311,2026-12-01,non_retenu,reste
SIM-01312,2026-12-01,non_retenu,parti
SIM-01313,2026-12-01,non_retenu,parti
SIM-01314,2026-12-01,non_retenu,parti
SIM-01315,2026-12-01,non_retenu,reste
SIM-01316,2026-12-01,non_retenu,parti
SIM-01317,2026-12-01,non_retenu,reste
SIM-01318,2026-12-01,non_retenu,parti
SIM-01319,2026-12-01,non_retenu,reste
SIM-01320,2026-12-01,non_retenu,parti
SIM-01321,2026-12-01,non_retenu,reste
SIM-01322,2026-12-01,non_retenu,reste
SIM-01323,2026-12-01,non_retenu,reste
SIM-01324,2026-12-01,non_retenu,reste
SIM-01325,2026-12-01,non_retenu,reste
SIM-01326,2026-12-01,non_retenu,reste
SIM-01327,2026-12-01,non_retenu,reste
SIM-01328,2026-12-01,non_retenu,reste
SIM-01329,2026-12-01,non_retenu,reste
SIM-01330,2026-12-01,non_retenu,reste
SIM-01331,2026-12-01,non_retenu,reste
SIM-01332,2026-12-01,non_retenu,reste
SIM-01333,2026-12-01,non_retenu,reste
SIM-01334,2026-12-01,non_retenu,reste
SIM-01335,2026-12-01,non_retenu,reste
SIM-01336,2026-12-01,non_retenu,reste
SIM-01337,2026-12-01,non_retenu,parti
SIM-01338,2026-12-01,non_retenu,parti
SIM-01339,2026-12-01,non_retenu,reste
SIM-01340,2026-12-01,non_retenu,parti
SIM-01341,2026-12-01,non_retenu,parti
SIM-01342,2026-12-01,non_retenu,reste
SIM-01343,2026-12-01,non_retenu,reste
SIM-01344,2026-12-01,non_retenu,parti
SIM-01345,2026-12-01,non_retenu,reste
SIM-01346,2026-12-01,non_retenu,reste
SIM-01347,2026-12-01,non_retenu,parti
SIM-01348,2026-12-01,non_retenu,parti
SIM-01349,2026-12-01,non_retenu,reste
SIM-01350,2026-12-01,non_retenu,reste
SIM-01351,2026-12-01,non_retenu,parti
SIM-01352,2026-12-01,non_retenu,parti
SIM-01353,2026-12-01,non_retenu,parti
SIM-01354,2026-12-01,non_retenu,reste
SIM-01355,2026-12-01,non_retenu,reste
SIM-01356,2026-12-01,non_retenu,parti
SIM-01357,2026-12-01,non_retenu,reste
SIM-01358,2026-12-01,non_retenu,reste
SIM-01359,2026-12-01,non_retenu,reste
SIM-01360,2026-12-01,non_retenu,parti
SIM-01361,2026-12-01,non_retenu,reste
SIM-01362,2026-12-01,non_retenu,parti
SIM-01363,2026-12-01,non_retenu,reste
SIM-01364,2026-12-01,non_retenu,parti
SIM-01365,2026-12-01,non_retenu,reste
SIM-01366,2026-12-01,contact,reste
SIM-01367,2026-12-01,non_retenu,reste
SIM-01368,2026-12-01,non_retenu,reste
SIM-01369,2026-12-01,non_retenu,parti
SIM-01370,2026-12-01,non_retenu,reste
SIM-01371,2026-12-01,non_retenu,reste
SIM-01372,2026-12-01,non_retenu,reste
SIM-01373,2026-12-01,non_retenu,reste
SIM-01374,2026-12-01,non_retenu,reste
SIM-01375,2026-12-01,non_retenu,reste
SIM-01376,2026-12-01,non_retenu,reste
SIM-01377,2026-12-01,non_retenu,reste
SIM-01378,2026-12-01,non_retenu,reste
SIM-01379,2026-12-01,non_retenu,reste
SIM-01380,2026-12-01,non_retenu,reste
SIM-01381,2026-12-01,non_retenu,reste
SIM-01382,2026-12-01,non_retenu,reste
SIM-01383,2026-12-01,non_retenu,parti
SIM-01384,2026-12-01,non_retenu,parti
SIM-01385,2026-12-01,non_retenu,parti
SIM-01386,2026-12-01,non_retenu,parti
SIM-01387,2026-12-01,non_retenu,reste
SIM-01388,2026-12-01,non_retenu,reste
SIM-01389,2026-12-01,non_retenu,reste
SIM-01390,2026-12-01,non_retenu,parti
SIM-01391,2026-12-01,non_retenu,reste
SIM-01392,2026-12-01,non_retenu,reste
SIM-01393,2026-12-01,non_retenu,reste
SIM-01394,2026-12-01,non_retenu,reste
SIM-01395,2026-12-01,non_retenu,reste
SIM-01396,2026-12-01,non_retenu,parti
SIM-01397,2026-12-01,non_retenu,reste
SIM-01398,2026-12-01,non_retenu,reste
SIM-01399,2026-12-01,non_retenu,reste
SIM-01400,2026-12-01,non_retenu,parti
SIM-01401,2026-12-01,non_retenu,reste
SIM-01402,2026-12-01,non_retenu,reste
SIM-01403,2026-12-01,non_retenu,parti
SIM-01404,2026-12-01,non_retenu,parti
SIM-01405,2026-12-01,non_retenu,reste
SIM-01406,2026-12-01,non_retenu,reste
SIM-01407,2026-12-01,non_retenu,reste
SIM-01408,2026-12-01,non_retenu,parti
SIM-01409,2026-12-01,non_retenu,reste
SIM-01410,2026-12-01,non_retenu,reste
SIM-01411,2026-12-01,non_retenu,reste
SIM-01412,2026-12-01,non_retenu,parti
SIM-01413,2026-12-01,non_retenu,parti
SIM-01414,2026-12-01,non_retenu,parti
SIM-01415,2026-12-01,non_retenu,reste
SIM-01416,2026-12-01,non_retenu,parti
SIM-01417,2026-12-01,non_retenu,reste
SIM-01418,2026-12-01,non_retenu,reste
SIM-01419,2026-12-01,non_retenu,parti
SIM-01420,2026-12-01,non_retenu,reste
SIM-01421,2026-12-01,non_retenu,reste
SIM-01422,2026-12-01,contact,parti
SIM-01423,2026-12-01,non_retenu,parti
SIM-01424,2026-12-01,non_retenu,reste
SIM-01425,2026-12-01,non_retenu,reste
SIM-01426,2026-12-01,non_retenu,reste
SIM-01427,2026-12-01,non_retenu,reste
SIM-01428,2026-12-01,non_retenu,reste
SIM-01429,2026-12-01,non_retenu,parti
SIM-01430,2026-12-01,non_retenu,parti
SIM-01431,2026-12-01,non_retenu,parti
SIM-01432,2026-12-01,non_retenu,parti
SIM-01433,2026-12-01,non_retenu,reste
SIM-01434,2026-12-01,non_retenu,reste
SIM-01435,2026-12-01,non_retenu,reste
SIM-01436,2026-12-01,non_retenu,reste
SIM-01437,2026-12-01,non_retenu,parti
SIM-01438,2026-12-01,non_retenu,parti
SIM-01439,2026-12-01,non_retenu,reste
SIM-01440,2026-12-01,non_retenu,parti
SIM-01441,2026-12-01,non_retenu,reste
SIM-01442,2026-12-01,non_retenu,reste
SIM-01443,2026-12-01,non_retenu,reste
SIM-01444,2026-12-01,non_retenu,reste
SIM-01445,2026-12-01,non_retenu,reste
SIM-01446,2026-12-01,non_retenu,reste
SIM-01447,2026-12-01,non_retenu,reste
SIM-01448,2026-12-01,non_retenu,reste
SIM-01449,2026-12-01,non_retenu,reste
SIM-01450,2026-12-01,non_retenu,reste
SIM-01451,2026-12-01,non_retenu,parti
SIM-01452,2026-12-01,non_retenu,reste
SIM-01453,2026-12-01,non_retenu,parti
SIM-01454,2026-12-01,non_retenu,reste
SIM-01455,2026-12-01,non_retenu,parti
SIM-01456,2026-12-01,non_retenu,reste
SIM-01457,2026-12-01,non_retenu,reste
SIM-01458,2026-12-01,non_retenu,parti
SIM-01459,2026-12-01,non_retenu,reste
SIM-01460,2026-12-01,non_retenu,parti
SIM-01461,2026-12-01,non_retenu,parti
SIM-01462,2026-12-01,contact,parti
SIM-01463,2026-12-01,non_retenu,reste
SIM-01464,2026-12-01,non_retenu,reste
SIM-01465,2026-12-01,non_retenu,reste
SIM-01466,2026-12-01,non_retenu,reste
SIM-01467,2026-12-01,non_retenu,parti
SIM-01468,2026-12-01,non_retenu,parti
SIM-01469,2026-12-01,non_retenu,reste
SIM-01470,2026-12-01,non_retenu,reste
SIM-01471,2026-12-01,non_retenu,parti
SIM-01472,2026-12-01,non_retenu,reste
SIM-01473,2026-12-01,non_retenu,parti
SIM-01474,2026-12-01,non_retenu,reste
SIM-01475,2026-12-01,non_retenu,parti
SIM-01476,2026-12-01,non_retenu,reste
SIM-01477,2026-12-01,non_retenu,reste
SIM-01478,2026-12-01,non_retenu,reste
SIM-01479,2026-12-01,non_retenu,reste
SIM-01480,2026-12-01,non_retenu,reste
SIM-01481,2026-12-01,non_retenu,parti
SIM-01482,2026-12-01,non_retenu,reste
SIM-01483,2026-12-01,non_retenu,reste
SIM-01484,2026-12-01,non_retenu,reste
SIM-01485,2026-12-01,non_retenu,reste
SIM-01486,2026-12-01,non_retenu,reste
SIM-01487,2026-12-01,contact,reste
SIM-01488,2026-12-01,non_retenu,parti
SIM-01489,2026-12-01,non_retenu,reste
SIM-01490,2026-12-01,non_retenu,reste
SIM-01491,2026-12-01,non_retenu,reste
SIM-01492,2026-12-01,non_retenu,reste
SIM-01493,2026-12-01,non_retenu,reste
SIM-01494,2026-12-01,non_retenu,reste
SIM-01495,2026-12-01,non_retenu,reste
SIM-01496,2026-12-01,non_retenu,reste
SIM-01497,2026-12-01,non_retenu,reste
SIM-01498,2026-12-01,non_retenu,reste
SIM-01499,2026-12-01,non_retenu,reste
SIM-01500,2026-12-01,non_retenu,reste
SIM-01501,2026-12-01,non_retenu,reste
SIM-01502,2026-12-01,non_retenu,parti
SIM-01503,2026-12-01,non_retenu,reste
SIM-01504,2026-12-01,non_retenu,parti
SIM-01505,2026-12-01,non_retenu,reste
SIM-01506,2026-12-01,non_retenu,parti
SIM-01507,2026-12-01,non_retenu,reste
SIM-01508,2026-12-01,non_retenu,parti
SIM-01509,2026-12-01,non_retenu,reste
SIM-01510,2026-12-01,non_retenu,reste
SIM-01511,2026-12-01,non_retenu,reste
SIM-01512,2026-12-01,non_retenu,parti
SIM-01513,2026-12-01,non_retenu,parti
SIM-01514,2026-12-01,non_retenu,reste
SIM-01515,2026-12-01,non_retenu,reste
SIM-01516,2026-12-01,non_retenu,parti
SIM-01517,2026-12-01,non_retenu,parti
SIM-01518,2026-12-01,non_retenu,reste
SIM-01519,2026-12-01,non_retenu,reste
SIM-01520,2026-12-01,non_retenu,reste
SIM-01521,2026-12-01,non_retenu,reste
SIM-01522,2026-12-01,non_retenu,reste
SIM-01523,2026-12-01,non_retenu,reste
SIM-01524,2026-12-01,non_retenu,reste
SIM-01525,2026-12-01,non_retenu,reste
SIM-01526,2026-12-01,non_retenu,parti
SIM-01527,2026-12-01,non_retenu,parti
SIM-01528,2026-12-01,non_retenu,reste
SIM-01529,2026-12-01,non_retenu,reste
SIM-01530,2026-12-01,non_retenu,reste
SIM-01531,2026-12-01,non_retenu,reste
SIM-01532,2026-12-01,non_retenu,parti
SIM-01533,2026-12-01,non_retenu,reste
SIM-01534,2026-12-01,non_retenu,reste
SIM-01535,2026-12-01,non_retenu,reste
SIM-01536,2026-12-01,non_retenu,reste
SIM-01537,2026-12-01,non_retenu,reste
SIM-01538,2026-12-01,non_retenu,parti
SIM-01539,2026-12-01,non_retenu,reste
SIM-01540,2026-12-01,non_retenu,reste
SIM-01541,2026-12-01,non_retenu,reste
SIM-01542,2026-12-01,non_retenu,parti
SIM-01543,2026-12-01,non_retenu,parti
SIM-01544,2026-12-01,non_retenu,reste
SIM-01545,2026-12-01,non_retenu,parti
SIM-01546,2026-12-01,non_retenu,parti
SIM-01547,2026-12-01,non_retenu,reste
SIM-01548,2026-12-01,non_retenu,reste
SIM-01549,2026-12-01,non_retenu,reste
SIM-01550,2026-12-01,non_retenu,reste
SIM-01551,2026-12-01,non_retenu,reste
SIM-01552,2026-12-01,non_retenu,reste
SIM-01553,2026-12-01,non_retenu,parti
SIM-01554,2026-12-01,non_retenu,reste
SIM-01555,2026-12-01,non_retenu,reste
SIM-01556,2026-12-01,non_retenu,reste
SIM-01557,2026-12-01,non_retenu,reste
SIM-01558,2026-12-01,non_retenu,reste
SIM-01559,2026-12-01,non_retenu,reste
SIM-01560,2026-12-01,non_retenu,reste
SIM-01561,2026-12-01,temoin,reste
SIM-01562,2026-12-01,non_retenu,parti
SIM-01563,2026-12-01,non_retenu,reste
SIM-01564,2026-12-01,non_retenu,parti
SIM-01565,2026-12-01,non_retenu,reste
SIM-01566,2026-12-01,non_retenu,reste
SIM-01567,2026-12-01,non_retenu,reste
SIM-01568,2026-12-01,non_retenu,reste
SIM-01569,2026-12-01,non_retenu,parti
SIM-01570,2026-12-01,non_retenu,reste
SIM-01571,2026-12-01,non_retenu,reste
SIM-01572,2026-12-01,non_retenu,reste
SIM-01573,2026-12-01,contact,reste
SIM-01574,2026-12-01,non_retenu,reste
SIM-01575,2026-12-01,non_retenu,reste
SIM-01576,2026-12-01,non_retenu,reste
SIM-01577,2026-12-01,non_retenu,reste
SIM-01578,2026-12-01,non_retenu,reste
SIM-01579,2026-12-01,non_retenu,parti
SIM-01580,2026-12-01,non_retenu,reste
SIM-01581,2026-12-01,non_retenu,parti
SIM-01582,2026-12-01,non_retenu,reste
SIM-01583,2026-12-01,non_retenu,reste
SIM-01584,2026-12-01,non_retenu,reste
SIM-01585,2026-12-01,non_retenu,reste
SIM-01586,2026-12-01,non_retenu,reste
SIM-01587,2026-12-01,non_retenu,parti
SIM-01588,2026-12-01,non_retenu,reste
SIM-01589,2026-12-01,non_retenu,reste
SIM-01590,2026-12-01,non_retenu,reste
SIM-01591,2026-12-01,non_retenu,reste
SIM-01592,2026-12-01,non_retenu,reste
SIM-01593,2026-12-01,non_retenu,reste
SIM-01594,2026-12-01,non_retenu,reste
SIM-01595,2026-12-01,non_retenu,reste
SIM-01596,2026-12-01,non_retenu,reste
SIM-01597,2026-12-01,non_retenu,parti
SIM-01598,2026-12-01,non_retenu,parti
SIM-01599,2026-12-01,non_retenu,reste
SIM-01600,2026-12-01,non_retenu,parti
SIM-01601,2026-12-01,non_retenu,reste
SIM-01602,2026-12-01,non_retenu,reste
SIM-01603,2026-12-01,non_retenu,reste
SIM-01604,2026-12-01,non_retenu,parti
SIM-01605,2026-12-01,non_retenu,parti
SIM-01606,2026-12-01,non_retenu,reste
SIM-01607,2026-12-01,non_retenu,reste
SIM-01608,2026-12-01,non_retenu,parti
SIM-01609,2026-12-01,non_retenu,reste
SIM-01610,2026-12-01,non_retenu,parti
SIM-01611,2026-12-01,non_retenu,reste
SIM-01612,2026-12-01,non_retenu,reste
SIM-01613,2026-12-01,non_retenu,reste
SIM-01614,2026-12-01,non_retenu,reste
SIM-01615,2026-12-01,non_retenu,reste
SIM-01616,2026-12-01,non_retenu,reste
SIM-01617,2026-12-01,non_retenu,reste
SIM-01618,2026-12-01,non_retenu,parti
SIM-01619,2026-12-01,non_retenu,reste
SIM-01620,2026-12-01,non_retenu,reste
SIM-01621,2026-12-01,non_retenu,reste
SIM-01622,2026-12-01,non_retenu,reste
SIM-01623,2026-12-01,non_retenu,reste
SIM-01624,2026-12-01,non_retenu,reste
SIM-01625,2026-12-01,non_retenu,parti
SIM-01626,2026-12-01,non_retenu,parti
SIM-01627,2026-12-01,non_retenu,reste
SIM-01628,2026-12-01,non_retenu,reste
SIM-01629,2026-12-01,non_retenu,parti
SIM-01630,2026-12-01,non_retenu,reste
SIM-01631,2026-12-01,non_retenu,reste
SIM-01632,2026-12-01,non_retenu,reste
SIM-01633,2026-12-01,non_retenu,reste
SIM-01634,2026-12-01,non_retenu,parti
SIM-01635,2026-12-01,non_retenu,reste
SIM-01636,2026-12-01,non_retenu,parti
SIM-01637,2026-12-01,non_retenu,reste
SIM-01638,2026-12-01,non_retenu,reste
SIM-01639,2026-12-01,non_retenu,reste
SIM-01640,2026-12-01,contact,parti
SIM-01641,2026-12-01,non_retenu,reste
SIM-01642,2026-12-01,non_retenu,reste
SIM-01643,2026-12-01,non_retenu,reste
SIM-01644,2026-12-01,non_retenu,reste
SIM-01645,2026-12-01,non_retenu,reste
SIM-01646,2026-12-01,non_retenu,parti
SIM-01647,2026-12-01,non_retenu,reste
SIM-01648,2026-12-01,non_retenu,reste
SIM-01649,2026-12-01,non_retenu,parti
SIM-01650,2026-12-01,non_retenu,reste
SIM-01651,2026-12-01,non_retenu,reste
SIM-01652,2026-12-01,non_retenu,reste
SIM-01653,2026-12-01,non_retenu,reste
SIM-01654,2026-12-01,non_retenu,reste
SIM-01655,2026-12-01,non_retenu,reste
SIM-01656,2026-12-01,non_retenu,reste
SIM-01657,2026-12-01,non_retenu,reste
SIM-01658,2026-12-01,non_retenu,reste
SIM-01659,2026-12-01,non_retenu,parti
SIM-01660,2026-12-01,non_retenu,parti
SIM-01661,2026-12-01,non_retenu,parti
SIM-01662,2026-12-01,non_retenu,parti
SIM-01663,2026-12-01,non_retenu,reste
SIM-01664,2026-12-01,non_retenu,parti
SIM-01665,2026-12-01,non_retenu,parti
SIM-01666,2026-12-01,non_retenu,reste
SIM-01667,2026-12-01,non_retenu,reste
SIM-01668,2026-12-01,non_retenu,parti
SIM-01669,2026-12-01,non_retenu,parti
SIM-01670,2026-12-01,non_retenu,reste
SIM-01671,2026-12-01,non_retenu,reste
SIM-01672,2026-12-01,non_retenu,reste
SIM-01673,2026-12-01,non_retenu,reste
SIM-01674,2026-12-01,non_retenu,reste
SIM-01675,2026-12-01,non_retenu,reste
SIM-01676,2026-12-01,non_retenu,reste
SIM-01677,2026-12-01,non_retenu,reste
SIM-01678,2026-12-01,contact,reste
SIM-01679,2026-12-01,non_retenu,parti
SIM-01680,2026-12-01,non_retenu,reste
SIM-01681,2026-12-01,non_retenu,parti
SIM-01682,2026-12-01,non_retenu,reste
SIM-01683,2026-12-01,non_retenu,reste
SIM-01684,2026-12-01,non_retenu,reste
SIM-01685,2026-12-01,non_retenu,parti
SIM-01686,2026-12-01,non_retenu,reste
SIM-01687,2026-12-01,non_retenu,reste
SIM-01688,2026-12-01,non_retenu,parti
SIM-01689,2026-12-01,non_retenu,reste
SIM-01690,2026-12-01,non_retenu,reste
SIM-01691,2026-12-01,non_retenu,reste
SIM-01692,2026-12-01,non_retenu,reste
SIM-01693,2026-12-01,non_retenu,reste
SIM-01694,2026-12-01,non_retenu,parti
SIM-01695,2026-12-01,non_retenu,reste
SIM-01696,2026-12-01,non_retenu,parti
SIM-01697,2026-12-01,non_retenu,reste
SIM-01698,2026-12-01,non_retenu,reste
SIM-01699,2026-12-01,non_retenu,parti
SIM-01700,2026-12-01,non_retenu,reste
SIM-01701,2026-12-01,non_retenu,reste
SIM-01702,2026-12-01,non_retenu,reste
SIM-01703,2026-12-01,non_retenu,reste
SIM-01704,2026-12-01,non_retenu,reste
SIM-01705,2026-12-01,non_retenu,parti
SIM-01706,2026-12-01,non_retenu,reste
SIM-01707,2026-12-01,non_retenu,reste
SIM-01708,2026-12-01,non_retenu,parti
SIM-01709,2026-12-01,non_retenu,reste
SIM-01710,2026-12-01,non_retenu,reste
SIM-01711,2026-12-01,non_retenu,parti
SIM-01712,2026-12-01,non_retenu,reste
SIM-01713,2026-12-01,non_retenu,reste
SIM-01714,2026-12-01,non_retenu,reste
SIM-01715,2026-12-01,non_retenu,reste
SIM-01716,2026-12-01,non_retenu,parti
SIM-01717,2026-12-01,non_retenu,reste
SIM-01718,2026-12-01,non_retenu,reste
SIM-01719,2026-12-01,non_retenu,reste
SIM-01720,2026-12-01,non_retenu,reste
SIM-01721,2026-12-01,non_retenu,parti
SIM-01722,2026-12-01,non_retenu,reste
SIM-01723,2026-12-01,non_retenu,parti
SIM-01724,2026-12-01,non_retenu,reste
SIM-01725,2026-12-01,non_retenu,parti
SIM-01726,2026-12-01,non_retenu,parti
SIM-01727,2026-12-01,contact,parti
SIM-01728,2026-12-01,non_retenu,reste
SIM-01729,2026-12-01,non_retenu,parti
SIM-01730,2026-12-01,non_retenu,reste
SIM-01731,2026-12-01,non_retenu,reste
SIM-01732,2026-12-01,non_retenu,reste
SIM-01733,2026-12-01,non_retenu,parti
SIM-01734,2026-12-01,non_retenu,parti
SIM-01735,2026-12-01,non_retenu,parti
SIM-01736,2026-12-01,non_retenu,reste
SIM-01737,2026-12-01,non_retenu,parti
SIM-01738,2026-12-01,non_retenu,reste
SIM-01739,2026-12-01,non_retenu,parti
SIM-01740,2026-12-01,non_retenu,reste
SIM-01741,2026-12-01,non_retenu,reste
SIM-01742,2026-12-01,non_retenu,reste
SIM-01743,2026-12-01,non_retenu,reste
SIM-01744,2026-12-01,non_retenu,parti
SIM-01745,2026-12-01,non_retenu,reste
SIM-01746,2026-12-01,non_retenu,reste
SIM-01747,2026-12-01,non_retenu,reste
SIM-01748,2026-12-01,non_retenu,reste
SIM-01749,2026-12-01,non_retenu,reste
SIM-01750,2026-12-01,non_retenu,parti
SIM-01751,2026-12-01,non_retenu,reste
SIM-01752,2026-12-01,non_retenu,reste
SIM-01753,2026-12-01,non_retenu,reste
SIM-01754,2026-12-01,non_retenu,reste
SIM-01755,2026-12-01,non_retenu,parti
SIM-01756,2026-12-01,non_retenu,reste
SIM-01757,2026-12-01,non_retenu,parti
SIM-01758,2026-12-01,non_retenu,reste
SIM-01759,2026-12-01,non_retenu,parti
SIM-01760,2026-12-01,non_retenu,parti
SIM-01761,2026-12-01,non_retenu,reste
SIM-01762,2026-12-01,non_retenu,reste
SIM-01763,2026-12-01,non_retenu,reste
SIM-01764,2026-12-01,non_retenu,reste
SIM-01765,2026-12-01,non_retenu,reste
SIM-01766,2026-12-01,non_retenu,reste
SIM-01767,2026-12-01,non_retenu,parti
SIM-01768,2026-12-01,non_retenu,reste
SIM-01769,2026-12-01,non_retenu,reste
SIM-01770,2026-12-01,non_retenu,parti
SIM-01771,2026-12-01,non_retenu,parti
SIM-01772,2026-12-01,non_retenu,parti
SIM-01773,2026-12-01,non_retenu,reste
SIM-01774,2026-12-01,non_retenu,reste
SIM-01775,2026-12-01,non_retenu,reste
SIM-01776,2026-12-01,non_retenu,reste
SIM-01777,2026-12-01,non_retenu,reste
SIM-01778,2026-12-01,non_retenu,reste
SIM-01779,2026-12-01,non_retenu,reste
SIM-01780,2026-12-01,non_retenu,reste
SIM-01781,2026-12-01,non_retenu,reste
SIM-01782,2026-12-01,non_retenu,reste
SIM-01783,2026-12-01,non_retenu,reste
SIM-01784,2026-12-01,non_retenu,parti
SIM-01785,2026-12-01,non_retenu,parti
SIM-01786,2026-12-01,non_retenu,parti
SIM-01787,2026-12-01,non_retenu,reste
SIM-01788,2026-12-01,non_retenu,reste
SIM-01789,2026-12-01,non_retenu,reste
SIM-01790,2026-12-01,non_retenu,reste
SIM-01791,2026-12-01,non_retenu,parti
SIM-01792,2026-12-01,contact,reste
SIM-01793,2026-12-01,non_retenu,reste
SIM-01794,2026-12-01,non_retenu,reste
SIM-01795,2026-12-01,non_retenu,reste
SIM-01796,2026-12-01,non_retenu,reste
SIM-01797,2026-12-01,non_retenu,reste
SIM-01798,2026-12-01,non_retenu,reste
SIM-01799,2026-12-01,non_retenu,reste
SIM-01800,2026-12-01,non_retenu,reste
SIM-01801,2026-12-01,non_retenu,reste
SIM-01802,2026-12-01,non_retenu,parti
SIM-01803,2026-12-01,contact,reste
SIM-01804,2026-12-01,non_retenu,reste
SIM-01805,2026-12-01,non_retenu,reste
SIM-01806,2026-12-01,non_retenu,reste
SIM-01807,2026-12-01,non_retenu,parti
SIM-01808,2026-12-01,non_retenu,parti
SIM-01809,2026-12-01,non_retenu,reste
SIM-01810,2026-12-01,non_retenu,reste
SIM-01811,2026-12-01,non_retenu,reste
SIM-01812,2026-12-01,non_retenu,reste
SIM-01813,2026-12-01,non_retenu,reste
SIM-01814,2026-12-01,non_retenu,reste
SIM-01815,2026-12-01,non_retenu,parti
SIM-01816,2026-12-01,non_retenu,reste
SIM-01817,2026-12-01,non_retenu,reste
SIM-01818,2026-12-01,non_retenu,parti
SIM-01819,2026-12-01,contact,reste
SIM-01820,2026-12-01,non_retenu,reste
SIM-01821,2026-12-01,non_retenu,reste
SIM-01822,2026-12-01,non_retenu,reste
SIM-01823,2026-12-01,non_retenu,reste
SIM-01824,2026-12-01,non_retenu,reste
SIM-01825,2026-12-01,non_retenu,reste
SIM-01826,2026-12-01,non_retenu,parti
SIM-01827,2026-12-01,non_retenu,parti
SIM-01828,2026-12-01,non_retenu,reste
SIM-01829,2026-12-01,non_retenu,reste
SIM-01830,2026-12-01,non_retenu,reste
SIM-01831,2026-12-01,non_retenu,reste
SIM-01832,2026-12-01,non_retenu,reste
SIM-01833,2026-12-01,non_retenu,reste
SIM-01834,2026-12-01,non_retenu,reste
SIM-01835,2026-12-01,non_retenu,reste
SIM-01836,2026-12-01,non_retenu,reste
SIM-01837,2026-12-01,non_retenu,reste
SIM-01838,2026-12-01,non_retenu,reste
SIM-01839,2026-12-01,non_retenu,reste
SIM-01840,2026-12-01,non_retenu,reste
SIM-01841,2026-12-01,non_retenu,reste
SIM-01842,2026-12-01,non_retenu,reste
SIM-01843,2026-12-01,non_retenu,reste
SIM-01844,2026-12-01,non_retenu,reste
SIM-01845,2026-12-01,contact,parti
SIM-01846,2026-12-01,non_retenu,parti
SIM-01847,2026-12-01,non_retenu,reste
SIM-01848,2026-12-01,non_retenu,reste
SIM-01849,2026-12-01,non_retenu,parti
SIM-01850,2026-12-01,non_retenu,reste
SIM-01851,2026-12-01,non_retenu,parti
SIM-01852,2026-12-01,non_retenu,reste
SIM-01853,2026-12-01,non_retenu,reste
SIM-01854,2026-12-01,non_retenu,reste
SIM-01855,2026-12-01,non_retenu,reste
SIM-01856,2026-12-01,non_retenu,parti
SIM-01857,2026-12-01,non_retenu,reste
SIM-01858,2026-12-01,non_retenu,reste
SIM-01859,2026-12-01,temoin,parti
SIM-01860,2026-12-01,non_retenu,parti
SIM-01861,2026-12-01,non_retenu,reste
SIM-01862,2026-12-01,non_retenu,reste
SIM-01863,2026-12-01,non_retenu,reste
SIM-01864,2026-12-01,non_retenu,reste
SIM-01865,2026-12-01,non_retenu,reste
SIM-01866,2026-12-01,non_retenu,reste
SIM-01867,2026-12-01,non_retenu,parti
SIM-01868,2026-12-01,non_retenu,parti
SIM-01869,2026-12-01,non_retenu,parti
SIM-01870,2026-12-01,non_retenu,reste
SIM-01871,2026-12-01,non_retenu,parti
SIM-01872,2026-12-01,non_retenu,reste
SIM-01873,2026-12-01,non_retenu,parti
SIM-01874,2026-12-01,non_retenu,reste
SIM-01875,2026-12-01,non_retenu,reste
SIM-01876,2026-12-01,non_retenu,reste
SIM-01877,2026-12-01,non_retenu,reste
SIM-01878,2026-12-01,non_retenu,reste
SIM-01879,2026-12-01,non_retenu,parti
SIM-01880,2026-12-01,non_retenu,reste
SIM-01881,2026-12-01,non_retenu,reste
SIM-01882,2026-12-01,non_retenu,parti
SIM-01883,2026-12-01,non_retenu,parti
SIM-01884,2026-12-01,non_retenu,reste
SIM-01885,2026-12-01,non_retenu,reste
SIM-01886,2026-12-01,non_retenu,parti
SIM-01887,2026-12-01,non_retenu,parti
SIM-01888,2026-12-01,non_retenu,reste
SIM-01889,2026-12-01,non_retenu,reste
SIM-01890,2026-12-01,non_retenu,reste
SIM-01891,2026-12-01,non_retenu,parti
SIM-01892,2026-12-01,non_retenu,reste
SIM-01893,2026-12-01,non_retenu,reste
SIM-01894,2026-12-01,non_retenu,parti
SIM-01895,2026-12-01,non_retenu,parti
SIM-01896,2026-12-01,non_retenu,reste
SIM-01897,2026-12-01,non_retenu,reste
SIM-01898,2026-12-01,non_retenu,parti
SIM-01899,2026-12-01,non_retenu,reste
SIM-01900,2026-12-01,temoin,reste
SIM-01901,2026-12-01,non_retenu,parti
SIM-01902,2026-12-01,non_retenu,reste
SIM-01903,2026-12-01,non_retenu,reste
SIM-01904,2026-12-01,non_retenu,reste
SIM-01905,2026-12-01,contact,reste
SIM-01906,2026-12-01,non_retenu,reste
SIM-01907,2026-12-01,non_retenu,parti
SIM-01908,2026-12-01,non_retenu,reste
SIM-01909,2026-12-01,contact,parti
SIM-01910,2026-12-01,contact,parti
SIM-01911,2026-12-01,non_retenu,reste
SIM-01912,2026-12-01,non_retenu,reste
SIM-01913,2026-12-01,non_retenu,reste
SIM-01914,2026-12-01,non_retenu,reste
SIM-01915,2026-12-01,non_retenu,reste
SIM-01916,2026-12-01,non_retenu,parti
SIM-01917,2026-12-01,non_retenu,parti
SIM-01918,2026-12-01,non_retenu,reste
SIM-01919,2026-12-01,non_retenu,reste
SIM-01920,2026-12-01,non_retenu,parti
SIM-01921,2026-12-01,non_retenu,parti
SIM-01922,2026-12-01,non_retenu,parti
SIM-01923,2026-12-01,non_retenu,reste
SIM-01924,2026-12-01,non_retenu,reste
SIM-01925,2026-12-01,non_retenu,reste
SIM-01926,2026-12-01,non_retenu,parti
SIM-01927,2026-12-01,non_retenu,parti
SIM-01928,2026-12-01,non_retenu,parti
SIM-01929,2026-12-01,non_retenu,parti
SIM-01930,2026-12-01,non_retenu,reste
SIM-01931,2026-12-01,non_retenu,reste
SIM-01932,2026-12-01,non_retenu,reste
SIM-01933,2026-12-01,non_retenu,reste
SIM-01934,2026-12-01,non_retenu,parti
SIM-01935,2026-12-01,non_retenu,reste
SIM-01936,2026-12-01,non_retenu,parti
SIM-01937,2026-12-01,non_retenu,reste
SIM-01938,2026-12-01,non_retenu,parti
SIM-01939,2026-12-01,non_retenu,parti
SIM-01940,2026-12-01,non_retenu,parti
SIM-01941,2026-12-01,non_retenu,reste
SIM-01942,2026-12-01,non_retenu,parti
SIM-01943,2026-12-01,non_retenu,parti
SIM-01944,2026-12-01,non_retenu,reste
SIM-01945,2026-12-01,non_retenu,reste
SIM-01946,2026-12-01,non_retenu,reste
SIM-01947,2026-12-01,non_retenu,reste
SIM-01948,2026-12-01,non_retenu,parti
SIM-01949,2026-12-01,non_retenu,reste
SIM-01950,2026-12-01,non_retenu,reste
SIM-01951,2026-12-01,non_retenu,reste
SIM-01952,2026-12-01,non_retenu,parti
SIM-01953,2026-12-01,non_retenu,reste
SIM-01954,2026-12-01,non_retenu,reste
SIM-01955,2026-12-01,non_retenu,reste
SIM-01956,2026-12-01,non_retenu,parti
SIM-01957,2026-12-01,non_retenu,parti
SIM-01958,2026-12-01,contact,parti
SIM-01959,2026-12-01,non_retenu,reste
SIM-01960,2026-12-01,non_retenu,reste
SIM-01961,2026-12-01,non_retenu,reste
SIM-01962,2026-12-01,non_retenu,reste
SIM-01963,2026-12-01,non_retenu,reste
SIM-01964,2026-12-01,non_retenu,parti
SIM-01965,2026-12-01,non_retenu,reste
SIM-01966,2026-12-01,non_retenu,reste
SIM-01967,2026-12-01,non_retenu,parti
SIM-01968,2026-12-01,non_retenu,parti
SIM-01969,2026-12-01,non_retenu,parti
SIM-01970,2026-12-01,non_retenu,reste
SIM-01971,2026-12-01,contact,parti
SIM-01972,2026-12-01,non_retenu,reste
SIM-01973,2026-12-01,non_retenu,reste
SIM-01974,2026-12-01,non_retenu,reste
SIM-01975,2026-12-01,non_retenu,parti
SIM-01976,2026-12-01,non_retenu,reste
SIM-01977,2026-12-01,non_retenu,reste
SIM-01978,2026-12-01,non_retenu,reste
SIM-01979,2026-12-01,non_retenu,parti
SIM-01980,2026-12-01,non_retenu,parti
SIM-01981,2026-12-01,non_retenu,reste
SIM-01982,2026-12-01,non_retenu,reste
SIM-01983,2026-12-01,contact,reste
SIM-01984,2026-12-01,non_retenu,reste
SIM-01985,2026-12-01,non_retenu,reste
SIM-01986,2026-12-01,non_retenu,parti
SIM-01987,2026-12-01,non_retenu,parti
SIM-01988,2026-12-01,non_retenu,reste
SIM-01989,2026-12-01,non_retenu,parti
SIM-01990,2026-12-01,non_retenu,reste
SIM-01991,2026-12-01,non_retenu,parti
SIM-01992,2026-12-01,non_retenu,parti
SIM-01993,2026-12-01,non_retenu,reste
SIM-01994,2026-12-01,non_retenu,parti
SIM-01995,2026-12-01,non_retenu,parti
SIM-01996,2026-12-01,non_retenu,reste
SIM-01997,2026-12-01,non_retenu,parti
SIM-01998,2026-12-01,non_retenu,reste
SIM-01999,2026-12-01,non_retenu,parti
SIM-02000,2026-12-01,non_retenu,reste
SIM-02001,2026-12-01,non_retenu,reste
SIM-02002,2026-12-01,non_retenu,reste
SIM-02003,2026-12-01,non_retenu,reste
SIM-02004,2026-12-01,non_retenu,reste
SIM-02005,2026-12-01,non_retenu,reste
SIM-02006,2026-12-01,non_retenu,reste
SIM-02007,2026-12-01,non_retenu,reste
SIM-02008,2026-12-01,non_retenu,parti
SIM-02009,2026-12-01,non_retenu,reste
SIM-02010,2026-12-01,contact,parti
SIM-02011,2026-12-01,non_retenu,parti
SIM-02012,2026-12-01,non_retenu,parti
SIM-02013,2026-12-01,non_retenu,reste
SIM-02014,2026-12-01,non_retenu,reste
SIM-02015,2026-12-01,non_retenu,parti
SIM-02016,2026-12-01,non_retenu,reste
SIM-02017,2026-12-01,non_retenu,parti
SIM-02018,2026-12-01,non_retenu,reste
SIM-02019,2026-12-01,non_retenu,reste
SIM-02020,2026-12-01,non_retenu,reste
SIM-02021,2026-12-01,non_retenu,reste
SIM-02022,2026-12-01,non_retenu,reste
SIM-02023,2026-12-01,non_retenu,parti
SIM-02024,2026-12-01,non_retenu,parti
SIM-02025,2026-12-01,non_retenu,reste
SIM-02026,2026-12-01,non_retenu,parti
SIM-02027,2026-12-01,non_retenu,reste
SIM-02028,2026-12-01,non_retenu,reste
SIM-02029,2026-12-01,non_retenu,reste
SIM-02030,2026-12-01,non_retenu,reste
SIM-02031,2026-12-01,non_retenu,reste
SIM-02032,2026-12-01,non_retenu,parti
SIM-02033,2026-12-01,non_retenu,reste
SIM-02034,2026-12-01,non_retenu,reste
SIM-02035,2026-12-01,non_retenu,reste
SIM-02036,2026-12-01,non_retenu,parti
SIM-02037,2026-12-01,non_retenu,reste
SIM-02038,2026-12-01,non_retenu,parti
SIM-02039,2026-12-01,contact,parti
SIM-02040,2026-12-01,contact,reste
SIM-02041,2026-12-01,non_retenu,reste
SIM-02042,2026-12-01,non_retenu,reste
SIM-02043,2026-12-01,non_retenu,reste
SIM-02044,2026-12-01,contact,parti
SIM-02045,2026-12-01,non_retenu,parti
SIM-02046,2026-12-01,non_retenu,parti
SIM-02047,2026-12-01,non_retenu,reste
SIM-02048,2026-12-01,non_retenu,reste
SIM-02049,2026-12-01,non_retenu,parti
SIM-02050,2026-12-01,non_retenu,reste
SIM-02051,2026-12-01,non_retenu,parti
SIM-02052,2026-12-01,non_retenu,reste
SIM-02053,2026-12-01,non_retenu,reste
SIM-02054,2026-12-01,non_retenu,reste
SIM-02055,2026-12-01,non_retenu,reste
SIM-02056,2026-12-01,non_retenu,parti
SIM-02057,2026-12-01,non_retenu,parti
SIM-02058,2026-12-01,non_retenu,reste
SIM-02059,2026-12-01,non_retenu,reste
SIM-02060,2026-12-01,non_retenu,parti
SIM-02061,2026-12-01,non_retenu,reste
SIM-02062,2026-12-01,non_retenu,reste
SIM-02063,2026-12-01,non_retenu,parti
SIM-02064,2026-12-01,non_retenu,reste
SIM-02065,2026-12-01,non_retenu,reste
SIM-02066,2026-12-01,non_retenu,reste
SIM-02067,2026-12-01,non_retenu,parti
SIM-02068,2026-12-01,non_retenu,reste
SIM-02069,2026-12-01,non_retenu,parti
SIM-02070,2026-12-01,non_retenu,reste
SIM-02071,2026-12-01,non_retenu,parti
SIM-02072,2026-12-01,non_retenu,reste
SIM-02073,2026-12-01,non_retenu,reste
SIM-02074,2026-12-01,non_retenu,reste
SIM-02075,2026-12-01,non_retenu,reste
SIM-02076,2026-12-01,non_retenu,parti
SIM-02077,2026-12-01,non_retenu,reste
SIM-02078,2026-12-01,non_retenu,reste
SIM-02079,2026-12-01,non_retenu,parti
SIM-02080,2026-12-01,contact,reste
SIM-02081,2026-12-01,non_retenu,parti
SIM-02082,2026-12-01,non_retenu,reste
SIM-02083,2026-12-01,non_retenu,reste
SIM-02084,2026-12-01,non_retenu,parti
SIM-02085,2026-12-01,non_retenu,reste
SIM-02086,2026-12-01,non_retenu,reste
SIM-02087,2026-12-01,non_retenu,reste
SIM-02088,2026-12-01,non_retenu,reste
SIM-02089,2026-12-01,non_retenu,reste
SIM-02090,2026-12-01,non_retenu,reste
SIM-02091,2026-12-01,non_retenu,reste
SIM-02092,2026-12-01,non_retenu,parti
SIM-02093,2026-12-01,contact,parti
SIM-02094,2026-12-01,non_retenu,parti
SIM-02095,2026-12-01,non_retenu,reste
SIM-02096,2026-12-01,non_retenu,parti
SIM-02097,2026-12-01,non_retenu,reste
SIM-02098,2026-12-01,non_retenu,reste
SIM-02099,2026-12-01,non_retenu,reste
SIM-02100,2026-12-01,non_retenu,parti
SIM-02101,2026-12-01,non_retenu,reste
SIM-02102,2026-12-01,non_retenu,reste
SIM-02103,2026-12-01,non_retenu,reste
SIM-02104,2026-12-01,non_retenu,reste
SIM-02105,2026-12-01,non_retenu,reste
SIM-02106,2026-12-01,non_retenu,parti
SIM-02107,2026-12-01,non_retenu,reste
SIM-02108,2026-12-01,non_retenu,reste
SIM-02109,2026-12-01,non_retenu,parti
SIM-02110,2026-12-01,non_retenu,parti
SIM-02111,2026-12-01,non_retenu,parti
SIM-02112,2026-12-01,non_retenu,reste
SIM-02113,2026-12-01,non_retenu,parti
SIM-02114,2026-12-01,non_retenu,reste
SIM-02115,2026-12-01,non_retenu,reste
SIM-02116,2026-12-01,non_retenu,reste
SIM-02117,2026-12-01,non_retenu,reste
SIM-02118,2026-12-01,non_retenu,reste
SIM-02119,2026-12-01,non_retenu,reste
SIM-02120,2026-12-01,non_retenu,reste
SIM-02121,2026-12-01,non_retenu,reste
SIM-02122,2026-12-01,non_retenu,reste
SIM-02123,2026-12-01,non_retenu,reste
SIM-02124,2026-12-01,non_retenu,reste
SIM-02125,2026-12-01,non_retenu,reste
SIM-02126,2026-12-01,non_retenu,reste
SIM-02127,2026-12-01,non_retenu,reste
SIM-02128,2026-12-01,non_retenu,reste
SIM-02129,2026-12-01,non_retenu,reste
SIM-02130,2026-12-01,non_retenu,reste
SIM-02131,2026-12-01,non_retenu,reste
SIM-02132,2026-12-01,non_retenu,parti
SIM-02133,2026-12-01,non_retenu,reste
SIM-02134,2026-12-01,non_retenu,reste
SIM-02135,2026-12-01,non_retenu,parti
SIM-02136,2026-12-01,non_retenu,reste
SIM-02137,2026-12-01,non_retenu,parti
SIM-02138,2026-12-01,non_retenu,parti
SIM-02139,2026-12-01,non_retenu,reste
SIM-02140,2026-12-01,non_retenu,reste
SIM-02141,2026-12-01,non_retenu,reste
SIM-02142,2026-12-01,non_retenu,reste
SIM-02143,2026-12-01,non_retenu,reste
SIM-02144,2026-12-01,non_retenu,parti
SIM-02145,2026-12-01,non_retenu,reste
SIM-02146,2026-12-01,non_retenu,reste
SIM-02147,2026-12-01,non_retenu,reste
SIM-02148,2026-12-01,non_retenu,reste
SIM-02149,2026-12-01,non_retenu,parti
SIM-02150,2026-12-01,non_retenu,reste
SIM-02151,2026-12-01,non_retenu,parti
SIM-02152,2026-12-01,non_retenu,reste
SIM-02153,2026-12-01,non_retenu,reste
SIM-02154,2026-12-01,non_retenu,reste
SIM-02155,2026-12-01,non_retenu,reste
SIM-02156,2026-12-01,non_retenu,reste
SIM-02157,2026-12-01,non_retenu,parti
SIM-02158,2026-12-01,non_retenu,parti
SIM-02159,2026-12-01,non_retenu,reste
SIM-02160,2026-12-01,non_retenu,reste
SIM-02161,2026-12-01,non_retenu,reste
SIM-02162,2026-12-01,non_retenu,reste
SIM-02163,2026-12-01,non_retenu,reste
SIM-02164,2026-12-01,non_retenu,reste
SIM-02165,2026-12-01,non_retenu,reste
SIM-02166,2026-12-01,non_retenu,reste
SIM-02167,2026-12-01,non_retenu,parti
SIM-02168,2026-12-01,non_retenu,parti
SIM-02169,2026-12-01,non_retenu,reste
SIM-02170,2026-12-01,non_retenu,parti
SIM-02171,2026-12-01,non_retenu,reste
SIM-02172,2026-12-01,non_retenu,parti
SIM-02173,2026-12-01,non_retenu,reste
SIM-02174,2026-12-01,non_retenu,reste
SIM-02175,2026-12-01,non_retenu,reste
SIM-02176,2026-12-01,non_retenu,parti
SIM-02177,2026-12-01,contact,parti
SIM-02178,2026-12-01,non_retenu,reste
SIM-02179,2026-12-01,non_retenu,reste
SIM-02180,2026-12-01,non_retenu,parti
SIM-02181,2026-12-01,non_retenu,parti
SIM-02182,2026-12-01,non_retenu,reste
SIM-02183,2026-12-01,non_retenu,parti
SIM-02184,2026-12-01,non_retenu,reste
SIM-02185,2026-12-01,non_retenu,reste
SIM-02186,2026-12-01,non_retenu,reste
SIM-02187,2026-12-01,non_retenu,parti
SIM-02188,2026-12-01,non_retenu,reste
SIM-02189,2026-12-01,non_retenu,reste
SIM-02190,2026-12-01,non_retenu,parti
SIM-02191,2026-12-01,non_retenu,reste
SIM-02192,2026-12-01,non_retenu,reste
SIM-02193,2026-12-01,non_retenu,reste
SIM-02194,2026-12-01,non_retenu,parti
SIM-02195,2026-12-01,non_retenu,reste
SIM-02196,2026-12-01,non_retenu,parti
SIM-02197,2026-12-01,non_retenu,reste
SIM-02198,2026-12-01,non_retenu,reste
SIM-02199,2026-12-01,non_retenu,reste
SIM-02200,2026-12-01,non_retenu,reste
SIM-02201,2026-12-01,non_retenu,reste
SIM-02202,2026-12-01,non_retenu,reste
SIM-02203,2026-12-01,non_retenu,reste
SIM-02204,2026-12-01,non_retenu,parti
SIM-02205,2026-12-01,non_retenu,reste
SIM-02206,2026-12-01,non_retenu,reste
SIM-02207,2026-12-01,non_retenu,reste
SIM-02208,2026-12-01,non_retenu,reste
SIM-02209,2026-12-01,non_retenu,reste
SIM-02210,2026-12-01,non_retenu,reste
SIM-02211,2026-12-01,non_retenu,reste
SIM-02212,2026-12-01,non_retenu,reste
SIM-02213,2026-12-01,non_retenu,reste
SIM-02214,2026-12-01,non_retenu,reste
SIM-02215,2026-12-01,non_retenu,reste
SIM-02216,2026-12-01,non_retenu,reste
SIM-02217,2026-12-01,non_retenu,parti
SIM-02218,2026-12-01,non_retenu,reste
SIM-02219,2026-12-01,non_retenu,parti
SIM-02220,2026-12-01,non_retenu,parti
SIM-02221,2026-12-01,non_retenu,reste
SIM-02222,2026-12-01,non_retenu,reste
SIM-02223,2026-12-01,non_retenu,reste
SIM-02224,2026-12-01,non_retenu,reste
SIM-02225,2026-12-01,non_retenu,reste
SIM-02226,2026-12-01,non_retenu,parti
SIM-02227,2026-12-01,non_retenu,reste
SIM-02228,2026-12-01,non_retenu,reste
SIM-02229,2026-12-01,non_retenu,reste
SIM-02230,2026-12-01,non_retenu,reste
SIM-02231,2026-12-01,non_retenu,reste
SIM-02232,2026-12-01,non_retenu,reste
SIM-02233,2026-12-01,non_retenu,parti
SIM-02234,2026-12-01,non_retenu,parti
SIM-02235,2026-12-01,non_retenu,reste
SIM-02236,2026-12-01,non_retenu,reste
SIM-02237,2026-12-01,non_retenu,parti
SIM-02238,2026-12-01,non_retenu,reste
SIM-02239,2026-12-01,non_retenu,reste
SIM-02240,2026-12-01,non_retenu,reste
SIM-02241,2026-12-01,contact,reste
SIM-02242,2026-12-01,non_retenu,parti
SIM-02243,2026-12-01,non_retenu,parti
SIM-02244,2026-12-01,non_retenu,reste
SIM-02245,2026-12-01,non_retenu,parti
SIM-02246,2026-12-01,non_retenu,parti
SIM-02247,2026-12-01,non_retenu,reste
SIM-02248,2026-12-01,non_retenu,reste
SIM-02249,2026-12-01,non_retenu,reste
SIM-02250,2026-12-01,non_retenu,parti
SIM-02251,2026-12-01,non_retenu,reste
SIM-02252,2026-12-01,non_retenu,reste
SIM-02253,2026-12-01,non_retenu,reste
SIM-02254,2026-12-01,non_retenu,reste
SIM-02255,2026-12-01,non_retenu,reste
SIM-02256,2026-12-01,non_retenu,reste
SIM-02257,2026-12-01,non_retenu,reste
SIM-02258,2026-12-01,non_retenu,reste
SIM-02259,2026-12-01,non_retenu,parti
SIM-02260,2026-12-01,non_retenu,reste
SIM-02261,2026-12-01,non_retenu,parti
SIM-02262,2026-12-01,non_retenu,reste
SIM-02263,2026-12-01,non_retenu,reste
SIM-02264,2026-12-01,non_retenu,reste
SIM-02265,2026-12-01,non_retenu,reste
SIM-02266,2026-12-01,non_retenu,reste
SIM-02267,2026-12-01,non_retenu,parti
SIM-02268,2026-12-01,non_retenu,parti
SIM-02269,2026-12-01,non_retenu,reste
SIM-02270,2026-12-01,non_retenu,reste
SIM-02271,2026-12-01,non_retenu,reste
SIM-02272,2026-12-01,non_retenu,reste
SIM-02273,2026-12-01,non_retenu,reste
SIM-02274,2026-12-01,non_retenu,parti
SIM-02275,2026-12-01,non_retenu,reste
SIM-02276,2026-12-01,non_retenu,parti
SIM-02277,2026-12-01,non_retenu,reste
SIM-02278,2026-12-01,non_retenu,reste
SIM-02279,2026-12-01,non_retenu,reste
SIM-02280,2026-12-01,non_retenu,reste
SIM-02281,2026-12-01,non_retenu,reste
SIM-02282,2026-12-01,non_retenu,reste
SIM-02283,2026-12-01,non_retenu,reste
SIM-02284,2026-12-01,non_retenu,reste
SIM-02285,2026-12-01,non_retenu,reste
SIM-02286,2026-12-01,non_retenu,reste
SIM-02287,2026-12-01,non_retenu,parti
SIM-02288,2026-12-01,non_retenu,reste
SIM-02289,2026-12-01,non_retenu,reste
SIM-02290,2026-12-01,non_retenu,reste
SIM-02291,2026-12-01,contact,reste
SIM-02292,2026-12-01,non_retenu,reste
SIM-02293,2026-12-01,non_retenu,reste
SIM-02294,2026-12-01,non_retenu,parti
SIM-02295,2026-12-01,non_retenu,parti
SIM-02296,2026-12-01,non_retenu,reste
SIM-02297,2026-12-01,non_retenu,reste
SIM-02298,2026-12-01,non_retenu,reste
SIM-02299,2026-12-01,non_retenu,reste
SIM-02300,2026-12-01,non_retenu,reste
SIM-02301,2026-12-01,non_retenu,reste
SIM-02302,2026-12-01,non_retenu,reste
SIM-02303,2026-12-01,non_retenu,parti
SIM-02304,2026-12-01,non_retenu,parti
SIM-02305,2026-12-01,non_retenu,reste
SIM-02306,2026-12-01,non_retenu,reste
SIM-02307,2026-12-01,non_retenu,reste
SIM-02308,2026-12-01,non_retenu,reste
SIM-02309,2026-12-01,non_retenu,reste
SIM-02310,2026-12-01,non_retenu,reste
SIM-02311,2026-12-01,non_retenu,parti
SIM-02312,2026-12-01,non_retenu,parti
SIM-02313,2026-12-01,non_retenu,reste
SIM-02314,2026-12-01,non_retenu,reste
SIM-02315,2026-12-01,non_retenu,parti
SIM-02316,2026-12-01,non_retenu,reste
SIM-02317,2026-12-01,non_retenu,reste
SIM-02318,2026-12-01,non_retenu,reste
SIM-02319,2026-12-01,non_retenu,reste
SIM-02320,2026-12-01,non_retenu,reste
SIM-02321,2026-12-01,non_retenu,reste
SIM-02322,2026-12-01,non_retenu,reste
SIM-02323,2026-12-01,non_retenu,parti
SIM-02324,2026-12-01,non_retenu,reste
SIM-02325,2026-12-01,non_retenu,parti
SIM-02326,2026-12-01,non_retenu,reste
SIM-02327,2026-12-01,non_retenu,reste
SIM-02328,2026-12-01,non_retenu,reste
SIM-02329,2026-12-01,non_retenu,reste
SIM-02330,2026-12-01,non_retenu,reste
SIM-02331,2026-12-01,non_retenu,reste
SIM-02332,2026-12-01,contact,reste
SIM-02333,2026-12-01,non_retenu,parti
SIM-02334,2026-12-01,non_retenu,reste
SIM-02335,2026-12-01,non_retenu,reste
SIM-02336,2026-12-01,non_retenu,reste
SIM-02337,2026-12-01,non_retenu,parti
SIM-02338,2026-12-01,non_retenu,reste
SIM-02339,2026-12-01,non_retenu,reste
SIM-02340,2026-12-01,non_retenu,parti
SIM-02341,2026-12-01,non_retenu,parti
SIM-02342,2026-12-01,non_retenu,parti
SIM-02343,2026-12-01,non_retenu,reste
SIM-02344,2026-12-01,non_retenu,reste
SIM-02345,2026-12-01,non_retenu,reste
SIM-02346,2026-12-01,non_retenu,reste
SIM-02347,2026-12-01,non_retenu,parti
SIM-02348,2026-12-01,non_retenu,reste
SIM-02349,2026-12-01,non_retenu,parti
SIM-02350,2026-12-01,non_retenu,reste
SIM-02351,2026-12-01,non_retenu,reste
SIM-02352,2026-12-01,non_retenu,reste
SIM-02353,2026-12-01,non_retenu,reste
SIM-02354,2026-12-01,non_retenu,parti
SIM-02355,2026-12-01,non_retenu,reste
SIM-02356,2026-12-01,non_retenu,reste
SIM-02357,2026-12-01,non_retenu,reste
SIM-02358,2026-12-01,non_retenu,parti
SIM-02359,2026-12-01,non_retenu,parti
SIM-02360,2026-12-01,non_retenu,parti
SIM-02361,2026-12-01,non_retenu,parti
SIM-02362,2026-12-01,non_retenu,parti
SIM-02363,2026-12-01,non_retenu,reste
SIM-02364,2026-12-01,non_retenu,reste
SIM-02365,2026-12-01,non_retenu,reste
SIM-02366,2026-12-01,non_retenu,reste
SIM-02367,2026-12-01,non_retenu,reste
SIM-02368,2026-12-01,non_retenu,reste
SIM-02369,2026-12-01,non_retenu,reste
SIM-02370,2026-12-01,non_retenu,reste
SIM-02371,2026-12-01,non_retenu,reste
SIM-02372,2026-12-01,non_retenu,reste
SIM-02373,2026-12-01,non_retenu,reste
SIM-02374,2026-12-01,non_retenu,reste
SIM-02375,2026-12-01,non_retenu,reste
SIM-02376,2026-12-01,non_retenu,parti
SIM-02377,2026-12-01,non_retenu,reste
SIM-02378,2026-12-01,contact,reste
SIM-02379,2026-12-01,non_retenu,parti
SIM-02380,2026-12-01,non_retenu,parti
SIM-02381,2026-12-01,non_retenu,reste
SIM-02382,2026-12-01,non_retenu,reste
SIM-02383,2026-12-01,non_retenu,reste
SIM-02384,2026-12-01,non_retenu,reste
SIM-02385,2026-12-01,non_retenu,parti
SIM-02386,2026-12-01,contact,parti
SIM-02387,2026-12-01,non_retenu,parti
SIM-02388,2026-12-01,non_retenu,reste
SIM-02389,2026-12-01,non_retenu,reste
SIM-02390,2026-12-01,non_retenu,parti
SIM-02391,2026-12-01,non_retenu,parti
SIM-02392,2026-12-01,non_retenu,reste
SIM-02393,2026-12-01,contact,reste
SIM-02394,2026-12-01,non_retenu,reste
SIM-02395,2026-12-01,non_retenu,parti
SIM-02396,2026-12-01,non_retenu,reste
SIM-02397,2026-12-01,non_retenu,reste
SIM-02398,2026-12-01,non_retenu,reste
SIM-02399,2026-12-01,non_retenu,reste
SIM-02400,2026-12-01,non_retenu,reste
SIM-02401,2026-12-01,non_retenu,parti
SIM-02402,2026-12-01,non_retenu,parti
SIM-02403,2026-12-01,contact,reste
SIM-02404,2026-12-01,non_retenu,reste
SIM-02405,2026-12-01,non_retenu,reste
SIM-02406,2026-12-01,non_retenu,parti
SIM-02407,2026-12-01,non_retenu,reste
SIM-02408,2026-12-01,non_retenu,parti
SIM-02409,2026-12-01,non_retenu,parti
SIM-02410,2026-12-01,non_retenu,parti
SIM-02411,2026-12-01,non_retenu,reste
SIM-02412,2026-12-01,non_retenu,parti
SIM-02413,2026-12-01,non_retenu,reste
SIM-02414,2026-12-01,non_retenu,reste
SIM-02415,2026-12-01,non_retenu,reste
SIM-02416,2026-12-01,non_retenu,reste
SIM-02417,2026-12-01,non_retenu,reste
SIM-02418,2026-12-01,non_retenu,reste
SIM-02419,2026-12-01,non_retenu,reste
SIM-02420,2026-12-01,non_retenu,reste
SIM-02421,2026-12-01,non_retenu,reste
SIM-02422,2026-12-01,non_retenu,reste
SIM-02423,2026-12-01,non_retenu,parti
SIM-02424,2026-12-01,non_retenu,reste
SIM-02425,2026-12-01,non_retenu,parti
SIM-02426,2026-12-01,non_retenu,parti
SIM-02427,2026-12-01,non_retenu,reste
SIM-02428,2026-12-01,non_retenu,reste
SIM-02429,2026-12-01,non_retenu,parti
SIM-02430,2026-12-01,non_retenu,reste
SIM-02431,2026-12-01,non_retenu,reste
SIM-02432,2026-12-01,non_retenu,reste
SIM-02433,2026-12-01,non_retenu,reste
SIM-02434,2026-12-01,non_retenu,parti
SIM-02435,2026-12-01,non_retenu,parti
SIM-02436,2026-12-01,non_retenu,reste
SIM-02437,2026-12-01,non_retenu,reste
SIM-02438,2026-12-01,non_retenu,reste
SIM-02439,2026-12-01,non_retenu,reste
SIM-02440,2026-12-01,non_retenu,reste
SIM-02441,2026-12-01,non_retenu,reste
SIM-02442,2026-12-01,non_retenu,reste
SIM-02443,2026-12-01,non_retenu,reste
SIM-02444,2026-12-01,non_retenu,reste
SIM-02445,2026-12-01,non_retenu,parti
SIM-02446,2026-12-01,non_retenu,reste
SIM-02447,2026-12-01,non_retenu,parti
SIM-02448,2026-12-01,non_retenu,reste
SIM-02449,2026-12-01,non_retenu,reste
SIM-02450,2026-12-01,non_retenu,reste
SIM-02451,2026-12-01,non_retenu,reste
SIM-02452,2026-12-01,non_retenu,reste
SIM-02453,2026-12-01,non_retenu,reste
SIM-02454,2026-12-01,non_retenu,parti
SIM-02455,2026-12-01,non_retenu,reste
SIM-02456,2026-12-01,non_retenu,reste
SIM-02457,2026-12-01,non_retenu,reste
SIM-02458,2026-12-01,contact,parti
SIM-02459,2026-12-01,non_retenu,parti
SIM-02460,2026-12-01,non_retenu,reste
SIM-02461,2026-12-01,non_retenu,reste
SIM-02462,2026-12-01,non_retenu,reste
SIM-02463,2026-12-01,contact,reste
SIM-02464,2026-12-01,non_retenu,reste
SIM-02465,2026-12-01,non_retenu,reste
SIM-02466,2026-12-01,non_retenu,reste
SIM-02467,2026-12-01,non_retenu,reste
SIM-02468,2026-12-01,non_retenu,parti
SIM-02469,2026-12-01,non_retenu,reste
SIM-02470,2026-12-01,non_retenu,parti
SIM-02471,2026-12-01,non_retenu,reste
SIM-02472,2026-12-01,non_retenu,parti
SIM-02473,2026-12-01,non_retenu,reste
SIM-02474,2026-12-01,non_retenu,reste
SIM-02475,2026-12-01,non_retenu,reste
SIM-02476,2026-12-01,non_retenu,reste
SIM-02477,2026-12-01,non_retenu,reste
SIM-02478,2026-12-01,non_retenu,parti
SIM-02479,2026-12-01,non_retenu,reste
SIM-02480,2026-12-01,non_retenu,reste
SIM-02481,2026-12-01,non_retenu,reste
SIM-02482,2026-12-01,non_retenu,reste
SIM-02483,2026-12-01,non_retenu,reste
SIM-02484,2026-12-01,non_retenu,reste
SIM-02485,2026-12-01,non_retenu,parti
SIM-02486,2026-12-01,non_retenu,reste
SIM-02487,2026-12-01,non_retenu,reste
SIM-02488,2026-12-01,non_retenu,reste
SIM-02489,2026-12-01,non_retenu,reste
SIM-02490,2026-12-01,non_retenu,reste
SIM-02491,2026-12-01,non_retenu,reste
SIM-02492,2026-12-01,non_retenu,parti
SIM-02493,2026-12-01,non_retenu,reste
SIM-02494,2026-12-01,non_retenu,reste
SIM-02495,2026-12-01,non_retenu,parti
SIM-02496,2026-12-01,non_retenu,parti
SIM-02497,2026-12-01,non_retenu,reste
SIM-02498,2026-12-01,non_retenu,parti
SIM-02499,2026-12-01,non_retenu,parti
SIM-02500,2026-12-01,non_retenu,reste
SIM-02501,2026-12-01,non_retenu,reste
SIM-02502,2026-12-01,non_retenu,parti
SIM-02503,2026-12-01,non_retenu,parti
SIM-02504,2026-12-01,non_retenu,parti
SIM-02505,2026-12-01,non_retenu,reste
SIM-02506,2026-12-01,contact,parti
SIM-02507,2026-12-01,non_retenu,reste
SIM-02508,2026-12-01,non_retenu,parti
SIM-02509,2026-12-01,non_retenu,parti
SIM-02510,2026-12-01,non_retenu,reste
SIM-02511,2026-12-01,non_retenu,reste
SIM-02512,2026-12-01,non_retenu,reste
SIM-02513,2026-12-01,contact,reste
SIM-02514,2026-12-01,non_retenu,parti
SIM-02515,2026-12-01,non_retenu,parti
SIM-02516,2026-12-01,non_retenu,parti
SIM-02517,2026-12-01,non_retenu,reste
SIM-02518,2026-12-01,non_retenu,reste
SIM-02519,2026-12-01,non_retenu,reste
SIM-02520,2026-12-01,non_retenu,reste
SIM-02521,2026-12-01,non_retenu,reste
SIM-02522,2026-12-01,non_retenu,reste
SIM-02523,2026-12-01,non_retenu,reste
SIM-02524,2026-12-01,non_retenu,reste
SIM-02525,2026-12-01,non_retenu,reste
SIM-02526,2026-12-01,non_retenu,reste
SIM-02527,2026-12-01,non_retenu,parti
SIM-02528,2026-12-01,non_retenu,reste
SIM-02529,2026-12-01,non_retenu,reste
SIM-02530,2026-12-01,non_retenu,reste
SIM-02531,2026-12-01,non_retenu,reste
SIM-02532,2026-12-01,non_retenu,reste
SIM-02533,2026-12-01,non_retenu,reste
SIM-02534,2026-12-01,non_retenu,parti
SIM-02535,2026-12-01,non_retenu,reste
SIM-02536,2026-12-01,non_retenu,reste
SIM-02537,2026-12-01,non_retenu,parti
SIM-02538,2026-12-01,non_retenu,reste
SIM-02539,2026-12-01,non_retenu,reste
SIM-02540,2026-12-01,non_retenu,reste
SIM-02541,2026-12-01,non_retenu,reste
SIM-02542,2026-12-01,non_retenu,parti
SIM-02543,2026-12-01,non_retenu,reste
SIM-02544,2026-12-01,non_retenu,reste
SIM-02545,2026-12-01,non_retenu,reste
SIM-02546,2026-12-01,non_retenu,reste
SIM-02547,2026-12-01,non_retenu,reste
SIM-02548,2026-12-01,non_retenu,parti
SIM-02549,2026-12-01,non_retenu,reste
SIM-02550,2026-12-01,non_retenu,reste
SIM-02551,2026-12-01,non_retenu,reste
SIM-02552,2026-12-01,non_retenu,parti
SIM-02553,2026-12-01,non_retenu,reste
SIM-02554,2026-12-01,non_retenu,reste
SIM-02555,2026-12-01,non_retenu,reste
SIM-02556,2026-12-01,non_retenu,reste
SIM-02557,2026-12-01,non_retenu,parti
SIM-02558,2026-12-01,non_retenu,reste
SIM-02559,2026-12-01,non_retenu,reste
SIM-02560,2026-12-01,non_retenu,reste
SIM-02561,2026-12-01,non_retenu,parti
SIM-02562,2026-12-01,non_retenu,reste
SIM-02563,2026-12-01,non_retenu,parti
SIM-02564,2026-12-01,non_retenu,parti
SIM-02565,2026-12-01,contact,reste
SIM-02566,2026-12-01,non_retenu,reste
SIM-02567,2026-12-01,non_retenu,reste
SIM-02568,2026-12-01,non_retenu,parti
SIM-02569,2026-12-01,non_retenu,parti
SIM-02570,2026-12-01,non_retenu,reste
SIM-02571,2026-12-01,non_retenu,reste
SIM-02572,2026-12-01,non_retenu,parti
SIM-02573,2026-12-01,non_retenu,reste
SIM-02574,2026-12-01,non_retenu,parti
SIM-02575,2026-12-01,non_retenu,reste
SIM-02576,2026-12-01,non_retenu,parti
SIM-02577,2026-12-01,non_retenu,reste
SIM-02578,2026-12-01,contact,reste
SIM-02579,2026-12-01,non_retenu,reste
SIM-02580,2026-12-01,non_retenu,reste
SIM-02581,2026-12-01,non_retenu,parti
SIM-02582,2026-12-01,non_retenu,reste
SIM-02583,2026-12-01,non_retenu,parti
SIM-02584,2026-12-01,non_retenu,reste
SIM-02585,2026-12-01,non_retenu,parti
SIM-02586,2026-12-01,non_retenu,reste
SIM-02587,2026-12-01,non_retenu,parti
SIM-02588,2026-12-01,non_retenu,parti
SIM-02589,2026-12-01,contact,parti
SIM-02590,2026-12-01,non_retenu,reste
SIM-02591,2026-12-01,non_retenu,reste
SIM-02592,2026-12-01,non_retenu,reste
SIM-02593,2026-12-01,non_retenu,reste
SIM-02594,2026-12-01,non_retenu,reste
SIM-02595,2026-12-01,non_retenu,reste
SIM-02596,2026-12-01,non_retenu,reste
SIM-02597,2026-12-01,non_retenu,reste
SIM-02598,2026-12-01,non_retenu,reste
SIM-02599,2026-12-01,non_retenu,parti
SIM-02600,2026-12-01,non_retenu,reste
SIM-02601,2026-12-01,non_retenu,parti
SIM-02602,2026-12-01,non_retenu,reste
SIM-02603,2026-12-01,non_retenu,reste
SIM-02604,2026-12-01,non_retenu,reste
SIM-02605,2026-12-01,non_retenu,reste
SIM-02606,2026-12-01,non_retenu,reste
SIM-02607,2026-12-01,non_retenu,reste
SIM-02608,2026-12-01,non_retenu,reste
SIM-02609,2026-12-01,non_retenu,reste
SIM-02610,2026-12-01,non_retenu,reste
SIM-02611,2026-12-01,contact,parti
SIM-02612,2026-12-01,non_retenu,reste
SIM-02613,2026-12-01,non_retenu,reste
SIM-02614,2026-12-01,non_retenu,reste
SIM-02615,2026-12-01,non_retenu,reste
SIM-02616,2026-12-01,non_retenu,reste
SIM-02617,2026-12-01,non_retenu,reste
SIM-02618,2026-12-01,non_retenu,reste
SIM-02619,2026-12-01,non_retenu,reste
SIM-02620,2026-12-01,non_retenu,reste
SIM-02621,2026-12-01,non_retenu,reste
SIM-02622,2026-12-01,non_retenu,parti
SIM-02623,2026-12-01,non_retenu,parti
SIM-02624,2026-12-01,non_retenu,reste
SIM-02625,2026-12-01,non_retenu,reste
SIM-02626,2026-12-01,non_retenu,reste
SIM-02627,2026-12-01,non_retenu,parti
SIM-02628,2026-12-01,non_retenu,reste
SIM-02629,2026-12-01,non_retenu,reste
SIM-02630,2026-12-01,non_retenu,reste
SIM-02631,2026-12-01,non_retenu,reste
SIM-02632,2026-12-01,non_retenu,reste
SIM-02633,2026-12-01,non_retenu,reste
SIM-02634,2026-12-01,non_retenu,reste
SIM-02635,2026-12-01,non_retenu,reste
SIM-02636,2026-12-01,non_retenu,parti
SIM-02637,2026-12-01,non_retenu,reste
SIM-02638,2026-12-01,non_retenu,parti
SIM-02639,2026-12-01,non_retenu,parti
SIM-02640,2026-12-01,contact,reste
SIM-02641,2026-12-01,non_retenu,reste
SIM-02642,2026-12-01,non_retenu,reste
SIM-02643,2026-12-01,non_retenu,reste
SIM-02644,2026-12-01,non_retenu,reste
SIM-02645,2026-12-01,non_retenu,reste
SIM-02646,2026-12-01,non_retenu,reste
SIM-02647,2026-12-01,non_retenu,reste
SIM-02648,2026-12-01,non_retenu,reste
SIM-02649,2026-12-01,non_retenu,reste
SIM-02650,2026-12-01,non_retenu,reste
SIM-02651,2026-12-01,contact,reste
SIM-02652,2026-12-01,non_retenu,parti
SIM-02653,2026-12-01,non_retenu,reste
SIM-02654,2026-12-01,non_retenu,reste
SIM-02655,2026-12-01,non_retenu,reste
SIM-02656,2026-12-01,non_retenu,reste
SIM-02657,2026-12-01,non_retenu,parti
SIM-02658,2026-12-01,non_retenu,reste
SIM-02659,2026-12-01,non_retenu,reste
SIM-02660,2026-12-01,non_retenu,reste
SIM-02661,2026-12-01,non_retenu,reste
SIM-02662,2026-12-01,non_retenu,reste
SIM-02663,2026-12-01,non_retenu,reste
SIM-02664,2026-12-01,non_retenu,parti
SIM-02665,2026-12-01,non_retenu,reste
SIM-02666,2026-12-01,non_retenu,parti
SIM-02667,2026-12-01,non_retenu,reste
SIM-02668,2026-12-01,non_retenu,reste
SIM-02669,2026-12-01,non_retenu,reste
SIM-02670,2026-12-01,non_retenu,reste
SIM-02671,2026-12-01,non_retenu,reste
SIM-02672,2026-12-01,non_retenu,reste
SIM-02673,2026-12-01,non_retenu,reste
SIM-02674,2026-12-01,non_retenu,reste
SIM-02675,2026-12-01,non_retenu,parti
SIM-02676,2026-12-01,non_retenu,reste
SIM-02677,2026-12-01,non_retenu,reste
SIM-02678,2026-12-01,non_retenu,reste
SIM-02679,2026-12-01,contact,reste
SIM-02680,2026-12-01,non_retenu,reste
SIM-02681,2026-12-01,non_retenu,reste
SIM-02682,2026-12-01,non_retenu,reste
SIM-02683,2026-12-01,contact,reste
SIM-02684,2026-12-01,non_retenu,reste
SIM-02685,2026-12-01,non_retenu,reste
SIM-02686,2026-12-01,non_retenu,parti
SIM-02687,2026-12-01,non_retenu,reste
SIM-02688,2026-12-01,non_retenu,reste
SIM-02689,2026-12-01,non_retenu,parti
SIM-02690,2026-12-01,non_retenu,reste
SIM-02691,2026-12-01,non_retenu,reste
SIM-02692,2026-12-01,non_retenu,reste
SIM-02693,2026-12-01,contact,reste
SIM-02694,2026-12-01,non_retenu,parti
SIM-02695,2026-12-01,non_retenu,reste
SIM-02696,2026-12-01,non_retenu,reste
SIM-02697,2026-12-01,non_retenu,reste
SIM-02698,2026-12-01,non_retenu,reste
SIM-02699,2026-12-01,non_retenu,reste
SIM-02700,2026-12-01,non_retenu,reste
SIM-02701,2026-12-01,non_retenu,parti
SIM-02702,2026-12-01,non_retenu,reste
SIM-02703,2026-12-01,non_retenu,reste
SIM-02704,2026-12-01,non_retenu,reste
SIM-02705,2026-12-01,non_retenu,parti
SIM-02706,2026-12-01,non_retenu,reste
SIM-02707,2026-12-01,non_retenu,reste
SIM-02708,2026-12-01,non_retenu,reste
SIM-02709,2026-12-01,non_retenu,parti
SIM-02710,2026-12-01,non_retenu,parti
SIM-02711,2026-12-01,non_retenu,reste
SIM-02712,2026-12-01,non_retenu,reste
SIM-02713,2026-12-01,non_retenu,reste
SIM-02714,2026-12-01,non_retenu,reste
SIM-02715,2026-12-01,non_retenu,parti
SIM-02716,2026-12-01,non_retenu,reste
SIM-02717,2026-12-01,non_retenu,reste
SIM-02718,2026-12-01,non_retenu,parti
SIM-02719,2026-12-01,non_retenu,reste
SIM-02720,2026-12-01,non_retenu,reste
SIM-02721,2026-12-01,non_retenu,reste
SIM-02722,2026-12-01,contact,parti
SIM-02723,2026-12-01,non_retenu,reste
SIM-02724,2026-12-01,non_retenu,reste
SIM-02725,2026-12-01,non_retenu,reste
SIM-02726,2026-12-01,non_retenu,parti
SIM-02727,2026-12-01,non_retenu,reste
SIM-02728,2026-12-01,non_retenu,reste
SIM-02729,2026-12-01,non_retenu,parti
SIM-02730,2026-12-01,non_retenu,parti
SIM-02731,2026-12-01,non_retenu,parti
SIM-02732,2026-12-01,non_retenu,reste
SIM-02733,2026-12-01,non_retenu,reste
SIM-02734,2026-12-01,non_retenu,reste
SIM-02735,2026-12-01,non_retenu,parti
SIM-02736,2026-12-01,non_retenu,reste
SIM-02737,2026-12-01,non_retenu,reste
SIM-02738,2026-12-01,non_retenu,reste
SIM-02739,2026-12-01,non_retenu,parti
SIM-02740,2026-12-01,non_retenu,reste
SIM-02741,2026-12-01,non_retenu,reste
SIM-02742,2026-12-01,non_retenu,reste
SIM-02743,2026-12-01,non_retenu,reste
SIM-02744,2026-12-01,non_retenu,reste
SIM-02745,2026-12-01,non_retenu,reste
SIM-02746,2026-12-01,non_retenu,reste
SIM-02747,2026-12-01,non_retenu,reste
SIM-02748,2026-12-01,non_retenu,reste
SIM-02749,2026-12-01,non_retenu,reste
SIM-02750,2026-12-01,contact,reste
SIM-02751,2026-12-01,non_retenu,reste
SIM-02752,2026-12-01,non_retenu,reste
SIM-02753,2026-12-01,non_retenu,reste
SIM-02754,2026-12-01,non_retenu,reste
SIM-02755,2026-12-01,non_retenu,parti
SIM-02756,2026-12-01,non_retenu,reste
SIM-02757,2026-12-01,non_retenu,reste
SIM-02758,2026-12-01,non_retenu,parti
SIM-02759,2026-12-01,non_retenu,parti
SIM-02760,2026-12-01,non_retenu,parti
SIM-02761,2026-12-01,non_retenu,reste
SIM-02762,2026-12-01,non_retenu,parti
SIM-02763,2026-12-01,non_retenu,reste
SIM-02764,2026-12-01,non_retenu,reste
SIM-02765,2026-12-01,non_retenu,reste
SIM-02766,2026-12-01,non_retenu,reste
SIM-02767,2026-12-01,non_retenu,reste
SIM-02768,2026-12-01,non_retenu,reste
SIM-02769,2026-12-01,non_retenu,reste
SIM-02770,2026-12-01,non_retenu,parti
SIM-02771,2026-12-01,non_retenu,parti
SIM-02772,2026-12-01,non_retenu,parti
SIM-02773,2026-12-01,non_retenu,parti
SIM-02774,2026-12-01,non_retenu,reste
SIM-02775,2026-12-01,non_retenu,reste
SIM-02776,2026-12-01,non_retenu,reste
SIM-02777,2026-12-01,non_retenu,reste
SIM-02778,2026-12-01,non_retenu,reste
SIM-02779,2026-12-01,non_retenu,parti
SIM-02780,2026-12-01,non_retenu,reste
SIM-02781,2026-12-01,non_retenu,reste
SIM-02782,2026-12-01,non_retenu,reste
SIM-02783,2026-12-01,non_retenu,parti
SIM-02784,2026-12-01,non_retenu,reste
SIM-02785,2026-12-01,non_retenu,reste
SIM-02786,2026-12-01,non_retenu,parti
SIM-02787,2026-12-01,non_retenu,reste
SIM-02788,2026-12-01,non_retenu,parti
SIM-02789,2026-12-01,non_retenu,reste
SIM-02790,2026-12-01,non_retenu,reste
SIM-02791,2026-12-01,non_retenu,reste
SIM-02792,2026-12-01,non_retenu,parti
SIM-02793,2026-12-01,non_retenu,reste
SIM-02794,2026-12-01,non_retenu,reste
SIM-02795,2026-12-01,non_retenu,reste
SIM-02796,2026-12-01,non_retenu,reste
SIM-02797,2026-12-01,non_retenu,reste
SIM-02798,2026-12-01,non_retenu,reste
SIM-02799,2026-12-01,non_retenu,reste
SIM-02800,2026-12-01,non_retenu,reste
SIM-02801,2026-12-01,non_retenu,parti
SIM-02802,2026-12-01,non_retenu,parti
SIM-02803,2026-12-01,non_retenu,parti
SIM-02804,2026-12-01,non_retenu,reste
SIM-02805,2026-12-01,non_retenu,reste
SIM-02806,2026-12-01,non_retenu,reste
SIM-02807,2026-12-01,non_retenu,reste
SIM-02808,2026-12-01,non_retenu,reste
SIM-02809,2026-12-01,temoin,parti
SIM-02810,2026-12-01,non_retenu,reste
SIM-02811,2026-12-01,non_retenu,reste
SIM-02812,2026-12-01,non_retenu,parti
SIM-02813,2026-12-01,non_retenu,reste
SIM-02814,2026-12-01,non_retenu,parti
SIM-02815,2026-12-01,non_retenu,reste
SIM-02816,2026-12-01,non_retenu,reste
SIM-02817,2026-12-01,non_retenu,reste
SIM-02818,2026-12-01,non_retenu,parti
SIM-02819,2026-12-01,non_retenu,reste
SIM-02820,2026-12-01,non_retenu,reste
SIM-02821,2026-12-01,non_retenu,reste
SIM-02822,2026-12-01,non_retenu,reste
SIM-02823,2026-12-01,non_retenu,parti
SIM-02824,2026-12-01,non_retenu,reste
SIM-02825,2026-12-01,non_retenu,parti
SIM-02826,2026-12-01,non_retenu,reste
SIM-02827,2026-12-01,non_retenu,reste
SIM-02828,2026-12-01,non_retenu,reste
SIM-02829,2026-12-01,non_retenu,parti
SIM-02830,2026-12-01,non_retenu,reste
SIM-02831,2026-12-01,non_retenu,reste
SIM-02832,2026-12-01,non_retenu,parti
SIM-02833,2026-12-01,non_retenu,reste
SIM-02834,2026-12-01,non_retenu,reste
SIM-02835,2026-12-01,non_retenu,reste
SIM-02836,2026-12-01,non_retenu,parti
SIM-02837,2026-12-01,non_retenu,parti
SIM-02838,2026-12-01,non_retenu,reste
SIM-02839,2026-12-01,non_retenu,reste
SIM-02840,2026-12-01,non_retenu,reste
SIM-02841,2026-12-01,non_retenu,reste
SIM-02842,2026-12-01,non_retenu,reste
SIM-02843,2026-12-01,non_retenu,reste
SIM-02844,2026-12-01,non_retenu,reste
SIM-02845,2026-12-01,non_retenu,reste
SIM-02846,2026-12-01,non_retenu,reste
SIM-02847,2026-12-01,non_retenu,parti
SIM-02848,2026-12-01,non_retenu,reste
SIM-02849,2026-12-01,non_retenu,reste
SIM-02850,2026-12-01,non_retenu,reste
SIM-02851,2026-12-01,non_retenu,reste
SIM-02852,2026-12-01,non_retenu,parti
SIM-02853,2026-12-01,non_retenu,reste
SIM-02854,2026-12-01,non_retenu,reste
SIM-02855,2026-12-01,non_retenu,reste
SIM-02856,2026-12-01,non_retenu,reste
SIM-02857,2026-12-01,non_retenu,reste
SIM-02858,2026-12-01,non_retenu,reste
SIM-02859,2026-12-01,non_retenu,parti
SIM-02860,2026-12-01,non_retenu,parti
SIM-02861,2026-12-01,non_retenu,parti
SIM-02862,2026-12-01,non_retenu,parti
SIM-02863,2026-12-01,non_retenu,parti
SIM-02864,2026-12-01,non_retenu,parti
SIM-02865,2026-12-01,non_retenu,reste
SIM-02866,2026-12-01,non_retenu,reste
SIM-02867,2026-12-01,non_retenu,reste
SIM-02868,2026-12-01,non_retenu,reste
SIM-02869,2026-12-01,non_retenu,parti
SIM-02870,2026-12-01,non_retenu,reste
SIM-02871,2026-12-01,non_retenu,parti
SIM-02872,2026-12-01,non_retenu,reste
SIM-02873,2026-12-01,non_retenu,reste
SIM-02874,2026-12-01,non_retenu,reste
SIM-02875,2026-12-01,non_retenu,reste
SIM-02876,2026-12-01,non_retenu,parti
SIM-02877,2026-12-01,non_retenu,reste
SIM-02878,2026-12-01,non_retenu,reste
SIM-02879,2026-12-01,non_retenu,reste
SIM-02880,2026-12-01,non_retenu,reste
SIM-02881,2026-12-01,non_retenu,reste
SIM-02882,2026-12-01,non_retenu,reste
SIM-02883,2026-12-01,non_retenu,parti
SIM-02884,2026-12-01,non_retenu,reste
SIM-02885,2026-12-01,non_retenu,reste
SIM-02886,2026-12-01,contact,parti
SIM-02887,2026-12-01,non_retenu,reste
SIM-02888,2026-12-01,non_retenu,reste
SIM-02889,2026-12-01,non_retenu,parti
SIM-02890,2026-12-01,non_retenu,parti
SIM-02891,2026-12-01,non_retenu,reste
SIM-02892,2026-12-01,non_retenu,parti
SIM-02893,2026-12-01,non_retenu,reste
SIM-02894,2026-12-01,non_retenu,parti
SIM-02895,2026-12-01,non_retenu,reste
SIM-02896,2026-12-01,non_retenu,parti
SIM-02897,2026-12-01,non_retenu,reste
SIM-02898,2026-12-01,non_retenu,reste
SIM-02899,2026-12-01,non_retenu,parti
SIM-02900,2026-12-01,non_retenu,reste
SIM-02901,2026-12-01,non_retenu,reste
SIM-02902,2026-12-01,non_retenu,reste
SIM-02903,2026-12-01,non_retenu,reste
SIM-02904,2026-12-01,non_retenu,parti
SIM-02905,2026-12-01,non_retenu,reste
SIM-02906,2026-12-01,non_retenu,reste
SIM-02907,2026-12-01,non_retenu,reste
SIM-02908,2026-12-01,non_retenu,reste
SIM-02909,2026-12-01,non_retenu,reste
SIM-02910,2026-12-01,non_retenu,reste
SIM-02911,2026-12-01,non_retenu,reste
SIM-02912,2026-12-01,non_retenu,reste
SIM-02913,2026-12-01,non_retenu,reste
SIM-02914,2026-12-01,non_retenu,reste
SIM-02915,2026-12-01,non_retenu,reste
SIM-02916,2026-12-01,non_retenu,parti
SIM-02917,2026-12-01,non_retenu,reste
SIM-02918,2026-12-01,non_retenu,reste
SIM-02919,2026-12-01,non_retenu,reste
SIM-02920,2026-12-01,non_retenu,parti
SIM-02921,2026-12-01,non_retenu,reste
SIM-02922,2026-12-01,non_retenu,parti
SIM-02923,2026-12-01,non_retenu,parti
SIM-02924,2026-12-01,non_retenu,reste
SIM-02925,2026-12-01,non_retenu,reste
SIM-02926,2026-12-01,non_retenu,parti
SIM-02927,2026-12-01,non_retenu,reste
SIM-02928,2026-12-01,non_retenu,reste
SIM-02929,2026-12-01,non_retenu,parti
SIM-02930,2026-12-01,non_retenu,parti
SIM-02931,2026-12-01,non_retenu,parti
SIM-02932,2026-12-01,non_retenu,reste
SIM-02933,2026-12-01,non_retenu,parti
SIM-02934,2026-12-01,non_retenu,reste
SIM-02935,2026-12-01,non_retenu,reste
SIM-02936,2026-12-01,non_retenu,reste
SIM-02937,2026-12-01,non_retenu,reste
SIM-02938,2026-12-01,non_retenu,reste
SIM-02939,2026-12-01,non_retenu,reste
SIM-02940,2026-12-01,non_retenu,parti
SIM-02941,2026-12-01,non_retenu,reste
SIM-02942,2026-12-01,non_retenu,reste
SIM-02943,2026-12-01,non_retenu,reste
SIM-02944,2026-12-01,non_retenu,parti
SIM-02945,2026-12-01,non_retenu,reste
SIM-02946,2026-12-01,non_retenu,reste
SIM-02947,2026-12-01,non_retenu,parti
SIM-02948,2026-12-01,non_retenu,reste
SIM-02949,2026-12-01,non_retenu,parti
SIM-02950,2026-12-01,non_retenu,reste
SIM-02951,2026-12-01,non_retenu,reste
SIM-02952,2026-12-01,non_retenu,parti
SIM-02953,2026-12-01,non_retenu,reste
SIM-02954,2026-12-01,non_retenu,reste
SIM-02955,2026-12-01,non_retenu,reste
SIM-02956,2026-12-01,non_retenu,reste
SIM-02957,2026-12-01,non_retenu,reste
SIM-02958,2026-12-01,non_retenu,reste
SIM-02959,2026-12-01,non_retenu,reste
SIM-02960,2026-12-01,non_retenu,reste
SIM-02961,2026-12-01,non_retenu,parti
SIM-02962,2026-12-01,non_retenu,parti
SIM-02963,2026-12-01,contact,reste
SIM-02964,2026-12-01,non_retenu,parti
SIM-02965,2026-12-01,non_retenu,reste
SIM-02966,2026-12-01,non_retenu,reste
SIM-02967,2026-12-01,non_retenu,reste
SIM-02968,2026-12-01,non_retenu,reste
SIM-02969,2026-12-01,non_retenu,parti
SIM-02970,2026-12-01,non_retenu,reste
SIM-02971,2026-12-01,non_retenu,parti
SIM-02972,2026-12-01,non_retenu,reste
SIM-02973,2026-12-01,non_retenu,parti
SIM-02974,2026-12-01,non_retenu,parti
SIM-02975,2026-12-01,non_retenu,reste
SIM-02976,2026-12-01,non_retenu,reste
SIM-02977,2026-12-01,non_retenu,reste
SIM-02978,2026-12-01,non_retenu,reste
SIM-02979,2026-12-01,non_retenu,reste
SIM-02980,2026-12-01,non_retenu,parti
SIM-02981,2026-12-01,non_retenu,reste
SIM-02982,2026-12-01,non_retenu,reste
SIM-02983,2026-12-01,non_retenu,reste
SIM-02984,2026-12-01,non_retenu,reste
SIM-02985,2026-12-01,non_retenu,parti
SIM-02986,2026-12-01,non_retenu,reste
SIM-02987,2026-12-01,non_retenu,parti
SIM-02988,2026-12-01,non_retenu,reste
SIM-02989,2026-12-01,contact,reste
SIM-02990,2026-12-01,non_retenu,reste
SIM-02991,2026-12-01,contact,reste
SIM-02992,2026-12-01,non_retenu,reste
SIM-02993,2026-12-01,non_retenu,reste
SIM-02994,2026-12-01,non_retenu,reste
SIM-02995,2026-12-01,non_retenu,reste
SIM-02996,2026-12-01,non_retenu,reste
SIM-02997,2026-12-01,non_retenu,reste
SIM-02998,2026-12-01,non_retenu,reste
SIM-02999,2026-12-01,non_retenu,reste
SIM-03000,2026-12-01,non_retenu,reste
SIM-03001,2026-12-01,non_retenu,reste
SIM-03002,2026-12-01,non_retenu,reste
SIM-03003,2026-12-01,non_retenu,reste
SIM-03004,2026-12-01,non_retenu,reste
SIM-03005,2026-12-01,non_retenu,reste
SIM-03006,2026-12-01,non_retenu,reste
SIM-03007,2026-12-01,non_retenu,reste
SIM-03008,2026-12-01,non_retenu,parti
SIM-03009,2026-12-01,non_retenu,parti
SIM-03010,2026-12-01,non_retenu,reste
SIM-03011,2026-12-01,non_retenu,parti
SIM-03012,2026-12-01,non_retenu,parti
SIM-03013,2026-12-01,temoin,parti
SIM-03014,2026-12-01,contact,reste
SIM-03015,2026-12-01,non_retenu,reste
SIM-03016,2026-12-01,non_retenu,reste
SIM-03017,2026-12-01,non_retenu,reste
SIM-03018,2026-12-01,non_retenu,reste
SIM-03019,2026-12-01,non_retenu,parti
SIM-03020,2026-12-01,non_retenu,reste
SIM-03021,2026-12-01,non_retenu,parti
SIM-03022,2026-12-01,non_retenu,parti
SIM-03023,2026-12-01,non_retenu,reste
SIM-03024,2026-12-01,non_retenu,reste
SIM-03025,2026-12-01,non_retenu,reste
SIM-03026,2026-12-01,non_retenu,parti
SIM-03027,2026-12-01,non_retenu,parti
SIM-03028,2026-12-01,non_retenu,reste
SIM-03029,2026-12-01,non_retenu,reste
SIM-03030,2026-12-01,non_retenu,reste
SIM-03031,2026-12-01,non_retenu,reste
SIM-03032,2026-12-01,non_retenu,reste
SIM-03033,2026-12-01,non_retenu,parti
SIM-03034,2026-12-01,non_retenu,reste
SIM-03035,2026-12-01,non_retenu,reste
SIM-03036,2026-12-01,non_retenu,parti
SIM-03037,2026-12-01,non_retenu,parti
SIM-03038,2026-12-01,non_retenu,parti
SIM-03039,2026-12-01,non_retenu,parti
SIM-03040,2026-12-01,non_retenu,reste
SIM-03041,2026-12-01,non_retenu,reste
SIM-03042,2026-12-01,non_retenu,reste
SIM-03043,2026-12-01,non_retenu,reste
SIM-03044,2026-12-01,non_retenu,reste
SIM-03045,2026-12-01,non_retenu,parti
SIM-03046,2026-12-01,non_retenu,parti
SIM-03047,2026-12-01,non_retenu,parti
SIM-03048,2026-12-01,non_retenu,reste
SIM-03049,2026-12-01,non_retenu,parti
SIM-03050,2026-12-01,non_retenu,reste
SIM-03051,2026-12-01,non_retenu,reste
SIM-03052,2026-12-01,non_retenu,reste
SIM-03053,2026-12-01,non_retenu,reste
SIM-03054,2026-12-01,non_retenu,reste
SIM-03055,2026-12-01,non_retenu,reste
SIM-03056,2026-12-01,non_retenu,reste
SIM-03057,2026-12-01,non_retenu,reste
SIM-03058,2026-12-01,non_retenu,reste
SIM-03059,2026-12-01,non_retenu,parti
SIM-03060,2026-12-01,non_retenu,reste
SIM-03061,2026-12-01,non_retenu,reste
SIM-03062,2026-12-01,non_retenu,parti
SIM-03063,2026-12-01,non_retenu,parti
SIM-03064,2026-12-01,non_retenu,reste
SIM-03065,2026-12-01,non_retenu,reste
SIM-03066,2026-12-01,non_retenu,reste
SIM-03067,2026-12-01,non_retenu,reste
SIM-03068,2026-12-01,non_retenu,parti
SIM-03069,2026-12-01,non_retenu,reste
SIM-03070,2026-12-01,non_retenu,parti
SIM-03071,2026-12-01,non_retenu,reste
SIM-03072,2026-12-01,non_retenu,parti
SIM-03073,2026-12-01,non_retenu,reste
SIM-03074,2026-12-01,non_retenu,reste
SIM-03075,2026-12-01,non_retenu,parti
SIM-03076,2026-12-01,non_retenu,parti
SIM-03077,2026-12-01,non_retenu,reste
SIM-03078,2026-12-01,contact,reste
SIM-03079,2026-12-01,non_retenu,parti
SIM-03080,2026-12-01,non_retenu,reste
SIM-03081,2026-12-01,non_retenu,parti
SIM-03082,2026-12-01,non_retenu,reste
SIM-03083,2026-12-01,non_retenu,reste
SIM-03084,2026-12-01,non_retenu,reste
SIM-03085,2026-12-01,non_retenu,parti
SIM-03086,2026-12-01,non_retenu,reste
SIM-03087,2026-12-01,non_retenu,reste
SIM-03088,2026-12-01,non_retenu,parti
SIM-03089,2026-12-01,non_retenu,reste
SIM-03090,2026-12-01,non_retenu,reste
SIM-03091,2026-12-01,non_retenu,reste
SIM-03092,2026-12-01,non_retenu,reste
SIM-03093,2026-12-01,non_retenu,reste
SIM-03094,2026-12-01,non_retenu,reste
SIM-03095,2026-12-01,non_retenu,reste
SIM-03096,2026-12-01,non_retenu,reste
SIM-03097,2026-12-01,non_retenu,reste
SIM-03098,2026-12-01,non_retenu,reste
SIM-03099,2026-12-01,temoin,parti
SIM-03100,2026-12-01,non_retenu,reste
SIM-03101,2026-12-01,non_retenu,parti
SIM-03102,2026-12-01,non_retenu,parti
SIM-03103,2026-12-01,non_retenu,reste
SIM-03104,2026-12-01,non_retenu,parti
SIM-03105,2026-12-01,non_retenu,reste
SIM-03106,2026-12-01,non_retenu,reste
SIM-03107,2026-12-01,non_retenu,parti
SIM-03108,2026-12-01,non_retenu,reste
SIM-03109,2026-12-01,non_retenu,reste
SIM-03110,2026-12-01,non_retenu,reste
SIM-03111,2026-12-01,non_retenu,reste
SIM-03112,2026-12-01,non_retenu,reste
SIM-03113,2026-12-01,non_retenu,parti
SIM-03114,2026-12-01,non_retenu,reste
SIM-03115,2026-12-01,non_retenu,reste
SIM-03116,2026-12-01,non_retenu,parti
SIM-03117,2026-12-01,non_retenu,parti
SIM-03118,2026-12-01,non_retenu,reste
SIM-03119,2026-12-01,non_retenu,parti
SIM-03120,2026-12-01,non_retenu,reste
SIM-03121,2026-12-01,non_retenu,parti
SIM-03122,2026-12-01,non_retenu,parti
SIM-03123,2026-12-01,non_retenu,reste
SIM-03124,2026-12-01,non_retenu,reste
SIM-03125,2026-12-01,non_retenu,reste
SIM-03126,2026-12-01,non_retenu,parti
SIM-03127,2026-12-01,non_retenu,reste
SIM-03128,2026-12-01,non_retenu,reste
SIM-03129,2026-12-01,non_retenu,reste
SIM-03130,2026-12-01,non_retenu,reste
SIM-03131,2026-12-01,non_retenu,parti
SIM-03132,2026-12-01,non_retenu,parti
SIM-03133,2026-12-01,non_retenu,parti
SIM-03134,2026-12-01,non_retenu,reste
SIM-03135,2026-12-01,non_retenu,reste
SIM-03136,2026-12-01,non_retenu,reste
SIM-03137,2026-12-01,non_retenu,reste
SIM-03138,2026-12-01,non_retenu,reste
SIM-03139,2026-12-01,non_retenu,reste
SIM-03140,2026-12-01,non_retenu,reste
SIM-03141,2026-12-01,non_retenu,reste
SIM-03142,2026-12-01,non_retenu,reste
SIM-03143,2026-12-01,non_retenu,reste
SIM-03144,2026-12-01,non_retenu,parti
SIM-03145,2026-12-01,non_retenu,reste
SIM-03146,2026-12-01,non_retenu,reste
SIM-03147,2026-12-01,non_retenu,parti
SIM-03148,2026-12-01,non_retenu,reste
SIM-03149,2026-12-01,non_retenu,parti
SIM-03150,2026-12-01,non_retenu,reste
SIM-03151,2026-12-01,non_retenu,reste
SIM-03152,2026-12-01,non_retenu,reste
SIM-03153,2026-12-01,non_retenu,parti
SIM-03154,2026-12-01,non_retenu,reste
SIM-03155,2026-12-01,non_retenu,reste
SIM-03156,2026-12-01,non_retenu,reste
SIM-03157,2026-12-01,non_retenu,parti
SIM-03158,2026-12-01,non_retenu,parti
SIM-03159,2026-12-01,non_retenu,reste
SIM-03160,2026-12-01,non_retenu,reste
SIM-03161,2026-12-01,non_retenu,reste
SIM-03162,2026-12-01,non_retenu,reste
SIM-03163,2026-12-01,non_retenu,reste
SIM-03164,2026-12-01,non_retenu,parti
SIM-03165,2026-12-01,non_retenu,reste
SIM-03166,2026-12-01,non_retenu,parti
SIM-03167,2026-12-01,non_retenu,reste
SIM-03168,2026-12-01,non_retenu,reste
SIM-03169,2026-12-01,non_retenu,reste
SIM-03170,2026-12-01,non_retenu,reste
SIM-03171,2026-12-01,non_retenu,reste
SIM-03172,2026-12-01,non_retenu,parti
SIM-03173,2026-12-01,non_retenu,reste
SIM-03174,2026-12-01,non_retenu,reste
SIM-03175,2026-12-01,non_retenu,parti
SIM-03176,2026-12-01,non_retenu,parti
SIM-03177,2026-12-01,non_retenu,reste
SIM-03178,2026-12-01,non_retenu,reste
SIM-03179,2026-12-01,non_retenu,reste
SIM-03180,2026-12-01,non_retenu,reste
SIM-03181,2026-12-01,non_retenu,reste
SIM-03182,2026-12-01,non_retenu,parti
SIM-03183,2026-12-01,non_retenu,reste
SIM-03184,2026-12-01,non_retenu,reste
SIM-03185,2026-12-01,non_retenu,reste
SIM-03186,2026-12-01,non_retenu,reste
SIM-03187,2026-12-01,non_retenu,reste
SIM-03188,2026-12-01,non_retenu,reste
SIM-03189,2026-12-01,non_retenu,reste
SIM-03190,2026-12-01,non_retenu,parti
SIM-03191,2026-12-01,non_retenu,reste
SIM-03192,2026-12-01,non_retenu,parti
SIM-03193,2026-12-01,non_retenu,reste
SIM-03194,2026-12-01,non_retenu,reste
SIM-03195,2026-12-01,non_retenu,reste
SIM-03196,2026-12-01,non_retenu,parti
SIM-03197,2026-12-01,contact,parti
SIM-03198,2026-12-01,non_retenu,parti
SIM-03199,2026-12-01,non_retenu,reste
SIM-03200,2026-12-01,non_retenu,reste
SIM-03201,2026-12-01,non_retenu,reste
SIM-03202,2026-12-01,non_retenu,reste
SIM-03203,2026-12-01,non_retenu,parti
SIM-03204,2026-12-01,non_retenu,parti
SIM-03205,2026-12-01,non_retenu,reste
SIM-03206,2026-12-01,non_retenu,reste
SIM-03207,2026-12-01,non_retenu,reste
SIM-03208,2026-12-01,non_retenu,reste
SIM-03209,2026-12-01,non_retenu,reste
SIM-03210,2026-12-01,non_retenu,reste
SIM-03211,2026-12-01,non_retenu,reste
SIM-03212,2026-12-01,non_retenu,reste
SIM-03213,2026-12-01,non_retenu,reste
SIM-03214,2026-12-01,non_retenu,parti
SIM-03215,2026-12-01,non_retenu,parti
SIM-03216,2026-12-01,non_retenu,reste
SIM-03217,2026-12-01,non_retenu,parti
SIM-03218,2026-12-01,non_retenu,reste
SIM-03219,2026-12-01,non_retenu,reste
SIM-03220,2026-12-01,non_retenu,parti
SIM-03221,2026-12-01,non_retenu,reste
SIM-03222,2026-12-01,non_retenu,reste
SIM-03223,2026-12-01,non_retenu,reste
SIM-03224,2026-12-01,non_retenu,parti
SIM-03225,2026-12-01,non_retenu,reste
SIM-03226,2026-12-01,non_retenu,parti
SIM-03227,2026-12-01,non_retenu,parti
SIM-03228,2026-12-01,non_retenu,parti
SIM-03229,2026-12-01,non_retenu,reste
SIM-03230,2026-12-01,non_retenu,reste
SIM-03231,2026-12-01,non_retenu,reste
SIM-03232,2026-12-01,non_retenu,reste
SIM-03233,2026-12-01,non_retenu,reste
SIM-03234,2026-12-01,non_retenu,reste
SIM-03235,2026-12-01,non_retenu,reste
SIM-03236,2026-12-01,non_retenu,reste
SIM-03237,2026-12-01,non_retenu,reste
SIM-03238,2026-12-01,non_retenu,reste
SIM-03239,2026-12-01,non_retenu,reste
SIM-03240,2026-12-01,non_retenu,reste
SIM-03241,2026-12-01,non_retenu,parti
SIM-03242,2026-12-01,non_retenu,reste
SIM-03243,2026-12-01,non_retenu,parti
SIM-03244,2026-12-01,contact,reste
SIM-03245,2026-12-01,non_retenu,parti
SIM-03246,2026-12-01,non_retenu,reste
SIM-03247,2026-12-01,non_retenu,parti
SIM-03248,2026-12-01,non_retenu,parti
SIM-03249,2026-12-01,non_retenu,reste
SIM-03250,2026-12-01,non_retenu,reste
SIM-03251,2026-12-01,non_retenu,parti
SIM-03252,2026-12-01,non_retenu,parti
SIM-03253,2026-12-01,non_retenu,reste
SIM-03254,2026-12-01,contact,parti
SIM-03255,2026-12-01,non_retenu,reste
SIM-03256,2026-12-01,non_retenu,reste
SIM-03257,2026-12-01,non_retenu,parti
SIM-03258,2026-12-01,non_retenu,reste
SIM-03259,2026-12-01,non_retenu,reste
SIM-03260,2026-12-01,non_retenu,reste
SIM-03261,2026-12-01,non_retenu,parti
SIM-03262,2026-12-01,non_retenu,parti
SIM-03263,2026-12-01,non_retenu,parti
SIM-03264,2026-12-01,non_retenu,reste
SIM-03265,2026-12-01,non_retenu,reste
SIM-03266,2026-12-01,non_retenu,reste
SIM-03267,2026-12-01,non_retenu,reste
SIM-03268,2026-12-01,non_retenu,reste
SIM-03269,2026-12-01,non_retenu,parti
SIM-03270,2026-12-01,non_retenu,reste
SIM-03271,2026-12-01,contact,reste
SIM-03272,2026-12-01,non_retenu,reste
SIM-03273,2026-12-01,non_retenu,reste
SIM-03274,2026-12-01,non_retenu,reste
SIM-03275,2026-12-01,non_retenu,reste
SIM-03276,2026-12-01,non_retenu,reste
SIM-03277,2026-12-01,non_retenu,parti
SIM-03278,2026-12-01,non_retenu,reste
SIM-03279,2026-12-01,non_retenu,reste
SIM-03280,2026-12-01,non_retenu,parti
SIM-03281,2026-12-01,non_retenu,reste
SIM-03282,2026-12-01,non_retenu,parti
SIM-03283,2026-12-01,non_retenu,parti
SIM-03284,2026-12-01,non_retenu,reste
SIM-03285,2026-12-01,non_retenu,reste
SIM-03286,2026-12-01,non_retenu,reste
SIM-03287,2026-12-01,non_retenu,reste
SIM-03288,2026-12-01,non_retenu,reste
SIM-03289,2026-12-01,non_retenu,reste
SIM-03290,2026-12-01,non_retenu,reste
SIM-03291,2026-12-01,non_retenu,reste
SIM-03292,2026-12-01,non_retenu,reste
SIM-03293,2026-12-01,non_retenu,parti
SIM-03294,2026-12-01,non_retenu,reste
SIM-03295,2026-12-01,non_retenu,reste
SIM-03296,2026-12-01,non_retenu,reste
SIM-03297,2026-12-01,non_retenu,reste
SIM-03298,2026-12-01,non_retenu,reste
SIM-03299,2026-12-01,non_retenu,reste
SIM-03300,2026-12-01,non_retenu,reste
SIM-03301,2026-12-01,non_retenu,reste
SIM-03302,2026-12-01,non_retenu,reste
SIM-03303,2026-12-01,non_retenu,reste
SIM-03304,2026-12-01,non_retenu,reste
SIM-03305,2026-12-01,non_retenu,parti
SIM-03306,2026-12-01,non_retenu,reste
SIM-03307,2026-12-01,non_retenu,reste
SIM-03308,2026-12-01,non_retenu,reste
SIM-03309,2026-12-01,non_retenu,parti
SIM-03310,2026-12-01,non_retenu,reste
SIM-03311,2026-12-01,non_retenu,reste
SIM-03312,2026-12-01,non_retenu,reste
SIM-03313,2026-12-01,non_retenu,parti
SIM-03314,2026-12-01,non_retenu,reste
SIM-03315,2026-12-01,non_retenu,reste
SIM-03316,2026-12-01,non_retenu,reste
SIM-03317,2026-12-01,non_retenu,parti
SIM-03318,2026-12-01,non_retenu,parti
SIM-03319,2026-12-01,non_retenu,parti
SIM-03320,2026-12-01,non_retenu,reste
SIM-03321,2026-12-01,non_retenu,reste
SIM-03322,2026-12-01,non_retenu,reste
SIM-03323,2026-12-01,non_retenu,reste
SIM-03324,2026-12-01,non_retenu,reste
SIM-03325,2026-12-01,non_retenu,reste
SIM-03326,2026-12-01,non_retenu,parti
SIM-03327,2026-12-01,non_retenu,reste
SIM-03328,2026-12-01,non_retenu,reste
SIM-03329,2026-12-01,contact,parti
SIM-03330,2026-12-01,non_retenu,parti
SIM-03331,2026-12-01,non_retenu,reste
SIM-03332,2026-12-01,non_retenu,reste
SIM-03333,2026-12-01,non_retenu,reste
SIM-03334,2026-12-01,non_retenu,parti
SIM-03335,2026-12-01,non_retenu,parti
SIM-03336,2026-12-01,non_retenu,parti
SIM-03337,2026-12-01,non_retenu,reste
SIM-03338,2026-12-01,non_retenu,reste
SIM-03339,2026-12-01,non_retenu,parti
SIM-03340,2026-12-01,non_retenu,reste
SIM-03341,2026-12-01,non_retenu,parti
SIM-03342,2026-12-01,non_retenu,parti
SIM-03343,2026-12-01,non_retenu,reste
SIM-03344,2026-12-01,non_retenu,reste
SIM-03345,2026-12-01,non_retenu,reste
SIM-03346,2026-12-01,non_retenu,reste
SIM-03347,2026-12-01,non_retenu,reste
SIM-03348,2026-12-01,non_retenu,reste
SIM-03349,2026-12-01,non_retenu,reste
SIM-03350,2026-12-01,non_retenu,parti
SIM-03351,2026-12-01,non_retenu,reste
SIM-03352,2026-12-01,non_retenu,parti
SIM-03353,2026-12-01,non_retenu,reste
SIM-03354,2026-12-01,non_retenu,reste
SIM-03355,2026-12-01,non_retenu,reste
SIM-03356,2026-12-01,contact,parti
SIM-03357,2026-12-01,non_retenu,reste
SIM-03358,2026-12-01,non_retenu,parti
SIM-03359,2026-12-01,non_retenu,parti
SIM-03360,2026-12-01,non_retenu,reste
SIM-03361,2026-12-01,non_retenu,reste
SIM-03362,2026-12-01,non_retenu,reste
SIM-03363,2026-12-01,non_retenu,reste
SIM-03364,2026-12-01,non_retenu,reste
SIM-03365,2026-12-01,non_retenu,reste
SIM-03366,2026-12-01,non_retenu,parti
SIM-03367,2026-12-01,non_retenu,reste
SIM-03368,2026-12-01,non_retenu,parti
SIM-03369,2026-12-01,non_retenu,parti
SIM-03370,2026-12-01,non_retenu,reste
SIM-03371,2026-12-01,non_retenu,reste
SIM-03372,2026-12-01,non_retenu,reste
SIM-03373,2026-12-01,non_retenu,parti
SIM-03374,2026-12-01,non_retenu,parti
SIM-03375,2026-12-01,non_retenu,parti
SIM-03376,2026-12-01,non_retenu,reste
SIM-03377,2026-12-01,non_retenu,reste
SIM-03378,2026-12-01,non_retenu,reste
SIM-03379,2026-12-01,non_retenu,parti
SIM-03380,2026-12-01,non_retenu,parti
SIM-03381,2026-12-01,non_retenu,reste
SIM-03382,2026-12-01,non_retenu,reste
SIM-03383,2026-12-01,non_retenu,reste
SIM-03384,2026-12-01,non_retenu,reste
SIM-03385,2026-12-01,non_retenu,parti
SIM-03386,2026-12-01,non_retenu,parti
SIM-03387,2026-12-01,non_retenu,reste
SIM-03388,2026-12-01,non_retenu,reste
SIM-03389,2026-12-01,non_retenu,reste
SIM-03390,2026-12-01,non_retenu,reste
SIM-03391,2026-12-01,non_retenu,reste
SIM-03392,2026-12-01,non_retenu,reste
SIM-03393,2026-12-01,non_retenu,parti
SIM-03394,2026-12-01,non_retenu,parti
SIM-03395,2026-12-01,non_retenu,reste
SIM-03396,2026-12-01,non_retenu,reste
SIM-03397,2026-12-01,non_retenu,reste
SIM-03398,2026-12-01,non_retenu,reste
SIM-03399,2026-12-01,non_retenu,parti
SIM-03400,2026-12-01,non_retenu,reste
SIM-03401,2026-12-01,non_retenu,reste
SIM-03402,2026-12-01,non_retenu,reste
SIM-03403,2026-12-01,non_retenu,reste
SIM-03404,2026-12-01,non_retenu,parti
SIM-03405,2026-12-01,non_retenu,reste
SIM-03406,2026-12-01,non_retenu,reste
SIM-03407,2026-12-01,non_retenu,reste
SIM-03408,2026-12-01,non_retenu,reste
SIM-03409,2026-12-01,non_retenu,reste
SIM-03410,2026-12-01,non_retenu,reste
SIM-03411,2026-12-01,non_retenu,parti
SIM-03412,2026-12-01,non_retenu,reste
SIM-03413,2026-12-01,non_retenu,reste
SIM-03414,2026-12-01,non_retenu,reste
SIM-03415,2026-12-01,non_retenu,reste
SIM-03416,2026-12-01,non_retenu,parti
SIM-03417,2026-12-01,non_retenu,reste
SIM-03418,2026-12-01,non_retenu,parti
SIM-03419,2026-12-01,non_retenu,reste
SIM-03420,2026-12-01,non_retenu,reste
SIM-03421,2026-12-01,non_retenu,reste
SIM-03422,2026-12-01,non_retenu,reste
SIM-03423,2026-12-01,non_retenu,reste
SIM-03424,2026-12-01,non_retenu,parti
SIM-03425,2026-12-01,non_retenu,reste
SIM-03426,2026-12-01,non_retenu,parti
SIM-03427,2026-12-01,non_retenu,parti
SIM-03428,2026-12-01,non_retenu,parti
SIM-03429,2026-12-01,non_retenu,parti
SIM-03430,2026-12-01,non_retenu,reste
SIM-03431,2026-12-01,non_retenu,reste
SIM-03432,2026-12-01,non_retenu,reste
SIM-03433,2026-12-01,non_retenu,reste
SIM-03434,2026-12-01,non_retenu,reste
SIM-03435,2026-12-01,non_retenu,reste
SIM-03436,2026-12-01,non_retenu,reste
SIM-03437,2026-12-01,non_retenu,reste
SIM-03438,2026-12-01,non_retenu,reste
SIM-03439,2026-12-01,contact,parti
SIM-03440,2026-12-01,non_retenu,reste
SIM-03441,2026-12-01,non_retenu,reste
SIM-03442,2026-12-01,non_retenu,reste
SIM-03443,2026-12-01,non_retenu,reste
SIM-03444,2026-12-01,non_retenu,reste
SIM-03445,2026-12-01,non_retenu,reste
SIM-03446,2026-12-01,non_retenu,reste
SIM-03447,2026-12-01,non_retenu,reste
SIM-03448,2026-12-01,non_retenu,reste
SIM-03449,2026-12-01,non_retenu,reste
SIM-03450,2026-12-01,non_retenu,reste
SIM-03451,2026-12-01,non_retenu,reste
SIM-03452,2026-12-01,non_retenu,reste
SIM-03453,2026-12-01,non_retenu,reste
SIM-03454,2026-12-01,non_retenu,parti
SIM-03455,2026-12-01,non_retenu,reste
SIM-03456,2026-12-01,non_retenu,reste
SIM-03457,2026-12-01,non_retenu,reste
SIM-03458,2026-12-01,non_retenu,reste
SIM-03459,2026-12-01,non_retenu,reste
SIM-03460,2026-12-01,non_retenu,reste
SIM-03461,2026-12-01,non_retenu,parti
SIM-03462,2026-12-01,non_retenu,reste
SIM-03463,2026-12-01,non_retenu,reste
SIM-03464,2026-12-01,non_retenu,reste
SIM-03465,2026-12-01,non_retenu,reste
SIM-03466,2026-12-01,non_retenu,reste
SIM-03467,2026-12-01,non_retenu,parti
SIM-03468,2026-12-01,non_retenu,parti
SIM-03469,2026-12-01,non_retenu,parti
SIM-03470,2026-12-01,non_retenu,reste
SIM-03471,2026-12-01,non_retenu,parti
SIM-03472,2026-12-01,non_retenu,parti
SIM-03473,2026-12-01,non_retenu,reste
SIM-03474,2026-12-01,non_retenu,parti
SIM-03475,2026-12-01,non_retenu,reste
SIM-03476,2026-12-01,non_retenu,reste
SIM-03477,2026-12-01,non_retenu,parti
SIM-03478,2026-12-01,non_retenu,reste
SIM-03479,2026-12-01,non_retenu,parti
SIM-03480,2026-12-01,non_retenu,parti
SIM-03481,2026-12-01,non_retenu,reste
SIM-03482,2026-12-01,non_retenu,reste
SIM-03483,2026-12-01,non_retenu,parti
SIM-03484,2026-12-01,non_retenu,reste
SIM-03485,2026-12-01,non_retenu,reste
SIM-03486,2026-12-01,non_retenu,parti
SIM-03487,2026-12-01,non_retenu,reste
SIM-03488,2026-12-01,non_retenu,reste
SIM-03489,2026-12-01,non_retenu,reste
SIM-03490,2026-12-01,non_retenu,reste
SIM-03491,2026-12-01,non_retenu,reste
SIM-03492,2026-12-01,non_retenu,parti
SIM-03493,2026-12-01,temoin,reste
SIM-03494,2026-12-01,non_retenu,reste
SIM-03495,2026-12-01,non_retenu,parti
SIM-03496,2026-12-01,non_retenu,parti
SIM-03497,2026-12-01,non_retenu,reste
SIM-03498,2026-12-01,non_retenu,reste
SIM-03499,2026-12-01,non_retenu,reste
SIM-03500,2026-12-01,non_retenu,reste
SIM-03501,2026-12-01,non_retenu,parti
SIM-03502,2026-12-01,non_retenu,reste
SIM-03503,2026-12-01,non_retenu,reste
SIM-03504,2026-12-01,non_retenu,reste
SIM-03505,2026-12-01,non_retenu,parti
SIM-03506,2026-12-01,non_retenu,reste
SIM-03507,2026-12-01,non_retenu,reste
SIM-03508,2026-12-01,non_retenu,reste
SIM-03509,2026-12-01,non_retenu,parti
SIM-03510,2026-12-01,non_retenu,reste
SIM-03511,2026-12-01,non_retenu,reste
SIM-03512,2026-12-01,contact,reste
SIM-03513,2026-12-01,non_retenu,reste
SIM-03514,2026-12-01,non_retenu,parti
SIM-03515,2026-12-01,non_retenu,reste
SIM-03516,2026-12-01,non_retenu,reste
SIM-03517,2026-12-01,non_retenu,parti
SIM-03518,2026-12-01,non_retenu,reste
SIM-03519,2026-12-01,non_retenu,reste
SIM-03520,2026-12-01,non_retenu,parti
SIM-03521,2026-12-01,non_retenu,parti
SIM-03522,2026-12-01,non_retenu,parti
SIM-03523,2026-12-01,non_retenu,reste
SIM-03524,2026-12-01,non_retenu,parti
SIM-03525,2026-12-01,non_retenu,reste
SIM-03526,2026-12-01,non_retenu,parti
SIM-03527,2026-12-01,non_retenu,reste
SIM-03528,2026-12-01,non_retenu,parti
SIM-03529,2026-12-01,non_retenu,reste
SIM-03530,2026-12-01,non_retenu,reste
SIM-03531,2026-12-01,non_retenu,reste
SIM-03532,2026-12-01,non_retenu,reste
SIM-03533,2026-12-01,non_retenu,parti
SIM-03534,2026-12-01,non_retenu,reste
SIM-03535,2026-12-01,non_retenu,reste
SIM-03536,2026-12-01,non_retenu,reste
SIM-03537,2026-12-01,non_retenu,reste
SIM-03538,2026-12-01,non_retenu,reste
SIM-03539,2026-12-01,non_retenu,reste
SIM-03540,2026-12-01,non_retenu,parti
SIM-03541,2026-12-01,non_retenu,reste
SIM-03542,2026-12-01,temoin,parti
SIM-03543,2026-12-01,non_retenu,reste
SIM-03544,2026-12-01,non_retenu,parti
SIM-03545,2026-12-01,non_retenu,reste
SIM-03546,2026-12-01,non_retenu,parti
SIM-03547,2026-12-01,non_retenu,parti
SIM-03548,2026-12-01,non_retenu,parti
SIM-03549,2026-12-01,non_retenu,reste
SIM-03550,2026-12-01,non_retenu,reste
SIM-03551,2026-12-01,non_retenu,reste
SIM-03552,2026-12-01,non_retenu,reste
SIM-03553,2026-12-01,non_retenu,parti
SIM-03554,2026-12-01,non_retenu,reste
SIM-03555,2026-12-01,non_retenu,reste
SIM-03556,2026-12-01,non_retenu,reste
SIM-03557,2026-12-01,non_retenu,reste
SIM-03558,2026-12-01,non_retenu,parti
SIM-03559,2026-12-01,non_retenu,parti
SIM-03560,2026-12-01,non_retenu,reste
SIM-03561,2026-12-01,non_retenu,reste
SIM-03562,2026-12-01,non_retenu,reste
SIM-03563,2026-12-01,non_retenu,reste
SIM-03564,2026-12-01,non_retenu,reste
SIM-03565,2026-12-01,non_retenu,parti
SIM-03566,2026-12-01,non_retenu,parti
SIM-03567,2026-12-01,non_retenu,reste
SIM-03568,2026-12-01,non_retenu,reste
SIM-03569,2026-12-01,non_retenu,parti
SIM-03570,2026-12-01,non_retenu,reste
SIM-03571,2026-12-01,non_retenu,parti
SIM-03572,2026-12-01,non_retenu,reste
SIM-03573,2026-12-01,non_retenu,parti
SIM-03574,2026-12-01,non_retenu,parti
SIM-03575,2026-12-01,non_retenu,reste
SIM-03576,2026-12-01,non_retenu,reste
SIM-03577,2026-12-01,non_retenu,parti
SIM-03578,2026-12-01,non_retenu,parti
SIM-03579,2026-12-01,non_retenu,reste
SIM-03580,2026-12-01,non_retenu,reste
SIM-03581,2026-12-01,non_retenu,reste
SIM-03582,2026-12-01,non_retenu,reste
SIM-03583,2026-12-01,non_retenu,parti
SIM-03584,2026-12-01,non_retenu,reste
SIM-03585,2026-12-01,non_retenu,reste
SIM-03586,2026-12-01,non_retenu,parti
SIM-03587,2026-12-01,non_retenu,parti
SIM-03588,2026-12-01,non_retenu,reste
SIM-03589,2026-12-01,non_retenu,reste
SIM-03590,2026-12-01,non_retenu,reste
SIM-03591,2026-12-01,non_retenu,parti
SIM-03592,2026-12-01,non_retenu,reste
SIM-03593,2026-12-01,non_retenu,reste
SIM-03594,2026-12-01,non_retenu,reste
SIM-03595,2026-12-01,non_retenu,reste
SIM-03596,2026-12-01,non_retenu,reste
SIM-03597,2026-12-01,non_retenu,parti
SIM-03598,2026-12-01,non_retenu,reste
SIM-03599,2026-12-01,non_retenu,reste
SIM-03600,2026-12-01,non_retenu,reste
SIM-03601,2026-12-01,contact,reste
SIM-03602,2026-12-01,non_retenu,reste
SIM-03603,2026-12-01,non_retenu,parti
SIM-03604,2026-12-01,non_retenu,reste
SIM-03605,2026-12-01,non_retenu,reste
SIM-03606,2026-12-01,non_retenu,reste
SIM-03607,2026-12-01,non_retenu,reste
SIM-03608,2026-12-01,non_retenu,reste
SIM-03609,2026-12-01,non_retenu,reste
SIM-03610,2026-12-01,non_retenu,reste
SIM-03611,2026-12-01,non_retenu,reste
SIM-03612,2026-12-01,non_retenu,reste
SIM-03613,2026-12-01,non_retenu,reste
SIM-03614,2026-12-01,non_retenu,reste
SIM-03615,2026-12-01,non_retenu,reste
SIM-03616,2026-12-01,non_retenu,reste
SIM-03617,2026-12-01,non_retenu,reste
SIM-03618,2026-12-01,non_retenu,reste
SIM-03619,2026-12-01,non_retenu,parti
SIM-03620,2026-12-01,non_retenu,reste
SIM-03621,2026-12-01,non_retenu,reste
SIM-03622,2026-12-01,non_retenu,parti
SIM-03623,2026-12-01,non_retenu,reste
SIM-03624,2026-12-01,non_retenu,parti
SIM-03625,2026-12-01,non_retenu,reste
SIM-03626,2026-12-01,non_retenu,reste
SIM-03627,2026-12-01,non_retenu,parti
SIM-03628,2026-12-01,non_retenu,reste
SIM-03629,2026-12-01,non_retenu,reste
SIM-03630,2026-12-01,non_retenu,reste
SIM-03631,2026-12-01,non_retenu,parti
SIM-03632,2026-12-01,non_retenu,reste
SIM-03633,2026-12-01,non_retenu,reste
SIM-03634,2026-12-01,non_retenu,parti
SIM-03635,2026-12-01,non_retenu,parti
SIM-03636,2026-12-01,non_retenu,parti
SIM-03637,2026-12-01,non_retenu,parti
SIM-03638,2026-12-01,non_retenu,reste
SIM-03639,2026-12-01,non_retenu,reste
SIM-03640,2026-12-01,non_retenu,reste
SIM-03641,2026-12-01,non_retenu,parti
SIM-03642,2026-12-01,non_retenu,parti
SIM-03643,2026-12-01,non_retenu,reste
SIM-03644,2026-12-01,non_retenu,reste
SIM-03645,2026-12-01,non_retenu,reste
SIM-03646,2026-12-01,non_retenu,reste
SIM-03647,2026-12-01,non_retenu,parti
SIM-03648,2026-12-01,non_retenu,reste
SIM-03649,2026-12-01,non_retenu,reste
SIM-03650,2026-12-01,contact,parti
SIM-03651,2026-12-01,non_retenu,reste
SIM-03652,2026-12-01,non_retenu,reste
SIM-03653,2026-12-01,non_retenu,parti
SIM-03654,2026-12-01,non_retenu,reste
SIM-03655,2026-12-01,non_retenu,reste
SIM-03656,2026-12-01,non_retenu,reste
SIM-03657,2026-12-01,temoin,parti
SIM-03658,2026-12-01,non_retenu,reste
SIM-03659,2026-12-01,non_retenu,reste
SIM-03660,2026-12-01,non_retenu,reste
SIM-03661,2026-12-01,non_retenu,reste
SIM-03662,2026-12-01,non_retenu,reste
SIM-03663,2026-12-01,non_retenu,reste
SIM-03664,2026-12-01,non_retenu,reste
SIM-03665,2026-12-01,non_retenu,reste
SIM-03666,2026-12-01,contact,parti
SIM-03667,2026-12-01,non_retenu,reste
SIM-03668,2026-12-01,non_retenu,reste
SIM-03669,2026-12-01,non_retenu,reste
SIM-03670,2026-12-01,non_retenu,reste
SIM-03671,2026-12-01,non_retenu,parti
SIM-03672,2026-12-01,non_retenu,parti
SIM-03673,2026-12-01,non_retenu,reste
SIM-03674,2026-12-01,non_retenu,parti
SIM-03675,2026-12-01,non_retenu,reste
SIM-03676,2026-12-01,contact,reste
SIM-03677,2026-12-01,non_retenu,reste
SIM-03678,2026-12-01,non_retenu,parti
SIM-03679,2026-12-01,non_retenu,parti
SIM-03680,2026-12-01,non_retenu,reste
SIM-03681,2026-12-01,non_retenu,reste
SIM-03682,2026-12-01,non_retenu,parti
SIM-03683,2026-12-01,non_retenu,reste
SIM-03684,2026-12-01,non_retenu,reste
SIM-03685,2026-12-01,non_retenu,parti
SIM-03686,2026-12-01,non_retenu,reste
SIM-03687,2026-12-01,non_retenu,parti
SIM-03688,2026-12-01,non_retenu,reste
SIM-03689,2026-12-01,non_retenu,parti
SIM-03690,2026-12-01,non_retenu,reste
SIM-03691,2026-12-01,contact,parti
SIM-03692,2026-12-01,non_retenu,reste
SIM-03693,2026-12-01,non_retenu,parti
SIM-03694,2026-12-01,non_retenu,reste
SIM-03695,2026-12-01,non_retenu,reste
SIM-03696,2026-12-01,non_retenu,parti
SIM-03697,2026-12-01,non_retenu,parti
SIM-03698,2026-12-01,non_retenu,reste
SIM-03699,2026-12-01,non_retenu,reste
SIM-03700,2026-12-01,contact,reste
SIM-03701,2026-12-01,non_retenu,parti
SIM-03702,2026-12-01,non_retenu,parti
SIM-03703,2026-12-01,non_retenu,reste
SIM-03704,2026-12-01,non_retenu,reste
SIM-03705,2026-12-01,non_retenu,reste
SIM-03706,2026-12-01,non_retenu,reste
SIM-03707,2026-12-01,non_retenu,reste
SIM-03708,2026-12-01,non_retenu,reste
SIM-03709,2026-12-01,non_retenu,reste
SIM-03710,2026-12-01,non_retenu,reste
SIM-03711,2026-12-01,non_retenu,reste
SIM-03712,2026-12-01,non_retenu,parti
SIM-03713,2026-12-01,non_retenu,reste
SIM-03714,2026-12-01,non_retenu,reste
SIM-03715,2026-12-01,non_retenu,reste
SIM-03716,2026-12-01,non_retenu,reste
SIM-03717,2026-12-01,non_retenu,parti
SIM-03718,2026-12-01,non_retenu,reste
SIM-03719,2026-12-01,contact,reste
SIM-03720,2026-12-01,contact,reste
SIM-03721,2026-12-01,non_retenu,reste
SIM-03722,2026-12-01,non_retenu,reste
SIM-03723,2026-12-01,non_retenu,reste
SIM-03724,2026-12-01,non_retenu,reste
SIM-03725,2026-12-01,non_retenu,reste
SIM-03726,2026-12-01,non_retenu,reste
SIM-03727,2026-12-01,contact,parti
SIM-03728,2026-12-01,non_retenu,reste
SIM-03729,2026-12-01,non_retenu,reste
SIM-03730,2026-12-01,non_retenu,reste
SIM-03731,2026-12-01,non_retenu,parti
SIM-03732,2026-12-01,non_retenu,parti
SIM-03733,2026-12-01,non_retenu,parti
SIM-03734,2026-12-01,non_retenu,reste
SIM-03735,2026-12-01,non_retenu,reste
SIM-03736,2026-12-01,non_retenu,reste
SIM-03737,2026-12-01,non_retenu,parti
SIM-03738,2026-12-01,non_retenu,reste
SIM-03739,2026-12-01,non_retenu,parti
SIM-03740,2026-12-01,non_retenu,reste
SIM-03741,2026-12-01,non_retenu,reste
SIM-03742,2026-12-01,non_retenu,reste
SIM-03743,2026-12-01,non_retenu,parti
SIM-03744,2026-12-01,non_retenu,reste
SIM-03745,2026-12-01,non_retenu,parti
SIM-03746,2026-12-01,non_retenu,reste
SIM-03747,2026-12-01,non_retenu,reste
SIM-03748,2026-12-01,contact,parti
SIM-03749,2026-12-01,contact,reste
SIM-03750,2026-12-01,non_retenu,parti
SIM-03751,2026-12-01,non_retenu,reste
SIM-03752,2026-12-01,non_retenu,parti
SIM-03753,2026-12-01,non_retenu,reste
SIM-03754,2026-12-01,non_retenu,parti
SIM-03755,2026-12-01,non_retenu,reste
SIM-03756,2026-12-01,non_retenu,reste
SIM-03757,2026-12-01,non_retenu,parti
SIM-03758,2026-12-01,non_retenu,reste
SIM-03759,2026-12-01,non_retenu,reste
SIM-03760,2026-12-01,non_retenu,reste
SIM-03761,2026-12-01,non_retenu,reste
SIM-03762,2026-12-01,non_retenu,reste
SIM-03763,2026-12-01,non_retenu,parti
SIM-03764,2026-12-01,non_retenu,reste
SIM-03765,2026-12-01,non_retenu,reste
SIM-03766,2026-12-01,non_retenu,reste
SIM-03767,2026-12-01,non_retenu,parti
SIM-03768,2026-12-01,non_retenu,reste
SIM-03769,2026-12-01,non_retenu,reste
SIM-03770,2026-12-01,non_retenu,reste
SIM-03771,2026-12-01,non_retenu,reste
SIM-03772,2026-12-01,non_retenu,reste
SIM-03773,2026-12-01,non_retenu,reste
SIM-03774,2026-12-01,non_retenu,reste
SIM-03775,2026-12-01,non_retenu,reste
SIM-03776,2026-12-01,non_retenu,reste
SIM-03777,2026-12-01,non_retenu,parti
SIM-03778,2026-12-01,non_retenu,parti
SIM-03779,2026-12-01,non_retenu,reste
SIM-03780,2026-12-01,non_retenu,parti
SIM-03781,2026-12-01,non_retenu,reste
SIM-03782,2026-12-01,non_retenu,parti
SIM-03783,2026-12-01,non_retenu,reste
SIM-03784,2026-12-01,non_retenu,reste
SIM-03785,2026-12-01,non_retenu,reste
SIM-03786,2026-12-01,non_retenu,parti
SIM-03787,2026-12-01,non_retenu,parti
SIM-03788,2026-12-01,non_retenu,reste
SIM-03789,2026-12-01,non_retenu,parti
SIM-03790,2026-12-01,non_retenu,reste
SIM-03791,2026-12-01,non_retenu,parti
SIM-03792,2026-12-01,non_retenu,reste
SIM-03793,2026-12-01,non_retenu,reste
SIM-03794,2026-12-01,contact,reste
SIM-03795,2026-12-01,non_retenu,reste
SIM-03796,2026-12-01,non_retenu,reste
SIM-03797,2026-12-01,temoin,reste
SIM-03798,2026-12-01,non_retenu,reste
SIM-03799,2026-12-01,non_retenu,reste
SIM-03800,2026-12-01,non_retenu,reste
SIM-03801,2026-12-01,non_retenu,reste
SIM-03802,2026-12-01,non_retenu,parti
SIM-03803,2026-12-01,non_retenu,reste
SIM-03804,2026-12-01,non_retenu,reste
SIM-03805,2026-12-01,non_retenu,parti
SIM-03806,2026-12-01,non_retenu,reste
SIM-03807,2026-12-01,non_retenu,reste
SIM-03808,2026-12-01,non_retenu,reste
SIM-03809,2026-12-01,non_retenu,parti
SIM-03810,2026-12-01,non_retenu,parti
SIM-03811,2026-12-01,non_retenu,reste
SIM-03812,2026-12-01,non_retenu,parti
SIM-03813,2026-12-01,non_retenu,reste
SIM-03814,2026-12-01,non_retenu,reste
SIM-03815,2026-12-01,non_retenu,reste
SIM-03816,2026-12-01,non_retenu,parti
SIM-03817,2026-12-01,non_retenu,parti
SIM-03818,2026-12-01,non_retenu,parti
SIM-03819,2026-12-01,non_retenu,reste
SIM-03820,2026-12-01,non_retenu,reste
SIM-03821,2026-12-01,non_retenu,reste
SIM-03822,2026-12-01,non_retenu,reste
SIM-03823,2026-12-01,non_retenu,reste
SIM-03824,2026-12-01,non_retenu,reste
SIM-03825,2026-12-01,non_retenu,parti
SIM-03826,2026-12-01,non_retenu,reste
SIM-03827,2026-12-01,non_retenu,reste
SIM-03828,2026-12-01,non_retenu,reste
SIM-03829,2026-12-01,non_retenu,reste
SIM-03830,2026-12-01,non_retenu,reste
SIM-03831,2026-12-01,non_retenu,parti
SIM-03832,2026-12-01,non_retenu,reste
SIM-03833,2026-12-01,non_retenu,reste
SIM-03834,2026-12-01,non_retenu,parti
SIM-03835,2026-12-01,non_retenu,reste
SIM-03836,2026-12-01,non_retenu,reste
SIM-03837,2026-12-01,non_retenu,parti
SIM-03838,2026-12-01,non_retenu,reste
SIM-03839,2026-12-01,non_retenu,reste
SIM-03840,2026-12-01,non_retenu,parti
SIM-03841,2026-12-01,non_retenu,reste
SIM-03842,2026-12-01,non_retenu,reste
SIM-03843,2026-12-01,non_retenu,reste
SIM-03844,2026-12-01,non_retenu,parti
SIM-03845,2026-12-01,non_retenu,reste
SIM-03846,2026-12-01,non_retenu,reste
SIM-03847,2026-12-01,non_retenu,reste
SIM-03848,2026-12-01,non_retenu,parti
SIM-03849,2026-12-01,non_retenu,reste
SIM-03850,2026-12-01,non_retenu,reste
SIM-03851,2026-12-01,non_retenu,reste
SIM-03852,2026-12-01,non_retenu,reste
SIM-03853,2026-12-01,non_retenu,reste
SIM-03854,2026-12-01,non_retenu,reste
SIM-03855,2026-12-01,non_retenu,reste
SIM-03856,2026-12-01,non_retenu,parti
SIM-03857,2026-12-01,non_retenu,reste
SIM-03858,2026-12-01,non_retenu,reste
SIM-03859,2026-12-01,non_retenu,reste
SIM-03860,2026-12-01,non_retenu,reste
SIM-03861,2026-12-01,non_retenu,parti
SIM-03862,2026-12-01,non_retenu,parti
SIM-03863,2026-12-01,non_retenu,reste
SIM-03864,2026-12-01,non_retenu,reste
SIM-03865,2026-12-01,non_retenu,reste
SIM-03866,2026-12-01,non_retenu,parti
SIM-03867,2026-12-01,non_retenu,parti
SIM-03868,2026-12-01,non_retenu,parti
SIM-03869,2026-12-01,non_retenu,reste
SIM-03870,2026-12-01,non_retenu,reste
SIM-03871,2026-12-01,non_retenu,reste
SIM-03872,2026-12-01,non_retenu,reste
SIM-03873,2026-12-01,non_retenu,reste
SIM-03874,2026-12-01,non_retenu,reste
SIM-03875,2026-12-01,non_retenu,reste
SIM-03876,2026-12-01,non_retenu,reste
SIM-03877,2026-12-01,non_retenu,reste
SIM-03878,2026-12-01,non_retenu,reste
SIM-03879,2026-12-01,non_retenu,reste
SIM-03880,2026-12-01,non_retenu,parti
SIM-03881,2026-12-01,non_retenu,reste
SIM-03882,2026-12-01,non_retenu,reste
SIM-03883,2026-12-01,non_retenu,reste
SIM-03884,2026-12-01,non_retenu,reste
SIM-03885,2026-12-01,contact,reste
SIM-03886,2026-12-01,non_retenu,reste
SIM-03887,2026-12-01,non_retenu,reste
SIM-03888,2026-12-01,non_retenu,reste
SIM-03889,2026-12-01,non_retenu,reste
SIM-03890,2026-12-01,temoin,parti
SIM-03891,2026-12-01,non_retenu,parti
SIM-03892,2026-12-01,non_retenu,parti
SIM-03893,2026-12-01,non_retenu,parti
SIM-03894,2026-12-01,non_retenu,reste
SIM-03895,2026-12-01,non_retenu,reste
SIM-03896,2026-12-01,non_retenu,reste
SIM-03897,2026-12-01,non_retenu,reste
SIM-03898,2026-12-01,non_retenu,reste
SIM-03899,2026-12-01,non_retenu,reste
SIM-03900,2026-12-01,non_retenu,reste
SIM-03901,2026-12-01,non_retenu,reste
SIM-03902,2026-12-01,non_retenu,reste
SIM-03903,2026-12-01,non_retenu,reste
SIM-03904,2026-12-01,non_retenu,parti
SIM-03905,2026-12-01,non_retenu,reste
SIM-03906,2026-12-01,non_retenu,reste
SIM-03907,2026-12-01,non_retenu,reste
SIM-03908,2026-12-01,non_retenu,reste
SIM-03909,2026-12-01,contact,parti
SIM-03910,2026-12-01,non_retenu,parti
SIM-03911,2026-12-01,non_retenu,reste
SIM-03912,2026-12-01,non_retenu,reste
SIM-03913,2026-12-01,non_retenu,reste
SIM-03914,2026-12-01,non_retenu,reste
SIM-03915,2026-12-01,non_retenu,reste
SIM-03916,2026-12-01,non_retenu,reste
SIM-03917,2026-12-01,non_retenu,reste
SIM-03918,2026-12-01,non_retenu,reste
SIM-03919,2026-12-01,non_retenu,reste
SIM-03920,2026-12-01,non_retenu,parti
SIM-03921,2026-12-01,non_retenu,reste
SIM-03922,2026-12-01,non_retenu,reste
SIM-03923,2026-12-01,non_retenu,parti
SIM-03924,2026-12-01,non_retenu,reste
SIM-03925,2026-12-01,non_retenu,reste
SIM-03926,2026-12-01,non_retenu,parti
SIM-03927,2026-12-01,non_retenu,reste
SIM-03928,2026-12-01,non_retenu,reste
SIM-03929,2026-12-01,non_retenu,reste
SIM-03930,2026-12-01,non_retenu,reste
SIM-03931,2026-12-01,non_retenu,parti
SIM-03932,2026-12-01,non_retenu,reste
SIM-03933,2026-12-01,non_retenu,parti
SIM-03934,2026-12-01,non_retenu,parti
SIM-03935,2026-12-01,non_retenu,reste
SIM-03936,2026-12-01,non_retenu,reste
SIM-03937,2026-12-01,non_retenu,reste
SIM-03938,2026-12-01,non_retenu,reste
SIM-03939,2026-12-01,non_retenu,reste
SIM-03940,2026-12-01,non_retenu,reste
SIM-03941,2026-12-01,non_retenu,reste
SIM-03942,2026-12-01,non_retenu,reste
SIM-03943,2026-12-01,non_retenu,reste
SIM-03944,2026-12-01,non_retenu,reste
SIM-03945,2026-12-01,non_retenu,reste
SIM-03946,2026-12-01,non_retenu,reste
SIM-03947,2026-12-01,non_retenu,reste
SIM-03948,2026-12-01,non_retenu,reste
SIM-03949,2026-12-01,non_retenu,parti
SIM-03950,2026-12-01,non_retenu,reste
SIM-03951,2026-12-01,non_retenu,reste
SIM-03952,2026-12-01,non_retenu,parti
SIM-03953,2026-12-01,non_retenu,reste
SIM-03954,2026-12-01,non_retenu,parti
SIM-03955,2026-12-01,non_retenu,parti
SIM-03956,2026-12-01,non_retenu,reste
SIM-03957,2026-12-01,non_retenu,reste
SIM-03958,2026-12-01,non_retenu,parti
SIM-03959,2026-12-01,non_retenu,parti
SIM-03960,2026-12-01,non_retenu,parti
SIM-03961,2026-12-01,non_retenu,reste
SIM-03962,2026-12-01,non_retenu,parti
SIM-03963,2026-12-01,non_retenu,reste
SIM-03964,2026-12-01,non_retenu,reste
SIM-03965,2026-12-01,non_retenu,reste
SIM-03966,2026-12-01,non_retenu,reste
SIM-03967,2026-12-01,non_retenu,parti
SIM-03968,2026-12-01,non_retenu,reste
SIM-03969,2026-12-01,non_retenu,reste
SIM-03970,2026-12-01,non_retenu,reste
SIM-03971,2026-12-01,non_retenu,reste
SIM-03972,2026-12-01,non_retenu,reste
SIM-03973,2026-12-01,non_retenu,parti
SIM-03974,2026-12-01,non_retenu,reste
SIM-03975,2026-12-01,non_retenu,reste
SIM-03976,2026-12-01,non_retenu,reste
SIM-03977,2026-12-01,non_retenu,reste
SIM-03978,2026-12-01,non_retenu,parti
SIM-03979,2026-12-01,non_retenu,parti
SIM-03980,2026-12-01,non_retenu,reste
SIM-03981,2026-12-01,non_retenu,reste
SIM-03982,2026-12-01,non_retenu,reste
SIM-03983,2026-12-01,non_retenu,reste
SIM-03984,2026-12-01,non_retenu,reste
SIM-03985,2026-12-01,non_retenu,reste
SIM-03986,2026-12-01,non_retenu,reste
SIM-03987,2026-12-01,non_retenu,reste
SIM-03988,2026-12-01,non_retenu,reste
SIM-03989,2026-12-01,non_retenu,reste
SIM-03990,2026-12-01,non_retenu,reste
SIM-03991,2026-12-01,non_retenu,reste
SIM-03992,2026-12-01,non_retenu,parti
SIM-03993,2026-12-01,non_retenu,parti
SIM-03994,2026-12-01,non_retenu,reste
SIM-03995,2026-12-01,non_retenu,reste
SIM-03996,2026-12-01,contact,parti
SIM-03997,2026-12-01,non_retenu,reste
SIM-03998,2026-12-01,non_retenu,reste
SIM-03999,2026-12-01,non_retenu,reste
SIM-04000,2026-12-01,non_retenu,reste
SIM-04001,2026-12-01,non_retenu,reste
SIM-04002,2026-12-01,non_retenu,reste
SIM-04003,2026-12-01,non_retenu,parti
SIM-04004,2026-12-01,non_retenu,reste
SIM-04005,2026-12-01,non_retenu,parti
SIM-04006,2026-12-01,non_retenu,reste
SIM-04007,2026-12-01,non_retenu,reste
SIM-04008,2026-12-01,non_retenu,reste
SIM-04009,2026-12-01,non_retenu,reste
SIM-04010,2026-12-01,non_retenu,reste
SIM-04011,2026-12-01,non_retenu,parti
SIM-04012,2026-12-01,non_retenu,reste
SIM-04013,2026-12-01,non_retenu,reste
SIM-04014,2026-12-01,non_retenu,reste
SIM-04015,2026-12-01,non_retenu,reste
SIM-04016,2026-12-01,non_retenu,reste
SIM-04017,2026-12-01,non_retenu,reste
SIM-04018,2026-12-01,non_retenu,reste
SIM-04019,2026-12-01,contact,parti
SIM-04020,2026-12-01,non_retenu,reste
SIM-04021,2026-12-01,non_retenu,parti
SIM-04022,2026-12-01,non_retenu,reste
SIM-04023,2026-12-01,non_retenu,reste
SIM-04024,2026-12-01,non_retenu,reste
SIM-04025,2026-12-01,non_retenu,parti
SIM-04026,2026-12-01,non_retenu,reste
SIM-04027,2026-12-01,non_retenu,reste
SIM-04028,2026-12-01,non_retenu,reste
SIM-04029,2026-12-01,non_retenu,reste
SIM-04030,2026-12-01,non_retenu,reste
SIM-04031,2026-12-01,non_retenu,reste
SIM-04032,2026-12-01,non_retenu,parti
SIM-04033,2026-12-01,non_retenu,parti
SIM-04034,2026-12-01,non_retenu,parti
SIM-04035,2026-12-01,non_retenu,reste
SIM-04036,2026-12-01,non_retenu,parti
SIM-04037,2026-12-01,non_retenu,reste
SIM-04038,2026-12-01,non_retenu,reste
SIM-04039,2026-12-01,non_retenu,reste
SIM-04040,2026-12-01,non_retenu,reste
SIM-04041,2026-12-01,non_retenu,reste
SIM-04042,2026-12-01,non_retenu,reste
SIM-04043,2026-12-01,non_retenu,reste
SIM-04044,2026-12-01,non_retenu,reste
SIM-04045,2026-12-01,non_retenu,reste
SIM-04046,2026-12-01,non_retenu,reste
SIM-04047,2026-12-01,non_retenu,reste
SIM-04048,2026-12-01,non_retenu,reste
SIM-04049,2026-12-01,non_retenu,reste
SIM-04050,2026-12-01,non_retenu,reste
SIM-04051,2026-12-01,non_retenu,reste
SIM-04052,2026-12-01,non_retenu,reste
SIM-04053,2026-12-01,non_retenu,reste
SIM-04054,2026-12-01,non_retenu,reste
SIM-04055,2026-12-01,non_retenu,reste
SIM-04056,2026-12-01,non_retenu,reste
SIM-04057,2026-12-01,non_retenu,parti
SIM-04058,2026-12-01,non_retenu,reste
SIM-04059,2026-12-01,non_retenu,parti
SIM-04060,2026-12-01,non_retenu,reste
SIM-04061,2026-12-01,non_retenu,reste
SIM-04062,2026-12-01,non_retenu,parti
SIM-04063,2026-12-01,non_retenu,reste
SIM-04064,2026-12-01,non_retenu,reste
SIM-04065,2026-12-01,non_retenu,parti
SIM-04066,2026-12-01,non_retenu,reste
SIM-04067,2026-12-01,non_retenu,reste
SIM-04068,2026-12-01,non_retenu,parti
SIM-04069,2026-12-01,non_retenu,reste
SIM-04070,2026-12-01,non_retenu,reste
SIM-04071,2026-12-01,non_retenu,reste
SIM-04072,2026-12-01,non_retenu,reste
SIM-04073,2026-12-01,non_retenu,reste
SIM-04074,2026-12-01,non_retenu,reste
SIM-04075,2026-12-01,non_retenu,parti
SIM-04076,2026-12-01,non_retenu,reste
SIM-04077,2026-12-01,non_retenu,parti
SIM-04078,2026-12-01,non_retenu,reste
SIM-04079,2026-12-01,non_retenu,reste
SIM-04080,2026-12-01,non_retenu,reste
SIM-04081,2026-12-01,non_retenu,reste
SIM-04082,2026-12-01,non_retenu,reste
SIM-04083,2026-12-01,non_retenu,reste
SIM-04084,2026-12-01,non_retenu,reste
SIM-04085,2026-12-01,non_retenu,parti
SIM-04086,2026-12-01,non_retenu,reste
SIM-04087,2026-12-01,non_retenu,reste
SIM-04088,2026-12-01,non_retenu,reste
SIM-04089,2026-12-01,non_retenu,reste
SIM-04090,2026-12-01,non_retenu,reste
SIM-04091,2026-12-01,non_retenu,parti
SIM-04092,2026-12-01,non_retenu,reste
SIM-04093,2026-12-01,non_retenu,parti
SIM-04094,2026-12-01,non_retenu,reste
SIM-04095,2026-12-01,non_retenu,reste
SIM-04096,2026-12-01,non_retenu,reste
SIM-04097,2026-12-01,non_retenu,reste
SIM-04098,2026-12-01,non_retenu,reste
SIM-04099,2026-12-01,non_retenu,reste
SIM-04100,2026-12-01,temoin,parti
SIM-04101,2026-12-01,non_retenu,parti
SIM-04102,2026-12-01,non_retenu,parti
SIM-04103,2026-12-01,non_retenu,reste
SIM-04104,2026-12-01,non_retenu,reste
SIM-04105,2026-12-01,non_retenu,reste
SIM-04106,2026-12-01,non_retenu,reste
SIM-04107,2026-12-01,non_retenu,reste
SIM-04108,2026-12-01,non_retenu,reste
SIM-04109,2026-12-01,non_retenu,reste
SIM-04110,2026-12-01,non_retenu,reste
SIM-04111,2026-12-01,non_retenu,reste
SIM-04112,2026-12-01,non_retenu,reste
SIM-04113,2026-12-01,contact,parti
SIM-04114,2026-12-01,non_retenu,reste
SIM-04115,2026-12-01,non_retenu,reste
SIM-04116,2026-12-01,non_retenu,reste
SIM-04117,2026-12-01,non_retenu,parti
SIM-04118,2026-12-01,non_retenu,reste
SIM-04119,2026-12-01,non_retenu,reste
SIM-04120,2026-12-01,non_retenu,parti
SIM-04121,2026-12-01,non_retenu,reste
SIM-04122,2026-12-01,non_retenu,parti
SIM-04123,2026-12-01,non_retenu,reste
SIM-04124,2026-12-01,non_retenu,reste
SIM-04125,2026-12-01,non_retenu,reste
SIM-04126,2026-12-01,non_retenu,reste
SIM-04127,2026-12-01,non_retenu,reste
SIM-04128,2026-12-01,non_retenu,reste
SIM-04129,2026-12-01,non_retenu,reste
SIM-04130,2026-12-01,non_retenu,reste
SIM-04131,2026-12-01,non_retenu,reste
SIM-04132,2026-12-01,non_retenu,parti
SIM-04133,2026-12-01,non_retenu,parti
SIM-04134,2026-12-01,non_retenu,reste
SIM-04135,2026-12-01,non_retenu,reste
SIM-04136,2026-12-01,non_retenu,parti
SIM-04137,2026-12-01,non_retenu,parti
SIM-04138,2026-12-01,non_retenu,parti
SIM-04139,2026-12-01,non_retenu,reste
SIM-04140,2026-12-01,non_retenu,reste
SIM-04141,2026-12-01,non_retenu,reste
SIM-04142,2026-12-01,contact,reste
SIM-04143,2026-12-01,non_retenu,reste
SIM-04144,2026-12-01,non_retenu,reste
SIM-04145,2026-12-01,non_retenu,reste
SIM-04146,2026-12-01,non_retenu,parti
SIM-04147,2026-12-01,non_retenu,reste
SIM-04148,2026-12-01,non_retenu,parti
SIM-04149,2026-12-01,non_retenu,reste
SIM-04150,2026-12-01,non_retenu,parti
SIM-04151,2026-12-01,non_retenu,parti
SIM-04152,2026-12-01,non_retenu,reste
SIM-04153,2026-12-01,non_retenu,reste
SIM-04154,2026-12-01,non_retenu,parti
SIM-04155,2026-12-01,non_retenu,reste
SIM-04156,2026-12-01,non_retenu,parti
SIM-04157,2026-12-01,non_retenu,parti
SIM-04158,2026-12-01,contact,reste
SIM-04159,2026-12-01,non_retenu,parti
SIM-04160,2026-12-01,non_retenu,parti
SIM-04161,2026-12-01,non_retenu,reste
SIM-04162,2026-12-01,non_retenu,reste
SIM-04163,2026-12-01,non_retenu,parti
SIM-04164,2026-12-01,non_retenu,parti
SIM-04165,2026-12-01,non_retenu,reste
SIM-04166,2026-12-01,non_retenu,reste
SIM-04167,2026-12-01,non_retenu,reste
SIM-04168,2026-12-01,non_retenu,reste
SIM-04169,2026-12-01,non_retenu,reste
SIM-04170,2026-12-01,non_retenu,reste
SIM-04171,2026-12-01,non_retenu,parti
SIM-04172,2026-12-01,non_retenu,reste
SIM-04173,2026-12-01,non_retenu,parti
SIM-04174,2026-12-01,non_retenu,parti
SIM-04175,2026-12-01,non_retenu,parti
SIM-04176,2026-12-01,non_retenu,reste
SIM-04177,2026-12-01,non_retenu,parti
SIM-04178,2026-12-01,non_retenu,parti
SIM-04179,2026-12-01,non_retenu,reste
SIM-04180,2026-12-01,non_retenu,reste
SIM-04181,2026-12-01,non_retenu,reste
SIM-04182,2026-12-01,non_retenu,parti
SIM-04183,2026-12-01,non_retenu,parti
SIM-04184,2026-12-01,non_retenu,reste
SIM-04185,2026-12-01,non_retenu,reste
SIM-04186,2026-12-01,non_retenu,parti
SIM-04187,2026-12-01,non_retenu,parti
SIM-04188,2026-12-01,non_retenu,reste
SIM-04189,2026-12-01,non_retenu,reste
SIM-04190,2026-12-01,contact,reste
SIM-04191,2026-12-01,non_retenu,reste
SIM-04192,2026-12-01,non_retenu,reste
SIM-04193,2026-12-01,non_retenu,reste
SIM-04194,2026-12-01,non_retenu,reste
SIM-04195,2026-12-01,non_retenu,reste
SIM-04196,2026-12-01,non_retenu,reste
SIM-04197,2026-12-01,non_retenu,reste
SIM-04198,2026-12-01,non_retenu,reste
SIM-04199,2026-12-01,non_retenu,reste
SIM-04200,2026-12-01,non_retenu,reste
SIM-04201,2026-12-01,non_retenu,reste
SIM-04202,2026-12-01,non_retenu,reste
SIM-04203,2026-12-01,non_retenu,reste
SIM-04204,2026-12-01,non_retenu,reste
SIM-04205,2026-12-01,non_retenu,reste
SIM-04206,2026-12-01,non_retenu,reste
SIM-04207,2026-12-01,non_retenu,reste
SIM-04208,2026-12-01,non_retenu,reste
SIM-04209,2026-12-01,non_retenu,reste
SIM-04210,2026-12-01,non_retenu,reste
SIM-04211,2026-12-01,non_retenu,reste
SIM-04212,2026-12-01,non_retenu,parti
SIM-04213,2026-12-01,non_retenu,reste
SIM-04214,2026-12-01,non_retenu,parti
SIM-04215,2026-12-01,non_retenu,reste
SIM-04216,2026-12-01,non_retenu,parti
SIM-04217,2026-12-01,non_retenu,reste
SIM-04218,2026-12-01,non_retenu,reste
SIM-04219,2026-12-01,non_retenu,reste
SIM-04220,2026-12-01,non_retenu,reste
SIM-04221,2026-12-01,non_retenu,reste
SIM-04222,2026-12-01,non_retenu,reste
SIM-04223,2026-12-01,non_retenu,reste
SIM-04224,2026-12-01,non_retenu,reste
SIM-04225,2026-12-01,non_retenu,parti
SIM-04226,2026-12-01,non_retenu,reste
SIM-04227,2026-12-01,non_retenu,reste
SIM-04228,2026-12-01,non_retenu,reste
SIM-04229,2026-12-01,non_retenu,reste
SIM-04230,2026-12-01,non_retenu,parti
SIM-04231,2026-12-01,non_retenu,parti
SIM-04232,2026-12-01,non_retenu,reste
SIM-04233,2026-12-01,non_retenu,reste
SIM-04234,2026-12-01,non_retenu,parti
SIM-04235,2026-12-01,temoin,parti
SIM-04236,2026-12-01,non_retenu,reste
SIM-04237,2026-12-01,non_retenu,reste
SIM-04238,2026-12-01,non_retenu,parti
SIM-04239,2026-12-01,non_retenu,reste
SIM-04240,2026-12-01,non_retenu,reste
SIM-04241,2026-12-01,non_retenu,reste
SIM-04242,2026-12-01,non_retenu,parti
SIM-04243,2026-12-01,non_retenu,parti
SIM-04244,2026-12-01,non_retenu,reste
SIM-04245,2026-12-01,non_retenu,parti
SIM-04246,2026-12-01,non_retenu,reste
SIM-04247,2026-12-01,non_retenu,reste
SIM-04248,2026-12-01,non_retenu,reste
SIM-04249,2026-12-01,non_retenu,parti
SIM-04250,2026-12-01,non_retenu,reste
SIM-04251,2026-12-01,non_retenu,reste
SIM-04252,2026-12-01,non_retenu,reste
SIM-04253,2026-12-01,non_retenu,parti
SIM-04254,2026-12-01,non_retenu,reste
SIM-04255,2026-12-01,non_retenu,parti
SIM-04256,2026-12-01,non_retenu,reste
SIM-04257,2026-12-01,non_retenu,reste
SIM-04258,2026-12-01,non_retenu,reste
SIM-04259,2026-12-01,non_retenu,reste
SIM-04260,2026-12-01,non_retenu,reste
SIM-04261,2026-12-01,non_retenu,reste
SIM-04262,2026-12-01,non_retenu,reste
SIM-04263,2026-12-01,non_retenu,reste
SIM-04264,2026-12-01,non_retenu,reste
SIM-04265,2026-12-01,non_retenu,reste
SIM-04266,2026-12-01,non_retenu,parti
SIM-04267,2026-12-01,non_retenu,parti
SIM-04268,2026-12-01,non_retenu,reste
SIM-04269,2026-12-01,non_retenu,parti
SIM-04270,2026-12-01,non_retenu,reste
SIM-04271,2026-12-01,non_retenu,reste
SIM-04272,2026-12-01,non_retenu,parti
SIM-04273,2026-12-01,non_retenu,parti
SIM-04274,2026-12-01,non_retenu,parti
SIM-04275,2026-12-01,non_retenu,reste
SIM-04276,2026-12-01,non_retenu,reste
SIM-04277,2026-12-01,non_retenu,reste
SIM-04278,2026-12-01,non_retenu,reste
SIM-04279,2026-12-01,non_retenu,reste
SIM-04280,2026-12-01,non_retenu,parti
SIM-04281,2026-12-01,non_retenu,reste
SIM-04282,2026-12-01,non_retenu,reste
SIM-04283,2026-12-01,non_retenu,parti
SIM-04284,2026-12-01,non_retenu,reste
SIM-04285,2026-12-01,non_retenu,parti
SIM-04286,2026-12-01,non_retenu,reste
SIM-04287,2026-12-01,non_retenu,reste
SIM-04288,2026-12-01,non_retenu,reste
SIM-04289,2026-12-01,non_retenu,reste
SIM-04290,2026-12-01,non_retenu,reste
SIM-04291,2026-12-01,non_retenu,parti
SIM-04292,2026-12-01,non_retenu,parti
SIM-04293,2026-12-01,non_retenu,reste
SIM-04294,2026-12-01,non_retenu,reste
SIM-04295,2026-12-01,non_retenu,reste
SIM-04296,2026-12-01,non_retenu,reste
SIM-04297,2026-12-01,non_retenu,reste
SIM-04298,2026-12-01,non_retenu,parti
SIM-04299,2026-12-01,non_retenu,reste
SIM-04300,2026-12-01,non_retenu,parti
SIM-04301,2026-12-01,non_retenu,parti
SIM-04302,2026-12-01,non_retenu,reste
SIM-04303,2026-12-01,non_retenu,parti
SIM-04304,2026-12-01,non_retenu,reste
SIM-04305,2026-12-01,non_retenu,parti
SIM-04306,2026-12-01,non_retenu,reste
SIM-04307,2026-12-01,non_retenu,reste
SIM-04308,2026-12-01,non_retenu,parti
SIM-04309,2026-12-01,non_retenu,reste
SIM-04310,2026-12-01,non_retenu,parti
SIM-04311,2026-12-01,non_retenu,parti
SIM-04312,2026-12-01,non_retenu,reste
SIM-04313,2026-12-01,non_retenu,reste
SIM-04314,2026-12-01,contact,reste
SIM-04315,2026-12-01,non_retenu,reste
SIM-04316,2026-12-01,non_retenu,reste
SIM-04317,2026-12-01,non_retenu,reste
SIM-04318,2026-12-01,non_retenu,reste
SIM-04319,2026-12-01,non_retenu,reste
SIM-04320,2026-12-01,non_retenu,parti
SIM-04321,2026-12-01,non_retenu,reste
SIM-04322,2026-12-01,non_retenu,parti
SIM-04323,2026-12-01,non_retenu,reste
SIM-04324,2026-12-01,non_retenu,reste
SIM-04325,2026-12-01,non_retenu,reste
SIM-04326,2026-12-01,non_retenu,parti
SIM-04327,2026-12-01,non_retenu,reste
SIM-04328,2026-12-01,non_retenu,reste
SIM-04329,2026-12-01,contact,parti
SIM-04330,2026-12-01,non_retenu,reste
SIM-04331,2026-12-01,non_retenu,reste
SIM-04332,2026-12-01,non_retenu,reste
SIM-04333,2026-12-01,non_retenu,reste
SIM-04334,2026-12-01,non_retenu,reste
SIM-04335,2026-12-01,non_retenu,reste
SIM-04336,2026-12-01,non_retenu,parti
SIM-04337,2026-12-01,non_retenu,reste
SIM-04338,2026-12-01,non_retenu,reste
SIM-04339,2026-12-01,non_retenu,reste
SIM-04340,2026-12-01,non_retenu,reste
SIM-04341,2026-12-01,non_retenu,reste
SIM-04342,2026-12-01,non_retenu,reste
SIM-04343,2026-12-01,non_retenu,parti
SIM-04344,2026-12-01,contact,parti
SIM-04345,2026-12-01,non_retenu,reste
SIM-04346,2026-12-01,non_retenu,reste
SIM-04347,2026-12-01,non_retenu,parti
SIM-04348,2026-12-01,non_retenu,parti
SIM-04349,2026-12-01,non_retenu,reste
SIM-04350,2026-12-01,non_retenu,reste
SIM-04351,2026-12-01,non_retenu,parti
SIM-04352,2026-12-01,non_retenu,reste
SIM-04353,2026-12-01,non_retenu,reste
SIM-04354,2026-12-01,non_retenu,reste
SIM-04355,2026-12-01,non_retenu,parti
SIM-04356,2026-12-01,non_retenu,reste
SIM-04357,2026-12-01,non_retenu,reste
SIM-04358,2026-12-01,non_retenu,parti
SIM-04359,2026-12-01,non_retenu,reste
SIM-04360,2026-12-01,non_retenu,reste
SIM-04361,2026-12-01,non_retenu,parti
SIM-04362,2026-12-01,non_retenu,parti
SIM-04363,2026-12-01,non_retenu,reste
SIM-04364,2026-12-01,non_retenu,reste
SIM-04365,2026-12-01,non_retenu,parti
SIM-04366,2026-12-01,non_retenu,reste
SIM-04367,2026-12-01,non_retenu,reste
SIM-04368,2026-12-01,non_retenu,reste
SIM-04369,2026-12-01,non_retenu,reste
SIM-04370,2026-12-01,non_retenu,reste
SIM-04371,2026-12-01,non_retenu,reste
SIM-04372,2026-12-01,non_retenu,reste
SIM-04373,2026-12-01,non_retenu,parti
SIM-04374,2026-12-01,non_retenu,reste
SIM-04375,2026-12-01,non_retenu,parti
SIM-04376,2026-12-01,non_retenu,reste
SIM-04377,2026-12-01,non_retenu,parti
SIM-04378,2026-12-01,non_retenu,reste
SIM-04379,2026-12-01,non_retenu,reste
SIM-04380,2026-12-01,contact,parti
SIM-04381,2026-12-01,non_retenu,reste
SIM-04382,2026-12-01,non_retenu,reste
SIM-04383,2026-12-01,non_retenu,parti
SIM-04384,2026-12-01,non_retenu,reste
SIM-04385,2026-12-01,non_retenu,parti
SIM-04386,2026-12-01,non_retenu,parti
SIM-04387,2026-12-01,non_retenu,reste
SIM-04388,2026-12-01,non_retenu,reste
SIM-04389,2026-12-01,contact,reste
SIM-04390,2026-12-01,non_retenu,reste
SIM-04391,2026-12-01,non_retenu,parti
SIM-04392,2026-12-01,non_retenu,reste
SIM-04393,2026-12-01,non_retenu,reste
SIM-04394,2026-12-01,non_retenu,reste
SIM-04395,2026-12-01,non_retenu,reste
SIM-04396,2026-12-01,non_retenu,parti
SIM-04397,2026-12-01,non_retenu,reste
SIM-04398,2026-12-01,non_retenu,reste
SIM-04399,2026-12-01,non_retenu,reste
SIM-04400,2026-12-01,non_retenu,reste
SIM-04401,2026-12-01,non_retenu,reste
SIM-04402,2026-12-01,non_retenu,reste
SIM-04403,2026-12-01,non_retenu,reste
SIM-04404,2026-12-01,non_retenu,reste
SIM-04405,2026-12-01,non_retenu,reste
SIM-04406,2026-12-01,non_retenu,reste
SIM-04407,2026-12-01,non_retenu,reste
SIM-04408,2026-12-01,non_retenu,reste
SIM-04409,2026-12-01,non_retenu,parti
SIM-04410,2026-12-01,non_retenu,parti
SIM-04411,2026-12-01,non_retenu,reste
SIM-04412,2026-12-01,non_retenu,reste
SIM-04413,2026-12-01,non_retenu,reste
SIM-04414,2026-12-01,non_retenu,reste
SIM-04415,2026-12-01,non_retenu,parti
SIM-04416,2026-12-01,non_retenu,reste
SIM-04417,2026-12-01,non_retenu,reste
SIM-04418,2026-12-01,non_retenu,reste
SIM-04419,2026-12-01,non_retenu,parti
SIM-04420,2026-12-01,non_retenu,parti
SIM-04421,2026-12-01,non_retenu,reste
SIM-04422,2026-12-01,non_retenu,reste
SIM-04423,2026-12-01,non_retenu,reste
SIM-04424,2026-12-01,non_retenu,reste
SIM-04425,2026-12-01,non_retenu,reste
SIM-04426,2026-12-01,non_retenu,parti
SIM-04427,2026-12-01,non_retenu,reste
SIM-04428,2026-12-01,non_retenu,reste
SIM-04429,2026-12-01,non_retenu,reste
SIM-04430,2026-12-01,non_retenu,reste
SIM-04431,2026-12-01,non_retenu,reste
SIM-04432,2026-12-01,non_retenu,reste
SIM-04433,2026-12-01,non_retenu,reste
SIM-04434,2026-12-01,non_retenu,reste
SIM-04435,2026-12-01,non_retenu,parti
SIM-04436,2026-12-01,non_retenu,parti
SIM-04437,2026-12-01,non_retenu,parti
SIM-04438,2026-12-01,non_retenu,parti
SIM-04439,2026-12-01,non_retenu,parti
SIM-04440,2026-12-01,non_retenu,parti
SIM-04441,2026-12-01,non_retenu,reste
SIM-04442,2026-12-01,non_retenu,reste
SIM-04443,2026-12-01,non_retenu,parti
SIM-04444,2026-12-01,non_retenu,reste
SIM-04445,2026-12-01,non_retenu,reste
SIM-04446,2026-12-01,non_retenu,reste
SIM-04447,2026-12-01,non_retenu,reste
SIM-04448,2026-12-01,non_retenu,parti
SIM-04449,2026-12-01,non_retenu,reste
SIM-04450,2026-12-01,non_retenu,reste
SIM-04451,2026-12-01,non_retenu,parti
SIM-04452,2026-12-01,non_retenu,parti
SIM-04453,2026-12-01,non_retenu,reste
SIM-04454,2026-12-01,contact,parti
SIM-04455,2026-12-01,non_retenu,reste
SIM-04456,2026-12-01,non_retenu,reste
SIM-04457,2026-12-01,non_retenu,reste
SIM-04458,2026-12-01,non_retenu,reste
SIM-04459,2026-12-01,non_retenu,reste
SIM-04460,2026-12-01,non_retenu,reste
SIM-04461,2026-12-01,non_retenu,reste
SIM-04462,2026-12-01,non_retenu,reste
SIM-04463,2026-12-01,non_retenu,reste
SIM-04464,2026-12-01,non_retenu,reste
SIM-04465,2026-12-01,non_retenu,reste
SIM-04466,2026-12-01,non_retenu,reste
SIM-04467,2026-12-01,non_retenu,parti
SIM-04468,2026-12-01,non_retenu,parti
SIM-04469,2026-12-01,non_retenu,reste
SIM-04470,2026-12-01,non_retenu,reste
SIM-04471,2026-12-01,non_retenu,parti
SIM-04472,2026-12-01,non_retenu,reste
SIM-04473,2026-12-01,non_retenu,reste
SIM-04474,2026-12-01,non_retenu,reste
SIM-04475,2026-12-01,non_retenu,reste
SIM-04476,2026-12-01,non_retenu,reste
SIM-04477,2026-12-01,non_retenu,parti
SIM-04478,2026-12-01,non_retenu,reste
SIM-04479,2026-12-01,non_retenu,parti
SIM-04480,2026-12-01,non_retenu,reste
SIM-04481,2026-12-01,non_retenu,reste
SIM-04482,2026-12-01,non_retenu,reste
SIM-04483,2026-12-01,non_retenu,reste
SIM-04484,2026-12-01,non_retenu,parti
SIM-04485,2026-12-01,non_retenu,reste
SIM-04486,2026-12-01,non_retenu,reste
SIM-04487,2026-12-01,non_retenu,parti
SIM-04488,2026-12-01,non_retenu,parti
SIM-04489,2026-12-01,non_retenu,parti
SIM-04490,2026-12-01,contact,parti
SIM-04491,2026-12-01,non_retenu,reste
SIM-04492,2026-12-01,non_retenu,parti
SIM-04493,2026-12-01,non_retenu,reste
SIM-04494,2026-12-01,non_retenu,reste
SIM-04495,2026-12-01,non_retenu,reste
SIM-04496,2026-12-01,non_retenu,parti
SIM-04497,2026-12-01,non_retenu,reste
SIM-04498,2026-12-01,non_retenu,parti
SIM-04499,2026-12-01,non_retenu,parti
SIM-04500,2026-12-01,contact,parti
SIM-04501,2026-12-01,non_retenu,reste
SIM-04502,2026-12-01,non_retenu,reste
SIM-04503,2026-12-01,non_retenu,parti
SIM-04504,2026-12-01,non_retenu,parti
SIM-04505,2026-12-01,non_retenu,reste
SIM-04506,2026-12-01,non_retenu,reste
SIM-04507,2026-12-01,non_retenu,reste
SIM-04508,2026-12-01,non_retenu,parti
SIM-04509,2026-12-01,non_retenu,reste
SIM-04510,2026-12-01,non_retenu,reste
SIM-04511,2026-12-01,non_retenu,reste
SIM-04512,2026-12-01,contact,parti
SIM-04513,2026-12-01,non_retenu,reste
SIM-04514,2026-12-01,contact,parti
SIM-04515,2026-12-01,non_retenu,reste
SIM-04516,2026-12-01,non_retenu,reste
SIM-04517,2026-12-01,non_retenu,reste
SIM-04518,2026-12-01,non_retenu,reste
SIM-04519,2026-12-01,contact,parti
SIM-04520,2026-12-01,non_retenu,reste
SIM-04521,2026-12-01,non_retenu,reste
SIM-04522,2026-12-01,non_retenu,parti
SIM-04523,2026-12-01,non_retenu,reste
SIM-04524,2026-12-01,non_retenu,parti
SIM-04525,2026-12-01,non_retenu,reste
SIM-04526,2026-12-01,non_retenu,reste
SIM-04527,2026-12-01,non_retenu,reste
SIM-04528,2026-12-01,non_retenu,reste
SIM-04529,2026-12-01,non_retenu,reste
SIM-04530,2026-12-01,non_retenu,reste
SIM-04531,2026-12-01,non_retenu,reste
SIM-04532,2026-12-01,non_retenu,reste
SIM-04533,2026-12-01,non_retenu,reste
SIM-04534,2026-12-01,non_retenu,reste
SIM-04535,2026-12-01,non_retenu,reste
SIM-04536,2026-12-01,non_retenu,parti
SIM-04537,2026-12-01,non_retenu,reste
SIM-04538,2026-12-01,non_retenu,reste
SIM-04539,2026-12-01,non_retenu,reste
SIM-04540,2026-12-01,temoin,parti
SIM-04541,2026-12-01,non_retenu,reste
SIM-04542,2026-12-01,non_retenu,reste
SIM-04543,2026-12-01,non_retenu,parti
SIM-04544,2026-12-01,non_retenu,reste
SIM-04545,2026-12-01,non_retenu,reste
SIM-04546,2026-12-01,non_retenu,reste
SIM-04547,2026-12-01,non_retenu,reste
SIM-04548,2026-12-01,non_retenu,reste
SIM-04549,2026-12-01,non_retenu,parti
SIM-04550,2026-12-01,non_retenu,reste
SIM-04551,2026-12-01,non_retenu,reste
SIM-04552,2026-12-01,non_retenu,parti
SIM-04553,2026-12-01,non_retenu,parti
SIM-04554,2026-12-01,non_retenu,reste
SIM-04555,2026-12-01,non_retenu,reste
SIM-04556,2026-12-01,non_retenu,reste
SIM-04557,2026-12-01,non_retenu,reste
SIM-04558,2026-12-01,non_retenu,reste
SIM-04559,2026-12-01,non_retenu,reste
SIM-04560,2026-12-01,non_retenu,reste
SIM-04561,2026-12-01,non_retenu,parti
SIM-04562,2026-12-01,non_retenu,reste
SIM-04563,2026-12-01,non_retenu,parti
SIM-04564,2026-12-01,non_retenu,parti
SIM-04565,2026-12-01,non_retenu,reste
SIM-04566,2026-12-01,non_retenu,reste
SIM-04567,2026-12-01,contact,reste
SIM-04568,2026-12-01,non_retenu,reste
SIM-04569,2026-12-01,non_retenu,parti
SIM-04570,2026-12-01,non_retenu,reste
SIM-04571,2026-12-01,non_retenu,reste
SIM-04572,2026-12-01,non_retenu,reste
SIM-04573,2026-12-01,non_retenu,reste
SIM-04574,2026-12-01,non_retenu,reste
SIM-04575,2026-12-01,non_retenu,reste
SIM-04576,2026-12-01,non_retenu,reste
SIM-04577,2026-12-01,non_retenu,parti
SIM-04578,2026-12-01,non_retenu,reste
SIM-04579,2026-12-01,non_retenu,reste
SIM-04580,2026-12-01,non_retenu,reste
SIM-04581,2026-12-01,non_retenu,reste
SIM-04582,2026-12-01,non_retenu,reste
SIM-04583,2026-12-01,non_retenu,reste
SIM-04584,2026-12-01,non_retenu,reste
SIM-04585,2026-12-01,non_retenu,reste
SIM-04586,2026-12-01,non_retenu,reste
SIM-04587,2026-12-01,non_retenu,reste
SIM-04588,2026-12-01,non_retenu,parti
SIM-04589,2026-12-01,non_retenu,reste
SIM-04590,2026-12-01,non_retenu,parti
SIM-04591,2026-12-01,contact,parti
SIM-04592,2026-12-01,non_retenu,reste
SIM-04593,2026-12-01,non_retenu,parti
SIM-04594,2026-12-01,non_retenu,parti
SIM-04595,2026-12-01,non_retenu,reste
SIM-04596,2026-12-01,non_retenu,reste
SIM-04597,2026-12-01,non_retenu,reste
SIM-04598,2026-12-01,non_retenu,reste
SIM-04599,2026-12-01,non_retenu,reste
SIM-04600,2026-12-01,non_retenu,parti
SIM-04601,2026-12-01,non_retenu,reste
SIM-04602,2026-12-01,non_retenu,reste
SIM-04603,2026-12-01,non_retenu,reste
SIM-04604,2026-12-01,non_retenu,parti
SIM-04605,2026-12-01,non_retenu,reste
SIM-04606,2026-12-01,non_retenu,parti
SIM-04607,2026-12-01,non_retenu,reste
SIM-04608,2026-12-01,non_retenu,parti
SIM-04609,2026-12-01,non_retenu,parti
SIM-04610,2026-12-01,non_retenu,reste
SIM-04611,2026-12-01,non_retenu,reste
SIM-04612,2026-12-01,non_retenu,reste
SIM-04613,2026-12-01,non_retenu,reste
SIM-04614,2026-12-01,non_retenu,reste
SIM-04615,2026-12-01,non_retenu,reste
SIM-04616,2026-12-01,non_retenu,reste
SIM-04617,2026-12-01,non_retenu,reste
SIM-04618,2026-12-01,non_retenu,parti
SIM-04619,2026-12-01,non_retenu,reste
SIM-04620,2026-12-01,non_retenu,parti
SIM-04621,2026-12-01,non_retenu,reste
SIM-04622,2026-12-01,non_retenu,reste
SIM-04623,2026-12-01,non_retenu,parti
SIM-04624,2026-12-01,non_retenu,reste
SIM-04625,2026-12-01,non_retenu,parti
SIM-04626,2026-12-01,non_retenu,reste
SIM-04627,2026-12-01,non_retenu,parti
SIM-04628,2026-12-01,non_retenu,reste
SIM-04629,2026-12-01,non_retenu,parti
SIM-04630,2026-12-01,non_retenu,reste
SIM-04631,2026-12-01,non_retenu,parti
SIM-04632,2026-12-01,non_retenu,reste
SIM-04633,2026-12-01,non_retenu,parti
SIM-04634,2026-12-01,non_retenu,reste
SIM-04635,2026-12-01,non_retenu,reste
SIM-04636,2026-12-01,non_retenu,reste
SIM-04637,2026-12-01,non_retenu,parti
SIM-04638,2026-12-01,non_retenu,reste
SIM-04639,2026-12-01,non_retenu,reste
SIM-04640,2026-12-01,non_retenu,reste
SIM-04641,2026-12-01,non_retenu,reste
SIM-04642,2026-12-01,non_retenu,reste
SIM-04643,2026-12-01,non_retenu,reste
SIM-04644,2026-12-01,non_retenu,reste
SIM-04645,2026-12-01,non_retenu,reste
SIM-04646,2026-12-01,non_retenu,parti
SIM-04647,2026-12-01,non_retenu,reste
SIM-04648,2026-12-01,non_retenu,reste
SIM-04649,2026-12-01,non_retenu,reste
SIM-04650,2026-12-01,non_retenu,reste
SIM-04651,2026-12-01,non_retenu,reste
SIM-04652,2026-12-01,non_retenu,reste
SIM-04653,2026-12-01,non_retenu,reste
SIM-04654,2026-12-01,non_retenu,parti
SIM-04655,2026-12-01,non_retenu,reste
SIM-04656,2026-12-01,non_retenu,reste
SIM-04657,2026-12-01,non_retenu,parti
SIM-04658,2026-12-01,non_retenu,parti
SIM-04659,2026-12-01,non_retenu,parti
SIM-04660,2026-12-01,non_retenu,reste
SIM-04661,2026-12-01,non_retenu,reste
SIM-04662,2026-12-01,non_retenu,reste
SIM-04663,2026-12-01,non_retenu,reste
SIM-04664,2026-12-01,non_retenu,parti
SIM-04665,2026-12-01,non_retenu,reste
SIM-04666,2026-12-01,non_retenu,reste
SIM-04667,2026-12-01,non_retenu,reste
SIM-04668,2026-12-01,non_retenu,parti
SIM-04669,2026-12-01,non_retenu,reste
SIM-04670,2026-12-01,non_retenu,reste
SIM-04671,2026-12-01,non_retenu,reste
SIM-04672,2026-12-01,non_retenu,reste
SIM-04673,2026-12-01,non_retenu,parti
SIM-04674,2026-12-01,non_retenu,reste
SIM-04675,2026-12-01,non_retenu,reste
SIM-04676,2026-12-01,non_retenu,reste
SIM-04677,2026-12-01,non_retenu,reste
SIM-04678,2026-12-01,non_retenu,reste
SIM-04679,2026-12-01,non_retenu,reste
SIM-04680,2026-12-01,non_retenu,reste
SIM-04681,2026-12-01,non_retenu,reste
SIM-04682,2026-12-01,non_retenu,reste
SIM-04683,2026-12-01,non_retenu,reste
SIM-04684,2026-12-01,non_retenu,reste
SIM-04685,2026-12-01,non_retenu,reste
SIM-04686,2026-12-01,non_retenu,reste
SIM-04687,2026-12-01,non_retenu,reste
SIM-04688,2026-12-01,non_retenu,parti
SIM-04689,2026-12-01,contact,reste
SIM-04690,2026-12-01,non_retenu,reste
SIM-04691,2026-12-01,non_retenu,reste
SIM-04692,2026-12-01,non_retenu,parti
SIM-04693,2026-12-01,non_retenu,reste
SIM-04694,2026-12-01,non_retenu,reste
SIM-04695,2026-12-01,non_retenu,parti
SIM-04696,2026-12-01,non_retenu,parti
SIM-04697,2026-12-01,non_retenu,parti
SIM-04698,2026-12-01,non_retenu,reste
SIM-04699,2026-12-01,non_retenu,reste
SIM-04700,2026-12-01,non_retenu,reste
SIM-04701,2026-12-01,non_retenu,reste
SIM-04702,2026-12-01,non_retenu,reste
SIM-04703,2026-12-01,non_retenu,parti
SIM-04704,2026-12-01,non_retenu,reste
SIM-04705,2026-12-01,non_retenu,reste
SIM-04706,2026-12-01,non_retenu,reste
SIM-04707,2026-12-01,non_retenu,reste
SIM-04708,2026-12-01,non_retenu,reste
SIM-04709,2026-12-01,non_retenu,reste
SIM-04710,2026-12-01,non_retenu,reste
SIM-04711,2026-12-01,non_retenu,reste
SIM-04712,2026-12-01,non_retenu,parti
SIM-04713,2026-12-01,non_retenu,reste
SIM-04714,2026-12-01,non_retenu,reste
SIM-04715,2026-12-01,non_retenu,reste
SIM-04716,2026-12-01,non_retenu,reste
SIM-04717,2026-12-01,non_retenu,reste
SIM-04718,2026-12-01,non_retenu,reste
SIM-04719,2026-12-01,non_retenu,reste
SIM-04720,2026-12-01,non_retenu,reste
SIM-04721,2026-12-01,non_retenu,reste
SIM-04722,2026-12-01,non_retenu,reste
SIM-04723,2026-12-01,non_retenu,reste
SIM-04724,2026-12-01,non_retenu,parti
SIM-04725,2026-12-01,non_retenu,parti
SIM-04726,2026-12-01,non_retenu,parti
SIM-04727,2026-12-01,non_retenu,parti
SIM-04728,2026-12-01,non_retenu,parti
SIM-04729,2026-12-01,non_retenu,reste
SIM-04730,2026-12-01,non_retenu,parti
SIM-04731,2026-12-01,non_retenu,reste
SIM-04732,2026-12-01,non_retenu,reste
SIM-04733,2026-12-01,non_retenu,reste
SIM-04734,2026-12-01,non_retenu,parti
SIM-04735,2026-12-01,non_retenu,reste
SIM-04736,2026-12-01,non_retenu,parti
SIM-04737,2026-12-01,non_retenu,reste
SIM-04738,2026-12-01,non_retenu,reste
SIM-04739,2026-12-01,non_retenu,reste
SIM-04740,2026-12-01,non_retenu,reste
SIM-04741,2026-12-01,non_retenu,reste
SIM-04742,2026-12-01,non_retenu,reste
SIM-04743,2026-12-01,non_retenu,parti
SIM-04744,2026-12-01,non_retenu,reste
SIM-04745,2026-12-01,non_retenu,parti
SIM-04746,2026-12-01,non_retenu,reste
SIM-04747,2026-12-01,non_retenu,reste
SIM-04748,2026-12-01,non_retenu,parti
SIM-04749,2026-12-01,non_retenu,reste
SIM-04750,2026-12-01,non_retenu,reste
SIM-04751,2026-12-01,non_retenu,reste
SIM-04752,2026-12-01,non_retenu,parti
SIM-04753,2026-12-01,non_retenu,reste
SIM-04754,2026-12-01,non_retenu,parti
SIM-04755,2026-12-01,non_retenu,reste
SIM-04756,2026-12-01,non_retenu,reste
SIM-04757,2026-12-01,non_retenu,parti
SIM-04758,2026-12-01,non_retenu,reste
SIM-04759,2026-12-01,non_retenu,parti
SIM-04760,2026-12-01,non_retenu,reste
SIM-04761,2026-12-01,non_retenu,reste
SIM-04762,2026-12-01,non_retenu,reste
SIM-04763,2026-12-01,non_retenu,parti
SIM-04764,2026-12-01,non_retenu,reste
SIM-04765,2026-12-01,non_retenu,reste
SIM-04766,2026-12-01,non_retenu,parti
SIM-04767,2026-12-01,non_retenu,reste
SIM-04768,2026-12-01,non_retenu,parti
SIM-04769,2026-12-01,non_retenu,reste
SIM-04770,2026-12-01,non_retenu,reste
SIM-04771,2026-12-01,non_retenu,parti
SIM-04772,2026-12-01,non_retenu,parti
SIM-04773,2026-12-01,non_retenu,reste
SIM-04774,2026-12-01,non_retenu,reste
SIM-04775,2026-12-01,non_retenu,parti
SIM-04776,2026-12-01,non_retenu,parti
SIM-04777,2026-12-01,non_retenu,parti
SIM-04778,2026-12-01,non_retenu,reste
SIM-04779,2026-12-01,non_retenu,reste
SIM-04780,2026-12-01,non_retenu,reste
SIM-04781,2026-12-01,non_retenu,reste
SIM-04782,2026-12-01,non_retenu,reste
SIM-04783,2026-12-01,non_retenu,reste
SIM-04784,2026-12-01,non_retenu,reste
SIM-04785,2026-12-01,non_retenu,reste
SIM-04786,2026-12-01,non_retenu,reste
SIM-04787,2026-12-01,non_retenu,reste
SIM-04788,2026-12-01,non_retenu,reste
SIM-04789,2026-12-01,non_retenu,reste
SIM-04790,2026-12-01,non_retenu,parti
SIM-04791,2026-12-01,non_retenu,reste
SIM-04792,2026-12-01,non_retenu,reste
SIM-04793,2026-12-01,non_retenu,reste
SIM-04794,2026-12-01,non_retenu,reste
SIM-04795,2026-12-01,non_retenu,reste
SIM-04796,2026-12-01,non_retenu,parti
SIM-04797,2026-12-01,non_retenu,parti
SIM-04798,2026-12-01,non_retenu,reste
SIM-04799,2026-12-01,non_retenu,reste
SIM-04800,2026-12-01,non_retenu,parti
SIM-04801,2026-12-01,non_retenu,reste
SIM-04802,2026-12-01,non_retenu,reste
SIM-04803,2026-12-01,non_retenu,reste
SIM-04804,2026-12-01,non_retenu,reste
SIM-04805,2026-12-01,non_retenu,parti
SIM-04806,2026-12-01,non_retenu,reste
SIM-04807,2026-12-01,non_retenu,reste
SIM-04808,2026-12-01,non_retenu,reste
SIM-04809,2026-12-01,non_retenu,reste
SIM-04810,2026-12-01,non_retenu,parti
SIM-04811,2026-12-01,non_retenu,parti
SIM-04812,2026-12-01,non_retenu,reste
SIM-04813,2026-12-01,non_retenu,reste
SIM-04814,2026-12-01,non_retenu,reste
SIM-04815,2026-12-01,non_retenu,parti
SIM-04816,2026-12-01,non_retenu,reste
SIM-04817,2026-12-01,non_retenu,reste
SIM-04818,2026-12-01,non_retenu,reste
SIM-04819,2026-12-01,non_retenu,parti
SIM-04820,2026-12-01,non_retenu,reste
SIM-04821,2026-12-01,non_retenu,reste
SIM-04822,2026-12-01,non_retenu,reste
SIM-04823,2026-12-01,non_retenu,reste
SIM-04824,2026-12-01,non_retenu,reste
SIM-04825,2026-12-01,non_retenu,reste
SIM-04826,2026-12-01,non_retenu,reste
SIM-04827,2026-12-01,non_retenu,parti
SIM-04828,2026-12-01,non_retenu,reste
SIM-04829,2026-12-01,non_retenu,reste
SIM-04830,2026-12-01,non_retenu,reste
SIM-04831,2026-12-01,non_retenu,parti
SIM-04832,2026-12-01,non_retenu,parti
SIM-04833,2026-12-01,non_retenu,reste
SIM-04834,2026-12-01,non_retenu,reste
SIM-04835,2026-12-01,non_retenu,parti
SIM-04836,2026-12-01,non_retenu,reste
SIM-04837,2026-12-01,non_retenu,parti
SIM-04838,2026-12-01,non_retenu,reste
SIM-04839,2026-12-01,non_retenu,parti
SIM-04840,2026-12-01,non_retenu,reste
SIM-04841,2026-12-01,non_retenu,reste
SIM-04842,2026-12-01,contact,reste
SIM-04843,2026-12-01,non_retenu,parti
SIM-04844,2026-12-01,non_retenu,reste
SIM-04845,2026-12-01,non_retenu,reste
SIM-04846,2026-12-01,non_retenu,parti
SIM-04847,2026-12-01,non_retenu,reste
SIM-04848,2026-12-01,non_retenu,reste
SIM-04849,2026-12-01,non_retenu,reste
SIM-04850,2026-12-01,non_retenu,reste
SIM-04851,2026-12-01,non_retenu,reste
SIM-04852,2026-12-01,non_retenu,reste
SIM-04853,2026-12-01,non_retenu,parti
SIM-04854,2026-12-01,non_retenu,reste
SIM-04855,2026-12-01,non_retenu,reste
SIM-04856,2026-12-01,non_retenu,parti
SIM-04857,2026-12-01,contact,reste
SIM-04858,2026-12-01,non_retenu,reste
SIM-04859,2026-12-01,non_retenu,parti
SIM-04860,2026-12-01,non_retenu,reste
SIM-04861,2026-12-01,non_retenu,reste
SIM-04862,2026-12-01,non_retenu,reste
SIM-04863,2026-12-01,non_retenu,parti
SIM-04864,2026-12-01,non_retenu,reste
SIM-04865,2026-12-01,non_retenu,reste
SIM-04866,2026-12-01,non_retenu,reste
SIM-04867,2026-12-01,non_retenu,reste
SIM-04868,2026-12-01,non_retenu,parti
SIM-04869,2026-12-01,non_retenu,parti
SIM-04870,2026-12-01,non_retenu,parti
SIM-04871,2026-12-01,non_retenu,reste
SIM-04872,2026-12-01,non_retenu,reste
SIM-04873,2026-12-01,non_retenu,parti
SIM-04874,2026-12-01,non_retenu,parti
SIM-04875,2026-12-01,non_retenu,reste
SIM-04876,2026-12-01,non_retenu,reste
SIM-04877,2026-12-01,non_retenu,reste
SIM-04878,2026-12-01,non_retenu,reste
SIM-04879,2026-12-01,non_retenu,parti
SIM-04880,2026-12-01,non_retenu,reste
SIM-04881,2026-12-01,non_retenu,reste
SIM-04882,2026-12-01,non_retenu,reste
SIM-04883,2026-12-01,non_retenu,reste
SIM-04884,2026-12-01,contact,reste
SIM-04885,2026-12-01,non_retenu,reste
SIM-04886,2026-12-01,non_retenu,parti
SIM-04887,2026-12-01,non_retenu,reste
SIM-04888,2026-12-01,non_retenu,reste
SIM-04889,2026-12-01,non_retenu,reste
SIM-04890,2026-12-01,non_retenu,reste
SIM-04891,2026-12-01,non_retenu,parti
SIM-04892,2026-12-01,non_retenu,parti
SIM-04893,2026-12-01,non_retenu,reste
SIM-04894,2026-12-01,non_retenu,reste
SIM-04895,2026-12-01,non_retenu,parti
SIM-04896,2026-12-01,non_retenu,reste
SIM-04897,2026-12-01,non_retenu,reste
SIM-04898,2026-12-01,non_retenu,reste
SIM-04899,2026-12-01,non_retenu,reste
SIM-04900,2026-12-01,non_retenu,reste
SIM-04901,2026-12-01,non_retenu,parti
SIM-04902,2026-12-01,non_retenu,parti
SIM-04903,2026-12-01,non_retenu,reste
SIM-04904,2026-12-01,non_retenu,reste
SIM-04905,2026-12-01,non_retenu,reste
SIM-04906,2026-12-01,non_retenu,reste
SIM-04907,2026-12-01,non_retenu,reste
SIM-04908,2026-12-01,non_retenu,parti
SIM-04909,2026-12-01,non_retenu,reste
SIM-04910,2026-12-01,non_retenu,parti
SIM-04911,2026-12-01,non_retenu,parti
SIM-04912,2026-12-01,non_retenu,reste
SIM-04913,2026-12-01,non_retenu,reste
SIM-04914,2026-12-01,non_retenu,parti
SIM-04915,2026-12-01,non_retenu,reste
SIM-04916,2026-12-01,non_retenu,reste
SIM-04917,2026-12-01,non_retenu,parti
SIM-04918,2026-12-01,non_retenu,reste
SIM-04919,2026-12-01,non_retenu,reste
SIM-04920,2026-12-01,non_retenu,reste
SIM-04921,2026-12-01,non_retenu,reste
SIM-04922,2026-12-01,non_retenu,parti
SIM-04923,2026-12-01,non_retenu,reste
SIM-04924,2026-12-01,non_retenu,reste
SIM-04925,2026-12-01,non_retenu,reste
SIM-04926,2026-12-01,non_retenu,reste
SIM-04927,2026-12-01,non_retenu,reste
SIM-04928,2026-12-01,non_retenu,parti
SIM-04929,2026-12-01,non_retenu,reste
SIM-04930,2026-12-01,non_retenu,reste
SIM-04931,2026-12-01,non_retenu,reste
SIM-04932,2026-12-01,non_retenu,parti
SIM-04933,2026-12-01,non_retenu,parti
SIM-04934,2026-12-01,non_retenu,reste
SIM-04935,2026-12-01,non_retenu,reste
SIM-04936,2026-12-01,non_retenu,reste
SIM-04937,2026-12-01,non_retenu,reste
SIM-04938,2026-12-01,non_retenu,parti
SIM-04939,2026-12-01,non_retenu,reste
SIM-04940,2026-12-01,non_retenu,reste
SIM-04941,2026-12-01,non_retenu,parti
SIM-04942,2026-12-01,non_retenu,reste
SIM-04943,2026-12-01,non_retenu,reste
SIM-04944,2026-12-01,non_retenu,reste
SIM-04945,2026-12-01,non_retenu,parti
SIM-04946,2026-12-01,non_retenu,reste
SIM-04947,2026-12-01,non_retenu,reste
SIM-04948,2026-12-01,non_retenu,reste
SIM-04949,2026-12-01,non_retenu,reste
SIM-04950,2026-12-01,contact,reste
SIM-04951,2026-12-01,non_retenu,reste
SIM-04952,2026-12-01,non_retenu,parti
SIM-04953,2026-12-01,non_retenu,parti
SIM-04954,2026-12-01,non_retenu,reste
SIM-04955,2026-12-01,non_retenu,reste
SIM-04956,2026-12-01,non_retenu,parti
SIM-04957,2026-12-01,non_retenu,parti
SIM-04958,2026-12-01,non_retenu,reste
SIM-04959,2026-12-01,non_retenu,parti
SIM-04960,2026-12-01,non_retenu,parti
SIM-04961,2026-12-01,non_retenu,reste
SIM-04962,2026-12-01,non_retenu,parti
SIM-04963,2026-12-01,non_retenu,reste
SIM-04964,2026-12-01,non_retenu,reste
