client_id,date_souscription,jour_souscription,secteur,pays,taille_entreprise,plan,anciennete_mois,sieges_souscrits,utilisateurs_actifs,taux_adoption_pct,connexions_30j,heures_usage_30j,fonctionnalites_total,fonctionnalites_utilisees,nb_integrations,derniere_connexion_jours,tickets_support_90j,delai_reponse_support_h,csat,retards_paiement_12m,revenu_mensuel_recurrent_eur,couleur_theme_interface,code_datacenter,groupe_experimentation,commentaire_csm,valeur_vie_client_eur
CLI-004593,02/12/2023,samedi,Industrie,Suisse, TPE ,PRO,14,4,1,"25,0",1,0.2,16,0,1,30,1,,2,0,98.14,bleu,eu-w1,control,"Client insatisfait, risque de départ.",1690
CLI-003145,12/10/2024,samedi, Tech ,France,PME,pro,4,56,8,14.3,1,0.1,16,4,,5,0,10.4,4,3,"1202,55",sombre,ap-s1,A,,17750
CLI-002921,2023-11-17,vendredi,Public,Allemagne,PME,Business,15,47,30,63.8,33,"24,4",26,12,4,1,0,7.0,4,0,2255.86,clair,us-e1,B,,31447
CLI-000847,2024-12-30,lundi,Tech,Belgique,ETI,BUSINESS,1,143,0,0.0,0,0.0,26,0,0,30,3,6.6,3,2,6605.34,sombre,us-e1,A,Faible adoption des sièges.,173324
CLI-000228,2024-04-07,dimanche,PUBLIC,France,GE,Enterprise,10,766,306,39.9,1,0.1,40,17,1,3,0,"5,4",5,1,63785.75,vert,us-e1,A,Suivi standard.,784565
CLI-000782,2024-08-07,mercredi, Tech ,France,GE,enterprise,6,135,24,17.8,3,"1,5",40,12,1,8,5,5.3,3,1,8656.72,clair,ap-s1,control,Faible adoption des sièges.,56788
CLI-000970,2024-05-02,jeudi,commerce,Canada,PME,PRO,9,55,5,"9,1",1,"0,1",16,6,2,10,3,9.0,3,0,"1565,81",bleu,ap-s1,B,Faible adoption des sièges.,34667
CLI-004120,29/05/2024,mercredi,TECH,Belgique, ETI ,Business,8,100,54,54.0,6,"2,8",26,9,4,5,6,8.2 h,3,2,5380.23 €,violet,eu-w3,control,,233825
CLI-001369,16 Aug 2023,mercredi,Commerce,France,TPE, Business ,18,8,8,100.0,119,85.2,26,13,3,3,4,12.1 h,2,0,"382,43",sombre,eu-w3,A,,9721
CLI-002764,31/12/2024,mardi, Tech ,France,pme,Business,1,12,7,"58,3",5,3.1,26,7,0,4,3,"8,3",,2,559.71 €,bleu,eu-w3,A,,6425
CLI-000236,2023-11-04,samedi,ÉDUCATION,Suisse,tpe,pro,15,9,7,"77,8",53,"37,0",16,8,6,1,0,9.1 h,4,0,"210,36",vert,us-e1,A,,5002
CLI-000261,08 Sep 2023,vendredi,TECH,France,TPE,Starter,17,10,3,30.0,4,"0,6",8,1,3,3,1,23.0,4,0,140.3,violet,us-e1,B,Client très satisfait et actif.,4027
CLI-003239,04/11/2024,lundi,Commerce,France,PME,Pro,3,36,8,"22,2",4,2.1,16,5,0,3,0,10.4,4,2,,vert,eu-w3,control,Déploiement interne limité.,13517
CLI-002869,07 Sep 2023,jeudi,commerce,France,TPE,business,17,2,2,100.0,43,8.5,26,16,3,1,1,6.1,3,0,94.38,violet,eu-w3,control,,2941
CLI-004392,10 Jan 2025,vendredi,Industrie,France,TPE,Starter,1,2,1,50.0,1,"0,1",8,1,1,1,11,39.1,,2,"23,38",sombre,eu-w1,A,,300
CLI-002113,15 May 2024,mercredi,Commerce,Canada,pme,Pro,9,30,26,86.7%,81,"7,2",16,9,1,1,2,"11,3",5,1,"843,55",clair,ap-s1,control,Compte dans la moyenne.,13834
CLI-002329,01 Jun 2024,samedi,Santé,Espagne,GE,ENTERPRISE,8,412,259,62.9,33,20.3,40,21,2,1,5,3.8 h,3,0,31405.82,clair,ap-s1,B,,309033
CLI-000305,06/10/2024,dimanche,COMMERCE,France,TPE,starter,4,8,5,"62,5",34,13.9,8,4,0,2,3,28.7,2,2,93.59,clair,eu-w1,control,,767
CLI-002543,28/01/2024,dimanche, Commerce ,Belgique, PME ,Business,12,26,13,50.0,29,10.0,26,8,4,3,1,4.6,5,0,1112.64 €,clair,ap-s1,control,"Compte engagé, ambassadeur potentiel.",17335
CLI-003431,01 Sep 2024,dimanche, Industrie ,Suisse,TPE,PRO,5,9,1,11.1,1,0.3,16,0,0,6,2,10.0 h,4,0,"234,58",violet,eu-w3,A,Déploiement interne limité.,3270
CLI-000676,2023-12-02,samedi,finance,Suisse,ETI,business,14,205,25,12.2%,2,0.1,26,7,7,3,2,10.5 h,1,0,9488.27 €,clair,eu-w1,A,,202290
CLI-004211,02/01/2024,mardi,Santé,Suisse,tpe,STARTER,13,5,2,40.0%,18,6.3,8,1,2,1,0,12.2,5,0,"64,15",vert,eu-w1,A,,2472
CLI-003394,2025-01-03,vendredi,Tech,Allemagne,ETI,Business,1,106,51,"48,1",30,27.1,26,9,0,0,2,7.5,4,3,4752.64,bleu,eu-w1,control,RAS.,124709
CLI-000854,06/03/2023,lundi, Santé ,Allemagne,TPE,Starter,23,4,1,25.0,1,0.1,8,0,11,4,4,"26,7",,0,"40,34",bleu,ap-s1,control,,300
CLI-003687,11 Feb 2024,dimanche,Éducation,Allemagne, PME ,Pro,12,40,27,67.5,35,23.2,16,7,5,0,0,5.4,5,0,"760,76",sombre,eu-w1,B,"Compte engagé, ambassadeur potentiel.",4991
CLI-003033,31 Jan 2024,mercredi,,France,TPE,Pro,12,8,5,62.5,28,7.7,16,4,4,0,5,9.6 h,3,0,"222,68",bleu,us-e1,control,RAS.,2922
CLI-003540,2023-09-01,vendredi,Commerce,Belgique,ETI,Business,17,32,17,53.1,8,"2,9",26,5,2,6,0,0.5,5,,1564.33,clair,eu-w3,B,,19241
CLI-003877,2024-12-25,mercredi,Éducation,Espagne,TPE,pro,1,8,1,12.5,1,0.2,16,2,0,2,2,8.5,4,2,150.85 €,clair,eu-w3,A,,495
CLI-001695,06 Jul 2023,jeudi, Commerce ,Espagne,PME,starter,19,10,4,"40,0",18,"1,8",8,2,4,5,3,27.9,2,0,134.17,violet,eu-w3,A,,1430
CLI-002671,07 May 2023,dimanche,Public,France,pme,Pro,21,8,5,62.5%,39,"14,0",16,9,1,1,2,12.6 h,4,0,182.69,bleu,eu-w3,A,,4494
CLI-004258,05/12/2022,lundi,PUBLIC,France,TPE, Pro ,26,1,1,100.0,55,"28,6",16,6,6,0,4,13.5,3,0,"26,19",bleu,ap-s1,B,,472
CLI-000319,01/01/2025,mercredi, Commerce ,Suisse,ETI,BUSINESS,1,67,34,50.7%,15,"5,1",26,10,,0,0,1.7,4,4,"2655,94",violet,eu-w1,control,Compte dans la moyenne.,26134
CLI-003202,28/12/2024,samedi,Tech,France,PME,Pro,1,16,13,81.2,30,"24,3",16,10,0,2,2,,,0,"395,76",clair,ap-s1,A,Suivi standard.,10060
CLI-002011,2023-09-30,samedi,,Canada, PME ,Enterprise,16,43,25,,1,0.1,40,14,4,1,3,4.8,4,0,2748.86,vert,eu-w3,A,,29303
CLI-001408,2024-08-26,lundi,Public,Belgique,TPE,Pro,5,4,2,50.0,23,"10,9",16,4,0,3,7,12.2,3,1,96.95,vert,eu-w1,control,"Multiples tickets ouverts, friction élevée.",1033
CLI-002478,14/04/2024,dimanche, Santé ,France,TPE,Pro,10,6,4,66.7,32,12.2,16,9,2,0,0,8.4,5,0,140.12,bleu,ap-s1,control,,2183
SIM-00001,2024-05-31,vendredi,SANTÉ,Suisse,GE,ENTERPRISE,8,397,54,"13,6",1,0.1,40,6,0,1,1,"1,3",4,0,28454.81,clair,ap-s1,A,,139998
SIM-00002,10/07/2024,mercredi,Tech,France,ETI,Business,7,172,22,12.8%,1,0.2,26,6,0,25,0,6.4,3,1,6139.83,violet,eu-w3,A,Déploiement interne limité.,45312
SIM-00003,2024-06-11,mardi,Commerce,,TPE,Pro,8,3,2,66.7,47,10.8,16,7,1,0,2,13.8,3,,75.08 €,bleu,ap-s1,A,RAS.,923
SIM-00004,20 Jul 2023,jeudi,Industrie,France,TPE,Starter,19,6,4,66.7,27,8.6,8,4,3,1,4,34.4,2,0,88.12,bleu,eu-w3,B,Mécontentement exprimé au support.,2601
SIM-00005,07 Jan 2025,mardi,Commerce,France,tpe, Starter ,1,3,2,66.7%,18,4.7,8,4,0,1,6,,2,1,34.92,clair,us-e1,control,,630
SIM-00006,04/04/2024,jeudi,Industrie,Belgique,ETI, Business ,10,116,57,49.1,16,"6,1",26,8,1,1,6,5.8,4,1,5756.1,clair,eu-w1,B,,127440
SIM-00007,26 Dec 2024,jeudi,Tech,Allemagne,PME,STARTER,1,45,19,42.2%,4,1.7,8,4,0,13,0,11.8,5,5,"453,77",violet,eu-w1,control,RAS.,2977
SIM-00008,2024-07-11,jeudi,Finance,Belgique,pme,Pro,7,18,7,"38,9",11,0.6,16,6,2,5,0,4.2,4,2,502.92,violet,eu-w3,A,,15671
SIM-00009,2024-04-10,mercredi,Tech,Belgique,PME,Pro,10,48,37,"77,1",53,"43,5",16,7,,1,3,13.5,3,0,"1345,91",clair,eu-w1,B,RAS.,37524
SIM-00010,2024-06-06,jeudi,industrie,France,PME,BUSINESS,8,57,23,,3,"1,0",26,1,2,20,1,7.5,4,2,2412.47,clair,us-e1,B,,39565
SIM-00011,14/02/2024,mercredi,Tech,France,TPE,Starter,12,6,4,66.7,28,8.8,8,3,1,1,3,32.8,2,0,67.36,vert,eu-w3,B,Mécontentement exprimé au support.,552
SIM-00012,2024-07-02,mardi,Commerce,Canada,ETI,Starter,7,81,10,12.3,1,0.1,8,2,1,9,3,37.2,2,1,817.38,clair,us-e1,control,Mécontentement exprimé au support.,9384
SIM-00013,30 May 2024,jeudi,Tech,Espagne,GE,Business,8,804,0,0.0%,0,"0,0",26,0,0,39,5,"7,1",2,1,32673.43 €,bleu,eu-w1,control,"Client insatisfait, risque de départ.",1339611
SIM-00014,03/07/2023,lundi,Public,Belgique,TPE,Starter,19,5,3,60.0,18,11.1,8,3,2,1,5,"41,4",3,0,,violet,eu-w3,control,Suivi standard.,429
SIM-00015,30/03/2024,samedi,,Espagne,ETI,Enterprise,10,131,65,49.6,13,5.4,40,10,2,4,5,2.2,1,0,11420.38,clair,ap-s1,control,Mécontentement exprimé au support.,159200
SIM-00016,01 Dec 2023,vendredi,Public,France,ETI,PRO,14,218,155,71.1,37,15.1,16,5,4,1,0,"7,3",,0,4482.77,bleu,eu-w3,A,,36759
SIM-00017,2023-09-18,lundi,Tech,France,eti,BUSINESS,17,40,34,85.0,76,"38,8",26,16,2,4,1,4.8,4,0,2021.07,sombre,eu-w3,A,,14915
SIM-00018,13/04/2024,samedi,Tech,Espagne,PME,Pro,10,18,6,"33,3",1,"0,3",16,5,1,0,2,11.0,4,0,397.26,clair,eu-w3,control,,7167
SIM-00019,13 Jan 2024,samedi,Public,France,pme,enterprise,13,37,10,27.0,1,0.7,40,17,4,30,1,0.5 h,3,0,2195.4 €,vert,eu-w3,control,Suivi standard.,19803
SIM-00020,2022-10-13,jeudi, Éducation ,France,tpe,PRO,28,1,1,"100,0",103,55.7,16,7,4,2,0,0.5,5,0,"33,27",vert,ap-s1,B,Client très satisfait et actif.,1064
SIM-00021,10 Jul 2024,mercredi,,Suisse,tpe, Pro ,7,10,7,70.0,33,14.4,16,5,0,0,0,5.6,5,0,,bleu,us-e1,B,,3063
SIM-00022,12/09/2023,mardi, Tech ,France,TPE, Starter ,17,1,1,"100,0",59,10.5,8,3,5,0,1,,4,0,12.41,violet,ap-s1,control,"Compte engagé, ambassadeur potentiel.",300
SIM-00023,2024-10-12,samedi,Éducation,Belgique, PME ,ENTERPRISE,4,14,0,0.0%,0,"0,0",40,0,0,68,3,1.2,2,0,907.73,clair,ap-s1,B,Usage en forte baisse ce trimestre.,15631
SIM-00024,2024-12-31,mardi,Finance,France,TPE,Pro,1,8,5,"62,5",31,19.4,16,8,,1,3,10.7 h,5,0,214.69,clair,eu-w3,control,,5633
SIM-00025,29 Dec 2024,dimanche, Commerce ,Espagne,PME,Starter,1,14,8,57.1,24,14.2,8,5,0,0,2,"27,4",3,1,153.16,vert,ap-s1,A,,1005
SIM-00026,2024-07-11,jeudi, Tech ,Suisse,TPE,Starter,7,4,2,"50,0",19,13.4,8,2,2,6,3,"27,2",,2,40.33,sombre,ap-s1,A,Suivi standard.,331
SIM-00027,2023-12-11,lundi,Finance,Allemagne,ETI, Business ,14,179,111,62.0%,29,"9,1",26,13,0,1,0,9.8,4,0,8902.98,vert,ap-s1,A,,153309
SIM-00028,25 Aug 2024,dimanche,éducation,France,GE,enterprise,5,458,95,20.7,2,0.2,40,17,2,1,2,0.5,5,0,37304.99 €,vert,ap-s1,B,Déploiement interne limité.,397671
SIM-00029,16/11/2022,mercredi,Tech,Canada,PME,Pro,27,29,17,"58,6",15,2.1,16,6,6,2,0,"7,1",4,0,"692,92",violet,eu-w3,control,"Compte engagé, ambassadeur potentiel.",9091
SIM-00030,19 Aug 2023,samedi,Tech,France,tpe, Starter ,18,1,0,0.0%,0,0.0,8,0,0,46,0,25.0,4,0,12.41,sombre,eu-w1,control,,723
SIM-00031,2022-10-13,jeudi, Éducation ,France,tpe,PRO,28,1,1,"100,0",103,55.7,16,7,4,2,0,0.5,5,0,"33,27",vert,ap-s1,B,Client très satisfait et actif.,1064
SIM-00032,08/06/2024,samedi,Industrie,France,pme, Business ,8,37,14,37.8,3,"1,6",26,5,2,2,7,6.7,2,0,1566.34,sombre,eu-w3,control,,37248
SIM-00033,07 Jan 2025,mardi,éducation,,GE,ENTERPRISE,1,158,0,"0,0",0,0.0,40,0,0,30,2,1.9,2,2,"10648,88",clair,us-e1,control,Mécontentement exprimé au support.,104785
SIM-00034,29 Mar 2024,vendredi, Commerce ,France,TPE,ENTERPRISE,10,9,5,55.6,25,1.2,40,27,4,0,3,4.4,3,0,"632,69",clair,eu-w3,control,,4669
SIM-00035,01 Jan 2025,mercredi,Éducation,France, PME ,Pro,1,51,40,78.4%,67,"29,7",16,9,0,0,1,13.4,3,4,1215.33,bleu,ap-s1,A,,7973
SIM-00036,23/12/2024,lundi, Tech ,France,PME, Pro ,1,10,8,80.0,57,"29,4",16,7,0,0,2,12.3,,2,274.0,clair,us-e1,A,Suivi standard.,4044
SIM-00037,12/05/2024,dimanche,Tech,France, TPE ,Pro,9,9,1,11.1%,1,"0,2",16,3,1,18,0,0.5,5,0,179.91,clair,ap-s1,control,,1623
SIM-00038,2023-09-06,mercredi,Public,Canada,ETI,business,17,140,71,50.7,22,"7,1",26,7,4,1,8,9.4,1,0,6590.84,bleu,eu-w3,control,"Client insatisfait, risque de départ.",237798
SIM-00039,2024-02-01,jeudi,Tech,Allemagne,TPE,Pro,12,10,4,40.0%,12,"5,1",16,1,4,2,0,,5,0,231.68,bleu,ap-s1,A,Client très satisfait et actif.,6269
SIM-00040,28/05/2024,mardi,Finance,Suisse,PME,Starter,8,57,27,47.4,10,"2,5",8,5,0,1,3,24.2,3,0,723.14,clair,us-e1,A,,30242
SIM-00041,04/03/2024,lundi,Santé,France,PME,Enterprise,11,15,4,26.7,7,"1,5",40,11,5,19,0,2.7,4,0,1327.41,sombre,ap-s1,A,Suivi standard.,28300
SIM-00042,28/01/2024,dimanche,Santé,France,PME,Pro,12,45,24,53.3,1,0.5,16,4,2,9,12,23.0,2,0,909.24,bleu,eu-w1,control,,8947
SIM-00043,01 Sep 2023,vendredi,Santé,Allemagne, TPE ,Pro,17,7,2,28.6,5,1.5,16,1,3,3,2,8.5,4,0,149.87,violet,us-e1,control,,3564
SIM-00044,07 Apr 2024,dimanche, Finance ,France, PME , Business ,10,10,7,"70,0",20,13.1,26,6,4,1,1,5.2,4,0,437.35,clair,us-e1,B,Client très satisfait et actif.,8248
SIM-00045,12/02/2023,dimanche,Commerce,Belgique, TPE ,Starter,24,2,1,50.0,26,9.1,8,3,7,1,6,21.0,4,0,27.48,clair,eu-w1,A,Client très satisfait et actif.,1915
SIM-00046,2024-10-09,mercredi,PUBLIC,France,PME,Pro,4,26,10,38.5%,5,"0,9",16,5,0,15,1,14.5,5,2,"571,87",bleu,ap-s1,B,,7503
SIM-00047,13 Mar 2023,lundi, Santé ,Espagne,ETI,ENTERPRISE,23,194,74,38.1,1,"0,2",40,18,9,4,0,"3,8",4,0,18865.05,vert,eu-w3,B,Client très satisfait et actif.,448611
SIM-00048,2023-01-05,jeudi,Public,Suisse,PME,PRO,25,16,5,31.2,13,6.0,16,5,,4,1,12.8,4,0,378.58,sombre,ap-s1,A,,11176
SIM-00049,2024-12-05,jeudi,Commerce,Canada,PME,Pro,2,15,6,40.0,4,"0,7",16,4,0,9,0,7.4,5,2,"373,49",bleu,eu-w1,A,,1531
SIM-00050,2024-05-30,jeudi,COMMERCE,Belgique,tpe,Starter,8,8,4,50.0,17,7.3,8,3,1,2,0,13.2,5,2,106.03 €,sombre,eu-w3,A,RAS.,1565
SIM-00051,05 Jun 2024,mercredi,COMMERCE,Espagne,PME,Business,8,17,11,64.7,29,13.0,26,11,0,0,0,3.3,5,,,sombre,eu-w1,control,,28866
SIM-00052,13/04/2024,samedi, Tech ,Canada,PME, Pro ,10,8,4,50.0,22,1.9,16,5,2,0,3,18.6 h,3,0,188.59,clair,us-e1,A,,10516
SIM-00053,17/03/2023,vendredi,Finance,France,ETI,Business,23,77,29,"37,7",1,0.8,26,5,6,1,4,10.6,1,0,3482.96 €,vert,eu-w3,B,,57121
SIM-00054,15/11/2023,mercredi,Tech,,PME,Pro,15,15,0,0.0,0,0.0,16,0,0,46,5,14.9,1,0,336.74,violet,eu-w3,B,"Client insatisfait, risque de départ.",10769
SIM-00055,13/02/2024,mardi,Finance,France,TPE,Starter,12,11,2,18.2,1,0.4,8,2,6,11,3,22.2,4,0,158.82,violet,eu-w1,control,,3386
SIM-00056,02 Jun 2024,dimanche,Finance,France,PME,ENTERPRISE,8,31,3,9.7,1,"0,5",40,1,1,9,10,5.1,3,0,"2269,46",sombre,eu-w1,control,,13027
SIM-00057,10 May 2024,vendredi,Tech,Canada,PME,Enterprise,9,58,53,"91,4",90,"68,8",40,25,0,2,11,2.7,3,0,5701.5,clair,eu-w1,B,,561028
SIM-00058,06/12/2023,mercredi,Finance,France,PME,Business,14,33,25,75.8%,43,"30,1",26,13,3,2,1,2.2 h,5,1,1673.99 €,violet,us-e1,B,,61770
SIM-00059,31 Aug 2024,samedi,Éducation,France,TPE,Starter,5,9,8,88.9,76,30.0,8,6,2,1,1,27.0,3,3,118.27 €,vert,eu-w1,control,RAS.,2328
SIM-00060,07 Jan 2024,dimanche,Industrie,France,ETI,BUSINESS,13,216,85,39.4%,4,0.2,26,8,0,9,4,9.9,2,0,"9121,49",bleu,eu-w1,A,Mécontentement exprimé au support.,67317
SIM-00061,28/06/2024,vendredi,PUBLIC,France, PME ,Pro,7,44,21,47.7,3,1.3,16,6,1,2,6,"16,8",1,,"1070,54",clair,us-e1,B,"Client insatisfait, risque de départ.",9656
SIM-00062,24 Dec 2024,mardi,COMMERCE,Belgique,eti,Business,1,187,115,"61,5",27,11.1,26,2,0,0,0,3.7,5,0,9184.37 €,clair,ap-s1,B,,331372
SIM-00063,10/04/2024,mercredi, Tech ,Allemagne,pme, Pro ,10,33,25,75.8,36,23.3,16,6,5,0,1,11.4,4,2,"746,19",vert,eu-w3,B,"Compte engagé, ambassadeur potentiel.",17133
SIM-00064,30 Dec 2023,samedi,FINANCE,France,PME,business,13,53,7,13.2,1,"0,1",26,2,3,23,1,6.6,1,0,2185.58,violet,eu-w1,B,,28675
SIM-00065,10/04/2024,mercredi,Industrie,Suisse,TPE,Pro,10,2,1,50.0,3,0.2,16,5,3,8,6,14.2,2,1,37.67,violet,eu-w1,B,,340
SIM-00066,10 Oct 2023,mardi,Tech,France, PME ,PRO,16,52,35,67.3,24,19.8,16,10,4,1,1,"8,7",,0,1540.96,sombre,eu-w1,B,Client très satisfait et actif.,101087
SIM-00067,15/12/2023,vendredi, Public ,France,PME,STARTER,14,56,28,50.0,18,3.0,8,4,7,0,5,"25,4",,1,568.82 €,vert,ap-s1,control,,10728
SIM-00068,2023-11-04,samedi,ÉDUCATION,Suisse,tpe,pro,15,9,7,"77,8",53,"37,0",16,8,6,1,0,9.1 h,4,0,"210,36",vert,us-e1,A,,5002
SIM-00069,12 Aug 2024,lundi,TECH,France,PME, Pro ,6,44,24,54.5%,14,"4,5",16,4,,3,0,,3,0,791.78,vert,eu-w3,control,,5194
SIM-00070,27/02/2024,mardi,Commerce,Suisse,TPE, Pro ,11,10,8,,67,41.0,16,9,4,0,0,7.3 h,5,0,"219,21",violet,us-e1,control,Client très satisfait et actif.,4134
SIM-00071,06/12/2023,mercredi,PUBLIC,Espagne,tpe,starter,14,11,6,"54,5",22,11.4,8,4,1,0,2,26.1,5,0,107.53,sombre,ap-s1,B,RAS.,1675
SIM-00072,08/11/2023,mercredi,santé,Espagne,TPE,Pro,15,10,1,10.0,1,0.1,16,4,5,1,3,,2,0,233.39,sombre,eu-w3,control,Mécontentement exprimé au support.,1722
SIM-00073,2024-05-29,mercredi, Commerce ,France,ETI,Starter,8,52,25,48.1,22,15.9,8,4,2,0,0,7.4,5,0,493.37 €,clair,us-e1,control,RAS.,14969
SIM-00074,03 Jun 2023,samedi,tech,Espagne,PME, Pro ,20,58,22,"37,9",4,"0,5",16,5,2,4,2,15.8,2,0,1392.14,clair,us-e1,control,Mécontentement exprimé au support.,17123
SIM-00075,11/09/2024,mercredi,Commerce,Espagne,PME,pro,5,27,23,85.2,80,79.1,16,9,0,0,0,14.8,3,0,595.12,clair,eu-w1,control,RAS.,3904
SIM-00076,2024-06-10,lundi,,Suisse,TPE,Pro,8,6,3,50.0%,26,7.6,16,7,1,1,2,12.3,3,2,122.55,bleu,eu-w3,B,Compte dans la moyenne.,1809
SIM-00077,05/01/2025,dimanche,,France, PME ,STARTER,1,19,6,31.6,1,"0,2",8,1,1,9,2,19.7,3,0,218.83,sombre,eu-w1,control,,1974
SIM-00078,09 May 2023,mardi,TECH,France,TPE, Pro ,21,7,6,85.7,66,10.0,16,7,3,1,0,16.5,,0,206.15,bleu,us-e1,control,Suivi standard.,3381
SIM-00079,2024-09-10,mardi,TECH,France,ETI,Business,5,99,16,16.2%,1,0.1,26,2,0,30,6,6.5,3,1,"4561,89",violet,eu-w1,B,,48630
SIM-00080,2024-03-10,dimanche,Santé,France, ETI ,Starter,11,127,0,"0,0",0,"0,0",8,0,0,67,3,,4,1,1528.52,violet,eu-w1,B,,11280
SIM-00081,2024-05-09,jeudi,Commerce,France,PME,Starter,9,32,5,"15,6",4,1.1,8,3,3,7,0,27.2,3,0,296.92,clair,ap-s1,B,Faible adoption des sièges.,6817
SIM-00082,2024-10-24,jeudi,Tech,Suisse,TPE,pro,3,6,3,50.0,17,8.9,16,2,2,2,0,6.7,5,,188.77 €,sombre,eu-w1,control,,8204
SIM-00083,04/03/2024,lundi,Industrie,France,TPE,Starter,11,9,5,55.6,8,2.4,8,3,1,1,1,20.8,4,0,116.68 €,bleu,ap-s1,A,Compte dans la moyenne.,1818
SIM-00084,2023-08-01,mardi,Éducation,France,eti,Business,18,158,41,"25,9",4,0.9,26,9,,17,6,"7,4",,0,8541.47,bleu,ap-s1,A,Mécontentement exprimé au support.,154088
SIM-00085,2023-12-11,lundi,Tech,France, TPE ,pro,14,10,6,60.0,13,5.2,16,4,3,4,3,"12,5",3,0,198.76 €,clair,us-e1,A,RAS.,978
SIM-00086,2023-07-10,lundi, Industrie ,France,PME,PRO,19,8,5,,32,"11,2",16,9,7,0,3,"11,7",2,0,"238,4",bleu,eu-w1,control,,6647
SIM-00087,2024-08-27,mardi,Finance,Allemagne,TPE,Pro,5,3,1,33.3,1,"0,1",16,0,1,12,2,9.7 h,5,1,50.89,violet,eu-w1,A,,2045
SIM-00088,14 Aug 2023,lundi,INDUSTRIE,Belgique,PME,Pro,18,51,29,"56,9",16,4.9,16,4,3,0,3,11.6,4,0,1387.1,sombre,eu-w1,B,Client très satisfait et actif.,13649
SIM-00089,06/05/2023,samedi,PUBLIC,France,PME,Business,21,39,23,59.0,11,1.7,26,9,5,2,2,"2,8",4,0,"1710,76",clair,us-e1,A,Client très satisfait et actif.,79961
SIM-00090,08/01/2024,lundi, Public ,France,PME, Business ,13,9,2,22.2,1,0.4,26,11,2,4,3,9.4,4,0,426.89,bleu,eu-w3,control,,4551
SIM-00091,30/04/2024,mardi, Tech ,France,PME,Starter,9,35,13,37.1%,19,10.8,8,4,4,0,4,20.1,4,1,"402,5",vert,ap-s1,control,,2640
SIM-00092,2024-08-04,dimanche,Commerce,Suisse,ETI,Business,6,182,128,70.3,40,34.2,26,18,2,1,3,7.4,5,3,"8715,13",vert,us-e1,B,,142928
SIM-00093,2022-12-11,dimanche,Commerce,France,TPE, Starter ,26,3,1,33.3,1,0.1,8,1,7,19,1,,4,0,"34,57",clair,eu-w3,A,,3402
SIM-00094,05/10/2024,samedi,Public,Belgique,PME, Pro ,4,27,23,,61,29.3,16,11,0,1,1,10.9,3,1,583.65,violet,eu-w3,B,RAS.,4786
SIM-00095,2024-12-31,mardi,Santé,France,GE, Enterprise ,1,698,0,0.0,0,0.0,40,0,0,30,0,1.2,3,4,"57264,34",sombre,eu-w3,B,Faible adoption des sièges.,704351
SIM-00096,08 Mar 2024,vendredi, Industrie ,France,TPE,STARTER,11,2,1,50.0,19,9.0,8,4,2,0,1,19.5,4,0,26.47,bleu,us-e1,A,,478
SIM-00097,24/12/2024,mardi,Public,France,ETI, Business ,1,140,80,57.1,43,"24,5",26,9,0,1,3,7.8,3,3,6273.76,sombre,ap-s1,control,Suivi standard.,123468
SIM-00098,2025-01-03,vendredi,Industrie,France,TPE,Starter,1,2,1,50.0,26,25.2,8,4,,3,0,14.5 h,5,0,27.41,violet,eu-w3,B,,584
SIM-00099,15 Jul 2023,samedi,SANTÉ,France,GE,enterprise,19,725,123,17.0,1,0.6,40,2,5,1,0,0.5,4,0,57382.11,violet,us-e1,control,,1082227
SIM-00100,01/04/2024,lundi,Santé,France,ETI,Business,10,96,35,36.5%,10,1.5,26,5,3,1,11,10.1,3,1,3644.47,violet,eu-w1,B,Support très sollicité récemment.,35862
SIM-00101,2023-08-01,mardi,Éducation,France,eti,Business,18,158,41,"25,9",4,0.9,26,9,,17,6,"7,4",,0,8541.47,bleu,ap-s1,A,Mécontentement exprimé au support.,154088
SIM-00102,2023-09-14,jeudi,Tech,France,TPE,Starter,17,1,1,100.0,16,6.1,8,2,4,4,4,21.7,4,0,10.88,bleu,us-e1,control,Client très satisfait et actif.,300
SIM-00103,2023-04-13,jeudi, Santé ,,TPE, Pro ,22,1,1,"100,0",42,24.4,16,4,,1,0,7.9,4,0,25.15,sombre,ap-s1,B,"Compte engagé, ambassadeur potentiel.",371
SIM-00104,2024-05-27,lundi,commerce,Espagne,PME, Business ,8,21,5,"23,8",4,0.2,26,3,2,2,2,1.2,3,,950.18,vert,eu-w3,A,Faible adoption des sièges.,9350
SIM-00105,06 Jul 2023,jeudi, Commerce ,Espagne,PME,starter,19,10,4,"40,0",18,"1,8",8,2,4,5,3,27.9,2,0,134.17,violet,eu-w3,A,,1430
SIM-00106,03/11/2023,vendredi,Finance,Belgique,pme,Starter,15,19,7,36.8,15,3.4,8,1,2,1,0,10.6,4,0,"263,37",clair,us-e1,B,RAS.,10150
SIM-00107,2023-11-06,lundi,Public,France,ETI,pro,15,203,66,32.5,1,"0,3",16,6,4,0,6,"15,7",2,0,3940.29 €,vert,us-e1,B,"Client insatisfait, risque de départ.",35541
SIM-00108,08 Aug 2023,mardi,Industrie,France,ETI,Business,18,61,6,9.8,1,0.5,26,6,4,21,1,,3,0,2490.14,clair,eu-w3,A,Faible adoption des sièges.,49006
SIM-00109,09 Sep 2023,samedi,,France,pme,STARTER,17,32,10,"31,2",1,0.1,8,0,6,10,0,,,0,336.92,clair,eu-w3,B,Mécontentement exprimé au support.,7183
SIM-00110,2024-07-30,mardi,Public,France,TPE,Starter,6,11,9,81.8,68,34.7,8,3,3,2,3,,4,1,155.72,bleu,eu-w3,A,Client très satisfait et actif.,12258
SIM-00111,15 Jan 2024,lundi,COMMERCE,Suisse, TPE ,Business,13,10,4,40.0,7,1.6,26,11,4,7,7,3.8,3,0,495.6,vert,us-e1,control,,10566
SIM-00112,29/12/2024,dimanche,Tech,France,TPE,Starter,1,11,6,"54,5",44,"20,0",8,3,2,0,3,"26,1",5,4,125.13,clair,eu-w1,control,,1129
SIM-00113,2024-10-11,vendredi,santé,France,TPE,Starter,4,11,1,9.1,1,"0,3",8,2,0,1,5,24.7,3,0,100.64,clair,eu-w3,B,Faible adoption des sièges.,1155
SIM-00114,2023-10-13,vendredi,COMMERCE,France,tpe,PRO,16,11,7,63.6%,27,,16,7,5,0,2,"12,5",5,,301.29,bleu,eu-w3,B,Client très satisfait et actif.,11118
SIM-00115,2024-01-30,mardi,Public,France,ETI, Business ,12,109,82,75.2%,20,18.8,26,8,2,3,0,4.4,,2,5068.95,clair,eu-w3,control,RAS.,170418
SIM-00116,2024-09-03,mardi,Éducation,Canada, TPE ,Starter,5,11,9,81.8%,52,"50,2",8,2,2,0,1,22.1 h,4,1,127.76,violet,us-e1,A,,2829
SIM-00117,2023-12-14,jeudi,industrie,Belgique,PME,Business,14,59,35,59.3,21,"8,9",26,7,6,0,5,9.5,3,0,3123.39,vert,us-e1,B,,61468
SIM-00118,01/04/2024,lundi,Santé,France,ETI,Business,10,96,35,36.5%,10,1.5,26,5,3,1,11,10.1,3,1,3644.47,violet,eu-w1,B,Support très sollicité récemment.,35862
SIM-00119,12 Nov 2023,dimanche, Finance ,Canada,TPE,Starter,15,10,3,"30,0",2,"0,7",8,2,4,5,1,"33,1",3,1,121.47,sombre,ap-s1,B,,3287
SIM-00120,03 Jan 2025,vendredi,finance,Suisse,ETI,Pro,1,48,16,33.3,7,"3,4",16,2,0,0,1,15.2,3,2,1241.69,vert,us-e1,A,Compte dans la moyenne.,20364
SIM-00121,04 Mar 2024,lundi,commerce,Canada,TPE, Pro ,11,5,0,"0,0",0,0.0,16,0,0,64,3,12.7 h,2,0,"78,31",vert,ap-s1,B,"Compte peu actif, relance nécessaire.",449
SIM-00122,31/01/2024,mercredi,,Allemagne,PME,Pro,12,6,1,,1,0.1,16,1,1,19,3,8.6,4,0,148.88,sombre,eu-w3,control,Faible adoption des sièges.,1465
SIM-00123,2024-12-31,mardi,TECH,France,PME,enterprise,1,22,13,59.1,25,"16,8",40,17,1,2,1,"1,4",3,3,1788.1,violet,eu-w3,A,,17595
SIM-00124,2024-11-04,lundi,Industrie,France,TPE,Pro,3,8,5,62.5%,21,"13,2",16,2,0,3,0,0.9,5,1,,violet,eu-w1,control,,1491
SIM-00125,2023-10-04,mercredi,Finance,Canada,ETI,Enterprise,16,84,74,88.1%,97,85.0,40,24,1,1,4,"2,1",3,0,6963.51,violet,ap-s1,control,,57101
SIM-00126,14/02/2024,mercredi,SANTÉ,Canada,PME,Pro,12,43,23,53.5,3,1.9,16,4,2,30,2,12.8 h,3,,1063.29,clair,eu-w3,control,,10463
SIM-00127,10/12/2024,mardi,PUBLIC,France,PME,pro,2,42,36,85.7,63,40.5,16,12,1,0,0,7.8,5,,"1118,56",sombre,eu-w1,A,RAS.,33937
SIM-00128,2024-10-24,jeudi,Industrie,Belgique,PME,Business,3,56,20,35.7,1,"0,5",26,11,0,16,2,6.0,,2,1859.84 €,sombre,us-e1,B,,7625
SIM-00129,15 Jan 2024,lundi,Tech,Canada,TPE,PRO,13,4,1,25.0,7,"3,2",16,7,3,2,1,10.7,4,2,114.34,sombre,eu-w1,B,"Compte engagé, ambassadeur potentiel.",1688
SIM-00130,18 Apr 2023,mardi,FINANCE,France, ETI ,business,22,106,38,"35,8",2,0.1,26,1,0,12,5,"4,5",3,1,"4098,69",bleu,ap-s1,control,Suivi standard.,164685
SIM-00131,2025-01-08,mercredi,Finance,Canada,TPE,Pro,1,6,5,83.3,71,35.0,16,9,0,1,1,,3,0,"123,35",vert,eu-w3,A,Suivi standard.,607
SIM-00132,05/12/2024,jeudi,Santé,France,ETI,enterprise,2,134,42,31.3%,1,0.1,40,5,0,30,2,4.1,5,2,11121.92 €,clair,eu-w3,control,,392159
SIM-00133,17/05/2023,mercredi, Santé ,France, TPE ,Starter,21,2,1,50.0,30,"18,5",8,5,1,5,2,"14,8",5,,"32,16",vert,eu-w1,control,RAS.,3165
SIM-00134,2024-12-09,lundi,INDUSTRIE,France,pme,Pro,2,19,6,31.6,1,0.2,16,5,0,14,2,16.4,2,2,407.07,sombre,ap-s1,control,,4006
SIM-00135,04/03/2024,lundi,Tech,France,PME,Pro,11,32,18,,19,1.1,16,8,2,0,0,8.5,,1,958.97,sombre,us-e1,control,,10223
SIM-00136,03/07/2024,mercredi,Public,France,ETI,Business,7,212,123,58.0,20,6.6,26,12,3,1,7,8.6 h,1,0,"11339,84",bleu,eu-w1,A,"Client insatisfait, risque de départ.",195272
SIM-00137,28/04/2024,dimanche,Tech,Allemagne,PME,Enterprise,9,25,18,"72,0",25,11.8,40,19,1,3,4,4.3,4,0,1887.46,sombre,ap-s1,control,,26311
SIM-00138,12 Dec 2023,mardi,COMMERCE,France,TPE, Business ,14,10,6,60.0,16,3.9,26,9,3,1,2,4.9 h,4,0,"372,59",clair,ap-s1,A,Client très satisfait et actif.,8860
SIM-00139,07 Mar 2024,jeudi,Industrie,France,ETI,PRO,11,64,51,"79,7",76,"52,2",16,12,3,0,1,16.6,3,1,1991.12,sombre,us-e1,control,,63676
SIM-00140,03 Dec 2023,dimanche, Commerce ,France,TPE,Pro,14,5,1,20.0%,1,0.2,16,3,1,13,4,11.6,3,0,120.54,clair,eu-w1,control,Faible adoption des sièges.,1779
SIM-00141,2023-08-18,vendredi,Éducation,France,TPE,Business,18,10,3,30.0%,2,0.1,26,5,,1,5,,3,0,484.84,clair,eu-w3,B,Suivi standard.,12325
SIM-00142,11 Oct 2022,mardi, Industrie ,France,TPE,Pro,28,8,4,"50,0",25,7.6,16,3,10,1,2,9.4,4,0,239.0,violet,us-e1,B,,23518
SIM-00143,01 May 2024,mercredi,Commerce,Espagne,PME, Pro ,9,54,21,"38,9",19,9.5,16,8,2,0,6,18.5,2,0,1354.61,vert,us-e1,B,"Client insatisfait, risque de départ.",26659
SIM-00144,16/02/2023,jeudi,Commerce,France,ETI,BUSINESS,24,188,112,59.6,34,7.0,26,14,,4,1,6.0,3,0,11573.31,vert,eu-w1,A,Compte dans la moyenne.,1138814
SIM-00145,14 Oct 2023,samedi,commerce,France,pme,pro,16,57,31,54.4,50,22.9,16,12,3,0,0,2.1,5,1,1512.04 €,sombre,us-e1,A,,18598
SIM-00146,2023-12-15,vendredi,industrie,France, PME ,Starter,14,49,34,69.4,41,32.2,8,3,6,2,5,29.6,3,0,657.82,vert,ap-s1,A,,18340
SIM-00147,2023-05-05,vendredi, Industrie ,Espagne,PME,starter,21,35,22,62.9%,32,9.2,8,0,5,2,0,5.2,5,0,"449,49",vert,eu-w3,A,"Compte engagé, ambassadeur potentiel.",8477
SIM-00148,16 Mar 2024,samedi,commerce,,PME,business,11,51,34,66.7%,23,"8,8",26,9,4,0,6,7.9 h,,0,"2325,61",sombre,us-e1,control,Client très satisfait et actif.,70559
SIM-00149,2023-11-16,jeudi,Industrie,Allemagne,GE,Business,15,535,318,59.4,11,3.6,26,11,1,8,0,,5,0,23051.29,sombre,eu-w3,B,,151216
SIM-00150,2024-05-28,mardi,FINANCE,France,PME,Starter,8,8,5,"62,5",50,2.5,8,4,1,0,3,25.3 h,3,2,113.55,sombre,us-e1,control,Suivi standard.,5121
SIM-00151,2025-01-01,mercredi, Commerce ,,PME, Pro ,1,46,18,"39,1",11,2.7,16,3,0,2,1,"6,5",3,4,994.76 €,clair,ap-s1,B,RAS.,19577
SIM-00152,15 Apr 2024,lundi,éducation,France,ETI,enterprise,10,48,46,"95,8",107,93.8,40,33,2,2,3,"2,6",2,2,4724.11 €,bleu,eu-w1,B,,464852
SIM-00153,03 Apr 2024,mercredi,éducation,Suisse,PME,Business,10,6,4,66.7,20,6.5,26,11,3,1,5,"12,6",2,0,"276,13",clair,eu-w3,control,"Client insatisfait, risque de départ.",3623
SIM-00154,2023-08-31,jeudi, Santé ,Allemagne,eti,Pro,17,126,16,12.7,1,0.1,16,3,2,16,1,13.9,4,0,3677.87 €,sombre,ap-s1,control,,90476
SIM-00155,07/01/2024,dimanche,ÉDUCATION,France,PME,business,13,55,0,"0,0",0,0.0,26,0,0,101,0,4.3,4,0,2152.36,sombre,us-e1,control,Usage en forte baisse ce trimestre.,30004
SIM-00156,2024-12-07,samedi,Tech,France,tpe,Starter,2,10,6,60.0,43,12.1,8,1,1,2,6,"28,9",3,1,142.87,sombre,us-e1,A,RAS.,8552
SIM-00157,2024-09-01,dimanche,finance,France,PME,Business,5,52,11,21.2,1,0.1,26,3,1,8,1,,3,1,2257.29,vert,eu-w1,A,,18510
SIM-00158,11/08/2023,vendredi, Finance ,France,PME,PRO,18,30,12,40.0,3,"1,3",16,0,3,15,5,16.2,2,1,773.71,clair,eu-w3,control,,13958
SIM-00159,10/12/2023,dimanche, Tech ,France,PME,Pro,14,23,14,60.9,17,4.3,16,8,1,3,8,21.7,1,0,491.03,vert,ap-s1,B,Mécontentement exprimé au support.,6040
SIM-00160,2023-03-17,vendredi, Tech ,Espagne,PME,PRO,23,50,20,"40,0",24,15.6,16,8,6,3,2,"16,6",3,0,1407.36,violet,eu-w3,B,,21927
SIM-00161,06/12/2023,mercredi,Tech,Canada,pme, Enterprise ,14,49,22,"44,9",14,"3,5",40,16,,2,4,"3,7",3,0,4592.71 €,clair,eu-w3,B,,225961
SIM-00162,03 May 2024,vendredi,Finance,Allemagne,TPE,Starter,9,10,4,40.0,6,2.8,8,3,0,5,6,26.9,4,1,"125,22",clair,us-e1,control,Suivi standard.,2362
SIM-00163,31/12/2024,mardi, Tech ,France,pme,Business,1,12,7,"58,3",5,3.1,26,7,0,4,3,"8,3",,2,559.71 €,bleu,eu-w3,A,,6425
SIM-00164,2024-12-31,mardi,commerce,France,TPE, Pro ,1,10,4,40.0,1,,16,4,0,6,0,4.9,5,1,"206,64",vert,ap-s1,control,Suivi standard.,1356
SIM-00165,02/11/2023,jeudi,Finance,Canada,PME,Starter,15,42,11,26.2,6,1.6,8,2,2,7,1,18.0,,0,489.49 €,sombre,ap-s1,control,,12041
SIM-00166,31 Dec 2024,mardi,INDUSTRIE,Belgique,TPE,STARTER,1,6,3,50.0%,13,"5,1",8,2,0,3,4,27.7,3,,"67,87",sombre,ap-s1,control,,890
SIM-00167,06 Mar 2024,mercredi,Finance,France,eti,STARTER,11,124,24,"19,4",2,0.8,8,2,0,1,4,25.7,,0,1506.21 €,violet,ap-s1,B,"Client insatisfait, risque de départ.",40758
SIM-00168,2024-06-11,mardi,Tech,Espagne,PME,Pro,8,7,4,57.1,29,"22,4",16,6,2,0,1,11.3,3,0,"202,71",clair,us-e1,control,,2327
SIM-00169,02 May 2024,jeudi,,Canada,PME,pro,9,35,20,57.1,14,7.8,16,3,3,2,3,14.4,,0,"808,2",bleu,eu-w1,B,,21870
SIM-00170,04 Nov 2023,samedi,Tech,Allemagne,TPE,Pro,15,3,1,"33,3",8,3.6,16,5,3,7,3,14.8,3,,87.41,sombre,us-e1,B,,4731
SIM-00171,28 May 2024,mardi, Public ,France,TPE,Pro,8,6,2,33.3,5,1.5,16,5,1,1,6,18.5,2,0,115.41,violet,eu-w3,control,Mécontentement exprimé au support.,1136
SIM-00172,05/08/2023,samedi,Éducation,France,TPE,Pro,18,3,2,66.7,26,14.0,16,3,2,0,3,16.9,2,0,"85,37",violet,ap-s1,control,,3430
SIM-00173,11 Aug 2023,vendredi,Tech,France, ETI ,Pro,18,123,64,52.0,19,8.1,16,7,4,2,0,10.1,3,0,3474.33,vert,eu-w3,A,,119656
SIM-00174,10 Jul 2024,mercredi,Finance,France,TPE,Starter,7,11,4,"36,4",14,1.6,8,2,1,2,4,28.1,3,1,127.61,bleu,eu-w1,control,,1465
SIM-00175,2025-01-06,lundi,Commerce,Espagne,PME,Starter,1,21,0,0.0,0,0.0,8,0,0,30,7,35.9,3,0,"196,63",violet,eu-w1,A,Support très sollicité récemment.,806
SIM-00176,08 Jan 2025,mercredi,Industrie,Canada,PME,Pro,1,13,8,61.5%,36,14.9,16,4,0,0,2,14.0 h,4,2,364.13,sombre,us-e1,A,,2986
SIM-00177,06/12/2023,mercredi,,Espagne,PME,Enterprise,14,26,19,73.1,67,29.9,40,15,2,1,0,3.3 h,,0,2460.12 €,clair,eu-w3,control,Suivi standard.,90778
SIM-00178,2023-08-12,samedi,Tech,Espagne,TPE,STARTER,18,11,2,18.2,1,0.1,8,2,4,2,2,20.8,3,0,140.52,vert,eu-w1,A,,4955
SIM-00179,15 Dec 2023,vendredi,Industrie,France,ETI,Pro,14,163,66,"40,5",10,0.5,16,6,2,1,1,8.7,5,,4628.24,clair,eu-w3,control,,220119
SIM-00180,2024-12-30,lundi,industrie,Suisse,PME,Starter,1,43,15,34.9,16,9.3,8,3,0,1,5,"38,0",1,3,527.84,vert,eu-w1,A,"Client insatisfait, risque de départ.",10821
SIM-00181,01 Jan 2024,lundi,Finance,France, TPE ,Pro,13,4,2,"50,0",10,2.3,16,3,1,3,5,13.7,3,0,99.28,vert,ap-s1,A,,570
SIM-00182,01/05/2024,mercredi,commerce,Suisse, TPE ,Starter,9,6,2,33.3,2,"0,4",8,3,0,5,5,31.3,2,1,75.02,clair,us-e1,control,,984
SIM-00183,2023-07-04,mardi,Santé,Canada,TPE,STARTER,19,8,0,0.0%,0,0.0,8,0,0,115,0,21.5 h,5,0,90.5,clair,us-e1,B,"Compte peu actif, relance nécessaire.",1781
SIM-00184,2024-01-01,lundi,,Belgique, ETI ,enterprise,13,132,77,58.3,30,,40,19,1,0,0,0.5,,1,11809.92,sombre,ap-s1,control,,261472
SIM-00185,09/01/2025,jeudi,Commerce,Allemagne,TPE,Starter,1,1,1,100.0,34,20.6,8,1,2,2,7,"26,0",3,1,11.03,vert,us-e1,control,"Multiples tickets ouverts, friction élevée.",300
SIM-00186,31/12/2024,mardi,COMMERCE,Allemagne,eti, Enterprise ,1,191,156,,48,,40,21,1,0,4,"5,2",2,1,16557.89,sombre,eu-w1,A,,475211
SIM-00187,09/07/2024,mardi,finance,France,PME, Pro ,7,48,30,62.5,51,32.3,16,9,3,1,1,13.7,4,2,1404.09 €,vert,ap-s1,A,Client très satisfait et actif.,25330
SIM-00188,02/01/2025,jeudi,Industrie,France,PME,pro,1,16,11,68.8%,18,6.1,16,3,0,2,0,5.0,5,4,430.5,clair,eu-w3,control,,32477
SIM-00189,2024-05-06,lundi,Tech,Belgique,eti,Business,9,186,91,48.9%,26,"13,0",26,13,,1,6,6.1,2,0,8197.13,bleu,us-e1,A,Mécontentement exprimé au support.,127711
SIM-00190,2024-10-07,lundi,Commerce,France,TPE,PRO,4,7,3,42.9%,1,"0,5",16,6,0,18,4,12.2,3,1,198.75,violet,ap-s1,B,,5215
SIM-00191,02 Sep 2023,samedi,Éducation,France,eti,Business,17,189,149,78.8,56,,26,15,2,1,7,7.7,1,0,9759.61,sombre,eu-w3,A,,280101
SIM-00192,10 Jan 2025,vendredi,Commerce,Espagne,ETI,Business,1,35,10,"28,6",1,,26,7,1,22,7,11.2,,0,1309.04,violet,ap-s1,A,,12881
SIM-00193,2023-11-14,mardi,,France,TPE,Pro,15,3,2,66.7%,56,51.6,16,7,3,0,1,"15,6",3,0,97.98,clair,eu-w1,A,Compte dans la moyenne.,1527
SIM-00194,05 Nov 2023,dimanche,Commerce,Suisse,PME,pro,15,18,14,77.8,38,11.3,16,9,5,0,0,4.7,4,0,504.02,bleu,eu-w1,A,,4960
SIM-00195,08 Dec 2023,vendredi,Industrie,France,tpe,pro,14,10,5,50.0%,17,12.0,16,4,5,3,0,8.0,,1,248.47,clair,eu-w3,B,"Compte engagé, ambassadeur potentiel.",4890
SIM-00196,20 Jul 2023,jeudi,Commerce,France,TPE,Pro,19,4,3,75.0,71,30.0,16,8,8,1,5,,4,1,"119,01",clair,eu-w1,B,,8978
SIM-00197,2023-04-14,vendredi,TECH,France,PME,ENTERPRISE,22,54,46,"85,2",59,"40,3",40,25,6,1,6,6.4,,0,4424.28,sombre,ap-s1,A,,286605
SIM-00198,2024-09-27,vendredi,COMMERCE,Canada,PME,PRO,4,49,34,69.4%,52,"55,6",16,7,1,1,1,9.5 h,5,1,"1271,4",vert,eu-w1,B,RAS.,14596
SIM-00199,09/07/2024,mardi,Santé,France,TPE, Pro ,7,7,3,42.9%,5,2.8,16,5,2,11,0,8.8,,2,172.17 €,violet,eu-w3,B,,1835
SIM-00200,28 May 2024,mardi,éducation,France, ETI ,Enterprise,8,102,83,81.4,43,27.9,40,11,3,1,3,3.9,3,0,"7810,05",bleu,eu-w1,A,,89659
SIM-00201,10 Apr 2023,lundi,COMMERCE,France, PME ,Pro,22,16,15,"93,8",114,99.1,16,14,8,1,1,"6,3",5,0,524.65 €,clair,eu-w3,B,Client très satisfait et actif.,20220
SIM-00202,02 Feb 2024,vendredi,Tech,France, TPE ,STARTER,12,1,1,"100,0",21,9.2,8,3,0,0,1,17.3,4,1,10.53,violet,eu-w1,control,,300
SIM-00203,27/07/2024,samedi,Commerce,France,pme,Pro,6,23,17,73.9,46,34.1,16,9,1,1,2,19.0,2,0,566.38,sombre,us-e1,A,"Client insatisfait, risque de départ.",24150
SIM-00204,15 Mar 2024,vendredi, Tech ,Allemagne, PME ,Starter,11,18,9,50.0%,30,15.0,8,2,0,1,2,24.3,3,0,264.35,bleu,eu-w1,A,,10405
SIM-00205,01 Aug 2024,jeudi,Industrie,Belgique,TPE,Pro,6,5,2,40.0,19,6.2,16,7,1,2,0,11.8,4,1,"111,4",violet,eu-w3,control,,822
SIM-00206,2024-11-11,lundi,TECH,France, ETI , Enterprise ,3,218,31,14.2,2,0.5,40,9,0,9,0,0.5,3,0,16145.25,violet,eu-w1,A,,132391
SIM-00207,16/03/2023,jeudi,Tech,France,GE, Business ,23,527,171,32.4,10,,26,9,7,7,1,0.5,5,0,27554.34,sombre,ap-s1,B,Client très satisfait et actif.,1491241
SIM-00208,2024-08-10,samedi,ÉDUCATION,Suisse,pme,Pro,6,35,19,54.3%,19,11.2,16,5,2,1,0,7.0,5,3,979.2,violet,eu-w3,A,Suivi standard.,23285
SIM-00209,06 Jan 2024,samedi,santé,France,PME, Pro ,13,34,0,"0,0",0,0.0,16,0,0,33,9,"18,9",2,0,722.12,violet,us-e1,B,"Client insatisfait, risque de départ.",8290
SIM-00210,28 Nov 2024,jeudi,Industrie,France,tpe,business,2,7,3,42.9,6,1.2,26,11,0,1,0,,4,3,253.9 €,bleu,us-e1,B,RAS.,2498
SIM-00211,2023-05-16,mardi,Commerce,France,PME,Business,21,18,11,61.1,28,"10,9",26,11,4,1,3,7.7,,0,"727,37",vert,eu-w1,A,,17297
SIM-00212,06/12/2023,mercredi,,Espagne,PME,Enterprise,14,26,19,73.1,67,29.9,40,15,2,1,0,3.3 h,,0,2460.12 €,clair,eu-w3,control,Suivi standard.,90778
SIM-00213,10/01/2025,vendredi,Finance,Allemagne, ETI ,Business,1,211,133,"63,0",36,11.5,26,12,,1,6,4.6,2,0,7954.44,vert,eu-w1,A,,78272
SIM-00214,2024-12-01,dimanche,ÉDUCATION,France,PME,Business,2,51,34,66.7%,46,"26,2",26,10,0,1,0,,4,0,"2110,83",clair,eu-w3,control,,12116
SIM-00215,01 Jun 2024,samedi,TECH,Canada,TPE,starter,8,9,7,77.8%,34,7.9,8,3,2,2,7,31.1,2,1,119.34 €,violet,eu-w1,control,Mécontentement exprimé au support.,5774
SIM-00216,04 Jan 2025,samedi,Finance,France,PME,STARTER,1,32,2,6.2,2,"0,5",8,1,0,0,4,32.6,2,3,331.99 €,clair,eu-w1,B,,10345
SIM-00217,15/05/2024,mercredi,FINANCE,France, GE ,Enterprise,9,514,247,48.1%,35,27.2,40,20,2,0,0,0.5,5,0,43848.49,vert,eu-w1,B,,970806
SIM-00218,13/04/2024,samedi,,France,PME,Pro,10,17,8,47.1,27,17.7,16,8,2,0,2,"16,2",1,0,"455,68",bleu,ap-s1,A,Mécontentement exprimé au support.,16441
SIM-00219,14/05/2024,mardi,COMMERCE,France,TPE,starter,9,4,2,"50,0",25,14.1,8,3,,1,3,28.2,4,0,52.18,bleu,eu-w1,control,Compte dans la moyenne.,1284
SIM-00220,01 Jan 2025,mercredi,COMMERCE,France,PME,Business,1,11,3,27.3,2,,26,8,1,13,2,3.1,4,2,526.0,vert,eu-w3,A,RAS.,4745
SIM-00221,07 Aug 2024,mercredi, Industrie ,France, GE ,Enterprise,6,173,156,90.2,93,48.7,40,16,1,1,6,3.6,3,1,"15212,65",violet,ap-s1,control,Compte dans la moyenne.,149692
SIM-00222,08 Feb 2024,jeudi,TECH,France,TPE,STARTER,12,1,1,,99,"58,0",8,4,2,1,7,27.0 h,2,0,10.61,clair,eu-w1,A,"Client insatisfait, risque de départ.",300
SIM-00223,2023-11-05,dimanche,,France,PME,Pro,15,41,16,39.0,13,4.2,16,4,3,3,0,7.4,4,0,849.86,sombre,eu-w1,A,,16725
SIM-00224,10 Jan 2025,vendredi,Éducation,Suisse,pme, Enterprise ,1,49,33,67.3,46,16.1,40,12,0,0,5,10.6,2,1,4067.41,vert,us-e1,B,Mécontentement exprimé au support.,40023
SIM-00225,2024-03-15,vendredi,COMMERCE,Belgique,ETI,business,11,144,36,25.0,12,7.2,26,5,4,1,3,7.5 h,4,0,6623.75,vert,us-e1,A,Client très satisfait et actif.,152081
SIM-00226,31/12/2024,mardi,Commerce,Allemagne,ETI, Business ,1,184,136,73.9,33,25.2,26,11,0,0,6,8.3 h,3,3,8422.32,bleu,ap-s1,B,,179564
SIM-00227,09 Dec 2023,samedi,Tech,France,PME,Pro,14,53,32,60.4,19,8.8,16,10,5,1,3,12.7,3,0,"1575,24",clair,eu-w1,B,RAS.,49084
SIM-00228,18/10/2023,mercredi,Finance,Belgique, TPE ,starter,16,6,1,16.7,1,"0,1",8,1,6,6,6,37.2,1,0,67.23,bleu,us-e1,A,,827
SIM-00229,2024-06-26,mercredi,INDUSTRIE,France,PME,business,7,7,2,28.6,1,0.3,26,3,2,5,4,6.7,4,1,226.05 €,clair,eu-w3,B,,2966
SIM-00230,11/05/2023,jeudi,Commerce,France,ETI,Business,21,89,56,"62,9",30,"5,5",26,9,5,1,1,"5,1",3,,"3544,44",clair,us-e1,control,Compte dans la moyenne.,66848
SIM-00231,2024-06-28,vendredi, Commerce ,France,PME,BUSINESS,7,10,5,50.0,31,"8,1",26,14,5,0,6,"7,4",2,1,373.4 €,clair,eu-w1,A,,2450
SIM-00232,2024-07-27,samedi,éducation,Belgique,PME,pro,6,20,13,65.0,20,6.7,16,5,2,1,4,12.8,4,,555.15,violet,eu-w1,control,RAS.,9560
SIM-00233,14 Mar 2024,jeudi, Commerce ,France,PME,Pro,11,32,24,75.0%,50,27.9,16,6,3,0,1,10.4,5,0,1072.39,clair,eu-w3,control,"Compte engagé, ambassadeur potentiel.",54520
SIM-00234,13/10/2023,vendredi,,Allemagne,PME,pro,16,52,40,76.9,66,"35,8",16,11,5,1,0,,5,0,1519.39,bleu,ap-s1,control,,82229
SIM-00235,2024-11-05,mardi,Tech,Allemagne,PME, Starter ,3,25,22,88.0,71,45.5,8,3,0,0,3,27.2,3,3,241.98,vert,us-e1,control,,992
SIM-00236,26 Jul 2024,vendredi,Finance,France,PME,PRO,6,13,7,"53,8",16,"2,3",16,4,0,4,0,"8,6",4,0,"377,39",clair,eu-w3,B,,3095
SIM-00237,2023-07-11,mardi,COMMERCE,France,TPE, Starter ,19,2,2,100.0,107,85.8,8,5,6,1,1,"21,1",5,0,28.03,vert,eu-w3,A,"Compte engagé, ambassadeur potentiel.",804
SIM-00238,02 Jan 2025,jeudi,industrie,Suisse,TPE, Starter ,1,9,7,77.8,44,,8,4,0,1,5,28.8,4,0,"114,61",bleu,ap-s1,B,Suivi standard.,2068
SIM-00239,05/05/2024,dimanche,Industrie,France,pme,Enterprise,9,34,15,44.1%,4,1.0,40,15,0,7,4,1.6,3,,"2694,6",violet,eu-w3,B,Compte dans la moyenne.,57449
SIM-00240,08 Apr 2024,lundi, Éducation ,Allemagne,pme,STARTER,10,38,20,52.6%,16,5.4,8,2,1,0,1,16.5,,1,"403,13",sombre,ap-s1,A,,3967
SIM-00241,2024-02-27,mardi,,,ETI,Enterprise,11,164,57,34.8,6,"1,6",40,12,2,1,0,"5,6",4,0,14018.45,vert,eu-w1,A,Compte dans la moyenne.,160932
SIM-00242,24/09/2024,mardi,PUBLIC,France,TPE, Pro ,4,2,2,"100,0",69,21.3,16,4,0,0,5,16.0,,3,"54,7",sombre,us-e1,B,Suivi standard.,359
SIM-00243,11 Feb 2024,dimanche,Commerce,France,TPE,Starter,12,3,1,"33,3",3,0.7,8,3,6,10,2,18.9,4,1,24.02 €,clair,eu-w3,B,,300
SIM-00244,2024-04-04,jeudi, Finance ,France,TPE, Starter ,10,4,2,50.0,26,15.5,8,3,2,1,5,27.2,4,2,56.83 €,clair,eu-w3,A,RAS.,792
SIM-00245,2023-05-03,mercredi,,France,TPE,starter,21,6,3,50.0,5,0.6,8,3,3,4,2,15.3,4,0,"62,79",sombre,eu-w1,B,"Compte engagé, ambassadeur potentiel.",1493
SIM-00246,02/01/2025,jeudi,COMMERCE,France,TPE,starter,1,8,4,50.0,23,14.6,8,3,0,0,0,"20,9",4,0,94.12,clair,us-e1,B,,1389
SIM-00247,01/04/2024,lundi,éducation,France,TPE,STARTER,10,3,2,66.7%,22,"1,1",8,2,4,1,2,28.2,4,1,43.58,bleu,eu-w1,control,Client très satisfait et actif.,1072
SIM-00248,2023-06-12,lundi,Industrie,France, GE ,ENTERPRISE,20,750,394,52.5,41,12.0,40,16,7,2,0,,5,0,71551.75,bleu,us-e1,control,"Compte engagé, ambassadeur potentiel.",762742
SIM-00249,03/11/2023,vendredi,Finance,Belgique,pme,Starter,15,19,7,36.8,15,3.4,8,1,2,1,0,10.6,4,0,"263,37",clair,us-e1,B,RAS.,10150
SIM-00250,03/12/2024,mardi,tech,Allemagne,PME,PRO,2,42,31,73.8,46,19.3,16,5,0,0,5,14.6 h,3,0,1077.91,violet,eu-w3,control,,15910
SIM-00251,30/12/2023,samedi, Tech ,Canada,ETI,Business,13,168,126,"75,0",38,"19,3",26,7,,0,0,1.1,4,0,5492.41,violet,ap-s1,A,,58549
SIM-00252,28 Dec 2024,samedi,Éducation,Suisse,TPE, Starter ,1,2,1,50.0,16,10.3,8,2,0,0,2,"27,7",3,4,"20,78",clair,eu-w1,A,RAS.,699
SIM-00253,2024-10-01,mardi,Industrie,France,tpe,Pro,4,11,3,27.3,1,,16,2,3,30,1,15.4 h,5,0,252.27,vert,us-e1,control,RAS.,2689
SIM-00254,05 Jan 2025,dimanche,Tech,France,PME, Business ,1,7,4,57.1,13,5.4,26,7,0,1,2,5.8,4,2,310.2,sombre,us-e1,B,,2544
SIM-00255,2024-03-13,mercredi,Commerce,France,ETI,Enterprise,11,63,56,88.9,66,32.0,40,29,0,0,6,7.8,1,0,"5201,84",vert,eu-w3,A,Mécontentement exprimé au support.,63983
SIM-00256,10/04/2024,mercredi, Finance ,Allemagne,ETI,Pro,10,154,121,,31,17.6,16,5,0,1,4,15.0,2,0,3637.79,vert,eu-w3,control,Mécontentement exprimé au support.,68609
SIM-00257,11/09/2023,lundi,Finance,Belgique,TPE,Pro,17,9,5,55.6,18,7.9,16,7,5,2,5,16.5,3,,232.08,bleu,eu-w1,control,,1903
SIM-00258,2023-06-02,vendredi,Commerce,France,PME,Pro,20,33,18,54.5,34,12.2,16,7,8,0,2,14.1 h,3,0,875.96,bleu,ap-s1,A,,41661
SIM-00259,14 Sep 2023,jeudi,Éducation,Espagne, TPE ,starter,17,5,4,80.0,73,"47,9",8,4,4,1,1,15.2 h,3,0,57.72,vert,eu-w3,control,,2035
SIM-00260,2023-06-11,dimanche, Commerce ,France,TPE,starter,20,1,1,"100,0",16,,8,2,2,3,2,28.6,4,0,"12,82",bleu,us-e1,control,RAS.,357
SIM-00261,2023-05-19,vendredi,Industrie,France,ETI,Pro,21,112,53,47.3%,9,6.6,16,3,7,1,4,17.0,1,0,2548.9,violet,eu-w1,control,,45982
SIM-00262,2024-07-14,dimanche, Industrie ,Espagne,PME,pro,7,46,0,0.0,0,"0,0",16,0,0,38,6,13.3,3,0,1195.21,sombre,ap-s1,control,,22542
SIM-00263,10 Jun 2024,lundi,Éducation,Allemagne,PME,Pro,8,49,29,59.2,21,"6,5",16,9,3,0,0,"7,5",,,1253.3,bleu,eu-w3,B,Client très satisfait et actif.,35970
SIM-00264,23/12/2024,lundi,Finance,France,ETI,Business,1,96,62,64.6,25,19.9,26,8,0,1,6,7.5,3,1,3081.7,vert,eu-w3,B,,32851
SIM-00265,2024-04-15,lundi, Finance ,France,PME, Starter ,10,43,18,,7,,8,3,2,2,0,13.2,3,0,437.33,violet,us-e1,control,Suivi standard.,1793
SIM-00266,13/03/2023,lundi,public,France,PME,Pro,23,55,11,20.0,1,0.3,16,4,4,8,1,8.3,3,0,1095.26 €,violet,ap-s1,control,,20657
SIM-00267,14/05/2024,mardi,COMMERCE,France,TPE,starter,9,4,2,"50,0",25,14.1,8,3,,1,3,28.2,4,0,52.18,bleu,eu-w1,control,Compte dans la moyenne.,1284
SIM-00268,07/01/2025,mardi,Commerce,France,TPE,starter,1,5,3,60.0%,21,5.9,8,3,1,1,0,,5,1,57.04,sombre,ap-s1,control,,421
SIM-00269,2024-02-12,lundi,éducation,Canada,PME,Pro,12,37,14,37.8,11,1.3,16,1,,1,6,"24,3",1,1,889.67 €,bleu,ap-s1,control,Mécontentement exprimé au support.,16779
SIM-00270,09 Jun 2023,vendredi,COMMERCE,France, PME ,Business,20,51,27,52.9%,25,4.0,26,10,5,1,2,"3,2",4,0,2307.47,vert,us-e1,control,,24598
SIM-00271,09 Jan 2025,jeudi,Éducation,France, PME ,Starter,1,16,2,12.5,1,0.1,8,0,1,30,1,"17,1",3,2,"142,03",violet,ap-s1,control,,1165
SIM-00272,04 Nov 2023,samedi,Tech,Allemagne,TPE,Pro,15,3,1,"33,3",8,3.6,16,5,3,7,3,14.8,3,,87.41,sombre,us-e1,B,,4731
SIM-00273,02 Nov 2024,samedi,,France,GE,BUSINESS,3,891,708,,22,8.3,26,11,0,0,2,9.7,5,2,40996.35,sombre,ap-s1,control,Suivi standard.,537872
SIM-00274,19 Jun 2023,lundi,,France,TPE,Pro,20,3,2,66.7,12,2.3,16,6,,0,8,,3,0,83.53,sombre,ap-s1,B,,1301
SIM-00275,07 Feb 2024,mercredi,Commerce,Allemagne,PME,Starter,12,50,40,80.0,58,29.3,8,6,4,2,3,32.7,3,0,623.47 €,bleu,ap-s1,A,,21472
SIM-00276,27 May 2024,lundi,tech,France,tpe,pro,8,8,2,25.0,1,"0,1",16,3,5,16,6,12.6,,1,173.27,bleu,eu-w1,B,,852
SIM-00277,11 Sep 2023,lundi,INDUSTRIE,France,eti,starter,17,48,11,22.9,5,1.0,8,2,4,1,0,"13,8",4,0,"502,97",clair,ap-s1,control,Faible adoption des sièges.,5362
SIM-00278,28/10/2024,lundi,tech,France,TPE,pro,3,9,0,"0,0",0,0.0,16,0,0,84,3,11.1,3,0,206.57,violet,eu-w1,B,"Compte peu actif, relance nécessaire.",1186
SIM-00279,16 Aug 2023,mercredi,Commerce,Espagne,TPE, Pro ,18,3,1,33.3,10,3.8,16,3,3,0,7,21.4,1,0,83.63,bleu,us-e1,B,,1303
SIM-00280,05 Jul 2024,vendredi,ÉDUCATION,France, PME ,Pro,7,31,8,25.8,1,"0,2",16,1,2,17,4,"15,3",3,0,"736,96",clair,ap-s1,A,Suivi standard.,15712
SIM-00281,05/01/2025,dimanche,finance,Suisse,pme,business,1,43,39,90.7,86,31.9,26,16,0,1,3,"5,2",,1,1824.23,violet,us-e1,control,,32909
SIM-00282,03 Jun 2023,samedi,ÉDUCATION,France,TPE,starter,20,6,3,50.0,30,22.6,8,4,6,2,1,25.2,3,0,75.18,bleu,ap-s1,control,RAS.,4377
SIM-00283,2024-01-28,dimanche,Commerce,France,PME,STARTER,12,32,25,78.1,38,"20,0",8,4,4,0,7,36.7,2,0,370.02,vert,eu-w1,B,,15778
SIM-00284,02 Jul 2023,dimanche,,Espagne,ETI,Business,19,113,100,88.5%,54,"60,5",26,20,5,1,1,6.5,4,0,5756.46,bleu,ap-s1,B,,169931
SIM-00285,2025-01-06,lundi,Tech,France,ETI,pro,1,179,108,"60,3",36,9.5,16,7,0,1,4,17.2,,2,3963.02,violet,ap-s1,control,,68243
SIM-00286,08/01/2025,mercredi,FINANCE,,TPE, Starter ,1,3,1,33.3,11,3.7,8,2,0,0,0,11.9,5,6,36.96,violet,eu-w3,A,,667
SIM-00287,2024-04-04,jeudi,Commerce,Suisse,TPE, Starter ,10,1,1,100.0,22,,8,3,3,2,4,18.4,4,0,11.77,sombre,eu-w1,B,"Compte engagé, ambassadeur potentiel.",300
SIM-00288,04 May 2024,samedi,ÉDUCATION,France,tpe,Pro,9,8,7,87.5,74,42.8,16,9,3,1,0,9.4,4,0,245.75,vert,us-e1,A,Client très satisfait et actif.,11083
SIM-00289,16 Apr 2023,dimanche,Commerce,France, ETI ,Pro,22,105,15,14.3,1,,16,4,2,2,0,8.1,5,0,2198.24,violet,ap-s1,control,,14420
SIM-00290,17/08/2023,jeudi,Industrie,,PME,Starter,18,13,9,"69,2",47,37.6,8,3,6,2,0,13.0,5,0,"176,45",sombre,eu-w3,A,,4196
SIM-00291,24/12/2024,mardi,Éducation,Canada,tpe,Starter,1,4,2,"50,0",14,"0,7",8,0,1,2,0,8.1,4,0,50.07,clair,us-e1,control,,2258
SIM-00292,2023-10-31,mardi,Éducation,France,ETI,Pro,15,188,128,68.1,38,15.8,16,7,2,1,6,"17,3",4,0,4993.86,bleu,ap-s1,control,,98279
SIM-00293,08/07/2024,lundi,Finance,Belgique,PME,Pro,7,52,46,88.5,71,66.5,16,8,0,0,2,14.6,4,1,1288.66,violet,eu-w1,B,,12680
SIM-00294,29/07/2024,lundi,Santé,Espagne,TPE,Business,6,5,1,20.0,1,0.3,26,1,2,30,1,9.9,1,0,137.46,clair,eu-w1,A,,902
SIM-00295,08/05/2023,lundi,FINANCE,,PME,Pro,21,52,36,69.2%,50,"36,1",16,6,2,1,0,8.1,4,0,1527.07,bleu,ap-s1,B,,41323
SIM-00296,2024-09-06,vendredi, Industrie ,Suisse,PME, Starter ,5,29,19,"65,5",18,"4,8",8,4,0,1,1,15.7,5,2,296.95,vert,us-e1,control,RAS.,4870
SIM-00297,2024-12-27,vendredi,éducation,Suisse,TPE,Starter,1,3,1,"33,3",1,0.1,8,3,1,6,3,29.7,2,2,35.28,sombre,ap-s1,B,Mécontentement exprimé au support.,636
SIM-00298,2024-11-26,mardi,Finance,France,ETI,Business,2,92,36,39.1,4,2.2,26,4,,9,1,6.4,5,2,"4712,51",clair,eu-w3,B,Suivi standard.,54100
SIM-00299,2022-09-13,mardi,Santé,France,pme,Pro,29,24,9,"37,5",8,"0,8",16,5,7,4,2,14.9,4,0,"581,23",bleu,ap-s1,control,"Compte engagé, ambassadeur potentiel.",13345
SIM-00300,2024-10-30,mercredi,Éducation,Espagne, PME , Business ,3,27,0,"0,0",0,"0,0",26,0,0,32,2,10.6 h,3,,,bleu,eu-w1,A,Déploiement interne limité.,11376
SIM-00301,2024-12-27,vendredi,Industrie,France,PME, Pro ,1,27,21,77.8,61,53.2,16,7,0,4,2,"15,2",2,0,555.09,bleu,eu-w1,B,"Client insatisfait, risque de départ.",2731
SIM-00302,06/11/2023,lundi,TECH,Allemagne,PME,Pro,15,48,34,"70,8",36,15.4,16,4,6,1,5,12.4,3,0,"1380,64",vert,eu-w1,control,,39624
SIM-00303,31/10/2024,jeudi,,Canada,PME,Pro,3,38,5,13.2,1,0.2,16,4,0,1,3,7.9,3,2,591.9,clair,ap-s1,A,,5339
SIM-00304,15 Mar 2023,mercredi,Public,France, PME ,Business,23,36,0,0.0,0,0.0,26,0,0,46,2,3.9,3,0,1397.83,bleu,us-e1,control,Faible adoption des sièges.,28656
SIM-00305,02 Feb 2024,vendredi,Finance,France,tpe,STARTER,12,9,3,33.3,1,0.5,8,1,2,12,4,19.6 h,3,1,110.56,vert,us-e1,control,Suivi standard.,2266
SIM-00306,2024-02-27,mardi,,,ETI,Enterprise,11,164,57,34.8,6,"1,6",40,12,2,1,0,"5,6",4,0,14018.45,vert,eu-w1,A,Compte dans la moyenne.,160932
SIM-00307,2023-09-02,samedi,Industrie,Suisse,TPE,pro,17,3,2,66.7,57,"21,8",16,8,4,1,0,7.9,4,0,89.02,vert,eu-w3,A,Client très satisfait et actif.,2920
SIM-00308,05/03/2023,dimanche,finance,Allemagne,TPE,Business,23,6,1,16.7,1,0.1,26,1,3,12,0,4.5 h,4,0,236.01,violet,eu-w1,A,,3096
SIM-00309,08/03/2024,vendredi,Industrie,Espagne,TPE,PRO,11,2,1,"50,0",33,15.3,16,9,1,0,5,15.8,3,0,"51,41",bleu,us-e1,B,Suivi standard.,801
SIM-00310,2024-11-03,dimanche,Public,France,TPE,Enterprise,3,11,1,9.1,1,"0,4",40,1,0,3,2,0.5,4,1,658.0,vert,eu-w1,B,,3777
SIM-00311,2024-09-07,samedi,TECH,France,PME,business,5,33,29,"87,9",72,23.5,26,16,1,2,3,7.6,4,1,1578.55,vert,eu-w1,B,,82842
SIM-00312,2024-07-07,dimanche,Tech,France,GE,Business,7,429,210,49.0,8,2.3,26,10,0,2,0,5.1,3,0,"21096,73",clair,eu-w3,B,RAS.,328687
SIM-00313,08 Oct 2024,mardi,Commerce,France,TPE,Starter,4,2,0,0.0%,0,"0,0",8,0,0,68,3,16.9 h,3,0,16.99,sombre,ap-s1,A,Usage en forte baisse ce trimestre.,300
SIM-00314,15 Apr 2024,lundi,éducation,France,ETI,enterprise,10,48,46,"95,8",107,93.8,40,33,2,2,3,"2,6",2,2,4724.11 €,bleu,eu-w1,B,,464852
SIM-00315,2024-09-29,dimanche, Commerce ,France,PME,Business,4,8,7,,48,,26,8,3,3,0,1.8,5,3,"392,14",clair,us-e1,B,,16721
SIM-00316,04 Dec 2024,mercredi,santé,France,GE,ENTERPRISE,2,435,346,79.5%,62,35.0,40,26,0,1,4,0.5,,,33662.34,sombre,eu-w3,control,RAS.,662475
SIM-00317,17/12/2023,dimanche,Santé,, PME ,PRO,14,25,9,36.0,1,,16,4,1,6,5,20.4,2,0,631.41,clair,us-e1,B,,7249
SIM-00318,2024-07-29,lundi,tech,Canada, TPE ,Pro,6,7,5,,51,"34,0",16,8,1,1,3,10.1,4,1,138.79,clair,eu-w3,B,,1138
SIM-00319,2024-02-02,vendredi,Finance,France,PME,pro,12,32,20,,18,0.9,16,6,3,0,3,,3,0,480.0,clair,eu-w1,control,,2755
SIM-00320,11 Sep 2024,mercredi,Commerce,France,PME,PRO,5,37,21,56.8,18,"8,8",16,7,2,1,0,11.3,4,0,827.0,bleu,ap-s1,control,,14919
SIM-00321,2022-09-17,samedi,Commerce,France,PME,business,29,42,25,,39,20.2,26,10,8,1,0,,5,0,1600.67,bleu,us-e1,control,"Compte engagé, ambassadeur potentiel.",32814
SIM-00322,18 Jul 2023,mardi, Finance ,Espagne,TPE,Pro,19,8,2,25.0,1,0.4,16,4,1,10,4,"12,6",3,,188.13,vert,eu-w1,A,Suivi standard.,2160
SIM-00323,06/12/2023,mercredi,Finance,France,PME,pro,14,56,11,19.6%,1,"0,3",16,3,3,4,3,8.6,3,0,982.67,bleu,us-e1,B,,7252
SIM-00324,14 Jun 2023,mercredi,industrie,Espagne,tpe,Pro,20,10,1,10.0,1,0.1,16,2,4,2,0,8.1,3,0,167.03,bleu,eu-w3,control,,548
SIM-00325,2024-09-01,dimanche,Tech,,ETI,Enterprise,5,156,16,"10,3",1,0.4,40,6,,30,7,"2,7",,1,10370.87,vert,us-e1,control,,51025
SIM-00326,2024-07-03,mercredi, Éducation ,Suisse,pme, Starter ,7,53,0,0.0,0,0.0,8,0,0,39,0,14.3 h,5,1,"593,51",violet,us-e1,A,Faible adoption des sièges.,9247
SIM-00327,11/06/2024,mardi,Commerce,France, PME ,Business,8,49,18,36.7,9,"3,9",26,8,0,1,0,"0,5",5,3,2607.96,clair,eu-w1,B,,72710
SIM-00328,2023-12-14,jeudi,industrie,Belgique,PME,Business,14,59,35,59.3,21,"8,9",26,7,6,0,5,9.5,3,0,3123.39,vert,us-e1,B,,61468
SIM-00329,16/01/2024,mardi,,France,TPE,Business,13,5,2,40.0,1,0.3,26,8,4,3,5,8.4,3,0,173.74,violet,eu-w3,B,,2137
SIM-00330,05 Jan 2025,dimanche, Commerce ,France,TPE,STARTER,1,6,4,66.7,10,3.4,8,3,0,2,1,10.0,5,4,71.83,violet,ap-s1,B,RAS.,1531
SIM-00331,2024-06-26,mercredi,INDUSTRIE,France,PME,business,7,7,2,28.6,1,0.3,26,3,2,5,4,6.7,4,1,226.05 €,clair,eu-w3,B,,2966
SIM-00332,28/07/2024,dimanche,ÉDUCATION,Allemagne,ETI,Enterprise,6,164,76,46.3,15,4.0,40,21,1,1,2,3.9,3,1,15017.55 €,clair,us-e1,control,,726549
SIM-00333,26 Nov 2024,mardi, Tech ,France, PME ,BUSINESS,2,53,38,71.7,36,"16,2",26,3,,3,1,0.5,3,3,2502.32,violet,us-e1,control,,65661
SIM-00334,12/06/2022,dimanche,Finance,France,TPE,Pro,32,11,5,45.5%,7,1.9,16,6,7,22,0,6.7,4,0,"231,55",bleu,us-e1,control,Compte dans la moyenne.,4367
SIM-00335,2023-02-09,jeudi,commerce,Allemagne, TPE ,Pro,24,11,9,"81,8",66,31.6,16,11,1,1,0,6.3,5,0,311.02,bleu,eu-w3,B,Suivi standard.,15557
SIM-00336,13/12/2023,mercredi,ÉDUCATION,France, TPE ,Starter,14,2,1,50.0,5,1.0,8,0,2,5,6,32.2,3,0,23.84,vert,eu-w1,B,,665
SIM-00337,2024-03-28,jeudi,Industrie,Canada,TPE,PRO,10,2,1,"50,0",1,0.3,16,2,1,30,8,21.3,1,2,"38,14",clair,eu-w1,A,"Client insatisfait, risque de départ.",300
SIM-00338,11 Apr 2024,jeudi, Tech ,Espagne, PME ,Enterprise,10,58,0,0.0,0,0.0,40,0,0,38,3,0.5,4,0,3860.23,clair,ap-s1,B,Faible adoption des sièges.,177262
SIM-00339,11/03/2024,lundi,Public,Suisse,ETI,Pro,11,108,68,63.0,46,,16,7,5,1,5,12.9,2,0,2454.05 €,sombre,ap-s1,B,Mécontentement exprimé au support.,30185
SIM-00340,2024-10-10,jeudi,Santé,France,TPE,STARTER,4,8,5,62.5,24,10.3,8,3,3,2,3,22.5,4,1,110.61,sombre,eu-w1,control,,3356
SIM-00341,18 Apr 2023,mardi,FINANCE,France, ETI ,business,22,106,38,"35,8",2,0.1,26,1,0,12,5,"4,5",3,1,"4098,69",bleu,ap-s1,control,Suivi standard.,164685
SIM-00342,2025-01-08,mercredi,Industrie,Belgique,ETI,Business,1,112,83,74.1,33,18.8,26,11,0,1,1,,3,3,4011.37 €,vert,ap-s1,B,,42761
SIM-00343,09 Feb 2024,vendredi,ÉDUCATION,France,ETI,Business,12,82,23,28.0%,3,2.0,26,9,2,1,0,0.5 h,4,1,3534.02,sombre,us-e1,B,Suivi standard.,28979
SIM-00344,09/12/2023,samedi,Finance,France, ETI ,Business,14,69,36,,6,"0,6",26,8,6,1,1,3.8,4,0,2829.17 €,bleu,ap-s1,control,,20879
SIM-00345,15/12/2023,vendredi, Public ,France,PME,STARTER,14,56,28,50.0,18,3.0,8,4,7,0,5,"25,4",,1,568.82 €,vert,ap-s1,control,,10728
SIM-00346,2024-02-01,jeudi,Tech,Allemagne,TPE,starter,12,1,1,100.0%,1,"0,1",8,2,2,30,0,15.1 h,4,1,"11,29",vert,eu-w3,control,Suivi standard.,300
SIM-00347,2023-10-14,samedi,santé,France,PME, Pro ,16,57,38,66.7,31,17.2,16,8,0,0,1,"5,7",5,1,1395.89,clair,us-e1,control,Suivi standard.,29760
SIM-00348,2024-05-04,samedi,Éducation,France,PME,Pro,9,22,14,63.6,23,4.5,16,1,2,2,8,"17,5",1,1,581.57,vert,eu-w3,control,"Client insatisfait, risque de départ.",25752
SIM-00349,29/07/2024,lundi,SANTÉ,Belgique,tpe, Pro ,6,11,6,54.5,17,2.4,16,6,,1,1,9.5,3,0,264.86,clair,eu-w1,control,Suivi standard.,4778
SIM-00350,2024-02-02,vendredi,tech,France,TPE,Starter,12,5,3,"60,0",28,10.5,8,4,1,1,6,31.2,4,0,57.96 €,sombre,us-e1,B,,1473
SIM-00351,30 Aug 2024,vendredi,Finance,France, TPE ,starter,5,6,5,83.3,28,5.0,8,3,1,0,3,"27,5",2,1,,bleu,ap-s1,A,,1381
SIM-00352,04/02/2024,dimanche,Tech,France, TPE ,PRO,12,9,6,66.7,29,"13,6",16,6,2,0,1,9.5,5,1,193.68,clair,ap-s1,A,Compte dans la moyenne.,3653
SIM-00353,10/09/2024,mardi,tech,France,GE,PRO,5,172,0,0.0,0,"0,0",16,0,0,72,0,3.9,5,,4701.92,bleu,eu-w3,control,,115667
SIM-00354,06 Jan 2024,samedi,Public,France,TPE,pro,13,6,0,0.0,0,"0,0",16,0,0,85,5,18.5,2,0,131.88,bleu,us-e1,B,,2163
SIM-00355,01 Apr 2024,lundi,Tech,France,PME,PRO,10,22,3,13.6,1,0.1,16,1,8,6,2,,3,0,583.14 €,violet,eu-w1,B,Déploiement interne limité.,18649
SIM-00356,07 Dec 2023,jeudi,Éducation,France,GE,Pro,14,421,294,69.8,42,33.1,16,6,3,3,0,7.8,4,0,11403.25,violet,ap-s1,B,Client très satisfait et actif.,84156
SIM-00357,15/03/2024,vendredi,Commerce,France,TPE,Business,11,5,1,20.0%,1,"0,4",26,2,2,0,5,7.0,2,0,222.14,clair,eu-w3,control,"Client insatisfait, risque de départ.",3643
SIM-00358,30 Nov 2024,samedi,SANTÉ,France,TPE,STARTER,2,5,4,80.0,85,,8,5,0,1,1,19.2,5,2,62.28,bleu,ap-s1,A,,2043
SIM-00359,2024-02-08,jeudi,Éducation,Espagne,PME,Enterprise,12,10,6,60.0%,13,5.0,40,18,1,0,0,1.3,5,1,666.47,vert,eu-w3,control,,7105
SIM-00360,19 Jul 2023,mercredi,Santé,Allemagne,GE,BUSINESS,19,618,54,8.7%,1,0.1,26,1,2,10,4,"6,1",2,0,24345.66,violet,eu-w1,B,,578940
SIM-00361,24/11/2024,dimanche,TECH,France,tpe, Pro ,2,4,2,"50,0",27,7.7,16,6,0,0,8,19.8 h,1,5,84.45,bleu,us-e1,A,Mécontentement exprimé au support.,554
SIM-00362,2024-09-09,lundi,COMMERCE,France,PME,Starter,5,22,9,40.9,7,"4,3",8,1,2,4,2,17.6,3,0,226.87 €,vert,ap-s1,A,Suivi standard.,10418
SIM-00363,01 Jan 2025,mercredi,Finance,France,tpe,Business,1,3,1,33.3,10,1.3,26,4,0,0,2,3.5 h,4,1,"106,41",bleu,us-e1,A,,436
SIM-00364,11/02/2023,samedi,,France,TPE,Starter,24,6,1,"16,7",1,0.1,8,0,5,8,8,34.5,2,0,68.16,violet,eu-w1,A,Mécontentement exprimé au support.,2012
SIM-00365,02 Jan 2024,mardi,Tech,Allemagne,PME,BUSINESS,13,54,24,"44,4",5,1.4,26,4,4,3,3,"5,1",3,2,2863.66,sombre,eu-w1,B,RAS.,75142
SIM-00366,2023-05-19,vendredi,Finance,Canada,PME,Business,21,33,25,75.8%,67,"70,9",26,10,3,1,0,5.5,5,0,1956.77 €,sombre,eu-w3,control,Client très satisfait et actif.,97878
SIM-00367,27/02/2024,mardi,Commerce,Suisse,TPE, Pro ,11,10,8,,67,41.0,16,9,4,0,0,7.3 h,5,0,"219,21",violet,us-e1,control,Client très satisfait et actif.,4134
SIM-00368,01 May 2024,mercredi,Finance,Allemagne,PME,STARTER,9,34,6,17.6%,3,"0,2",8,3,1,5,0,26.0 h,,1,353.98,violet,eu-w3,B,Déploiement interne limité.,1451
SIM-00369,2023-07-04,mardi,Industrie,France,PME,starter,19,53,34,64.2,8,0.4,8,2,3,5,0,9.8,5,,724.82,violet,us-e1,control,,60624
SIM-00370,10 Jan 2024,mercredi,Public,Espagne, TPE ,Starter,13,11,3,27.3,3,"0,2",8,3,2,6,8,25.9,3,0,93.37,violet,us-e1,A,"Multiples tickets ouverts, friction élevée.",613
SIM-00371,12 Apr 2023,mercredi,Éducation,Allemagne,ETI,Business,22,63,46,73.0,60,,26,13,,2,0,2.6,,0,3398.12 €,sombre,ap-s1,B,"Compte engagé, ambassadeur potentiel.",103099
SIM-00372,27/11/2024,mercredi,FINANCE,Allemagne,TPE,Starter,2,6,1,16.7%,1,0.2,8,3,0,5,4,38.0,2,2,,sombre,eu-w1,A,"Client insatisfait, risque de départ.",302
SIM-00373,2025-01-05,dimanche,commerce,France,PME, Business ,1,50,22,44.0,15,"6,7",26,14,0,6,2,5.7,3,3,2597.99 €,vert,ap-s1,A,,157646
SIM-00374,14 May 2024,mardi,commerce,France,PME,enterprise,9,34,14,41.2%,12,4.6,40,21,2,2,3,4.8,1,1,3015.05,vert,eu-w1,A,"Client insatisfait, risque de départ.",54392
SIM-00375,29/11/2023,mercredi,PUBLIC,France,PME, Starter ,14,23,0,0.0,0,0.0,8,0,0,53,6,"25,9",1,0,,bleu,eu-w3,B,"Client insatisfait, risque de départ.",1205
SIM-00376,26 Aug 2024,lundi, Tech ,France,TPE,Starter,5,8,6,75.0,49,,8,4,0,0,9,41.6,1,0,99.76,clair,eu-w3,B,"Client insatisfait, risque de départ.",1881
SIM-00377,21 Apr 2023,vendredi, Commerce ,Belgique,TPE,Starter,22,10,3,"30,0",10,"6,6",8,4,6,2,2,20.3,4,0,"118,83",sombre,eu-w1,A,"Compte engagé, ambassadeur potentiel.",1364
SIM-00378,04 Nov 2023,samedi,COMMERCE,France,GE,Business,15,559,158,"28,3",15,10.8,26,9,1,1,3,7.7,3,0,24260.32,bleu,eu-w1,A,,139254
SIM-00379,10 Oct 2022,lundi,éducation,Canada,TPE,STARTER,28,5,3,60.0,25,15.7,8,4,9,2,4,22.3,4,0,59.98,violet,us-e1,control,,1082
SIM-00380,15 Apr 2023,samedi,public,France,tpe,Pro,22,4,2,50.0,23,9.4,16,6,8,0,0,10.9 h,4,0,104.05,clair,ap-s1,A,Client très satisfait et actif.,5375
SIM-00381,02/12/2023,samedi,Industrie,Allemagne,ETI,PRO,14,121,98,81.0,71,"9,7",16,8,3,3,3,9.8,3,0,3289.48,bleu,ap-s1,A,Compte dans la moyenne.,37763
SIM-00382,2024-11-05,mardi,Finance,Canada, ETI ,Pro,3,117,13,11.1%,1,0.4,16,5,1,8,3,,3,2,2732.49,sombre,eu-w3,A,Faible adoption des sièges.,33610
SIM-00383,30/01/2024,mardi,Santé,France,eti, Starter ,12,64,37,57.8%,31,15.1,8,4,6,0,4,29.2,2,0,893.18,sombre,us-e1,A,,12451
SIM-00384,06 Aug 2024,mardi,public,France,ETI,Business,6,185,149,80.5,49,22.9,26,12,0,2,3,8.8,3,1,9276.36,vert,us-e1,control,,106493
SIM-00385,03 Apr 2024,mercredi,SANTÉ,France,GE,Enterprise,10,884,126,14.3,3,"0,9",40,13,2,8,3,2.7,3,0,"64379,68",bleu,us-e1,B,,1636531
SIM-00386,28/12/2024,samedi, Finance ,Allemagne,PME,Starter,1,46,33,"71,7",55,"44,9",8,3,0,1,2,,3,0,455.63 €,violet,us-e1,B,,2615
SIM-00387,05/11/2023,dimanche, Public ,,ETI,STARTER,15,141,40,"28,4",1,0.1,8,1,1,4,8,,1,0,1495.41,vert,eu-w3,B,,20846
SIM-00388,08/01/2025,mercredi,Tech,France,TPE,Pro,1,11,8,72.7,72,24.7,16,8,1,3,3,17.0,3,0,261.13,violet,eu-w1,B,Suivi standard.,1927
SIM-00389,23 Dec 2024,lundi,éducation,France,tpe, Pro ,1,10,2,20.0%,1,"0,1",16,0,0,25,2,17.7,1,2,171.02,clair,ap-s1,B,Mécontentement exprimé au support.,701
SIM-00390,2024-03-08,vendredi,Public,Belgique, ETI ,Business,11,206,143,69.4,50,"5,7",26,14,2,0,0,1.4 h,,,9552.76,bleu,ap-s1,control,,234998
SIM-00391,04 Nov 2023,samedi,COMMERCE,France,GE,Business,15,559,158,"28,3",15,10.8,26,9,1,1,3,7.7,3,0,24260.32,bleu,eu-w1,A,,139254
SIM-00392,2023-04-06,jeudi,,Canada, ETI ,Pro,22,164,70,42.7,8,4.1,16,4,4,3,1,10.0,3,0,4656.19,sombre,ap-s1,control,RAS.,458169
SIM-00393,2023-10-10,mardi,Public,France,TPE,Starter,16,11,7,"63,6",24,6.6,8,3,3,3,5,39.5,3,0,156.96,clair,us-e1,A,,3218
SIM-00394,2023-09-04,lundi,Finance,France,pme,PRO,17,53,18,34.0%,1,,16,4,3,10,0,10.2,3,0,1192.93,violet,us-e1,control,RAS.,14673
SIM-00395,11/12/2023,lundi,Industrie,Espagne,TPE, Starter ,14,11,8,,37,"17,9",8,5,1,2,0,21.3 h,3,0,"149,63",violet,eu-w1,A,,3313
SIM-00396,01/06/2024,samedi,Tech,France,PME,Starter,8,52,32,61.5%,21,6.9,8,3,1,0,2,,3,2,511.23,bleu,ap-s1,A,Suivi standard.,2096
SIM-00397,04/02/2024,dimanche,Tech,France, TPE ,PRO,12,9,6,66.7,29,"13,6",16,6,2,0,1,9.5,5,1,193.68,clair,ap-s1,A,Compte dans la moyenne.,3653
SIM-00398,09/12/2022,vendredi, Public ,Canada,ETI,BUSINESS,26,191,49,25.7%,2,1.1,26,3,4,7,2,4.7,3,0,"8170,07",clair,eu-w1,B,,167486
SIM-00399,2023-08-09,mercredi,PUBLIC,France,TPE,Starter,18,7,6,"85,7",68,"12,3",8,4,3,3,0,"12,3",5,0,"92,23",vert,us-e1,A,"Compte engagé, ambassadeur potentiel.",2420
SIM-00400,10/05/2023,mercredi,finance,France,ETI, Business ,21,179,148,,66,"38,2",26,13,5,0,0,"3,4",5,0,7830.91,clair,us-e1,A,"Compte engagé, ambassadeur potentiel.",51371
SIM-00401,2024-12-23,lundi,Commerce,France,TPE,pro,1,5,1,"20,0",1,0.1,16,1,0,2,7,12.6,2,5,113.86,violet,ap-s1,B,Mécontentement exprimé au support.,3081
SIM-00402,2023-09-17,dimanche,Industrie,France,GE, Business ,17,468,50,,1,0.3,26,2,3,20,8,7.9,2,0,19042.01,vert,eu-w1,B,"Client insatisfait, risque de départ.",124916
SIM-00403,05 Jun 2023,lundi,éducation,France,TPE, Business ,20,5,3,60.0,13,4.6,26,2,7,2,1,8.5 h,4,0,202.14,sombre,us-e1,control,,3647
SIM-00404,15 Jan 2024,lundi, Industrie ,France,eti,Pro,13,120,47,39.2,7,0.4,16,5,2,2,1,6.7,4,0,"3262,24",violet,eu-w3,A,,69551
SIM-00405,04/09/2024,mercredi,Éducation,France,eti,Enterprise,5,75,0,0.0,0,"0,0",40,0,0,67,2,4.0,3,0,5592.26 €,clair,ap-s1,control,Usage en forte baisse ce trimestre.,55028
SIM-00406,2024-04-07,dimanche,Commerce,France,PME,Pro,10,12,10,"83,3",63,26.4,16,11,1,0,0,2.3,5,0,336.22,clair,eu-w1,B,,6617
SIM-00407,01 May 2024,mercredi,Éducation,France,TPE,Starter,9,6,3,50.0,20,7.2,8,3,1,2,0,20.8,,3,54.34,violet,us-e1,B,,579
SIM-00408,2024-04-14,dimanche,COMMERCE,France,PME,Starter,10,13,9,69.2,50,12.6,8,4,1,2,0,15.0,5,1,173.99,violet,eu-w3,A,Compte dans la moyenne.,6706
SIM-00409,02/12/2023,samedi,Industrie,Suisse, TPE ,PRO,14,4,1,"25,0",1,0.2,16,0,1,30,1,,2,0,98.14,bleu,eu-w1,control,"Client insatisfait, risque de départ.",1690
SIM-00410,2024-03-13,mercredi,Commerce,France,PME,Pro,11,32,14,43.8,1,0.3,16,7,2,8,3,"13,6",4,0,"781,7",vert,eu-w1,control,,17307
SIM-00411,01 Dec 2024,dimanche,Tech,Canada,pme,Starter,2,19,16,"84,2",67,41.4,8,3,0,1,4,30.8,2,0,217.29,bleu,eu-w3,B,,3564
SIM-00412,2024-01-15,lundi, Éducation ,Espagne,PME,Enterprise,13,47,39,83.0%,61,38.1,40,32,5,0,0,0.5 h,5,0,4087.87,clair,eu-w1,A,,53633
SIM-00413,2024-08-03,samedi,PUBLIC,France,tpe, Starter ,6,2,1,50.0,24,"13,8",8,2,0,1,2,26.0,3,2,21.5,sombre,eu-w1,A,,300
SIM-00414,06/08/2024,mardi,Commerce,Belgique,PME,Pro,6,21,12,57.1,20,,16,6,1,0,0,6.8,5,0,444.51,bleu,ap-s1,control,,5103
SIM-00415,11 Nov 2023,samedi,Commerce,Suisse,PME,Pro,15,37,36,"97,3",75,,16,9,3,1,2,"13,6",4,1,887.36,clair,ap-s1,control,,11642
SIM-00416,11/09/2023,lundi,Finance,Belgique,TPE,Pro,17,9,5,55.6,18,7.9,16,7,5,2,5,16.5,3,,232.08,bleu,eu-w1,control,,1903
SIM-00417,01 Apr 2024,lundi,Tech,France,PME,PRO,10,22,3,13.6,1,0.1,16,1,8,6,2,,3,0,583.14 €,violet,eu-w1,B,Déploiement interne limité.,18649
SIM-00418,22/12/2022,jeudi,SANTÉ,Suisse,TPE,Starter,26,11,7,63.6,22,7.9,8,4,4,0,3,29.8,3,0,"135,74",sombre,ap-s1,A,RAS.,4118
SIM-00419,10/09/2023,dimanche,COMMERCE,France, TPE ,STARTER,17,2,1,50.0%,7,3.8,8,2,6,3,4,27.0,4,0,23.23,sombre,eu-w3,A,"Compte engagé, ambassadeur potentiel.",381
SIM-00420,31/07/2024,mercredi,FINANCE,France,tpe, Starter ,6,5,1,"20,0",2,0.1,8,1,1,16,5,40.1,1,0,46.86,sombre,eu-w1,B,"Client insatisfait, risque de départ.",538
SIM-00421,31 Oct 2024,jeudi,santé,France,ETI,Business,3,206,152,"73,8",26,9.5,26,12,0,0,3,6.1,4,1,9583.21,vert,eu-w3,A,,125732
SIM-00422,06 Apr 2024,samedi,Tech,Canada, ETI ,Enterprise,10,68,57,83.8,46,"40,6",40,21,1,2,1,0.5,4,0,"4974,21",clair,eu-w3,A,,110129
SIM-00423,29 Dec 2024,dimanche,Commerce,France,TPE,Pro,1,11,9,81.8,45,29.9,16,11,0,0,1,0.5,5,3,315.55 €,vert,us-e1,B,RAS.,3105
SIM-00424,13/03/2023,lundi,public,France,PME,Pro,23,55,11,20.0,1,0.3,16,4,4,8,1,8.3,3,0,1095.26 €,violet,ap-s1,control,,20657
SIM-00425,03 Aug 2024,samedi,Tech,France,PME,Starter,6,42,22,52.4,20,9.8,8,2,3,0,2,"28,4",3,1,516.96,clair,eu-w1,A,,9326
SIM-00426,2023-09-14,jeudi,Tech,France,TPE,Starter,17,1,1,100.0,16,6.1,8,2,4,4,4,21.7,4,0,10.88,bleu,us-e1,control,Client très satisfait et actif.,300
SIM-00427,2023-06-13,mardi,INDUSTRIE,France,ETI,Business,20,198,167,84.3,74,26.3,26,17,3,0,3,7.4,3,0,10604.98,violet,us-e1,B,Compte dans la moyenne.,669598
SIM-00428,2023-09-18,lundi,Santé,Allemagne,PME,PRO,17,49,26,53.1,16,"2,5",16,6,5,2,5,15.9 h,3,0,1235.45,clair,eu-w3,B,,7091
SIM-00429,2023-03-19,dimanche, Santé ,Espagne, TPE ,Starter,23,9,0,0.0,0,"0,0",8,0,0,62,5,34.7,3,0,106.41,sombre,eu-w3,control,Usage en forte baisse ce trimestre.,1309
SIM-00430,04/08/2023,vendredi,FINANCE,Belgique,PME,Pro,18,55,26,"47,3",8,"3,1",16,5,2,3,3,12.1,3,0,1577.67 €,bleu,eu-w1,A,,24580
SIM-00431,02/01/2025,jeudi,COMMERCE,France,TPE,starter,1,8,4,50.0,23,14.6,8,3,0,0,0,"20,9",4,0,94.12,clair,us-e1,B,,1389
SIM-00432,19/07/2023,mercredi,,Belgique,TPE,Business,19,4,1,25.0,5,0.5,26,6,5,4,1,,5,0,191.04,violet,us-e1,A,"Compte engagé, ambassadeur potentiel.",9869
SIM-00433,2024-10-30,mercredi,Finance,Belgique,ETI, Business ,3,174,80,46.0,7,3.5,26,8,1,2,1,3.3,3,,7302.94,bleu,us-e1,control,,161687
SIM-00434,04/09/2024,mercredi,Tech,France,ETI,Pro,5,193,143,74.1,52,28.6,16,6,0,1,2,12.8,3,0,"5228,1",violet,eu-w3,A,RAS.,98602
SIM-00435,01 May 2024,mercredi,Éducation,France,TPE,Starter,9,6,3,50.0,20,7.2,8,3,1,2,0,20.8,,3,54.34,violet,us-e1,B,,579
SIM-00436,29/02/2024,jeudi, Commerce ,France,pme, Pro ,11,55,20,"36,4",3,1.2,16,2,2,26,0,"10,6",3,1,1458.76,violet,eu-w1,control,,13158
SIM-00437,2024-01-12,vendredi,santé,France,TPE,Starter,13,11,5,45.5,8,1.3,8,3,2,8,0,"0,5",5,0,132.51 €,bleu,eu-w3,A,RAS.,1521
SIM-00438,31 Oct 2024,jeudi,santé,France,ETI,Business,3,206,152,"73,8",26,9.5,26,12,0,0,3,6.1,4,1,9583.21,vert,eu-w3,A,,125732
SIM-00439,08/01/2025,mercredi,Éducation,France,tpe,Starter,1,6,2,33.3%,18,6.8,8,3,0,2,2,28.0 h,3,3,64.11 €,clair,eu-w1,control,Compte dans la moyenne.,736
SIM-00440,11/07/2024,jeudi,Finance,France,PME,Pro,7,38,25,"65,8",24,22.5,16,6,1,3,8,14.4,2,0,1002.48 €,bleu,ap-s1,control,,37814
SIM-00441,23/12/2024,lundi,,France,pme,Business,1,32,12,37.5,1,0.1,26,9,0,30,2,,2,3,1591.43,vert,eu-w1,A,Mécontentement exprimé au support.,27404
SIM-00442,2023-11-30,jeudi,santé,Suisse, TPE ,Starter,14,9,6,66.7%,30,2.5,8,3,4,0,2,21.7,5,0,99.41,bleu,us-e1,B,"Compte engagé, ambassadeur potentiel.",2690
SIM-00443,2023-03-18,samedi,COMMERCE,Suisse,TPE,Starter,23,5,4,80.0,72,,8,5,3,1,0,7.6,5,0,"65,3",bleu,ap-s1,A,,2302
SIM-00444,07/07/2024,dimanche,Commerce,France,ETI,Pro,7,167,118,70.7,50,20.1,16,10,4,1,1,"14,4",5,0,4674.21,sombre,ap-s1,A,"Compte engagé, ambassadeur potentiel.",279798
SIM-00445,2023-04-08,samedi,Éducation,Espagne,PME, Pro ,22,11,1,9.1%,1,"0,3",16,2,4,5,5,10.2 h,3,0,223.03,vert,ap-s1,control,,2743
SIM-00446,14 Jan 2024,dimanche,Commerce,France,PME, Pro ,13,57,14,24.6,9,2.7,16,4,3,3,0,1.7,5,,,bleu,us-e1,control,,36602
SIM-00447,09 Oct 2023,lundi,ÉDUCATION,France, PME ,Business,16,58,30,51.7,26,14.8,26,6,3,1,5,9.3,3,0,2905.7,clair,us-e1,control,RAS.,88159
SIM-00448,05/12/2023,mardi, Finance ,France,PME,PRO,14,55,47,85.5%,39,15.8,16,5,3,0,0,7.8,4,0,"1322,53",clair,ap-s1,control,"Compte engagé, ambassadeur potentiel.",13014
SIM-00449,31/08/2024,samedi,Industrie,France,PME, Business ,5,48,17,35.4%,1,"0,2",26,6,1,0,1,2.4 h,3,0,2222.23,clair,eu-w1,control,,76534
SIM-00450,29/01/2024,lundi,,Belgique, PME ,Starter,12,31,16,51.6,28,"13,0",8,4,2,1,0,15.0,3,1,402.18 €,bleu,eu-w3,control,,5606
SIM-00451,07/06/2024,vendredi,,Espagne,PME,BUSINESS,8,57,29,50.9,5,"1,6",26,5,1,2,3,7.9,4,2,2451.54,violet,ap-s1,B,Compte dans la moyenne.,46236
SIM-00452,08/12/2023,vendredi,Tech,France, PME , Pro ,14,14,10,71.4,37,"11,1",16,6,3,0,1,9.4 h,3,0,"287,54",bleu,ap-s1,B,,1415
SIM-00453,2024-01-01,lundi,éducation,France,TPE,STARTER,13,7,1,,5,1.7,8,2,3,2,9,50.5,1,0,87.53,bleu,eu-w1,control,,2225
SIM-00454,14 Sep 2023,jeudi,Public,France,pme,Business,17,56,0,0.0,0,"0,0",26,0,0,58,2,5.3,2,0,"2318,13",vert,ap-s1,A,,17108
SIM-00455,2024-04-09,mardi,commerce,,PME,Enterprise,10,9,5,55.6%,42,33.3,40,29,3,1,8,3.1,2,0,612.39,clair,eu-w3,A,"Client insatisfait, risque de départ.",8537
SIM-00456,01 Oct 2023,dimanche,Tech,France,PME,Pro,16,49,0,0.0,0,0.0,16,0,0,45,1,13.2 h,,0,918.34,vert,ap-s1,A,Déploiement interne limité.,18073
SIM-00457,12 Jan 2024,vendredi, Éducation ,Espagne,TPE, Starter ,13,5,3,"60,0",30,32.0,8,3,3,0,0,"20,7",5,0,72.76,vert,ap-s1,A,Client très satisfait et actif.,4176
SIM-00458,05 Feb 2024,lundi,Tech,Canada, TPE ,Starter,12,4,2,50.0%,11,5.8,8,4,2,3,2,16.7 h,5,0,44.24,bleu,us-e1,B,RAS.,1161
SIM-00459,03 Apr 2024,mercredi,TECH,France, PME ,starter,10,15,13,86.7,57,"42,4",8,3,1,8,1,26.4,3,,"186,25",violet,ap-s1,A,Suivi standard.,1833
SIM-00460,06 Sep 2023,mercredi, Tech ,Allemagne,ETI,PRO,17,43,30,69.8,65,24.0,16,8,3,3,2,9.4,4,0,"1203,99",clair,ap-s1,A,,25669
SIM-00461,2024-03-31,dimanche,TECH,France,eti,pro,10,147,49,"33,3",13,"2,2",16,4,4,1,1,11.5,3,1,4382.02 €,clair,eu-w1,control,RAS.,197629
SIM-00462,2024-09-08,dimanche,Tech,France,pme,pro,5,44,24,54.5%,32,"13,8",16,6,0,2,7,,4,,875.41,vert,ap-s1,A,Support très sollicité récemment.,7896
SIM-00463,2024-05-15,mercredi,tech,Allemagne,tpe, Starter ,9,7,2,"28,6",7,1.2,8,3,1,2,2,32.7,2,1,66.76,clair,ap-s1,A,,1150
SIM-00464,02/10/2024,mercredi,Tech,France,PME,Business,4,25,20,80.0,42,38.2,26,21,3,1,5,8.2,2,1,1097.24,vert,us-e1,A,,22493
SIM-00465,15/07/2023,samedi,éducation,Canada, PME ,PRO,19,52,41,78.8,46,24.3,16,7,,0,5,14.5,3,0,1499.72,bleu,us-e1,A,RAS.,19676
SIM-00466,06 Oct 2024,dimanche,commerce,France, PME ,STARTER,4,17,8,47.1,21,,8,3,2,1,0,21.9,3,0,"223,48",violet,eu-w1,B,,2199
SIM-00467,2024-09-01,dimanche,industrie,France,eti, Business ,5,118,104,88.1,68,20.8,26,17,1,0,0,0.5,4,0,5317.55,bleu,eu-w3,A,,61045
SIM-00468,12/08/2024,lundi,Finance,Canada, GE , Enterprise ,6,743,354,,26,"13,1",40,20,2,0,2,,4,0,58679.76,violet,ap-s1,control,,1202935
SIM-00469,10 Aug 2024,samedi,Finance,France,ETI,Business,6,107,81,75.7,80,35.2,26,9,1,0,9,"10,3",3,2,"4594,49",violet,eu-w1,A,,48977
SIM-00470,11 May 2023,jeudi,industrie,France,pme,Pro,21,50,14,"28,0",1,0.4,16,7,4,6,0,"11,4",3,0,1102.76 €,sombre,eu-w1,A,,42500
SIM-00471,2023-01-14,samedi,Commerce,France,PME,Business,25,36,10,27.8,11,5.6,26,5,8,4,0,7.2,4,0,1634.1,bleu,eu-w1,A,,41539
SIM-00472,09/04/2023,dimanche,éducation,Belgique,GE, Business ,22,531,0,"0,0",0,,26,0,0,45,0,0.5,4,0,"27250,96",bleu,us-e1,B,Déploiement interne limité.,469262
SIM-00473,02 Jan 2025,jeudi,industrie,Suisse,TPE, Starter ,1,9,7,77.8,44,,8,4,0,1,5,28.8,4,0,"114,61",bleu,ap-s1,B,Suivi standard.,2068
SIM-00474,2025-01-04,samedi,Industrie,Suisse,PME,Starter,1,55,44,"80,0",73,"35,3",8,5,0,1,3,25.2,,4,678.82,bleu,eu-w1,control,Compte dans la moyenne.,30058
SIM-00475,14 Mar 2024,jeudi,Finance,Allemagne,ETI,Enterprise,11,49,10,20.4,4,1.9,40,7,2,2,2,"0,5",5,0,3421.0,bleu,eu-w3,control,,44884
SIM-00476,31/12/2024,mardi,SANTÉ,Allemagne,ETI,Pro,1,80,43,53.8%,17,11.6,16,8,,0,0,"5,0",5,3,"1620,32",bleu,eu-w3,control,Compte dans la moyenne.,14615
SIM-00477,26 Dec 2024,jeudi,éducation,Allemagne,TPE,Starter,1,9,7,77.8,45,15.9,8,2,0,0,5,"26,8",4,0,109.08,vert,us-e1,A,Suivi standard.,2415
SIM-00478,25 Sep 2024,mercredi,Santé,Suisse,GE,BUSINESS,4,727,76,10.5,1,0.1,26,8,0,14,0,4.6,3,2,"31870,33",vert,eu-w3,control,,444272
SIM-00479,27/04/2024,samedi,Tech,France,PME,business,9,11,3,27.3%,7,"2,7",26,1,0,2,0,"4,7",5,,468.37 €,vert,us-e1,B,,16131
SIM-00480,24 Dec 2024,mardi,éducation,France, TPE ,PRO,1,11,9,81.8,60,"37,6",16,9,0,1,2,"20,9",3,2,"316,21",sombre,us-e1,A,,5445
SIM-00481,17/10/2023,mardi,Finance,Espagne,tpe,starter,16,2,1,50.0,17,,8,1,2,0,0,24.8 h,3,0,"30,93",clair,eu-w1,control,,1978
SIM-00482,17/06/2023,samedi,TECH,France,PME,Pro,20,41,4,9.8,1,,16,1,6,5,0,1.1,5,0,1051.68,bleu,eu-w1,A,,37082
SIM-00483,05 Mar 2024,mardi,Éducation,France,PME, Pro ,11,32,18,56.2,28,8.9,16,5,1,1,7,"18,8",2,1,959.06,bleu,eu-w3,B,"Client insatisfait, risque de départ.",36962
SIM-00484,2024-07-08,lundi,,Allemagne,ETI,PRO,7,118,72,"61,0",33,"23,6",16,6,0,1,5,20.0,3,0,"2270,15",bleu,ap-s1,B,,14892
SIM-00485,2024-06-28,vendredi, Commerce ,France,PME,BUSINESS,7,10,5,50.0,31,"8,1",26,14,5,0,6,"7,4",2,1,373.4 €,clair,eu-w1,A,,2450
SIM-00486,09/11/2023,jeudi,Industrie,,ETI,Business,15,123,87,"70,7",72,"61,8",26,15,3,3,1,5.4,4,0,"6109,65",bleu,ap-s1,A,,601190
SIM-00487,02 May 2024,jeudi,,Canada,PME,pro,9,35,20,57.1,14,7.8,16,3,3,2,3,14.4,,0,"808,2",bleu,eu-w1,B,,21870
SIM-00488,26 Jun 2024,mercredi,Commerce,Canada,TPE, Starter ,7,6,2,"33,3",1,0.1,8,2,2,2,2,23.8,4,0,"60,78",vert,ap-s1,B,Suivi standard.,399
SIM-00489,09 Jan 2025,jeudi,Industrie,France, PME ,Starter,1,57,19,33.3,5,"2,2",8,1,0,0,1,16.1,4,4,520.99 €,vert,eu-w1,A,RAS.,2990
SIM-00490,13/12/2023,mercredi,éducation,France, PME ,Business,14,15,13,86.7,46,"38,4",26,14,0,1,0,"3,0",4,0,674.29,clair,us-e1,control,,12717
SIM-00491,06/09/2024,vendredi,Industrie,France,PME, Pro ,5,38,17,44.7,5,2.1,16,4,0,1,0,,5,1,840.04,bleu,ap-s1,control,,7577
SIM-00492,04/08/2024,dimanche, Éducation ,France,pme,pro,6,7,6,85.7,77,42.7,16,12,2,3,0,9.4,5,2,"184,56",sombre,eu-w1,A,,6054
SIM-00493,10 May 2024,vendredi,Public,Canada, TPE ,Pro,9,7,2,28.6%,1,,16,4,1,30,0,4.1,5,2,,sombre,us-e1,control,,3099
SIM-00494,2024-01-05,vendredi,Industrie,Belgique,ETI, Pro ,13,109,69,63.3,40,26.0,16,7,1,0,6,"11,9",4,0,2291.56,clair,eu-w1,B,,7516
SIM-00495,11 Nov 2024,lundi,Tech,Canada,ETI,Pro,3,102,51,"50,0",21,8.3,16,3,0,0,1,6.3,5,0,2618.18,sombre,eu-w3,control,,17175
SIM-00496,2024-01-16,mardi,Industrie,Belgique,ETI,business,13,58,21,36.2,8,2.7,26,12,4,1,0,0.5,5,0,2695.96,sombre,ap-s1,control,,42003
SIM-00497,08 Oct 2024,mardi,Commerce,France,TPE,Starter,4,2,0,0.0%,0,"0,0",8,0,0,68,3,16.9 h,3,0,16.99,sombre,ap-s1,A,Usage en forte baisse ce trimestre.,300
SIM-00498,28 Mar 2024,jeudi,,Canada, PME , Pro ,10,57,39,"68,4",46,"16,8",16,7,1,0,3,18.8,1,2,1602.32,clair,eu-w3,control,,48614
SIM-00499,02 Jun 2024,dimanche,Finance,France, ETI ,Enterprise,8,34,24,70.6,33,20.4,40,24,2,0,0,0.5,5,2,"2627,51",clair,eu-w3,A,,36627
SIM-00500,2024-11-23,samedi,Finance,France,TPE,Pro,2,10,5,50.0,28,,16,7,1,0,2,"10,7",5,0,282.44,sombre,ap-s1,B,Compte dans la moyenne.,7411
SIM-00501,2024-03-16,samedi, Industrie ,Suisse,ETI,Business,11,185,101,54.6,13,4.6,26,6,2,4,0,5.8,5,0,9909.16,bleu,eu-w3,A,RAS.,130008
SIM-00502,31 Jul 2024,mercredi,COMMERCE,France,PME,Enterprise,6,19,7,"36,8",11,"3,9",40,15,1,1,3,1.3,3,,,violet,ap-s1,control,Compte dans la moyenne.,6869
SIM-00503,08 Sep 2023,vendredi,Tech,Belgique,TPE,BUSINESS,17,1,1,,45,25.6,26,13,2,1,2,7.7 h,3,0,52.78,clair,us-e1,B,,2510
SIM-00504,2023-12-01,vendredi,Public,Espagne,ETI,business,14,104,0,0.0%,0,0.0,26,0,0,61,2,4.5,4,0,"5660,09",bleu,us-e1,A,Usage en forte baisse ce trimestre.,357378
SIM-00505,13 Jun 2024,jeudi,santé,France,TPE,starter,8,5,4,80.0,69,30.4,8,3,2,2,1,21.5,4,1,70.63,clair,eu-w1,B,Suivi standard.,3301
SIM-00506,12/10/2024,samedi,Public,Espagne,PME,PRO,4,16,7,"43,8",22,12.3,16,5,0,1,1,12.3,3,0,406.06,violet,us-e1,B,Compte dans la moyenne.,12986
SIM-00507,2024-12-26,jeudi,Finance,Suisse,ETI,pro,1,102,14,,1,"0,1",16,2,0,18,2,8.8,3,1,2242.92,sombre,ap-s1,control,Faible adoption des sièges.,31266
SIM-00508,2024-05-27,lundi,Tech,,TPE,Enterprise,8,3,1,33.3,20,"9,7",40,23,1,0,6,0.5,2,0,219.52 €,bleu,us-e1,B,"Client insatisfait, risque de départ.",4140
SIM-00509,2023-03-17,vendredi,finance,France,PME,Pro,23,20,6,30.0,1,0.2,16,4,5,11,2,"14,4",2,0,470.0,bleu,us-e1,A,,9635
SIM-00510,14 Apr 2024,dimanche,finance,Suisse,PME,Starter,10,6,5,83.3,81,"23,2",8,4,2,0,0,15.6,5,0,68.8,vert,eu-w1,control,,508
SIM-00511,2023-10-11,mercredi,Tech,Allemagne,PME,PRO,16,51,16,31.4,14,4.7,16,5,2,0,5,"11,3",2,0,1412.86 €,violet,eu-w1,A,Mécontentement exprimé au support.,12744
SIM-00512,08 May 2024,mercredi,Finance,France,PME, Starter ,9,41,20,48.8,9,4.0,8,3,1,4,9,35.2,2,0,"595,5",vert,eu-w1,control,,6348
SIM-00513,03 Apr 2024,mercredi,TECH,France, PME ,starter,10,15,13,86.7,57,"42,4",8,3,1,8,1,26.4,3,,"186,25",violet,ap-s1,A,Suivi standard.,1833
SIM-00514,2024-05-14,mardi,commerce,Allemagne,PME,Enterprise,9,29,9,31.0,8,1.0,40,11,5,1,10,4.0,,1,2465.35,violet,eu-w1,A,"Multiples tickets ouverts, friction élevée.",22237
SIM-00515,09/05/2024,jeudi,Industrie,Allemagne,PME,business,9,46,18,39.1,1,0.5,26,6,3,2,3,12.8,2,0,2015.48,bleu,ap-s1,control,Mécontentement exprimé au support.,56192
SIM-00516,26 Nov 2024,mardi,Tech,France,ETI,business,2,210,158,,47,"38,1",26,11,0,0,2,5.0,2,1,10327.23,violet,ap-s1,A,,143962
SIM-00517,10/07/2024,mercredi,Santé,France,TPE,STARTER,7,2,1,50.0,12,8.6,8,3,2,10,1,15.7,4,0,21.89,violet,ap-s1,B,,413
SIM-00518,06/04/2024,samedi,Éducation,Allemagne,TPE,PRO,10,9,4,"44,4",9,1.0,16,3,2,1,1,"6,8",4,1,"279,32",sombre,eu-w3,control,,6184
SIM-00519,24/11/2024,dimanche,,Allemagne,TPE,Pro,2,11,6,54.5,25,18.2,16,8,2,1,2,"14,4",3,3,"279,56",bleu,eu-w1,control,,2063
SIM-00520,2024-08-12,lundi,Éducation,Suisse,TPE,Starter,6,10,4,40.0,9,1.5,8,2,2,2,7,42.2,2,1,"125,15",clair,ap-s1,control,,1642
SIM-00521,31/12/2023,dimanche,Industrie,France,PME,Business,13,12,6,50.0,22,"14,5",26,11,1,3,1,8.6,2,0,566.73,sombre,eu-w3,A,,37642
SIM-00522,2023-07-20,jeudi,TECH,Allemagne, ETI , Business ,19,175,111,63.4,9,"0,8",26,7,1,4,1,0.6,4,0,8134.88,bleu,eu-w1,control,,333530
SIM-00523,13 Aug 2024,mardi,Éducation,Suisse,ETI,business,6,104,22,21.2,2,"1,0",26,8,0,7,5,7.6,2,1,4830.22,violet,us-e1,control,,79216
SIM-00524,05/07/2023,mercredi,,France,TPE,Starter,19,4,3,75.0,30,"8,5",8,1,3,1,2,19.1,5,0,46.24,sombre,eu-w1,control,Client très satisfait et actif.,1175
SIM-00525,03/01/2024,mercredi,éducation,,GE, Enterprise ,13,329,259,78.7,69,33.7,40,23,2,0,1,1.2,4,0,29499.5,sombre,us-e1,B,,169327
SIM-00526,10/05/2023,mercredi,finance,France,ETI, Business ,21,179,148,,66,"38,2",26,13,5,0,0,"3,4",5,0,7830.91,clair,us-e1,A,"Compte engagé, ambassadeur potentiel.",51371
SIM-00527,27 Jul 2024,samedi,commerce,Canada,TPE,Starter,6,3,2,66.7,33,12.7,8,4,2,1,4,25.4,4,3,41.61,violet,eu-w1,control,,1433
SIM-00528,2024-04-14,dimanche,COMMERCE,France,PME,Starter,10,13,9,69.2,50,12.6,8,4,1,2,0,15.0,5,1,173.99,violet,eu-w3,A,Compte dans la moyenne.,6706
SIM-00529,2023-08-03,jeudi,PUBLIC,France,ETI, Pro ,18,76,45,59.2,15,5.5,16,4,3,8,3,15.7 h,3,0,2080.96,clair,us-e1,A,Compte dans la moyenne.,32421
SIM-00530,29/03/2024,vendredi,Tech,France,pme,business,10,19,6,31.6,11,3.4,26,8,1,4,6,"8,0",2,2,870.46,bleu,ap-s1,A,,8565
SIM-00531,07/12/2023,jeudi,Santé,France,PME,Pro,14,49,19,38.8%,16,3.6,16,6,4,6,8,19.1,1,0,1485.17,clair,eu-w3,B,Mécontentement exprimé au support.,64545
SIM-00532,2023-12-12,mardi,industrie,France,GE,BUSINESS,14,882,635,72.0,44,"26,2",26,16,3,0,2,6.0,4,0,49788.0,vert,us-e1,B,,489914
SIM-00533,2024-01-01,lundi,Finance,France,TPE,Pro,13,1,1,"100,0",21,"4,6",16,4,4,4,1,8.9,3,0,21.56,bleu,ap-s1,A,,300
SIM-00534,02/01/2025,jeudi,Tech,France,pme,STARTER,1,17,6,35.3,6,"2,7",8,1,,3,1,23.4,3,2,"162,91",violet,eu-w1,A,RAS.,935
SIM-00535,16/11/2023,jeudi,commerce,Belgique,PME,pro,15,22,9,40.9,14,"8,0",16,3,1,1,2,16.3,3,0,460.82,sombre,eu-w3,B,,9825
SIM-00536,31/12/2024,mardi,Commerce,France, TPE ,enterprise,1,4,3,75.0,44,"19,4",40,13,0,1,2,5.4,3,0,,violet,eu-w3,A,,7395
SIM-00537,08 Feb 2024,jeudi,TECH,France,TPE,STARTER,12,1,1,,99,"58,0",8,4,2,1,7,27.0 h,2,0,10.61,clair,eu-w1,A,"Client insatisfait, risque de départ.",300
SIM-00538,2024-07-31,mercredi, Santé ,France,PME,Business,6,38,0,0.0,0,0.0,26,0,0,89,0,"0,8",5,0,1558.43,bleu,eu-w1,control,,24280
SIM-00539,2023-11-29,mercredi,Finance,France,ETI,Pro,14,72,66,91.7%,111,109.2,16,8,3,1,1,11.5 h,5,0,2104.31,sombre,eu-w3,B,Client très satisfait et actif.,81100
SIM-00540,29 Nov 2024,vendredi,Tech,France,PME, Starter ,2,8,8,100.0,117,"97,6",8,6,0,1,6,41.2,3,2,105.88 €,bleu,eu-w3,control,RAS.,3386
SIM-00541,06 Jan 2025,lundi,FINANCE,France,TPE,PRO,1,11,6,54.5,34,27.7,16,8,0,1,4,12.1,5,1,229.37,sombre,eu-w1,B,Suivi standard.,2633
SIM-00542,09/01/2025,jeudi,FINANCE,, PME ,Business,1,23,6,26.1,1,0.1,26,5,0,3,4,8.2,2,2,"1055,66",vert,eu-w3,B,Mécontentement exprimé au support.,23372
SIM-00543,2023-09-06,mercredi,,France,pme, Business ,17,46,30,65.2%,30,10.4,26,10,7,0,0,8.5 h,3,0,2236.84,bleu,eu-w3,A,,78871
SIM-00544,2024-07-05,vendredi,Commerce,Espagne,PME,Business,7,57,41,"71,9",23,15.6,26,5,1,1,0,3.7 h,5,0,2466.12,sombre,eu-w1,control,,16178
SIM-00545,03 Apr 2024,mercredi,COMMERCE,France,TPE,starter,10,10,3,30.0,9,4.0,8,2,1,3,9,50.6,2,1,92.85,vert,eu-w3,B,"Client insatisfait, risque de départ.",381
SIM-00546,08/09/2024,dimanche,Éducation,Canada,TPE,Starter,5,6,3,50.0,19,"12,8",8,2,2,3,0,15.4,4,,74.68,violet,ap-s1,A,RAS.,4593
SIM-00547,25 Aug 2024,dimanche,Commerce,Allemagne,TPE,starter,5,1,1,100.0,52,21.4,8,3,1,1,2,23.3 h,4,0,12.89,vert,eu-w3,B,,433
SIM-00548,09 Jun 2023,vendredi,COMMERCE,France, PME ,Business,20,51,27,52.9%,25,4.0,26,10,5,1,2,"3,2",4,0,2307.47,vert,us-e1,control,,24598
SIM-00549,30 Mar 2024,samedi, Santé ,France,eti, Enterprise ,10,125,69,55.2%,16,"9,0",40,20,2,3,0,0.5,5,0,9433.05,bleu,eu-w3,A,RAS.,92821
SIM-00550,06 Mar 2024,mercredi,Commerce,, PME ,Business,11,40,16,40.0,6,"2,9",26,8,2,1,1,4.5 h,2,0,2047.97 €,sombre,eu-w1,B,,82287
SIM-00551,28 Jun 2024,vendredi,Commerce,France,GE, Enterprise ,7,628,145,23.1,1,0.5,40,5,0,14,0,,3,0,37769.54,violet,ap-s1,B,Déploiement interne limité.,371652
SIM-00552,2024-11-02,samedi, Santé ,France,TPE,Pro,3,11,2,18.2,1,"0,5",16,0,0,4,3,13.0,2,3,211.98,sombre,ap-s1,A,,3476
SIM-00553,2025-01-08,mercredi,finance,Espagne,PME,Pro,1,21,9,"42,9",14,8.4,16,4,0,4,3,"14,2",3,,556.68,sombre,us-e1,control,,11868
SIM-00554,04 Jan 2025,samedi,Éducation,France,PME,Business,1,28,2,7.1,1,0.2,26,2,0,7,0,3.1,3,0,"1246,53",bleu,us-e1,B,,22487
SIM-00555,25 Dec 2024,mercredi,Santé,France,PME, Pro ,1,34,12,35.3%,1,0.3,16,4,0,19,6,16.8,4,1,"647,44",clair,eu-w1,A,,5840
SIM-00556,02/06/2024,dimanche,Santé,France,TPE,starter,8,2,1,50.0%,6,1.3,8,1,1,0,5,21.1 h,5,0,27.62,clair,eu-w1,B,,544
SIM-00557,07/01/2025,mardi,Éducation,,tpe, Business ,1,3,1,33.3,8,5.6,26,9,0,6,0,"2,5",5,4,"106,85",violet,eu-w1,B,Suivi standard.,701
SIM-00558,04 Mar 2023,samedi,Tech,France,tpe,Pro,23,10,9,"90,0",90,85.4,16,9,8,4,2,14.4,4,0,307.81,clair,eu-w1,B,,7825
SIM-00559,07 Jan 2025,mardi,Finance,France,pme,pro,1,46,32,69.6,43,29.7,16,9,0,2,2,,3,0,"1081,92",clair,us-e1,control,,7985
SIM-00560,06 Jan 2025,lundi, Commerce ,France,ETI,Enterprise,1,120,75,62.5,37,26.6,40,24,0,0,2,2.6 h,4,2,"9056,13",sombre,us-e1,B,,163373
SIM-00561,02/04/2024,mardi,santé,,PME,Pro,10,48,14,29.2%,5,0.9,16,3,2,2,2,11.5 h,3,0,1242.47,clair,us-e1,A,RAS.,27508
SIM-00562,2025-01-02,jeudi,Public,Espagne, ETI ,BUSINESS,1,106,44,41.5%,2,"1,3",26,7,0,3,0,3.2 h,5,2,4619.29,vert,eu-w3,control,,75756
SIM-00563,2024-05-29,mercredi,Industrie,France,PME,Pro,8,32,9,28.1%,6,,16,6,2,2,0,5.8,4,1,"1025,05",clair,ap-s1,A,Suivi standard.,71446
SIM-00564,10 Aug 2024,samedi,Finance,France,ETI,Business,6,107,81,75.7,80,35.2,26,9,1,0,9,"10,3",3,2,"4594,49",violet,eu-w1,A,,48977
SIM-00565,07/12/2024,samedi,tech,France,PME,Pro,2,33,13,39.4%,13,6.3,16,4,0,1,5,23.4,2,1,942.04,vert,eu-w3,A,"Client insatisfait, risque de départ.",40941
SIM-00566,19 May 2023,vendredi,Santé,Canada,ETI,enterprise,21,115,78,67.8,39,16.7,40,23,6,0,0,1.3,,0,"8651,89",vert,us-e1,A,,262498
SIM-00567,07 Sep 2023,jeudi,Commerce,France,PME,Pro,17,17,3,17.6,3,0.4,16,2,6,5,1,4.8,5,0,381.4,vert,eu-w3,A,,6568
SIM-00568,2023-12-13,mercredi,Éducation,France,pme,Business,14,12,6,50.0%,23,,26,6,2,3,6,5.2,3,0,687.56,violet,us-e1,A,,15223
SIM-00569,2024-10-24,jeudi,Tech,France,PME,Business,3,59,21,35.6,18,15.9,26,7,0,1,2,7.9,,0,2476.88,bleu,eu-w1,control,Compte dans la moyenne.,16248
SIM-00570,16/10/2023,lundi,SANTÉ,France,ETI,Pro,16,45,14,31.1%,16,,16,6,6,2,0,9.7,4,0,1055.9,bleu,ap-s1,control,"Compte engagé, ambassadeur potentiel.",11256
SIM-00571,13 Apr 2024,samedi,FINANCE,France,pme,Starter,10,51,30,"58,8",27,,8,2,2,1,4,,2,0,612.29,sombre,ap-s1,B,,10042
SIM-00572,2024-09-02,lundi,santé,Suisse, PME ,Pro,5,37,29,"78,4",58,,16,8,1,3,10,,3,4,977.34 €,violet,eu-w1,A,Support très sollicité récemment.,22440
SIM-00573,11/03/2024,lundi,Tech,Suisse,GE,ENTERPRISE,11,390,226,57.9,30,5.7,40,18,3,2,0,4.1,4,0,27521.69 €,violet,eu-w3,A,,744737
SIM-00574,2024-10-11,vendredi,Tech,France,PME,Pro,4,39,29,74.4,46,6.1,16,7,1,0,0,,,0,918.91 €,bleu,us-e1,A,,4521
SIM-00575,08/08/2024,jeudi,Tech,,TPE,Pro,6,7,4,57.1%,10,6.4,16,7,4,4,2,14.2,,2,"169,59",sombre,eu-w3,A,Mécontentement exprimé au support.,4589
SIM-00576,14 May 2024,mardi,commerce,France,PME,enterprise,9,34,14,41.2%,12,4.6,40,21,2,2,3,4.8,1,1,3015.05,vert,eu-w1,A,"Client insatisfait, risque de départ.",54392
SIM-00577,12/05/2024,dimanche,COMMERCE,France,PME, Pro ,9,38,31,81.6,79,75.6,16,6,2,0,0,"8,5",5,1,1121.66,sombre,eu-w3,control,,34031
SIM-00578,12/02/2024,lundi,COMMERCE,Allemagne, PME ,Pro,12,12,8,66.7%,40,"30,5",16,11,1,1,3,15.7,,0,,bleu,eu-w3,control,,7363
SIM-00579,11/02/2023,samedi,,France,TPE,Starter,24,6,1,"16,7",1,0.1,8,0,5,8,8,34.5,2,0,68.16,violet,eu-w1,A,Mécontentement exprimé au support.,2012
SIM-00580,2023-12-14,jeudi,Éducation,France,TPE,pro,14,3,2,66.7,24,11.2,16,8,7,1,4,12.5,4,,93.26,bleu,ap-s1,control,,5277
SIM-00581,02/01/2025,jeudi,Santé,Belgique,TPE, Pro ,1,11,0,"0,0",0,0.0,16,0,0,30,4,15.1,3,2,271.63,sombre,eu-w1,A,,2896
SIM-00582,10/01/2025,vendredi, Tech ,Belgique,ETI,business,1,105,54,51.4,25,14.8,26,9,1,0,5,,3,6,4335.25,bleu,eu-w1,control,,21329
SIM-00583,2024-07-30,mardi,Éducation,Allemagne,eti, Business ,6,104,51,49.0,21,13.0,26,8,,0,2,4.8 h,3,1,3966.47,sombre,eu-w3,A,,52040
SIM-00584,2024-06-07,vendredi,Éducation,France,TPE,business,8,7,4,"57,1",18,"4,9",26,11,,0,1,7.8,1,3,298.33,vert,eu-w3,A,Mécontentement exprimé au support.,16880
SIM-00585,26 Dec 2024,jeudi,Public,France,pme,Pro,1,43,13,"30,2",4,"0,6",16,7,0,0,0,9.9,3,3,874.12 €,sombre,eu-w1,A,,5017
SIM-00586,08/12/2023,vendredi,Tech,France, PME , Pro ,14,14,10,71.4,37,"11,1",16,6,3,0,1,9.4 h,3,0,"287,54",bleu,ap-s1,B,,1415
SIM-00587,2024-12-04,mercredi,ÉDUCATION,France,TPE,Starter,2,3,2,66.7,15,"9,1",8,4,1,0,3,28.7 h,3,3,"38,55",sombre,eu-w3,control,,348
SIM-00588,2023-10-17,mardi,Tech,Suisse,PME,Pro,16,37,10,27.0,6,0.8,16,4,5,27,1,11.4 h,5,0,839.5,bleu,ap-s1,control,Suivi standard.,21340
SIM-00589,2023-07-03,lundi,,Allemagne,PME, Pro ,19,30,20,"66,7",16,6.5,16,4,5,1,6,12.3 h,4,0,767.33,violet,eu-w3,A,,39011
SIM-00590,2024-09-02,lundi,Commerce,Allemagne,TPE,Starter,5,5,3,60.0%,20,"9,9",8,1,2,0,0,18.3,5,0,66.62 €,clair,ap-s1,control,,1202
SIM-00591,31 Dec 2024,mardi,commerce,France,PME,Pro,1,55,12,"21,8",1,0.3,16,3,0,22,0,7.3 h,5,4,"1314,14",sombre,ap-s1,A,,9698
SIM-00592,2024-05-08,mercredi, Commerce ,,eti,enterprise,9,154,63,40.9,10,"1,2",40,10,1,1,1,3.9,4,,9145.62,sombre,eu-w3,control,,97492
SIM-00593,05 Aug 2024,lundi,Industrie,France,TPE,STARTER,6,1,1,100.0,24,12.8,8,1,,2,2,21.0 h,4,1,10.91,bleu,ap-s1,control,,304
SIM-00594,2023-11-17,vendredi,Public,Allemagne,PME,Business,15,47,30,63.8,33,"24,4",26,12,4,1,0,7.0,4,0,2255.86,clair,us-e1,B,,31447
SIM-00595,2022-09-17,samedi,Commerce,France,PME,business,29,42,25,,39,20.2,26,10,8,1,0,,5,0,1600.67,bleu,us-e1,control,"Compte engagé, ambassadeur potentiel.",32814
SIM-00596,05 May 2024,dimanche, Finance ,France, PME ,Starter,9,49,0,0.0%,0,"0,0",8,0,0,123,4,25.2,3,0,"520,18",bleu,ap-s1,control,,2559
SIM-00597,06/08/2024,mardi,Finance,France,PME,Business,6,45,26,57.8%,40,"12,4",26,13,2,1,0,,3,2,2260.36,vert,ap-s1,A,,38923
SIM-00598,07/04/2024,dimanche,Industrie,Suisse, PME ,Business,10,38,13,34.2,4,1.0,26,5,3,2,3,,3,1,1669.85,clair,ap-s1,B,Compte dans la moyenne.,27386
SIM-00599,2024-04-15,lundi,Tech,France,PME,Pro,10,44,6,13.6,1,0.2,16,3,2,12,0,5.5,,0,832.83,sombre,ap-s1,B,Déploiement interne limité.,9561
SIM-00600,2024-10-24,jeudi,Tech,France,PME,Business,3,59,21,35.6,18,15.9,26,7,0,1,2,7.9,,0,2476.88,bleu,eu-w1,control,Compte dans la moyenne.,16248
SIM-00601,09 Dec 2022,vendredi,,Belgique,TPE,Starter,26,7,7,100.0,99,70.8,8,6,6,0,0,"17,4",4,0,"101,98",vert,eu-w1,A,Client très satisfait et actif.,3596
SIM-00602,2023-12-09,samedi,Finance,France,TPE,Starter,14,10,8,80.0,43,"29,2",8,5,4,1,5,28.0,5,1,116.69,sombre,ap-s1,A,,2105
SIM-00603,19/07/2023,mercredi,,Belgique,TPE,Business,19,4,1,25.0,5,0.5,26,6,5,4,1,,5,0,191.04,violet,us-e1,A,"Compte engagé, ambassadeur potentiel.",9869
SIM-00604,07/04/2024,dimanche,finance,Allemagne, TPE ,starter,10,6,4,66.7%,31,"17,3",8,3,4,0,0,19.8,,0,62.62 €,vert,us-e1,control,Client très satisfait et actif.,359
SIM-00605,2024-10-30,mercredi,Finance,Belgique,ETI, Business ,3,174,80,46.0,7,3.5,26,8,1,2,1,3.3,3,,7302.94,bleu,us-e1,control,,161687
SIM-00606,2024-11-11,lundi,SANTÉ,Canada,ETI,Enterprise,3,70,7,10.0%,1,"0,1",40,4,0,28,0,0.5,4,0,3558.53,clair,ap-s1,B,Faible adoption des sièges.,20426
SIM-00607,2024-01-02,mardi,,Allemagne,pme,PRO,13,58,8,"13,8",1,0.5,16,4,1,30,2,15.5,1,1,1553.81,bleu,ap-s1,B,Mécontentement exprimé au support.,29305
SIM-00608,16/10/2023,lundi,SANTÉ,France,ETI,Pro,16,45,14,31.1%,16,,16,6,6,2,0,9.7,4,0,1055.9,bleu,ap-s1,control,"Compte engagé, ambassadeur potentiel.",11256
SIM-00609,2024-01-28,dimanche,Tech,France,pme,pro,12,43,28,"65,1",38,"22,2",16,9,2,1,0,10.1 h,5,0,1227.45 €,sombre,eu-w1,A,Compte dans la moyenne.,40260
SIM-00610,2024-12-28,samedi,ÉDUCATION,France, PME ,Pro,1,10,3,30.0,4,2.0,16,3,0,26,2,11.1,3,3,257.77,sombre,us-e1,A,RAS.,1902
SIM-00611,07 Jul 2024,dimanche,Commerce,France, TPE , Pro ,7,3,2,66.7,19,1.8,16,8,0,3,4,"13,8",3,1,76.28,vert,eu-w1,B,,563
SIM-00612,2024-05-29,mercredi, Commerce ,France,ETI,Starter,8,52,25,48.1,22,15.9,8,4,2,0,0,7.4,5,0,493.37 €,clair,us-e1,control,RAS.,14969
SIM-00613,2024-10-04,vendredi, Commerce ,France,TPE,pro,4,8,4,50.0%,8,0.9,16,4,0,1,1,,4,2,194.3 €,bleu,us-e1,A,,5576
SIM-00614,04/02/2024,dimanche,Public,France,PME,PRO,12,20,13,65.0,34,"13,1",16,6,1,1,0,1.3,5,2,"492,74",violet,eu-w1,control,RAS.,23031
SIM-00615,2024-03-31,dimanche,tech,Allemagne,PME,Starter,10,24,10,41.7,14,3.2,8,3,1,0,8,,3,0,262.03,violet,eu-w3,B,,1934
SIM-00616,2022-12-04,dimanche,Industrie,Canada,TPE,business,26,8,1,12.5,1,,26,3,2,5,0,,3,0,319.17,vert,eu-w1,B,,13609
SIM-00617,2023-08-10,jeudi,Finance,France,PME, Business ,18,34,6,17.6%,1,0.4,26,5,4,2,1,5.1 h,4,0,1339.72,bleu,eu-w3,A,Déploiement interne limité.,7690
SIM-00618,29 Oct 2024,mardi,Industrie,Allemagne,ETI,Enterprise,3,49,37,75.5,30,23.9,40,14,0,4,5,4.2,2,1,4115.17,vert,us-e1,control,,148475
SIM-00619,29 Dec 2024,dimanche,Industrie,Espagne,PME, Business ,1,34,15,44.1,17,"5,0",26,9,0,0,2,1.0,4,2,1466.95,violet,ap-s1,B,RAS.,19246
SIM-00620,01/04/2024,lundi,Santé,France,ETI,Business,10,96,35,36.5%,10,1.5,26,5,3,1,11,10.1,3,1,3644.47,violet,eu-w1,B,Support très sollicité récemment.,35862
SIM-00621,04/11/2024,lundi,Commerce,France,PME,Pro,3,36,8,"22,2",4,2.1,16,5,0,3,0,10.4,4,2,,vert,eu-w3,control,Déploiement interne limité.,13517
SIM-00622,09/02/2024,vendredi,Finance,France,GE,Pro,12,575,309,53.7,20,11.3,16,5,5,1,1,"13,8",2,,12584.54,clair,ap-s1,A,Mécontentement exprimé au support.,185748
SIM-00623,02/03/2024,samedi,SANTÉ,Espagne,TPE,Starter,11,6,5,83.3,60,30.2,8,5,4,0,1,20.9 h,5,1,78.13,clair,ap-s1,control,,3267
SIM-00624,03 Aug 2024,samedi,Tech,France,PME,Starter,6,42,22,52.4,20,9.8,8,2,3,0,2,"28,4",3,1,516.96,clair,eu-w1,A,,9326
SIM-00625,07/04/2024,dimanche,Tech,Allemagne,TPE,pro,10,1,1,"100,0",48,11.5,16,9,2,2,1,11.6,4,0,26.61,vert,eu-w3,B,,895
SIM-00626,09/11/2023,jeudi,Industrie,,ETI,Business,15,123,87,"70,7",72,"61,8",26,15,3,3,1,5.4,4,0,"6109,65",bleu,ap-s1,A,,601190
SIM-00627,05 Jan 2023,jeudi,santé,France,PME,Starter,25,38,24,"63,2",42,14.8,8,3,4,0,3,24.6,4,0,536.32 €,clair,us-e1,B,"Compte engagé, ambassadeur potentiel.",43538
SIM-00628,26/11/2024,mardi,FINANCE,Suisse,TPE,starter,2,1,1,100.0%,21,5.9,8,2,0,0,0,"16,2",5,1,"11,46",clair,ap-s1,A,,348
SIM-00629,10/12/2023,dimanche, Tech ,France,PME,Pro,14,23,14,60.9,17,4.3,16,8,1,3,8,21.7,1,0,491.03,vert,ap-s1,B,Mécontentement exprimé au support.,6040
SIM-00630,23/12/2024,lundi,Éducation,Allemagne,PME,BUSINESS,1,46,36,78.3,49,"28,5",26,15,0,0,0,"2,1",5,1,2025.39 €,clair,us-e1,control,,24912
SIM-00631,01 Jun 2024,samedi,TECH,Canada,TPE,starter,8,9,7,77.8%,34,7.9,8,3,2,2,7,31.1,2,1,119.34 €,violet,eu-w1,control,Mécontentement exprimé au support.,5774
SIM-00632,18/07/2022,lundi,Éducation,Espagne,TPE,Starter,31,5,4,80.0,67,25.8,8,4,9,1,2,20.0 h,4,0,"60,93",bleu,eu-w3,control,Client très satisfait et actif.,1499
SIM-00633,01 May 2024,mercredi,Éducation,France,TPE,Starter,9,6,3,50.0,20,7.2,8,3,1,2,0,20.8,,3,54.34,violet,us-e1,B,,579
SIM-00634,2023-01-04,mercredi,commerce,Canada,TPE,Business,25,4,2,50.0,19,"10,4",26,8,7,2,0,6.8,5,0,"180,29",sombre,ap-s1,B,"Compte engagé, ambassadeur potentiel.",2809
SIM-00635,17 Jul 2023,lundi,TECH,France, ETI ,pro,19,36,15,41.7,17,"6,3",16,6,5,1,0,7.4,3,0,873.88,sombre,ap-s1,B,,20781
SIM-00636,28/09/2024,samedi,Éducation,France,TPE,Starter,4,3,2,66.7,43,"16,1",8,6,1,0,0,20.0,5,5,32.95,violet,ap-s1,B,RAS.,1216
SIM-00637,2024-01-15,lundi, Commerce ,Belgique,tpe,STARTER,13,1,1,100.0,39,"4,3",8,1,2,1,1,20.7,4,0,12.01 €,clair,us-e1,A,Suivi standard.,300
SIM-00638,14/05/2024,mardi,TECH,Belgique,PME,Business,9,52,0,0.0,0,0.0,26,0,0,70,3,,3,0,"2429,65",sombre,us-e1,A,"Compte peu actif, relance nécessaire.",75708
SIM-00639,07 Jan 2025,mardi,Finance,France,pme,pro,1,46,32,69.6,43,29.7,16,9,0,2,2,,3,0,"1081,92",clair,us-e1,control,,7985
SIM-00640,13 Apr 2024,samedi,FINANCE,France,pme,Starter,10,51,30,"58,8",27,,8,2,2,1,4,,2,0,612.29,sombre,ap-s1,B,,10042
SIM-00641,06/02/2024,mardi,Éducation,Belgique,TPE,STARTER,12,3,1,"33,3",10,3.0,8,3,2,2,1,28.6,3,1,36.94,sombre,eu-w1,control,,757
SIM-00642,09 Sep 2024,lundi,santé,,TPE,starter,5,10,9,90.0%,55,34.3,8,3,0,1,0,13.9,5,1,128.04 €,clair,ap-s1,control,Compte dans la moyenne.,2100
SIM-00643,14 Jul 2023,vendredi, Finance ,France,ETI, Business ,19,216,148,68.5,31,"8,5",26,12,5,1,0,3.0,5,0,"11049,85",violet,eu-w3,control,Client très satisfait et actif.,154035
SIM-00644,30 Apr 2024,mardi,COMMERCE,Suisse,TPE,Starter,9,4,2,50.0,17,,8,2,0,2,0,19.5 h,3,,45.07,sombre,eu-w3,control,,407
SIM-00645,01/10/2023,dimanche,Commerce,France,PME,Pro,16,46,29,63.0,24,18.4,16,3,2,1,7,,2,1,1177.51,bleu,ap-s1,A,Mécontentement exprimé au support.,18346
SIM-00646,06 Dec 2023,mercredi, Tech ,Espagne,PME, Business ,14,47,32,68.1,38,10.2,26,4,2,0,3,1.3,4,0,"2001,78",clair,ap-s1,A,RAS.,70583
SIM-00647,2024-02-07,mercredi,TECH,France,PME,Pro,12,24,9,"37,5",15,3.7,16,5,2,4,0,9.4,5,0,636.62 €,violet,eu-w1,B,Compte dans la moyenne.,17749
SIM-00648,27 Dec 2024,vendredi,industrie,Suisse, TPE ,Pro,1,1,1,100.0%,66,"19,7",16,7,0,1,1,"5,7",4,0,"20,4",violet,us-e1,B,RAS.,535
SIM-00649,07/06/2024,vendredi,,Espagne,PME,BUSINESS,8,57,29,50.9,5,"1,6",26,5,1,2,3,7.9,4,2,2451.54,violet,ap-s1,B,Compte dans la moyenne.,46236
SIM-00650,18 Aug 2023,vendredi,Public,Espagne, ETI , Business ,18,61,0,"0,0",0,"0,0",26,0,0,103,1,3.2 h,3,0,2859.97,violet,ap-s1,control,,28142
SIM-00651,27 Sep 2024,vendredi,Industrie,Canada,GE,ENTERPRISE,4,785,304,38.7,7,0.7,40,3,0,2,0,,4,0,43438.47,vert,eu-w3,control,,320576
SIM-00652,26 Dec 2024,jeudi,ÉDUCATION,France,ETI,Enterprise,1,206,156,"75,7",53,28.2,40,22,0,0,5,4.6 h,3,2,16593.74,sombre,eu-w3,A,Compte dans la moyenne.,394599
SIM-00653,10 Jan 2025,vendredi,Éducation,Suisse,pme, Enterprise ,1,49,33,67.3,46,16.1,40,12,0,0,5,10.6,2,1,4067.41,vert,us-e1,B,Mécontentement exprimé au support.,40023
SIM-00654,09/04/2023,dimanche,éducation,Belgique,GE, Business ,22,531,0,"0,0",0,,26,0,0,45,0,0.5,4,0,"27250,96",bleu,us-e1,B,Déploiement interne limité.,469262
SIM-00655,2023-10-04,mercredi,Finance,France, TPE ,starter,16,6,3,50.0%,29,1.5,8,1,6,1,2,22.3,,0,68.39,sombre,us-e1,B,Client très satisfait et actif.,841
SIM-00656,2024-12-26,jeudi,Commerce,France,PME,Business,1,46,10,"21,7",1,0.1,26,7,0,30,2,,3,2,1800.79 €,bleu,eu-w1,B,,31010
SIM-00657,28/03/2024,jeudi,TECH,France, TPE ,starter,10,7,2,"28,6",1,0.5,8,3,3,9,1,16.1,5,2,74.85,sombre,us-e1,A,Client très satisfait et actif.,430
SIM-00658,2024-01-15,lundi,Industrie,Belgique,TPE,Starter,13,11,7,63.6,33,21.7,8,4,1,0,3,31.4 h,2,0,"150,84",sombre,us-e1,B,"Client insatisfait, risque de départ.",6432
SIM-00659,29/12/2024,dimanche,Industrie,France,pme,STARTER,1,49,38,,67,44.1,8,7,0,0,5,21.0,4,0,"621,72",vert,eu-w3,B,Suivi standard.,6628
SIM-00660,08 Mar 2024,vendredi, Industrie ,France,TPE,STARTER,11,2,1,50.0,19,9.0,8,4,2,0,1,19.5,4,0,26.47,bleu,us-e1,A,,478
SIM-00661,11/05/2023,jeudi,Commerce,France,ETI,Business,21,89,56,"62,9",30,"5,5",26,9,5,1,1,"5,1",3,,"3544,44",clair,us-e1,control,Compte dans la moyenne.,66848
SIM-00662,07/07/2023,vendredi,finance,France,TPE,Starter,19,11,5,45.5,29,12.7,8,3,0,0,0,5.1,5,0,129.26,bleu,eu-w1,B,,3498
SIM-00663,2024-09-02,lundi,tech,France,TPE,Starter,5,1,1,100.0,52,30.9,8,3,,1,2,24.6 h,4,0,11.37 €,clair,ap-s1,control,Suivi standard.,382
SIM-00664,10 Jan 2025,vendredi,Éducation,Suisse,pme, Enterprise ,1,49,33,67.3,46,16.1,40,12,0,0,5,10.6,2,1,4067.41,vert,us-e1,B,Mécontentement exprimé au support.,40023
SIM-00665,12 Dec 2023,mardi,industrie,France,ETI,Pro,14,149,36,24.2,2,"0,1",16,3,4,5,12,18.9 h,2,0,3136.15,clair,eu-w3,A,Mécontentement exprimé au support.,66863
SIM-00666,23 Dec 2024,lundi,Éducation,Canada,ETI,Pro,1,169,39,23.1,1,"0,4",16,6,1,30,0,15.9,4,2,3951.71,bleu,ap-s1,A,Faible adoption des sièges.,25923
SIM-00667,02 Jan 2025,jeudi,TECH,France,TPE,starter,1,8,5,"62,5",35,20.7,8,3,0,1,1,,4,2,99.86,vert,ap-s1,A,,737
SIM-00668,29/06/2024,samedi,éducation,France,pme,Business,7,22,5,22.7,2,0.1,26,7,1,30,2,"6,0",4,0,"864,15",clair,eu-w1,control,Déploiement interne limité.,28344
SIM-00669,2023-01-06,vendredi,Finance,Belgique,TPE,BUSINESS,25,8,5,62.5%,21,6.2,26,13,7,0,7,10.1 h,4,0,362.5,clair,eu-w1,control,"Multiples tickets ouverts, friction élevée.",8026
SIM-00670,01 Nov 2024,vendredi,Commerce,France,PME, Enterprise ,3,17,10,58.8,35,9.1,40,19,2,1,0,1.4 h,4,2,"1244,8",clair,us-e1,control,,9187
SIM-00671,2024-02-27,mardi,Éducation,France,TPE, Pro ,11,8,5,62.5%,27,7.6,16,4,2,1,1,"10,1",,0,,bleu,us-e1,A,Compte dans la moyenne.,3166
SIM-00672,2024-05-13,lundi,Santé,Espagne, PME ,Pro,9,54,12,,5,1.2,16,4,1,2,7,13.3,3,1,1453.41,bleu,eu-w3,control,"Multiples tickets ouverts, friction élevée.",51247
SIM-00673,25/07/2022,lundi,Industrie,France,PME,Pro,31,40,30,75.0,52,"12,1",16,5,10,0,3,11.4,,0,982.58,vert,us-e1,A,,11280
SIM-00674,14 Apr 2024,dimanche,Finance,France,eti, Enterprise ,10,200,0,0.0%,0,0.0,40,0,0,51,2,"3,1",4,1,12366.61,violet,ap-s1,B,,273797
SIM-00675,09 Feb 2024,vendredi,ÉDUCATION,France,ETI,Business,12,82,23,28.0%,3,2.0,26,9,2,1,0,0.5 h,4,1,3534.02,sombre,us-e1,B,Suivi standard.,28979
SIM-00676,2024-04-07,dimanche,TECH,,PME,PRO,10,29,23,"79,3",42,24.4,16,13,2,0,0,8.0,4,0,,bleu,eu-w3,control,,31060
SIM-00677,14 Sep 2023,jeudi,,Suisse,PME,PRO,17,38,16,42.1%,1,0.2,16,4,6,30,1,10.8 h,2,0,"1063,63",violet,eu-w1,control,,39248
SIM-00678,02 Apr 2024,mardi,Éducation,Suisse,PME,STARTER,10,46,7,15.2,5,"2,1",8,2,4,2,10,36.6,2,0,"483,83",vert,us-e1,A,"Client insatisfait, risque de départ.",8728
SIM-00679,01 Jun 2024,samedi,Finance,Suisse,ETI,Enterprise,8,130,96,73.8,54,30.5,40,15,1,1,1,0.9,5,3,11294.73 €,clair,eu-w3,control,,203757
SIM-00680,2024-05-04,samedi,Éducation,France,PME,Pro,9,22,14,63.6,23,4.5,16,1,2,2,8,"17,5",1,1,581.57,vert,eu-w3,control,"Client insatisfait, risque de départ.",25752
SIM-00681,2024-03-31,dimanche,TECH,France,eti,pro,10,147,49,"33,3",13,"2,2",16,4,4,1,1,11.5,3,1,4382.02 €,clair,eu-w1,control,RAS.,197629
SIM-00682,2023-08-16,mercredi,Industrie,Canada,TPE,ENTERPRISE,18,11,3,27.3,1,0.1,40,6,8,30,4,2.6,1,0,927.91,sombre,us-e1,B,,18261
SIM-00683,30/11/2023,jeudi, Industrie ,Canada,TPE,Pro,14,7,6,85.7,57,"24,7",16,5,3,3,2,19.1,3,0,186.47,vert,eu-w1,A,Suivi standard.,3364
SIM-00684,02 May 2024,jeudi,SANTÉ,France,GE,BUSINESS,9,715,170,23.8,15,"9,3",26,12,,2,0,"0,5",5,0,37661.22,bleu,eu-w1,A,,1204406
SIM-00685,10/03/2024,dimanche,Tech,, TPE ,Starter,11,6,5,"83,3",79,"45,0",8,3,1,0,2,25.0,3,0,81.63,clair,ap-s1,B,,3280
SIM-00686,2023-07-03,lundi,Finance,Allemagne, TPE ,Pro,19,6,2,33.3,10,"4,4",16,5,2,2,1,4.6,5,0,163.85,vert,eu-w1,B,,3896
SIM-00687,29/12/2024,dimanche,Santé,France,pme,Business,1,48,36,75.0,62,39.9,26,14,0,1,0,"0,5",5,2,1755.9,clair,eu-w3,control,Suivi standard.,18718
SIM-00688,2024-09-01,dimanche,Finance,Suisse,PME,PRO,5,17,5,29.4,1,0.4,16,0,1,13,4,8.9,,0,401.5,sombre,ap-s1,control,Suivi standard.,3951
SIM-00689,2024-05-28,mardi,Santé,France,PME,Business,8,57,19,"33,3",11,5.7,26,8,4,1,2,3.8,3,0,"2781,58",clair,eu-w1,A,,70708
SIM-00690,16/08/2022,mardi,Éducation,France,PME,PRO,30,21,10,47.6,18,,16,6,9,1,0,,5,0,492.21,bleu,eu-w1,A,"Compte engagé, ambassadeur potentiel.",8879
SIM-00691,08/02/2023,mercredi,tech,France,ETI,Pro,24,57,25,"43,9",15,"7,9",16,2,3,2,2,"18,1",4,0,1525.67,bleu,ap-s1,A,"Compte engagé, ambassadeur potentiel.",25021
SIM-00692,2023-09-13,mercredi,Commerce,France,PME,Business,17,33,28,"84,8",95,70.6,26,12,6,0,1,4.4,,0,1381.69,vert,eu-w1,B,"Compte engagé, ambassadeur potentiel.",4532
SIM-00693,29/12/2024,dimanche,Public,France,PME,PRO,1,26,7,"26,9",1,0.2,16,3,0,2,3,,2,3,551.71,vert,ap-s1,A,Mécontentement exprimé au support.,2714
SIM-00694,2024-02-02,vendredi,Santé,France,PME,Pro,12,47,8,17.0,7,"1,9",16,4,4,7,4,11.8,4,0,1163.48,sombre,eu-w1,control,Déploiement interne limité.,21943
SIM-00695,05/08/2023,samedi,Éducation,France,TPE,Pro,18,3,2,66.7,26,14.0,16,3,2,0,3,16.9,2,0,"85,37",violet,ap-s1,control,,3430
SIM-00696,2023-05-12,vendredi,Commerce,France,PME,pro,21,32,21,65.6,18,4.8,16,2,3,3,0,5.3,5,0,"976,45",bleu,eu-w3,B,"Compte engagé, ambassadeur potentiel.",39234
SIM-00697,08/01/2024,lundi, Industrie ,France,tpe,Starter,13,5,3,60.0,39,20.9,8,4,1,0,1,21.3,4,0,"60,8",violet,ap-s1,A,,1944
SIM-00698,2022-08-22,lundi,,France,TPE, Starter ,30,1,1,100.0%,47,"26,6",8,3,8,0,1,"25,2",3,0,13.66,violet,eu-w3,B,,300
SIM-00699,13/04/2024,samedi,Tech,France,TPE,starter,10,7,4,57.1%,21,11.3,8,5,3,0,2,26.6 h,2,0,85.77,bleu,eu-w1,B,Mécontentement exprimé au support.,2040
SIM-00700,14 Apr 2024,dimanche,Finance,France,eti, Enterprise ,10,200,0,0.0%,0,0.0,40,0,0,51,2,"3,1",4,1,12366.61,violet,ap-s1,B,,273797
SIM-00701,09 Sep 2022,vendredi,industrie,France,PME,PRO,29,56,45,80.4,61,"25,0",16,7,6,1,1,14.1,3,0,1571.81,violet,eu-w3,B,,69600
SIM-00702,01/03/2024,vendredi,Industrie,Allemagne,PME,Pro,11,18,9,"50,0",6,1.3,16,2,5,2,1,10.1,4,1,342.3 €,bleu,eu-w3,B,"Compte engagé, ambassadeur potentiel.",12912
SIM-00703,10/11/2023,vendredi,Éducation,France, TPE ,PRO,15,7,2,28.6,12,"0,6",16,3,4,8,7,15.1,3,0,178.75,bleu,eu-w3,A,Support très sollicité récemment.,1759
SIM-00704,05 Nov 2024,mardi,Finance,France,PME,STARTER,3,44,33,75.0,54,"46,5",8,3,0,0,0,17.8,5,3,545.87,vert,eu-w3,control,,13876
SIM-00705,04 Sep 2023,lundi,COMMERCE,Allemagne,GE,Business,17,653,196,30.0,8,"3,6",26,11,3,0,0,2.6,5,0,32988.72 €,sombre,eu-w1,control,"Compte engagé, ambassadeur potentiel.",703320
SIM-00706,05 Mar 2024,mardi, Tech ,Canada, PME ,Business,11,51,29,56.9,41,"29,5",26,13,6,1,0,7.5,4,1,"2344,0",bleu,ap-s1,control,,23065
SIM-00707,2023-11-11,samedi, Commerce ,Allemagne,PME,PRO,15,6,4,"66,7",40,20.8,16,6,3,0,2,,5,1,156.04,bleu,us-e1,B,Client très satisfait et actif.,3839
SIM-00708,2024-05-15,mercredi,Industrie,Allemagne,PME, Pro ,9,33,11,33.3%,1,0.1,16,8,2,30,6,"19,0",3,0,"864,13",sombre,ap-s1,control,,72984
SIM-00709,15/02/2024,jeudi,Public,France,PME,Business,12,43,26,,18,7.7,26,17,1,4,0,3.0,3,0,1944.39,sombre,eu-w1,A,,31888
SIM-00710,09 Jun 2022,jeudi,Industrie,France,TPE,Starter,32,7,5,71.4,30,20.1,8,3,10,0,0,23.0,3,0,95.92,violet,eu-w3,B,Suivi standard.,4326
SIM-00711,09 Dec 2023,samedi,Finance,France,TPE,Starter,14,2,1,50.0%,18,6.7,8,4,6,1,3,26.2,4,0,25.23,bleu,eu-w3,A,,476
SIM-00712,08 May 2024,mercredi,santé,Espagne,TPE,STARTER,9,1,1,"100,0",4,2.9,8,2,4,5,2,"19,8",4,1,9.11 €,violet,us-e1,B,,300
SIM-00713,07 Nov 2023,mardi,Éducation,Belgique,GE,Business,15,765,415,,26,"12,6",26,7,0,0,9,11.3,1,0,31201.7,vert,ap-s1,A,,716391
SIM-00714,06 Jan 2024,samedi,,Allemagne,GE,Enterprise,13,414,318,76.8,62,45.3,40,17,1,0,1,3.8,4,0,"34121,03",clair,us-e1,A,,671502
SIM-00715,14 Aug 2023,lundi, Éducation ,Suisse,eti,Business,18,37,26,70.3,63,"55,5",26,13,3,0,1,5.5,3,0,"1651,73",vert,us-e1,B,,85328
SIM-00716,2023-09-09,samedi,Finance,France, TPE , Starter ,17,9,8,88.9,95,46.1,8,5,1,1,0,12.3,5,0,113.62,violet,ap-s1,B,RAS.,2888
SIM-00717,2024-10-01,mardi,tech,Suisse,pme,PRO,4,33,22,66.7,58,"31,6",16,8,1,0,1,12.2 h,3,0,907.1 €,bleu,us-e1,control,RAS.,11157
SIM-00718,2023-09-01,vendredi,Commerce,Belgique,ETI,Business,17,32,17,53.1,8,"2,9",26,5,2,6,0,0.5,5,,1564.33,clair,eu-w3,B,,19241
SIM-00719,09/01/2024,mardi,FINANCE,France,GE,Enterprise,13,431,37,8.6,1,0.1,40,4,2,24,0,1.2,4,0,29890.16 €,clair,eu-w1,B,,514709
SIM-00720,2023-09-04,lundi,Finance,France,pme,PRO,17,53,18,34.0%,1,,16,4,3,10,0,10.2,3,0,1192.93,violet,us-e1,control,RAS.,14673
SIM-00721,28/07/2024,dimanche,Tech,Belgique,eti,Pro,6,199,0,,0,0.0,16,0,0,74,1,9.2,4,1,5224.02,clair,us-e1,control,"Compte peu actif, relance nécessaire.",145646
SIM-00722,29/12/2024,dimanche,Public,France,PME,PRO,1,26,7,"26,9",1,0.2,16,3,0,2,3,,2,3,551.71,vert,ap-s1,A,Mécontentement exprimé au support.,2714
SIM-00723,2024-06-30,dimanche,Éducation,Suisse,tpe, Starter ,7,11,7,63.6,43,,8,3,1,0,3,,3,0,138.84,bleu,eu-w3,A,,6603
SIM-00724,2023-11-10,vendredi,Commerce,France,TPE,STARTER,15,4,2,50.0,19,9.9,8,4,8,8,1,15.8 h,4,2,42.4,bleu,ap-s1,A,Client très satisfait et actif.,939
SIM-00725,01 Dec 2023,vendredi,Public,France,ETI,PRO,14,218,155,71.1,37,15.1,16,5,4,1,0,"7,3",,0,4482.77,bleu,eu-w3,A,,36759
SIM-00726,15 Jan 2024,lundi,tech,Allemagne,ETI, Business ,13,45,21,46.7,42,39.5,26,17,0,1,6,10.6,,0,2574.41,sombre,eu-w1,B,,253322
SIM-00727,2024-12-25,mercredi,tech,France,ETI,Business,1,156,81,,15,9.2,26,7,0,4,0,8.4 h,3,1,5369.89 €,sombre,ap-s1,B,Suivi standard.,39630
SIM-00728,08/09/2023,vendredi,industrie,Belgique, PME ,PRO,17,57,32,56.1,26,11.2,16,7,5,0,2,,3,0,1597.15,clair,us-e1,A,Suivi standard.,78580
SIM-00729,12 Sep 2023,mardi,Commerce,France, ETI ,PRO,17,201,174,86.6,86,19.4,16,10,2,1,1,8.9,4,0,5773.9,clair,eu-w1,B,,37877
SIM-00730,05/12/2024,jeudi,Éducation,Allemagne,PME,Starter,2,12,6,50.0,14,5.0,8,2,0,0,5,18.9 h,3,2,115.47,bleu,eu-w3,control,RAS.,757
SIM-00731,2024-12-05,jeudi,Commerce,France,TPE,Business,2,2,1,50.0,26,18.7,26,14,0,0,7,7.2,3,1,90.91,clair,ap-s1,control,,1565
SIM-00732,05 Jun 2023,lundi,Finance,Canada,ETI,pro,20,38,10,26.3,4,1.1,16,5,,2,4,10.7,4,0,897.63,vert,us-e1,B,,5888
SIM-00733,2024-12-31,mardi, Éducation ,France,ETI,Business,1,133,12,9.0,1,"0,1",26,4,1,8,5,6.8,3,2,4760.24,vert,eu-w1,A,Faible adoption des sièges.,31227
SIM-00734,10 May 2023,mercredi,finance,Espagne,PME,Business,21,30,24,"80,0",81,"45,1",26,18,7,1,4,7.9,3,0,1744.53 €,violet,eu-w3,A,RAS.,24319
SIM-00735,2025-01-04,samedi,Tech,Allemagne, TPE , Business ,1,1,1,"100,0",8,3.3,26,1,0,4,0,5.3,4,1,"44,8",bleu,eu-w3,B,,661
SIM-00736,2025-01-01,mercredi,Commerce,France,TPE,Pro,1,7,3,"42,9",6,2.5,16,4,1,2,5,17.6,2,1,166.41,sombre,eu-w1,B,"Client insatisfait, risque de départ.",1910
SIM-00737,28 Dec 2024,samedi, Santé ,France,PME,Pro,1,24,4,"16,7",1,"0,4",16,4,0,5,3,13.5 h,4,2,480.27,clair,us-e1,A,Déploiement interne limité.,2363
SIM-00738,05/09/2023,mardi, Public ,Espagne,GE,Business,17,505,181,35.8,10,"0,5",26,4,4,3,1,5.8,3,0,24154.52 €,sombre,ap-s1,control,Suivi standard.,415941
SIM-00739,2023-01-14,samedi,Commerce,France,PME,Business,25,36,10,27.8,11,5.6,26,5,8,4,0,7.2,4,0,1634.1,bleu,eu-w1,A,,41539
SIM-00740,2024-09-07,samedi,Finance,France,ETI, Enterprise ,5,90,53,58.9,26,"6,4",40,23,1,1,0,"0,7",4,1,7183.72,vert,us-e1,B,RAS.,359330
SIM-00741,2024-04-15,lundi,FINANCE,Allemagne,TPE,Business,10,1,1,100.0,1,0.3,26,7,2,30,0,0.5,5,1,41.5,clair,ap-s1,control,,1157
SIM-00742,2023-12-10,dimanche,Commerce,Allemagne,TPE,PRO,14,5,3,60.0,56,"25,2",16,11,2,1,0,5.5,,,139.7,sombre,ap-s1,control,RAS.,12601
SIM-00743,17 Aug 2023,jeudi,COMMERCE,Suisse,PME,starter,18,23,12,52.2,15,"0,8",8,2,2,0,0,15.4,5,0,315.76,vert,eu-w1,A,,31071
SIM-00744,02 Jul 2024,mardi,Éducation,France, TPE ,Pro,7,5,4,80.0%,29,"7,5",16,5,0,1,0,"8,9",5,1,"120,57",bleu,eu-w3,A,,1878
SIM-00745,2023-09-13,mercredi,Commerce,France,PME,Business,17,33,28,"84,8",95,70.6,26,12,6,0,1,4.4,,0,1381.69,vert,eu-w1,B,"Compte engagé, ambassadeur potentiel.",4532
SIM-00746,13/01/2024,samedi, Finance ,France,pme,Pro,13,6,3,"50,0",38,20.2,16,6,4,1,2,11.0,4,,"152,19",vert,us-e1,A,,1498
SIM-00747,06 Sep 2024,vendredi, Tech ,France,pme,starter,5,25,13,"52,0",23,,8,3,0,1,6,35.6 h,3,4,318.77,vert,eu-w1,B,,6535
SIM-00748,08/12/2024,dimanche,Commerce,Allemagne,ETI,Pro,2,113,29,25.7,1,0.2,16,2,0,1,1,7.8,,2,2176.01,vert,ap-s1,A,RAS.,23196
SIM-00749,2024-01-13,samedi,,Allemagne,PME,PRO,13,19,9,"47,4",36,"11,4",16,3,1,0,0,,5,0,570.26,clair,ap-s1,A,Suivi standard.,4209
SIM-00750,08 Dec 2023,vendredi,commerce,France,TPE,Pro,14,7,5,71.4,63,,16,11,3,0,0,11.6,4,0,170.57,vert,us-e1,control,,4336
SIM-00751,2023-05-13,samedi,Public,Canada,GE,Enterprise,21,362,127,35.1%,1,0.3,40,1,1,15,1,3.2,3,0,30088.63,violet,ap-s1,B,,271399
SIM-00752,05/12/2023,mardi, Finance ,France,pme,BUSINESS,14,19,16,84.2%,57,13.4,26,16,4,1,2,7.1,4,0,990.21,vert,eu-w1,B,Client très satisfait et actif.,23547
SIM-00753,02/01/2025,jeudi, Public ,France,TPE,Business,1,4,3,75.0%,77,63.8,26,16,0,1,1,6.4,5,1,171.98,clair,us-e1,B,,10436
SIM-00754,2024-05-04,samedi,Éducation,France,PME,Pro,9,22,14,63.6,23,4.5,16,1,2,2,8,"17,5",1,1,581.57,vert,eu-w3,control,"Client insatisfait, risque de départ.",25752
SIM-00755,2025-01-06,lundi,Éducation,France,TPE,Starter,1,8,2,25.0%,1,0.7,8,3,0,30,5,25.5,5,4,"73,7",bleu,ap-s1,control,,544
SIM-00756,05/01/2025,dimanche,Finance,France,PME,Pro,1,35,15,42.9,1,0.2,16,7,0,12,7,"15,1",4,4,894.25,vert,eu-w3,control,"Multiples tickets ouverts, friction élevée.",5866
SIM-00757,12/07/2023,mercredi,FINANCE,France,eti, Business ,19,85,68,80.0,46,"17,1",26,14,5,2,7,9.2,1,0,4046.15,clair,us-e1,B,,209024
SIM-00758,09 Apr 2024,mardi,COMMERCE,France, TPE , Starter ,10,10,0,0.0,0,0.0,8,0,0,147,1,27.1,3,0,113.16,violet,ap-s1,A,"Compte peu actif, relance nécessaire.",2691
SIM-00759,13/04/2024,samedi,Tech,Espagne,PME,Pro,10,18,6,"33,3",1,"0,3",16,5,1,0,2,11.0,4,0,397.26,clair,eu-w3,control,,7167
SIM-00760,31 Dec 2024,mardi,Tech,Belgique,PME,Starter,1,19,15,,40,"7,4",8,5,0,0,1,19.7,3,0,246.0,bleu,us-e1,control,,3631
SIM-00761,2023-10-04,mercredi,INDUSTRIE,Canada,pme,PRO,16,43,6,14.0%,3,0.4,16,3,5,16,1,"9,7",5,0,"1122,33",sombre,eu-w1,A,Faible adoption des sièges.,33131
SIM-00762,2023-10-04,mercredi,Finance,France, TPE ,starter,16,6,3,50.0%,29,1.5,8,1,6,1,2,22.3,,0,68.39,sombre,us-e1,B,Client très satisfait et actif.,841
SIM-00763,13 Apr 2024,samedi,FINANCE,France,pme,Starter,10,51,30,"58,8",27,,8,2,2,1,4,,2,0,612.29,sombre,ap-s1,B,,10042
SIM-00764,2024-05-04,samedi,Éducation,France,PME,Pro,9,22,14,63.6,23,4.5,16,1,2,2,8,"17,5",1,1,581.57,vert,eu-w3,control,"Client insatisfait, risque de départ.",25752
SIM-00765,06/07/2023,jeudi,Commerce,Canada,PME,PRO,19,27,19,70.4,54,"35,0",16,5,6,0,4,"10,1",4,,655.22,sombre,eu-w3,B,Client très satisfait et actif.,12357
SIM-00766,2023-11-06,lundi,Public,France,ETI,pro,15,203,66,32.5,1,"0,3",16,6,4,0,6,"15,7",2,0,3940.29 €,vert,us-e1,B,"Client insatisfait, risque de départ.",35541
SIM-00767,15/08/2023,mardi,Industrie,France,PME,Business,18,53,25,47.2,20,"11,3",26,6,4,3,2,"5,2",4,0,"2346,19",violet,eu-w1,B,Client très satisfait et actif.,180844
SIM-00768,30/07/2024,mardi, Santé ,Canada,pme,Pro,6,44,34,77.3%,89,72.2,16,11,1,0,0,13.9 h,3,0,"1222,86",sombre,us-e1,A,,22060
SIM-00769,2024-12-25,mercredi, Finance ,France,PME,Starter,1,24,10,41.7,15,11.2,8,4,0,1,0,15.3,5,1,"237,47",violet,us-e1,B,,2337
SIM-00770,06/12/2024,vendredi,,France,PME, Pro ,2,58,34,58.6%,23,12.8,16,5,0,2,3,14.1,2,2,1398.16,violet,us-e1,A,Mécontentement exprimé au support.,19490
SIM-00771,31 Jul 2024,mercredi,COMMERCE,France,PME,Enterprise,6,19,7,"36,8",11,"3,9",40,15,1,1,3,1.3,3,,,violet,ap-s1,control,Compte dans la moyenne.,6869
SIM-00772,2023-10-12,jeudi, Éducation ,Belgique,TPE,starter,16,9,6,66.7,47,20.4,8,3,1,1,5,27.1,2,0,114.34,bleu,eu-w3,control,,4594
SIM-00773,29 Aug 2024,jeudi,tech,France,ge,Enterprise,5,136,110,80.9,39,3.6,40,11,0,1,0,4.7,3,2,"12064,03",violet,eu-w3,A,RAS.,98925
SIM-00774,13 May 2024,lundi,santé,France,TPE,STARTER,9,1,1,100.0,109,62.6,8,5,5,0,1,30.2,4,0,14.59,sombre,ap-s1,A,"Compte engagé, ambassadeur potentiel.",300
SIM-00775,06/09/2024,vendredi,commerce,Allemagne,TPE,starter,5,1,1,100.0,51,22.4,8,4,2,1,3,23.2,,3,11.74,clair,us-e1,control,,1155
SIM-00776,2023-05-17,mercredi,Finance,France,ETI,Pro,21,33,0,0.0,0,"0,0",16,0,0,163,0,9.3,5,0,"796,31",violet,eu-w3,A,,17630
SIM-00777,15/05/2023,lundi,,France,pme, Starter ,21,43,24,55.8%,20,6.9,8,5,2,0,0,,4,0,566.5,violet,us-e1,control,,16259
SIM-00778,02 Jan 2025,jeudi,Éducation,France, PME , Pro ,1,58,14,24.1,2,"0,2",16,3,0,21,8,"22,7",1,3,"968,35",clair,eu-w3,A,"Client insatisfait, risque de départ.",15087
SIM-00779,02/01/2025,jeudi,Public,France,PME, Pro ,1,21,15,71.4,17,1.5,16,7,0,1,5,16.7 h,3,5,438.63,clair,ap-s1,control,,5395
SIM-00780,2024-12-28,samedi,COMMERCE,Canada,ETI,Business,1,102,57,55.9,21,5.1,26,6,0,0,0,5.6,4,0,"5001,85",violet,eu-w1,control,,86132
SIM-00781,27/04/2024,samedi, Santé ,Canada,TPE,Business,9,2,1,50.0,6,1.9,26,5,3,1,4,9.2,,0,82.65,clair,us-e1,B,,949
SIM-00782,27/04/2024,samedi,public,,TPE,starter,9,3,3,100.0,69,45.6,8,3,4,0,0,14.2,5,1,33.26,sombre,eu-w1,A,"Compte engagé, ambassadeur potentiel.",300
SIM-00783,28/12/2024,samedi, Finance ,Allemagne,PME,Starter,1,46,33,"71,7",55,"44,9",8,3,0,1,2,,3,0,455.63 €,violet,us-e1,B,,2615
SIM-00784,22/12/2022,jeudi,SANTÉ,Suisse,TPE,Starter,26,11,7,63.6,22,7.9,8,4,4,0,3,29.8,3,0,"135,74",sombre,ap-s1,A,RAS.,4118
SIM-00785,05 Feb 2024,lundi,commerce,France,TPE,PRO,12,3,2,,50,"39,1",16,6,0,2,1,12.5,3,0,80.89,violet,eu-w1,control,,1061
SIM-00786,06/06/2024,jeudi,Santé,France,PME,Pro,8,45,14,31.1%,4,1.4,16,4,3,2,3,8.6,4,0,"1202,6",clair,eu-w1,A,,17750
SIM-00787,16/03/2024,samedi,commerce,France,PME,Pro,11,16,5,"31,2",12,"6,8",16,1,0,1,2,23.4 h,2,0,"382,33",sombre,us-e1,B,"Client insatisfait, risque de départ.",5957
SIM-00788,2024-03-31,dimanche,tech,Allemagne,PME,Starter,10,24,10,41.7,14,3.2,8,3,1,0,8,,3,0,262.03,violet,eu-w3,B,,1934
SIM-00789,15/04/2024,lundi,Commerce,Belgique,TPE, Starter ,10,7,2,28.6,1,0.3,8,2,4,3,3,22.3,3,0,85.76,bleu,us-e1,control,Compte dans la moyenne.,3657
SIM-00790,2024-01-05,vendredi,PUBLIC,France,PME,Business,13,44,29,65.9,39,"20,4",26,13,,0,0,2.7,4,0,"2303,68",vert,eu-w1,A,RAS.,52892
SIM-00791,05/12/2024,jeudi,Santé,Belgique,TPE,Starter,2,10,5,50.0%,8,4.0,8,4,0,1,0,"11,0",4,0,"93,85",clair,eu-w3,A,,2540
SIM-00792,26 Dec 2024,jeudi,commerce,Belgique, PME ,STARTER,1,28,0,"0,0",0,0.0,8,0,0,30,0,14.2,,4,249.56,violet,ap-s1,B,Faible adoption des sièges.,1228
SIM-00793,2024-06-30,dimanche,industrie,Belgique,PME,Enterprise,7,48,0,"0,0",0,0.0,40,0,0,71,1,"6,9",4,3,3854.6,violet,eu-w1,control,"Compte peu actif, relance nécessaire.",53733
SIM-00794,2023-11-02,jeudi,Finance,Belgique,PME,Starter,15,6,1,16.7,1,0.1,8,1,5,24,7,31.5 h,2,0,67.56,vert,eu-w1,A,Mécontentement exprimé au support.,1939
SIM-00795,14/02/2024,mercredi,Commerce,France,pme,business,12,51,25,49.0,10,0.6,26,10,6,4,0,6.4,3,0,1778.72,violet,eu-w1,control,Compte dans la moyenne.,14586
SIM-00796,28 Feb 2024,mercredi,Public,,tpe, Starter ,11,5,1,20.0,1,0.1,8,1,2,23,4,24.0,3,0,54.23,vert,eu-w1,B,Déploiement interne limité.,1467
SIM-00797,08/01/2025,mercredi,Public,Espagne,ETI,BUSINESS,1,136,20,14.7%,1,0.2,26,4,0,26,2,4.9 h,3,3,"3693,38",vert,us-e1,control,,21200
SIM-00798,2024-09-05,jeudi,FINANCE,Suisse,tpe,Pro,5,11,3,27.3,2,,16,5,0,14,6,11.4 h,4,1,288.95,vert,eu-w3,A,RAS.,2606
SIM-00799,2022-09-23,vendredi,Public,France, TPE ,Starter,29,1,1,"100,0",39,12.2,8,1,8,1,6,38.5,3,0,"15,3",clair,ap-s1,A,Suivi standard.,414
SIM-00800,01/12/2024,dimanche,Tech,Espagne,PME,Pro,2,24,13,"54,2",5,1.3,16,5,0,1,3,"11,3",4,5,569.33,sombre,ap-s1,B,,6069
SIM-00801,2023-09-30,samedi,Commerce,Belgique,PME,BUSINESS,16,36,6,16.7,1,"0,1",26,1,4,12,9,7.2,1,0,1249.04,clair,eu-w3,B,,5121
SIM-00802,2024-12-26,jeudi,SANTÉ,Espagne, PME ,pro,1,39,21,53.8,16,"10,7",16,4,0,1,6,"16,0",2,0,852.96 €,clair,us-e1,control,Mécontentement exprimé au support.,6994
SIM-00803,2024-10-27,dimanche,Public,France,PME,PRO,3,51,25,49.0%,21,2.7,16,3,0,0,3,"12,8",4,0,1414.48,sombre,eu-w1,control,,49875
SIM-00804,04 Jan 2025,samedi,Santé,France, PME ,Business,1,47,11,23.4,1,0.1,26,8,0,8,1,"6,4",4,2,1639.54,sombre,eu-w1,A,Faible adoption des sièges.,48399
SIM-00805,2023-01-14,samedi,Commerce,France,PME,Business,25,36,10,27.8,11,5.6,26,5,8,4,0,7.2,4,0,1634.1,bleu,eu-w1,A,,41539
SIM-00806,03/02/2024,samedi,INDUSTRIE,Suisse,PME, Business ,12,43,9,20.9,1,0.5,26,2,1,30,0,4.9,3,,2245.7 €,vert,us-e1,B,,193355
SIM-00807,2022-10-22,samedi,tech,France, PME , Pro ,28,48,11,22.9,11,"7,6",16,5,7,9,6,"16,8",2,0,1338.46 €,violet,eu-w1,control,Mécontentement exprimé au support.,38414
SIM-00808,2024-04-02,mardi,Commerce,France,TPE, Pro ,10,4,0,0.0,0,0.0,16,0,,91,5,"10,9",3,0,99.57,vert,eu-w3,control,Usage en forte baisse ce trimestre.,1143
SIM-00809,2024-11-10,dimanche,Commerce,France, TPE , Starter ,3,7,5,71.4,45,17.3,8,3,0,1,1,23.2,5,2,79.49,clair,eu-w3,A,,456
SIM-00810,2023-12-15,vendredi,Finance,Espagne,GE,Enterprise,14,671,211,31.4,1,0.1,40,7,1,11,7,,4,0,54958.69 €,vert,eu-w1,B,"Multiples tickets ouverts, friction élevée.",1126653
SIM-00811,20/02/2023,lundi,PUBLIC,France,eti,PRO,24,214,55,25.7%,3,"1,1",16,5,3,8,2,12.8,3,0,4871.78,vert,eu-w1,B,,131830
SIM-00812,08 Feb 2024,jeudi, Santé ,France,PME,BUSINESS,12,43,26,,3,"1,8",26,7,3,20,2,5.8,,0,"1527,12",sombre,us-e1,B,,11270
SIM-00813,2024-03-06,mercredi,PUBLIC,Belgique,eti,pro,11,142,93,65.5,25,"7,2",16,7,2,0,4,12.1,4,0,3489.6,vert,us-e1,A,Suivi standard.,68675
SIM-00814,2025-01-04,samedi,ÉDUCATION,France,PME,Pro,1,11,8,"72,7",42,25.8,16,8,0,0,3,14.7,2,1,"257,3",vert,ap-s1,A,"Client insatisfait, risque de départ.",1266
SIM-00815,17 Nov 2023,vendredi,Éducation,Allemagne,TPE,Pro,15,10,4,40.0,6,1.0,16,6,2,8,4,,3,0,285.43,bleu,ap-s1,A,RAS.,9128
SIM-00816,01/10/2023,dimanche,Finance,France,TPE,Pro,16,9,5,55.6,40,17.9,16,6,2,0,0,"14,7",4,0,272.86,clair,us-e1,control,,12977
SIM-00817,08 Apr 2024,lundi,FINANCE,Belgique,TPE,Starter,10,1,1,"100,0",8,"2,8",8,3,1,3,9,45.4,1,0,10.41,sombre,eu-w1,A,"Client insatisfait, risque de départ.",300
SIM-00818,30 Dec 2024,lundi,COMMERCE,Suisse,TPE,Starter,1,8,7,87.5,87,"69,4",8,6,1,1,1,19.6 h,4,1,85.43,bleu,eu-w3,A,Suivi standard.,981
SIM-00819,2024-12-29,dimanche,INDUSTRIE,France,ETI,business,1,128,56,43.8,2,0.3,26,5,0,9,1,4.1,4,0,3574.3,sombre,ap-s1,control,Compte dans la moyenne.,17586
SIM-00820,11 Oct 2023,mercredi,Tech,,PME, Starter ,16,8,6,75.0,39,"18,1",8,2,0,2,10,39.3,2,0,74.82,sombre,ap-s1,A,"Client insatisfait, risque de départ.",736
SIM-00821,2024-11-02,samedi, Commerce ,,TPE,Business,3,1,1,100.0,44,22.0,26,17,1,1,2,11.0,3,0,38.45,vert,eu-w1,B,,1324
SIM-00822,2024-12-29,dimanche,INDUSTRIE,France,ETI,business,1,128,56,43.8,2,0.3,26,5,0,9,1,4.1,4,0,3574.3,sombre,ap-s1,control,Compte dans la moyenne.,17586
SIM-00823,2024-04-01,lundi,Santé,Suisse,PME,Business,10,52,0,0.0,0,0.0,26,0,0,69,2,5.1,4,2,2297.43 €,violet,us-e1,A,Usage en forte baisse ce trimestre.,13187
SIM-00824,2025-01-10,vendredi,Finance,France,PME,Pro,1,47,22,"46,8",12,4.5,16,6,0,4,0,,4,2,924.74 €,bleu,eu-w3,control,,3033
SIM-00825,2024-02-15,jeudi,Tech,Espagne,TPE,starter,12,9,8,"88,9",55,"31,0",8,4,0,0,0,22.0,4,0,85.05,clair,us-e1,A,,5928
SIM-00826,17/05/2023,mercredi, Santé ,France, TPE ,Starter,21,2,1,50.0,30,"18,5",8,5,1,5,2,"14,8",5,,"32,16",vert,eu-w1,control,RAS.,3165
SIM-00827,06 Mar 2024,mercredi,Commerce,, PME ,Business,11,40,16,40.0,6,"2,9",26,8,2,1,1,4.5 h,2,0,2047.97 €,sombre,eu-w1,B,,82287
SIM-00828,05/01/2025,dimanche,Finance,France, TPE , Starter ,1,3,2,"66,7",32,12.2,8,3,0,1,0,19.3 h,5,2,35.35,clair,eu-w1,A,Compte dans la moyenne.,300
SIM-00829,02/11/2023,jeudi,ÉDUCATION,France,ETI,business,15,113,73,64.6%,23,11.7,26,11,3,1,5,6.6 h,2,0,5264.46,violet,ap-s1,A,,138139
SIM-00830,12 Oct 2024,samedi,commerce,Suisse,tpe,Starter,4,2,1,50.0%,10,"5,9",8,1,1,1,5,,2,1,14.76 €,violet,eu-w1,B,"Client insatisfait, risque de départ.",300
SIM-00831,09 Nov 2022,mercredi, Industrie ,France,pme,Pro,27,56,36,"64,3",25,12.6,16,6,7,1,4,12.8,3,0,1664.42,clair,eu-w1,control,,102362
SIM-00832,02/09/2024,lundi,ÉDUCATION,Suisse,TPE,STARTER,5,2,1,50.0,16,"4,8",8,3,0,0,0,20.7,4,0,"19,91",sombre,us-e1,control,,300
SIM-00833,06/03/2024,mercredi,Public,Belgique,TPE,pro,11,4,2,50.0,24,"7,4",16,5,4,1,3,12.4,,0,90.39,vert,eu-w3,B,,2668
SIM-00834,2023-02-04,samedi,Public,France,TPE,starter,24,6,1,16.7,1,"0,2",8,2,9,8,0,,4,0,77.39 €,sombre,ap-s1,control,,698
SIM-00835,02/01/2025,jeudi, Commerce ,France,TPE,Pro,1,6,5,83.3,85,18.7,16,11,0,1,0,,4,4,169.44,clair,ap-s1,control,,5697
SIM-00836,08 Aug 2023,mardi,Finance,Belgique,TPE,STARTER,18,6,2,33.3%,3,"0,2",8,1,3,27,2,24.3,5,0,69.98 €,vert,ap-s1,A,,1435
SIM-00837,13/12/2023,mercredi,ÉDUCATION,France, TPE ,Starter,14,2,1,50.0,5,1.0,8,0,2,5,6,32.2,3,0,23.84,vert,eu-w1,B,,665
SIM-00838,2023-08-15,mardi,éducation,France, ETI ,Business,18,170,124,72.9,16,12.6,26,13,2,1,1,3.2,5,0,7481.34,clair,us-e1,control,,736164
SIM-00839,2023-08-04,vendredi,,France, ETI ,business,18,114,49,43.0,26,18.4,26,14,5,0,5,9.3 h,2,,"5282,03",clair,us-e1,control,,138600
SIM-00840,2024-01-31,mercredi,Tech,Allemagne,PME,Pro,12,21,0,0.0,0,0.0,16,0,0,84,4,,1,0,526.34,sombre,ap-s1,control,"Compte peu actif, relance nécessaire.",13380
SIM-00841,30 Oct 2023,lundi, Commerce ,Espagne, PME ,starter,15,8,2,25.0%,6,3.5,8,2,5,4,1,"30,1",,0,111.73,violet,us-e1,B,"Client insatisfait, risque de départ.",2199
SIM-00842,2024-12-27,vendredi,finance,France,ETI,PRO,1,107,8,7.5%,1,0.3,16,1,0,30,2,,5,1,2371.37 €,bleu,us-e1,A,Déploiement interne limité.,13612
SIM-00843,28/12/2024,samedi,tech,,ETI,Business,1,186,74,"39,8",3,0.7,26,7,0,12,1,"6,4",4,4,8535.37,violet,ap-s1,A,Compte dans la moyenne.,258963
SIM-00844,04/01/2025,samedi,Commerce,France,PME,starter,1,17,6,35.3,8,3.5,8,1,0,4,1,"25,0",4,4,"166,6",clair,us-e1,A,,7650
SIM-00845,02 Dec 2024,lundi,Tech,France,TPE,Pro,2,2,1,50.0,27,,16,5,0,0,1,12.0,5,2,45.66,bleu,ap-s1,control,Compte dans la moyenne.,412
SIM-00846,02/12/2023,samedi,Industrie,Allemagne,ETI,PRO,14,121,98,81.0,71,"9,7",16,8,3,3,3,9.8,3,0,3289.48,bleu,ap-s1,A,Compte dans la moyenne.,37763
SIM-00847,02 May 2024,jeudi,,,PME,Pro,9,50,43,86.0,54,48.5,16,9,3,1,1,"7,7",4,0,1288.62,bleu,eu-w3,B,Client très satisfait et actif.,22190
SIM-00848,2024-08-09,vendredi, Finance ,France,GE,Enterprise,6,796,694,87.2,80,74.8,40,16,1,2,0,"0,5",,0,61412.53,clair,eu-w1,control,,1158240
SIM-00849,19/03/2023,dimanche,COMMERCE,Belgique,TPE,STARTER,23,9,0,,0,"0,0",8,0,0,45,6,22.1,4,0,122.79 €,bleu,eu-w3,B,,2114
SIM-00850,13/12/2023,mercredi,éducation,France, PME ,Business,14,15,13,86.7,46,"38,4",26,14,0,1,0,"3,0",4,0,674.29,clair,us-e1,control,,12717
SIM-00851,02/01/2024,mardi,Public,France,tpe,Pro,13,7,2,28.6,1,0.3,16,5,2,21,3,14.2 h,3,0,202.95,bleu,eu-w3,B,,5658
SIM-00852,28/07/2024,dimanche,Éducation,France,ETI,Business,6,63,12,,5,3.6,26,11,3,0,2,6.3 h,3,3,2781.02,vert,eu-w3,control,Faible adoption des sièges.,47889
SIM-00853,2024-03-28,jeudi,Industrie,Canada,TPE,PRO,10,2,1,"50,0",1,0.3,16,2,1,30,8,21.3,1,2,"38,14",clair,eu-w1,A,"Client insatisfait, risque de départ.",300
SIM-00854,29 Apr 2024,lundi,Tech,Belgique,TPE,Pro,9,11,6,54.5,17,4.0,16,4,1,8,6,,3,1,229.96,clair,ap-s1,B,,1131
SIM-00855,16 Oct 2023,lundi,industrie,France, ETI ,business,16,142,126,88.7%,45,27.0,26,12,4,2,4,6.4,4,0,7297.02,bleu,us-e1,A,"Compte engagé, ambassadeur potentiel.",59836
SIM-00856,02/06/2023,vendredi,Tech,Belgique,PME,Pro,20,7,5,71.4,32,14.3,16,10,3,0,4,17.6,4,0,178.71,clair,us-e1,B,,2345
SIM-00857,13 Aug 2024,mardi,Santé,Canada,PME,Enterprise,6,23,3,"13,0",1,0.1,40,6,0,30,3,3.8 h,3,1,1696.29,clair,eu-w1,control,Faible adoption des sièges.,34774
SIM-00858,05/11/2023,dimanche,Finance,Belgique,TPE,Enterprise,15,3,2,66.7%,27,12.3,40,20,6,0,0,,3,1,213.73,vert,eu-w1,B,,3856
SIM-00859,02/10/2023,lundi,Industrie,France,eti, Business ,16,116,63,,11,2.3,26,9,3,4,2,5.5,2,0,4889.58,violet,eu-w1,B,Mécontentement exprimé au support.,32076
SIM-00860,2023-07-03,lundi,Finance,Allemagne, TPE ,Pro,19,6,2,33.3,10,"4,4",16,5,2,2,1,4.6,5,0,163.85,vert,eu-w1,B,,3896
SIM-00861,08 Oct 2024,mardi,COMMERCE,France, ETI , Business ,4,151,104,68.9,38,31.6,26,10,0,0,2,"5,9",4,2,"7954,93",vert,us-e1,B,RAS.,182645
SIM-00862,09 Jul 2023,dimanche,Industrie,Suisse,TPE,Starter,19,8,6,75.0,35,14.6,8,3,4,0,0,27.2,4,,135.07,clair,eu-w1,control,"Compte engagé, ambassadeur potentiel.",5427
SIM-00863,13/04/2023,jeudi,TECH,Espagne,GE,enterprise,22,366,61,16.7,4,"0,3",40,13,6,0,1,2.3,3,0,33206.95,sombre,eu-w3,A,Déploiement interne limité.,735202
SIM-00864,10 Jan 2024,mercredi,Public,Espagne, TPE ,Starter,13,11,3,27.3,3,"0,2",8,3,2,6,8,25.9,3,0,93.37,violet,us-e1,A,"Multiples tickets ouverts, friction élevée.",613
SIM-00865,28/11/2024,jeudi,Commerce,Suisse,tpe,Pro,2,1,1,100.0,22,12.3,16,4,0,0,1,11.4,3,1,17.5,clair,ap-s1,A,,300
SIM-00866,2023-11-03,vendredi,Finance,Belgique,TPE, Starter ,15,2,1,50.0%,1,"0,1",8,3,4,7,5,"21,6",3,1,22.13,clair,eu-w3,B,,617
SIM-00867,13/04/2024,samedi,ÉDUCATION,France,PME, Enterprise ,10,13,8,"61,5",45,"23,4",40,18,1,1,1,2.5,3,0,"988,43",violet,eu-w1,control,,24315
SIM-00868,04/01/2025,samedi,éducation,Espagne, TPE ,Starter,1,11,1,9.1,1,0.1,8,0,0,2,3,25.9,3,3,93.65 €,clair,eu-w1,B,,614
SIM-00869,2023-11-06,lundi,Éducation,Espagne,TPE, Starter ,15,10,3,30.0,9,"5,5",8,4,3,1,5,29.4,2,0,109.55 €,bleu,ap-s1,A,,2785
SIM-00870,10/12/2024,mardi,Finance,France,ETI,Pro,2,137,70,51.1%,4,,16,5,1,1,0,8.4,,3,"2890,12",vert,eu-w3,A,RAS.,16589
SIM-00871,29/11/2024,vendredi,Commerce,France, ETI ,Business,2,49,34,69.4,60,31.2,26,13,0,3,6,10.7,2,2,1916.2,clair,eu-w3,A,,12570
SIM-00872,02/08/2024,vendredi, Commerce ,Belgique, TPE ,Starter,6,3,1,33.3,3,0.7,8,1,0,6,2,29.4,2,1,31.38,vert,ap-s1,A,,309
SIM-00873,2024-03-16,samedi, Industrie ,Suisse,ETI,Business,11,185,101,54.6,13,4.6,26,6,2,4,0,5.8,5,0,9909.16,bleu,eu-w3,A,RAS.,130008
SIM-00874,27/12/2024,vendredi,SANTÉ,Suisse,ETI,Pro,1,168,0,0.0,0,"0,0",16,0,0,30,1,12.1,5,2,3432.57,sombre,eu-w1,control,,50665
SIM-00875,2024-07-11,jeudi,Finance,Belgique,pme,Pro,7,18,7,"38,9",11,0.6,16,6,2,5,0,4.2,4,2,502.92,violet,eu-w3,A,,15671
SIM-00876,02/06/2024,dimanche,Santé,France,TPE,starter,8,2,1,50.0%,6,1.3,8,1,1,0,5,21.1 h,5,0,27.62,clair,eu-w1,B,,544
SIM-00877,2025-01-06,lundi,Tech,France,GE,Enterprise,1,677,329,48.6,11,"5,8",40,12,0,1,1,0.5,4,5,"59465,08",clair,us-e1,control,,1316557
SIM-00878,2025-01-07,mardi,Public,Belgique,TPE,Pro,1,9,6,66.7,40,24.8,16,6,0,0,0,5.6,5,3,197.21,sombre,eu-w1,B,,1617
SIM-00879,04 Jan 2025,samedi,Public,,PME,Starter,1,41,27,"65,9",21,13.7,8,3,0,0,2,22.0,5,1,"447,49",violet,ap-s1,B,,10274
SIM-00880,20 Jan 2023,vendredi,Public,France,TPE,Starter,25,9,8,"88,9",85,"78,5",8,4,6,1,2,21.1,4,0,"114,1",bleu,ap-s1,B,Client très satisfait et actif.,1310
SIM-00881,26 Dec 2024,jeudi,Tech,Allemagne,PME,STARTER,1,45,19,42.2%,4,1.7,8,4,0,13,0,11.8,5,5,"453,77",violet,eu-w1,control,RAS.,2977
SIM-00882,06 Jan 2025,lundi, Commerce ,France,ETI,Enterprise,1,120,75,62.5,37,26.6,40,24,0,0,2,2.6 h,4,2,"9056,13",sombre,us-e1,B,,163373
SIM-00883,2024-04-01,lundi, Commerce ,Belgique,PME,pro,10,51,30,,25,18.8,16,6,1,0,6,14.6,2,1,1250.91 €,bleu,ap-s1,control,Mécontentement exprimé au support.,18463
SIM-00884,2023-10-05,jeudi,,France,TPE,Starter,16,9,7,,61,43.2,8,1,7,2,3,32.0,4,0,"98,43",clair,eu-w1,A,Client très satisfait et actif.,4439
SIM-00885,07/01/2025,mardi,Finance,France,PME,Business,1,51,32,62.7,1,0.8,26,6,0,11,0,2.0,4,2,1971.33,vert,eu-w3,control,,16165
SIM-00886,18/06/2023,dimanche,public,France,ETI,enterprise,20,217,155,"71,4",43,14.6,40,14,7,1,2,2.4,3,0,18877.64,violet,eu-w1,control,,232195
SIM-00887,03/07/2024,mercredi,santé,France,PME, Pro ,7,16,0,0.0,0,"0,0",16,0,0,104,0,3.7,4,3,"371,09",vert,ap-s1,B,,2130
SIM-00888,04/01/2024,jeudi,Public,France,TPE,STARTER,13,2,1,"50,0",7,1.3,8,3,3,3,0,16.3,5,1,23.88 €,bleu,eu-w1,B,"Compte engagé, ambassadeur potentiel.",352
SIM-00889,2025-01-08,mercredi,tech,Suisse,TPE,Starter,1,9,3,"33,3",12,0.6,8,4,0,6,3,"29,2",3,3,97.82,violet,us-e1,A,,1123
SIM-00890,02/01/2025,jeudi,Public,France,PME, Pro ,1,21,15,71.4,17,1.5,16,7,0,1,5,16.7 h,3,5,438.63,clair,ap-s1,control,,5395
SIM-00891,29/08/2024,jeudi,,Espagne,TPE,Starter,5,11,4,,17,3.5,8,2,0,2,0,17.6,4,1,,clair,eu-w3,B,,2381
SIM-00892,20/06/2023,mardi,Commerce,France,TPE,Starter,20,6,2,33.3,5,0.9,8,2,7,2,2,23.5,3,0,63.54,vert,eu-w1,control,,2084
SIM-00893,31/08/2023,jeudi,Commerce,France, PME ,Starter,17,15,5,,13,,8,3,4,1,7,"34,7",1,0,185.74,sombre,ap-s1,control,"Client insatisfait, risque de départ.",1980
SIM-00894,06 Mar 2024,mercredi,TECH,,TPE,Pro,11,6,0,0.0,0,0.0,16,0,0,54,3,14.9,4,0,167.16,bleu,eu-w3,A,Déploiement interne limité.,7813
SIM-00895,24 Dec 2024,mardi,Éducation,Suisse,PME,PRO,1,14,10,"71,4",8,2.1,16,4,0,2,3,10.3,5,0,382.93 €,clair,eu-w1,control,,7222
SIM-00896,31/01/2024,mercredi,Éducation,Canada,TPE,STARTER,12,8,6,75.0,47,40.0,8,2,3,2,0,"7,8",4,0,"126,29",violet,eu-w1,B,"Compte engagé, ambassadeur potentiel.",4142
SIM-00897,02/12/2023,samedi,Finance,France,PME,BUSINESS,14,11,6,54.5,23,"9,6",26,12,1,1,0,"2,2",4,0,570.92,violet,us-e1,A,Compte dans la moyenne.,26217
SIM-00898,2025-01-05,dimanche,commerce,,tpe,Pro,1,4,1,25.0,6,1.6,16,9,0,1,5,"9,8",4,0,87.12 €,vert,us-e1,A,,857
SIM-00899,2023-07-05,mercredi,Commerce,France, PME , Business ,19,14,8,"57,1",14,10.6,26,10,4,0,2,4.3,5,0,745.7,vert,eu-w1,A,,39746
SIM-00900,09 Dec 2022,vendredi,,Belgique,TPE,Starter,26,7,7,100.0,99,70.8,8,6,6,0,0,"17,4",4,0,"101,98",vert,eu-w1,A,Client très satisfait et actif.,3596
SIM-00901,14 Mar 2023,mardi,Éducation,France,TPE,Pro,23,3,2,66.7,57,39.7,16,6,5,2,1,"12,3",3,0,73.85,clair,eu-w1,control,,2907
SIM-00902,2024-07-28,dimanche,Industrie,France,tpe, Starter ,6,10,6,60.0,17,7.9,8,2,3,3,2,,3,0,,vert,eu-w1,B,Suivi standard.,7257
SIM-00903,10 Oct 2024,jeudi,,France, PME ,Pro,4,20,0,0.0,0,0.0,16,0,0,120,0,9.1,2,1,"474,15",bleu,eu-w3,B,,8554
SIM-00904,2023-09-06,mercredi,Tech,France,TPE,Starter,17,3,1,33.3%,1,0.1,8,1,2,11,2,32.4,,0,37.16 €,clair,ap-s1,B,RAS.,1066
SIM-00905,2023-10-13,vendredi,COMMERCE,France,tpe,PRO,16,11,7,63.6%,27,,16,7,5,0,2,"12,5",5,,301.29,bleu,eu-w3,B,Client très satisfait et actif.,11118
SIM-00906,14 Jun 2024,vendredi, Éducation ,France,PME,Business,8,10,7,70.0,24,"6,1",26,8,1,1,3,13.1,4,1,"484,39",clair,eu-w1,B,,12710
SIM-00907,07 Jul 2024,dimanche,Tech,France,pme,Pro,7,45,20,"44,4",6,,16,9,3,4,3,9.1,5,1,1136.91 €,violet,us-e1,control,"Compte engagé, ambassadeur potentiel.",19578
SIM-00908,2024-07-14,dimanche,finance,France,pme,Business,7,38,0,0.0,0,0.0,26,0,0,89,0,,4,0,1928.01,vert,ap-s1,A,Usage en forte baisse ce trimestre.,23715
SIM-00909,07 Dec 2022,mercredi,TECH,Suisse,PME,Pro,26,33,3,9.1,1,"0,1",16,4,6,19,0,"0,9",,0,963.58,violet,ap-s1,control,Faible adoption des sièges.,19753
SIM-00910,2025-01-07,mardi,commerce,,TPE,STARTER,1,9,5,55.6,27,"16,1",8,3,0,0,2,28.5 h,4,4,101.37,clair,eu-w1,B,RAS.,582
SIM-00911,01/10/2023,dimanche,Commerce,France,PME,Pro,16,46,29,63.0,24,18.4,16,3,2,1,7,,2,1,1177.51,bleu,ap-s1,A,Mécontentement exprimé au support.,18346
SIM-00912,05/05/2023,vendredi,Finance,Allemagne,PME,Business,21,55,40,72.7%,44,6.8,26,13,1,0,2,3.7,4,0,"2603,65",vert,eu-w3,B,RAS.,76860
SIM-00913,06/12/2024,vendredi,,France,PME, Pro ,2,58,34,58.6%,23,12.8,16,5,0,2,3,14.1,2,2,1398.16,violet,us-e1,A,Mécontentement exprimé au support.,19490
SIM-00914,02/01/2024,mardi,Public,France,tpe,Pro,13,7,2,28.6,1,0.3,16,5,2,21,3,14.2 h,3,0,202.95,bleu,eu-w3,B,,5658
SIM-00915,10 Feb 2024,samedi,FINANCE,Espagne,ETI, Enterprise ,12,219,139,63.5%,27,"21,2",40,19,2,0,0,3.7,4,0,"16934,72",violet,eu-w3,B,RAS.,319389
SIM-00916,2024-09-05,jeudi,FINANCE,Suisse,tpe,Pro,5,11,3,27.3,2,,16,5,0,14,6,11.4 h,4,1,288.95,vert,eu-w3,A,RAS.,2606
SIM-00917,08/06/2023,jeudi,Industrie,France,pme,Pro,20,42,25,59.5,27,"5,6",16,5,4,0,2,,4,0,1076.69,clair,eu-w3,A,,13243
SIM-00918,2024-10-04,vendredi, Commerce ,France,TPE,pro,4,8,4,50.0%,8,0.9,16,4,0,1,1,,4,2,194.3 €,bleu,us-e1,A,,5576
SIM-00919,2024-03-09,samedi,Finance,France,TPE,pro,11,4,1,25.0%,8,4.0,16,6,1,0,2,9.7,4,0,117.05,clair,us-e1,B,,3551
SIM-00920,2023-10-31,mardi,COMMERCE,France,tpe,Pro,15,7,4,57.1,51,39.1,16,6,2,3,4,16.0,2,0,214.39,violet,us-e1,B,,7384
SIM-00921,01/10/2023,dimanche, Commerce ,Espagne,PME,Business,16,7,2,,14,"4,0",26,9,6,2,1,4.9,5,0,310.0,sombre,eu-w3,B,,4830
SIM-00922,2024-05-15,mercredi,Industrie,Allemagne,PME, Pro ,9,33,11,33.3%,1,0.1,16,8,2,30,6,"19,0",3,0,"864,13",sombre,ap-s1,control,,72984
SIM-00923,2023-11-06,lundi,Éducation,Espagne,TPE, Starter ,15,10,3,30.0,9,"5,5",8,4,3,1,5,29.4,2,0,109.55 €,bleu,ap-s1,A,,2785
SIM-00924,23 Dec 2024,lundi,commerce,Allemagne,tpe,Starter,1,6,4,66.7,56,39.6,8,2,0,0,1,17.7,5,1,66.24,vert,us-e1,A,,489
SIM-00925,2023-03-05,dimanche,Tech,,tpe,Pro,23,3,2,"66,7",58,50.4,16,13,7,0,0,8.1,5,0,76.59,sombre,eu-w3,control,,1130
SIM-00926,2024-02-02,vendredi,Santé,France,PME,Pro,12,47,8,17.0,7,"1,9",16,4,4,7,4,11.8,4,0,1163.48,sombre,eu-w1,control,Déploiement interne limité.,21943
SIM-00927,2024-07-30,mardi,santé,Belgique,ETI,pro,6,129,87,67.4,35,22.5,16,9,1,2,3,14.3 h,3,1,3292.76,clair,ap-s1,A,,35101
SIM-00928,2024-10-07,lundi,Commerce,France,TPE,PRO,4,7,3,42.9%,1,"0,5",16,6,0,18,4,12.2,3,1,198.75,violet,ap-s1,B,,5215
SIM-00929,08/02/2024,jeudi,Santé,Suisse,tpe,Starter,12,5,2,40.0,17,"10,5",8,1,1,1,2,"25,4",3,0,64.9,vert,ap-s1,A,,1650
SIM-00930,01/08/2023,mardi,Commerce,France,GE,Business,18,502,137,27.3,5,"2,3",26,9,2,12,6,9.0,,0,22300.21,clair,eu-w3,A,"Client insatisfait, risque de départ.",365723
SIM-00931,2024-10-07,lundi,Commerce,France,PME,Business,4,37,25,67.6%,43,"17,5",26,14,1,0,5,9.0,2,1,1987.29,clair,eu-w1,control,,146662
SIM-00932,15 Mar 2024,vendredi, Tech ,Allemagne, PME ,Starter,11,18,9,50.0%,30,15.0,8,2,0,1,2,24.3,3,0,264.35,bleu,eu-w1,A,,10405
SIM-00933,05/07/2023,mercredi,INDUSTRIE,France,TPE,Starter,19,8,0,"0,0",0,0.0,8,0,0,31,3,26.8,2,0,72.76,bleu,ap-s1,control,,1551
SIM-00934,04/04/2024,jeudi,Éducation,,PME,STARTER,10,45,13,28.9,5,3.8,8,1,0,5,3,21.4,4,2,"466,76",violet,eu-w3,control,,12248
SIM-00935,13/12/2023,mercredi, Tech ,France,GE,Pro,14,834,290,34.8,5,0.8,16,5,6,2,0,5.0,3,0,19494.35,vert,eu-w3,B,,287737
SIM-00936,2024-12-01,dimanche,Santé,France,PME,STARTER,2,39,26,66.7,31,"15,5",8,5,0,1,2,"19,0",4,1,"467,55",sombre,eu-w3,A,,13419
SIM-00937,07 Sep 2023,jeudi, Commerce ,Belgique,PME,starter,17,45,42,93.3%,76,"52,8",8,7,6,0,4,30.1,4,0,643.91,bleu,us-e1,control,,43297
SIM-00938,04 Oct 2023,mercredi,Finance,France, PME ,Pro,16,31,17,54.8%,6,0.7,16,3,3,5,0,2.3 h,5,1,757.78,sombre,eu-w1,control,Client très satisfait et actif.,13670
SIM-00939,31 Jan 2024,mercredi,,France,TPE,Pro,12,8,5,62.5,28,7.7,16,4,4,0,5,9.6 h,3,0,"222,68",bleu,us-e1,control,RAS.,2922
SIM-00940,2023-04-08,samedi,Éducation,Espagne,PME, Pro ,22,11,1,9.1%,1,"0,3",16,2,4,5,5,10.2 h,3,0,223.03,vert,ap-s1,control,,2743
SIM-00941,2024-09-06,vendredi,TECH,Belgique,pme,Business,5,48,17,35.4,10,0.5,26,10,0,0,0,4.8,4,,2005.6,sombre,us-e1,B,,23024
SIM-00942,26 Dec 2024,jeudi,Public,France,pme,Pro,1,43,13,"30,2",4,"0,6",16,7,0,0,0,9.9,3,3,874.12 €,sombre,eu-w1,A,,5017
SIM-00943,09 Sep 2023,samedi,Tech,Canada,ETI,Pro,17,167,126,75.4,43,19.3,16,9,6,0,0,11.1,4,0,5016.59,vert,ap-s1,A,,197453
SIM-00944,27/09/2024,vendredi,tech,France, TPE , Starter ,4,4,1,25.0,1,"0,3",8,0,1,16,0,12.5,5,2,31.58,vert,ap-s1,control,Suivi standard.,1114
SIM-00945,04 Sep 2023,lundi,COMMERCE,Allemagne,GE,Business,17,653,196,30.0,8,"3,6",26,11,3,0,0,2.6,5,0,32988.72 €,sombre,eu-w1,control,"Compte engagé, ambassadeur potentiel.",703320
SIM-00946,28 Oct 2024,lundi,Industrie,Allemagne,ETI,pro,3,182,148,81.3,51,"31,2",16,8,0,1,1,7.6,5,1,4836.44,bleu,eu-w1,control,,23795
SIM-00947,07/04/2023,vendredi, Commerce ,France,TPE,Business,22,1,1,100.0,25,12.8,26,7,4,0,4,,2,0,36.33,vert,eu-w3,control,Mécontentement exprimé au support.,506
SIM-00948,2024-06-07,vendredi,COMMERCE,France,PME,business,8,15,5,33.3,1,"0,3",26,1,1,23,7,8.3,4,2,674.14,vert,eu-w3,A,,8845
SIM-00949,09/10/2024,mercredi,,Allemagne,PME,Pro,4,53,37,69.8,46,27.4,16,9,0,0,6,17.7,2,2,1141.46,violet,us-e1,control,,10296
SIM-00950,11 Sep 2024,mercredi, Santé ,Belgique,PME,Business,5,20,16,80.0,61,"50,9",26,10,1,1,3,9.8,3,0,"783,29",vert,eu-w3,A,,14131
SIM-00951,12/09/2023,mardi,Industrie,France,TPE,pro,17,7,2,"28,6",1,"0,1",16,7,5,8,0,10.2,4,0,"165,83",sombre,ap-s1,A,"Compte engagé, ambassadeur potentiel.",5575
SIM-00952,25 Aug 2024,dimanche,public,France,TPE, Business ,5,6,3,50.0,23,"5,8",26,5,0,5,0,,3,1,234.55,clair,eu-w1,control,,2308
SIM-00953,06/12/2023,mercredi,Finance,France,PME,pro,14,56,11,19.6%,1,"0,3",16,3,3,4,3,8.6,3,0,982.67,bleu,us-e1,B,,7252
SIM-00954,06 Nov 2023,lundi,COMMERCE,Allemagne,TPE,Starter,15,4,3,75.0%,22,8.7,8,4,2,0,8,38.6,2,0,46.42,bleu,eu-w3,B,,4530
SIM-00955,13 Sep 2023,mercredi,Industrie,Canada,TPE,Starter,17,5,2,40.0,2,0.5,8,3,7,3,2,"25,3",3,0,"61,59",sombre,ap-s1,A,,1414
SIM-00956,06 Jun 2024,jeudi,ÉDUCATION,Espagne,TPE, Starter ,8,10,6,60.0,33,14.8,8,4,0,1,6,32.0,2,0,129.22,bleu,eu-w3,B,,2543
SIM-00957,07 Jan 2025,mardi,Commerce,France,TPE,starter,1,7,0,0.0,0,"0,0",8,0,0,30,4,24.9 h,,2,87.74,sombre,ap-s1,B,Déploiement interne limité.,504
SIM-00958,18 Apr 2023,mardi,FINANCE,France, ETI ,business,22,106,38,"35,8",2,0.1,26,1,0,12,5,"4,5",3,1,"4098,69",bleu,ap-s1,control,Suivi standard.,164685
SIM-00959,01/10/2023,dimanche,Finance,Belgique,TPE, Starter ,16,11,6,54.5,14,"5,7",8,2,3,1,0,11.7,4,0,129.8,violet,us-e1,control,,1384
SIM-00960,2023-04-20,jeudi,commerce,France,PME,Pro,22,27,21,"77,8",53,"39,6",16,9,2,1,0,15.2,4,0,"813,03",vert,us-e1,B,Compte dans la moyenne.,22001
SIM-00961,2024-03-08,vendredi,Public,Belgique, ETI ,Business,11,206,143,69.4,50,"5,7",26,14,2,0,0,1.4 h,,,9552.76,bleu,ap-s1,control,,234998
SIM-00962,2024-06-01,samedi, Éducation ,Allemagne,TPE,Business,8,8,5,62.5%,25,9.4,26,10,3,1,4,3.8,4,0,307.82,clair,us-e1,B,"Compte engagé, ambassadeur potentiel.",2272
SIM-00963,2023-12-08,vendredi,Finance,Suisse,TPE,STARTER,14,6,2,33.3,15,1.9,8,3,3,1,0,6.9,5,0,69.88,sombre,eu-w1,control,,1490
SIM-00964,30 Oct 2023,lundi,Santé,France,eti, Business ,15,169,138,81.7,38,"29,0",26,7,4,1,0,6.1,3,0,"9036,52",violet,us-e1,B,,103739
SIM-00965,31 Jan 2024,mercredi,Santé,Suisse,PME,Enterprise,12,34,18,"52,9",36,21.2,40,19,4,1,0,2.1,,,2042.2,vert,us-e1,B,"Compte engagé, ambassadeur potentiel.",33492
SIM-00966,06/06/2024,jeudi,Santé,France,PME,Pro,8,45,14,31.1%,4,1.4,16,4,3,2,3,8.6,4,0,"1202,6",clair,eu-w1,A,,17750
SIM-00967,18/04/2023,mardi, Finance ,Espagne,TPE,Pro,22,11,9,,79,"57,7",16,10,4,1,4,14.0,4,0,303.54,sombre,us-e1,A,,7218
SIM-00968,11 Apr 2024,jeudi, Tech ,Espagne, PME ,Enterprise,10,58,0,0.0,0,0.0,40,0,0,38,3,0.5,4,0,3860.23,clair,ap-s1,B,Faible adoption des sièges.,177262
SIM-00969,2023-10-03,mardi,,France,tpe,Starter,16,10,6,,34,10.7,8,4,4,1,8,44.7,1,0,126.44,vert,ap-s1,A,,4355
SIM-00970,04/01/2025,samedi,Commerce,France,PME,starter,1,17,6,35.3,8,3.5,8,1,0,4,1,"25,0",4,4,"166,6",clair,us-e1,A,,7650
SIM-00971,10/09/2024,mardi,tech,France,GE,PRO,5,172,0,0.0,0,"0,0",16,0,0,72,0,3.9,5,,4701.92,bleu,eu-w3,control,,115667
SIM-00972,08/02/2024,jeudi,Santé,Suisse,tpe,Starter,12,5,2,40.0,17,"10,5",8,1,1,1,2,"25,4",3,0,64.9,vert,ap-s1,A,,1650
SIM-00973,2025-01-05,dimanche,ÉDUCATION,Suisse,tpe,Pro,1,11,6,54.5,1,0.4,16,5,0,1,5,20.6,2,7,"320,92",sombre,eu-w3,A,Mécontentement exprimé au support.,3684
SIM-00974,06 Dec 2023,mercredi,Public,Espagne,PME,Starter,14,21,17,81.0,71,35.9,8,4,4,2,0,12.4,4,1,262.21,sombre,eu-w1,A,"Compte engagé, ambassadeur potentiel.",7525
SIM-00975,02 Jul 2023,dimanche,Éducation,Canada,PME,Business,19,38,14,36.8,7,3.4,26,15,,2,1,7.4 h,3,0,1889.58,bleu,us-e1,A,RAS.,20143
SIM-00976,2022-09-12,lundi,,France,pme,ENTERPRISE,29,51,38,74.5,82,55.6,40,22,9,1,2,2.8,4,0,4026.32,bleu,eu-w3,control,,118857
SIM-00977,2024-05-28,mardi,Industrie,France,GE,Business,8,682,384,,47,23.1,26,11,2,1,0,2.8,5,,"25763,66",violet,eu-w3,B,,971805
SIM-00978,2024-05-15,mercredi,Industrie,Allemagne,PME, Pro ,9,33,11,33.3%,1,0.1,16,8,2,30,6,"19,0",3,0,"864,13",sombre,ap-s1,control,,72984
SIM-00979,2023-02-11,samedi,Finance,,TPE,starter,24,4,1,25.0,3,0.9,8,0,7,10,4,28.2,3,0,"50,73",sombre,us-e1,B,,1123
SIM-00980,07/05/2023,dimanche,tech,France,PME,Business,21,24,15,62.5%,43,15.7,26,12,4,1,0,3.6 h,3,0,1284.71,vert,eu-w3,A,,41085
SIM-00981,06/01/2025,lundi, Finance ,France,PME,STARTER,1,53,33,62.3%,27,18.6,8,3,0,0,1,,3,1,"685,53",clair,eu-w3,control,Compte dans la moyenne.,10118
SIM-00982,30/09/2023,samedi,Public,Espagne,PME,PRO,16,13,2,"15,4",1,"0,1",16,2,6,4,4,12.3 h,3,0,236.83,sombre,ap-s1,A,Faible adoption des sièges.,2330
SIM-00983,13 Aug 2024,mardi,Éducation,Suisse,GE,business,6,615,588,95.6%,87,52.4,26,17,1,1,1,8.7,4,1,"34003,36",sombre,eu-w3,A,,1310489
SIM-00984,02/08/2023,mercredi,Tech,Allemagne,TPE, Starter ,18,10,2,20.0,1,0.4,8,1,12,20,2,,3,0,"111,79",sombre,eu-w3,control,Déploiement interne limité.,2017
SIM-00985,2023-07-20,jeudi,Industrie,Espagne,TPE,Starter,19,2,1,50.0,1,"0,7",8,1,2,30,0,"10,7",4,0,23.0,violet,eu-w1,control,,792
SIM-00986,04 Dec 2022,dimanche,,Espagne,PME, Pro ,26,14,8,"57,1",46,23.1,16,10,3,0,0,9.4 h,,0,460.24,bleu,ap-s1,B,,6793
SIM-00987,2025-01-02,jeudi, Industrie ,France,ETI,Business,1,175,66,37.7,7,4.4,26,7,0,3,2,7.5 h,3,4,7976.79,clair,eu-w1,B,Compte dans la moyenne.,104655
SIM-00988,2023-10-14,samedi,Industrie,France,PME,PRO,16,58,29,,33,20.2,16,2,0,3,5,14.0,4,0,1506.17 €,clair,eu-w1,B,,13586
SIM-00989,2024-03-11,lundi,,Canada, ETI ,business,11,53,19,35.8,19,,26,8,2,2,6,8.4,2,0,1747.19,bleu,ap-s1,B,Mécontentement exprimé au support.,12894
SIM-00990,28 Dec 2024,samedi,Commerce,France,PME,enterprise,1,52,38,73.1,34,"16,4",40,10,1,1,0,2.5,4,5,3652.42,sombre,eu-w1,control,,35940
SIM-00991,2023-04-14,vendredi,TECH,France,PME,ENTERPRISE,22,54,46,"85,2",59,"40,3",40,25,6,1,6,6.4,,0,4424.28,sombre,ap-s1,A,,286605
SIM-00992,29 Jan 2024,lundi,Commerce,France,PME,starter,12,26,13,50.0,40,22.0,8,3,2,1,2,23.2,,1,338.62 €,bleu,eu-w3,A,,6942
SIM-00993,2023-12-09,samedi,Finance,France, ETI ,Business,14,133,40,"30,1",3,0.8,26,6,1,24,2,2.1 h,4,0,5936.96,vert,eu-w3,A,,267757
SIM-00994,14/02/2024,mercredi,Commerce,France,pme,business,12,51,25,49.0,10,0.6,26,10,6,4,0,6.4,3,0,1778.72,violet,eu-w1,control,Compte dans la moyenne.,14586
SIM-00995,2024-04-08,lundi,Santé,France,GE,Business,10,816,113,13.8,1,"0,2",26,3,0,16,1,7.4,2,3,35724.92,bleu,us-e1,A,,937422
SIM-00996,28 Dec 2024,samedi,Finance,France,TPE, Starter ,1,3,2,66.7,53,"45,2",8,5,0,0,2,,4,1,34.04,clair,ap-s1,B,,530
SIM-00997,14/02/2024,mercredi,Tech,France,TPE,Starter,12,6,4,66.7,28,8.8,8,3,1,1,3,32.8,2,0,67.36,vert,eu-w3,B,Mécontentement exprimé au support.,552
SIM-00998,06/07/2023,jeudi,Commerce,Canada,PME,PRO,19,27,19,70.4,54,"35,0",16,5,6,0,4,"10,1",4,,655.22,sombre,eu-w3,B,Client très satisfait et actif.,12357
SIM-00999,28 May 2024,mardi,éducation,France, ETI ,Enterprise,8,102,83,81.4,43,27.9,40,11,3,1,3,3.9,3,0,"7810,05",bleu,eu-w1,A,,89659
SIM-01000,2023-05-03,mercredi,tech,France,ETI,Business,21,70,40,57.1,17,"6,4",26,10,2,4,4,"5,6",3,0,3254.13,bleu,ap-s1,A,,58705
SIM-01001,13/12/2023,mercredi,ÉDUCATION,France, TPE ,Starter,14,2,1,50.0,5,1.0,8,0,2,5,6,32.2,3,0,23.84,vert,eu-w1,B,,665
SIM-01002,21 Apr 2023,vendredi, Commerce ,Belgique,TPE,Starter,22,10,3,"30,0",10,"6,6",8,4,6,2,2,20.3,4,0,"118,83",sombre,eu-w1,A,"Compte engagé, ambassadeur potentiel.",1364
SIM-01003,29 Jul 2024,lundi,Commerce,France,TPE,Starter,6,6,1,,7,"2,9",8,1,3,3,5,31.0,2,1,58.98,sombre,us-e1,B,,677
SIM-01004,29/11/2023,mercredi,PUBLIC,France,PME, Starter ,14,23,0,0.0,0,0.0,8,0,0,53,6,"25,9",1,0,,bleu,eu-w3,B,"Client insatisfait, risque de départ.",1205
SIM-01005,23 Nov 2024,samedi,Public,France,GE,ENTERPRISE,2,783,533,"68,1",22,"15,1",40,16,0,0,1,"2,2",3,2,54739.74,bleu,eu-w3,control,,538639
SIM-01006,26 Dec 2024,jeudi,Finance,France,PME,Pro,1,51,41,80.4,73,27.6,16,6,0,1,2,11.1,4,2,1272.36,sombre,us-e1,B,Compte dans la moyenne.,16693
SIM-01007,2025-01-03,vendredi, Industrie ,France,PME,Business,1,22,9,"40,9",17,7.7,26,9,1,7,0,3.9,,0,919.05,vert,ap-s1,A,RAS.,5275
SIM-01008,2024-03-04,lundi,Commerce,Suisse,eti,Pro,11,196,33,,1,0.1,16,1,1,7,0,8.3,4,0,4519.64,bleu,us-e1,control,Faible adoption des sièges.,48179
SIM-01009,03/08/2024,samedi,Industrie,France, PME ,Enterprise,6,26,17,65.4%,23,15.4,40,23,1,2,0,0.5,3,6,1735.53,vert,ap-s1,control,Compte dans la moyenne.,11385
SIM-01010,2024-07-10,mercredi,,France, TPE ,Starter,7,3,2,66.7,36,17.1,8,5,1,0,7,33.9,4,1,"38,81",violet,eu-w1,B,Support très sollicité récemment.,446
SIM-01011,08/06/2023,jeudi, Industrie ,Suisse, TPE , Starter ,20,2,0,,0,0.0,8,0,0,48,1,26.6 h,3,0,26.37,sombre,eu-w3,B,Faible adoption des sièges.,541
SIM-01012,2024-05-11,samedi,Éducation,France,pme,Pro,9,25,14,"56,0",11,"9,7",16,9,1,3,5,20.2,2,0,"503,12",vert,eu-w3,control,,4951
SIM-01013,09 Nov 2022,mercredi, Industrie ,France,pme,Pro,27,56,36,"64,3",25,12.6,16,6,7,1,4,12.8,3,0,1664.42,clair,eu-w1,control,,102362
SIM-01014,08/12/2024,dimanche,Commerce,Allemagne,ETI,Pro,2,113,29,25.7,1,0.2,16,2,0,1,1,7.8,,2,2176.01,vert,ap-s1,A,RAS.,23196
SIM-01015,13 Aug 2023,dimanche,Public,Canada,ETI,Pro,18,86,35,40.7,13,0.6,16,7,2,0,1,"8,9",3,0,2521.35,sombre,eu-w3,control,,248101
SIM-01016,05/10/2024,samedi,Public,Espagne,ETI,PRO,4,184,145,78.8,72,40.9,16,9,2,1,0,6.6 h,3,0,"5191,91",bleu,eu-w1,control,,204354
SIM-01017,18 May 2023,jeudi,finance,Suisse,PME,business,21,18,6,33.3,1,0.1,26,8,8,27,2,"5,9",3,1,861.15,violet,ap-s1,A,,60728
SIM-01018,04 Jan 2025,samedi,Finance,France,TPE,Starter,1,9,2,22.2%,1,0.3,8,1,0,8,0,"23,5",2,1,"93,44",clair,us-e1,B,,690
SIM-01019,03/12/2024,mardi,tech,Allemagne,PME,PRO,2,42,31,73.8,46,19.3,16,5,0,0,5,14.6 h,3,0,1077.91,violet,eu-w3,control,,15910
SIM-01020,02 Jan 2024,mardi,Tech,Allemagne,PME,BUSINESS,13,54,24,"44,4",5,1.4,26,4,4,3,3,"5,1",3,2,2863.66,sombre,eu-w1,B,RAS.,75142
SIM-01021,12/08/2024,lundi,finance,France,TPE,Starter,6,3,1,33.3,1,0.1,8,2,2,30,7,22.5,2,0,33.41,vert,us-e1,A,"Client insatisfait, risque de départ.",300
SIM-01022,04 Jun 2023,dimanche,Industrie,France, TPE ,Business,20,3,1,33.3,1,0.1,26,7,3,4,2,,3,0,105.18 €,bleu,ap-s1,B,,2846
SIM-01023,01/01/2025,mercredi,Industrie,Suisse,PME,Pro,1,51,7,13.7,1,"0,2",16,4,,0,0,5.6,5,4,"1074,54",violet,us-e1,B,,4406
SIM-01024,07 Jun 2024,vendredi,Public,Suisse,TPE,Pro,8,7,1,14.3,1,0.4,16,2,1,30,3,18.7,2,1,155.96,sombre,us-e1,B,"Client insatisfait, risque de départ.",767
SIM-01025,2023-11-16,jeudi,Industrie,Allemagne,GE,Business,15,535,318,59.4,11,3.6,26,11,1,8,0,,5,0,23051.29,sombre,eu-w3,B,,151216
SIM-01026,09/01/2025,jeudi,FINANCE,, PME ,Business,1,23,6,26.1,1,0.1,26,5,0,3,4,8.2,2,2,"1055,66",vert,eu-w3,B,Mécontentement exprimé au support.,23372
SIM-01027,19 Jun 2022,dimanche,Industrie,Canada,pme,starter,32,49,39,"79,6",69,"32,7",8,3,6,2,0,11.5,3,0,669.44,violet,ap-s1,control,Compte dans la moyenne.,51051
SIM-01028,2023-08-09,mercredi,PUBLIC,France,TPE,Starter,18,7,6,"85,7",68,"12,3",8,4,3,3,0,"12,3",5,0,"92,23",vert,us-e1,A,"Compte engagé, ambassadeur potentiel.",2420
SIM-01029,14/02/2024,mercredi,SANTÉ,Canada,PME,Pro,12,43,23,53.5,3,1.9,16,4,2,30,2,12.8 h,3,,1063.29,clair,eu-w3,control,,10463
SIM-01030,02 May 2024,jeudi,,Canada,PME,pro,9,35,20,57.1,14,7.8,16,3,3,2,3,14.4,,0,"808,2",bleu,eu-w1,B,,21870
SIM-01031,2023-07-11,mardi,TECH,Belgique,TPE,Starter,19,11,3,"27,3",5,3.0,8,2,5,1,0,11.9,4,0,159.81,bleu,eu-w1,B,,8780
SIM-01032,01 Feb 2024,jeudi,,Suisse,ge,enterprise,12,826,462,"55,9",43,"37,9",40,27,6,0,0,4.5,2,0,75576.54,clair,ap-s1,B,Mécontentement exprimé au support.,2000000
SIM-01033,05 Jan 2025,dimanche, Santé ,Espagne,PME,Starter,1,25,8,32.0,1,0.1,8,2,1,2,3,23.6 h,3,2,292.4 €,violet,eu-w1,B,RAS.,4076
SIM-01034,09 Oct 2023,lundi,ÉDUCATION,France, PME ,Business,16,58,30,51.7,26,14.8,26,6,3,1,5,9.3,3,0,2905.7,clair,us-e1,control,RAS.,88159
SIM-01035,06/04/2024,samedi,Éducation,Allemagne,TPE,PRO,10,9,4,"44,4",9,1.0,16,3,2,1,1,"6,8",4,1,"279,32",sombre,eu-w3,control,,6184
SIM-01036,2023-04-11,mardi,Industrie,Allemagne, PME ,Enterprise,22,8,1,"12,5",5,1.2,40,7,2,12,4,3.8,4,0,674.58 €,clair,eu-w3,control,,5532
SIM-01037,2024-05-08,mercredi, Commerce ,,eti,enterprise,9,154,63,40.9,10,"1,2",40,10,1,1,1,3.9,4,,9145.62,sombre,eu-w3,control,,97492
SIM-01038,05 Nov 2024,mardi,FINANCE,Espagne,GE,Enterprise,3,815,157,19.3,1,0.5,40,14,0,16,2,5.6,,,54582.34,bleu,ap-s1,control,Déploiement interne limité.,402818
SIM-01039,03 Dec 2023,dimanche, Commerce ,France,TPE,Pro,14,5,1,20.0%,1,0.2,16,3,1,13,4,11.6,3,0,120.54,clair,eu-w1,control,Faible adoption des sièges.,1779
SIM-01040,06 Aug 2024,mardi,Tech,France,GE, Enterprise ,6,242,51,"21,1",7,3.6,40,17,1,1,2,6.5,2,0,16631.2,vert,eu-w3,B,,204564
SIM-01041,01 May 2024,mercredi,TECH,France,PME,Enterprise,9,17,9,52.9,25,12.8,40,16,0,0,1,1.7 h,3,0,,vert,ap-s1,control,,22355
SIM-01042,2024-07-27,samedi,éducation,Belgique,PME,pro,6,20,13,65.0,20,6.7,16,5,2,1,4,12.8,4,,555.15,violet,eu-w1,control,RAS.,9560
SIM-01043,16 Aug 2023,mercredi,Commerce,Belgique,PME,business,18,53,48,90.6,103,82.6,26,19,3,0,1,4.7,4,0,2597.77,clair,eu-w3,control,Client très satisfait et actif.,134201
SIM-01044,2024-03-13,mercredi,Éducation,Canada,ETI,business,11,203,76,37.4%,2,0.1,26,4,2,5,2,10.8,2,0,9342.55,sombre,eu-w1,A,,68948
SIM-01045,2023-06-15,jeudi,Commerce,France,PME,Business,20,8,4,50.0,6,2.0,26,6,2,1,5,9.9,,0,298.85 €,sombre,eu-w3,control,,3431
SIM-01046,31/12/2024,mardi,Commerce,France, TPE ,enterprise,1,4,3,75.0,44,"19,4",40,13,0,1,2,5.4,3,0,,violet,eu-w3,A,,7395
SIM-01047,2023-12-03,dimanche, Finance ,France,TPE,Starter,14,3,2,66.7,32,19.0,8,3,5,1,1,21.9,4,0,37.61,violet,us-e1,A,,370
SIM-01048,2025-01-06,lundi, Tech ,Canada,ge,Business,1,366,174,"47,5",26,13.6,26,9,0,2,0,6.1,2,2,14724.81 €,violet,ap-s1,control,Mécontentement exprimé au support.,253561
SIM-01049,01 Jun 2024,samedi,Santé,Espagne,GE,ENTERPRISE,8,412,259,62.9,33,20.3,40,21,2,1,5,3.8 h,3,0,31405.82,clair,ap-s1,B,,309033
SIM-01050,01 Jan 2025,mercredi,Éducation,France,ETI, Enterprise ,1,84,23,27.4,5,2.4,40,16,0,2,6,,2,3,8381.99,vert,eu-w1,control,"Client insatisfait, risque de départ.",336788
SIM-01051,2023-04-08,samedi,Éducation,Espagne,PME, Pro ,22,11,1,9.1%,1,"0,3",16,2,4,5,5,10.2 h,3,0,223.03,vert,ap-s1,control,,2743
SIM-01052,04 Aug 2024,dimanche,Commerce,France,ge,Enterprise,6,252,90,35.7%,2,1.1,40,11,1,1,1,3.0 h,4,0,"17745,09",sombre,eu-w3,A,,392876
SIM-01053,16 Sep 2023,samedi,santé,Suisse,GE,Enterprise,17,338,183,54.1,18,7.2,40,16,5,1,3,1.8,4,0,29358.0,violet,ap-s1,control,Client très satisfait et actif.,1203678
SIM-01054,12 Jul 2023,mercredi,Finance,France, GE ,enterprise,19,276,71,25.7%,1,"0,3",40,2,4,8,0,2.0,4,0,"20600,81",sombre,eu-w3,B,"Compte engagé, ambassadeur potentiel.",371639
SIM-01055,16/09/2023,samedi,Commerce,France,GE,Business,17,381,214,56.2,28,"16,2",26,4,4,0,0,"4,8",5,0,16815.53,vert,us-e1,A,"Compte engagé, ambassadeur potentiel.",330930
SIM-01056,31 Jul 2024,mercredi,Commerce,France, TPE ,STARTER,6,2,1,50.0,6,1.6,8,3,0,5,6,40.2,1,1,20.96,vert,us-e1,B,"Client insatisfait, risque de départ.",300
SIM-01057,02/08/2023,mercredi,,France, PME , Pro ,18,51,15,"29,4",8,0.4,16,3,6,2,1,8.0,3,1,1263.93,vert,us-e1,A,,26947
SIM-01058,10 Jan 2024,mercredi,Public,Espagne, TPE ,Starter,13,11,3,27.3,3,"0,2",8,3,2,6,8,25.9,3,0,93.37,violet,us-e1,A,"Multiples tickets ouverts, friction élevée.",613
SIM-01059,2024-01-28,dimanche,Finance,France,ETI,Business,12,175,87,49.7,11,4.0,26,8,3,3,2,"2,1",3,0,6736.6,vert,eu-w1,B,RAS.,66288
SIM-01060,01 Aug 2023,mardi, Tech ,France, ETI , Business ,18,194,164,"84,5",91,46.6,26,19,,0,6,"8,2",1,,9679.58,clair,eu-w1,B,,261929
SIM-01061,31/07/2024,mercredi,PUBLIC,Canada,TPE,Starter,6,1,1,100.0,41,11.2,8,1,,0,0,15.8,5,0,12.45,clair,us-e1,A,Client très satisfait et actif.,300
SIM-01062,03/01/2025,vendredi,Commerce,Canada,TPE,pro,1,5,4,80.0%,55,,16,10,1,0,0,3.1,5,3,124.8,violet,eu-w1,control,Compte dans la moyenne.,1433
SIM-01063,2024-04-14,dimanche,COMMERCE,France,PME,Starter,10,13,9,69.2,50,12.6,8,4,1,2,0,15.0,5,1,173.99,violet,eu-w3,A,Compte dans la moyenne.,6706
SIM-01064,14/10/2023,samedi,PUBLIC,,PME,Business,16,6,3,50.0%,15,0.8,26,4,2,3,0,3.4,,0,312.16 €,vert,us-e1,A,Compte dans la moyenne.,3328
SIM-01065,01/02/2024,jeudi,TECH,France,pme,Business,12,8,1,"12,5",3,0.2,26,8,3,1,1,6.7,4,0,366.55,sombre,ap-s1,B,Déploiement interne limité.,4208
SIM-01066,01/07/2024,lundi,industrie,France,TPE,Business,7,9,5,55.6,23,15.2,26,12,,2,1,1.6,5,3,"443,21",vert,eu-w1,A,,8722
SIM-01067,2022-11-08,mardi,Finance,France,PME,pro,27,14,10,71.4,48,"29,1",16,4,5,0,3,9.4,,,378.4,bleu,ap-s1,A,"Compte engagé, ambassadeur potentiel.",9309
SIM-01068,11/05/2023,jeudi,Tech,France,TPE,Business,21,7,1,14.3,1,0.2,26,2,,30,8,10.0,3,0,"313,67",sombre,eu-w3,control,"Multiples tickets ouverts, friction élevée.",30865
SIM-01069,05/09/2023,mardi, Public ,Espagne,GE,Business,17,505,181,35.8,10,"0,5",26,4,4,3,1,5.8,3,0,24154.52 €,sombre,ap-s1,control,Suivi standard.,415941
SIM-01070,10 Jun 2024,lundi,INDUSTRIE,France,tpe,Starter,8,7,5,"71,4",15,8.4,8,4,,4,3,30.8,2,0,84.7,clair,eu-w1,control,"Client insatisfait, risque de départ.",1111
SIM-01071,08/01/2025,mercredi, Tech ,Allemagne,eti,enterprise,1,209,134,64.1%,25,,40,11,0,1,3,2.6,5,0,14564.98,clair,eu-w1,control,,143319
SIM-01072,02 Feb 2023,jeudi,Éducation,, ETI ,Pro,24,96,9,9.4,1,"0,3",16,0,8,4,8,,2,0,2479.04,violet,eu-w1,A,,16263
SIM-01073,30/01/2024,mardi,tech,Suisse, PME ,Starter,12,47,42,89.4,79,45.7,8,5,2,0,2,"28,7",3,0,845.35,clair,eu-w1,B,,31193
SIM-01074,2022-08-06,samedi,INDUSTRIE,,TPE,Enterprise,30,11,6,,1,0.3,40,3,8,1,5,4.9,3,0,847.56,clair,eu-w1,B,,20155
SIM-01075,15/11/2023,mercredi,Tech,,PME,Pro,15,15,0,0.0,0,0.0,16,0,0,46,5,14.9,1,0,336.74,violet,eu-w3,B,"Client insatisfait, risque de départ.",10769
SIM-01076,2023-02-18,samedi,Finance,France,ETI,Business,24,179,34,19.0,1,0.1,26,1,3,3,0,2.7 h,5,,8218.38,violet,eu-w1,control,,316736
SIM-01077,03 Apr 2024,mercredi,Commerce,Canada,TPE,Starter,10,11,5,45.5,10,3.0,8,2,4,2,3,"26,6",3,0,"118,86",sombre,us-e1,B,,3021
SIM-01078,21/05/2023,dimanche,Santé,,PME,Starter,21,44,31,70.5,46,33.4,8,3,3,0,0,"14,5",5,0,,sombre,ap-s1,control,"Compte engagé, ambassadeur potentiel.",8905
SIM-01079,2024-02-27,mardi,public,,TPE,Pro,11,9,1,11.1%,1,0.3,16,1,3,6,1,17.1,2,0,"257,14",bleu,eu-w3,control,"Client insatisfait, risque de départ.",8645
SIM-01080,2024-02-14,mercredi,PUBLIC,France,PME,pro,12,51,34,66.7,71,"60,5",16,10,3,1,1,12.5,4,0,1405.36,bleu,ap-s1,A,,27657
SIM-01081,2023-10-03,mardi,,France,tpe,Starter,16,10,6,,34,10.7,8,4,4,1,8,44.7,1,0,126.44,vert,ap-s1,A,,4355
SIM-01082,2024-07-14,dimanche,Commerce,France,ETI,business,7,65,31,47.7%,18,"8,2",26,11,2,2,0,5.1,5,1,"3105,61",sombre,us-e1,control,Suivi standard.,28013
SIM-01083,2025-01-04,samedi,public,France,TPE,Business,1,10,5,50.0%,6,,26,4,0,1,2,5.3,4,,"519,58",clair,eu-w1,A,,7669
SIM-01084,29/12/2024,dimanche,SANTÉ,Allemagne,GE,Enterprise,1,789,506,"64,1",31,5.8,40,25,0,0,4,"3,6",2,4,54609.99,clair,eu-w1,A,,313461
SIM-01085,29/06/2024,samedi,Tech,Espagne,TPE,Starter,7,3,2,66.7,31,32.8,8,3,1,3,3,21.1,4,0,32.8,clair,ap-s1,A,,300
SIM-01086,08/01/2025,mercredi,Finance,France,ETI,pro,1,199,94,47.2,19,,16,4,0,2,0,6.6,5,3,5212.24,violet,eu-w1,B,,175236
SIM-01087,15 Mar 2024,vendredi,Tech,Belgique,GE,ENTERPRISE,11,688,545,79.2,61,37.7,40,25,1,1,14,6.7,1,0,53272.41,violet,us-e1,A,,1223135
SIM-01088,13/06/2023,mardi,public,France,GE,ENTERPRISE,20,460,130,28.3,4,0.5,40,18,4,8,6,"4,2",2,0,41945.48 €,clair,ap-s1,B,"Client insatisfait, risque de départ.",1444602
SIM-01089,2024-11-02,samedi,Finance,France,pme,Starter,3,43,24,55.8,30,18.2,8,3,2,0,3,"22,9",4,1,544.2,bleu,ap-s1,control,,5355
SIM-01090,2023-04-12,mercredi,TECH,France,PME,Business,22,10,4,40.0%,8,"5,3",26,1,,0,2,3.8 h,3,0,478.1 €,bleu,ap-s1,control,RAS.,45085
SIM-01091,2024-02-13,mardi,Tech,France,PME,Starter,12,59,0,,0,,8,0,0,41,3,26.0,3,1,750.08 €,clair,ap-s1,control,Déploiement interne limité.,8611
SIM-01092,01/09/2024,dimanche,industrie,France, TPE ,Pro,5,5,2,40.0%,28,3.0,16,9,1,1,0,,,1,,clair,eu-w3,A,RAS.,3151
SIM-01093,05/10/2022,mercredi,Santé,Canada,TPE,pro,28,9,0,0.0,0,"0,0",16,0,0,36,1,10.2,3,1,267.65,sombre,eu-w3,A,Faible adoption des sièges.,6584
SIM-01094,10/11/2023,vendredi,finance,France,PME,Pro,15,17,3,17.6,1,0.1,16,7,4,3,2,10.9 h,4,0,480.42,bleu,eu-w1,A,,6697
SIM-01095,12/03/2024,mardi,Industrie,France,ETI,Pro,11,34,8,23.5,3,0.5,16,4,2,9,3,11.3,2,0,810.17 €,clair,eu-w3,A,,7972
SIM-01096,11/06/2023,dimanche, Tech ,Espagne,PME, Business ,20,38,14,36.8,17,0.8,26,4,3,1,3,"8,9",3,,2009.38,violet,us-e1,B,Compte dans la moyenne.,60965
SIM-01097,01/06/2024,samedi,Tech,France,pme, Enterprise ,8,25,5,20.0,1,0.2,40,12,5,4,0,3.5,5,1,1975.85,clair,eu-w3,control,,34024
SIM-01098,2023-10-30,lundi,Commerce,Espagne,PME,PRO,15,48,0,0.0%,0,0.0,16,0,0,31,3,14.4,3,0,1137.15,violet,ap-s1,B,,16784
SIM-01099,29 May 2024,mercredi,Tech,France,PME,pro,8,21,9,"42,9",15,6.6,16,5,0,1,0,,5,0,554.48,bleu,eu-w1,B,Suivi standard.,40011
SIM-01100,01 May 2024,mercredi,Éducation,France,TPE,Starter,9,6,3,50.0,20,7.2,8,3,1,2,0,20.8,,3,54.34,violet,us-e1,B,,579
SIM-01101,29 Sep 2024,dimanche,COMMERCE,Suisse,GE,Enterprise,4,428,256,59.8,6,"1,0",40,16,0,25,6,6.8,4,2,38243.55 €,clair,us-e1,control,,689914
SIM-01102,28/11/2024,jeudi, Tech ,Allemagne,GE,ENTERPRISE,2,849,244,"28,7",12,"5,0",40,19,0,1,5,4.7,2,5,"58810,66",vert,ap-s1,B,,819821
SIM-01103,2023-01-06,vendredi,Finance,Belgique,TPE,BUSINESS,25,8,5,62.5%,21,6.2,26,13,7,0,7,10.1 h,4,0,362.5,clair,eu-w1,control,"Multiples tickets ouverts, friction élevée.",8026
SIM-01104,2023-10-14,samedi,Finance,Suisse,TPE,Pro,16,2,1,50.0,25,16.1,16,10,2,0,2,15.0,4,0,44.5,clair,eu-w3,control,,511
SIM-01105,28 Dec 2024,samedi, Éducation ,France,ge,pro,1,847,402,47.5,7,1.0,16,1,0,1,6,14.1 h,4,3,17010.24 €,violet,eu-w1,B,RAS.,209226
SIM-01106,2024-12-28,samedi, Éducation ,France,PME,BUSINESS,1,37,0,0.0,0,,26,0,0,30,2,,3,3,1535.85,clair,us-e1,control,,13853
SIM-01107,08 Mar 2024,vendredi, Santé ,France, TPE ,Pro,11,1,1,100.0,77,39.3,16,7,2,0,9,"19,6",1,1,25.16,bleu,us-e1,B,,300
SIM-01108,29 Aug 2024,jeudi,commerce,France, TPE ,Business,5,5,3,60.0,2,1.1,26,6,1,13,1,4.3,4,0,"244,97",violet,eu-w3,A,Suivi standard.,2009
SIM-01109,07/09/2024,samedi,PUBLIC,France,pme,ENTERPRISE,5,14,3,"21,4",1,0.1,40,16,2,2,5,"4,9",2,0,1170.41,clair,eu-w3,B,Mécontentement exprimé au support.,19195
SIM-01110,14 Mar 2024,jeudi,Tech,Espagne,PME,business,11,58,27,"46,6",2,0.8,26,5,1,13,4,,4,1,2536.66,clair,us-e1,A,Suivi standard.,24961
SIM-01111,2025-01-07,mardi,commerce,Suisse,GE,Enterprise,1,198,18,"9,1",1,"0,1",40,9,0,7,4,3.9 h,,1,11835.33,violet,ap-s1,A,Faible adoption des sièges.,67935
SIM-01112,2024-05-05,dimanche,Industrie,France,PME,Pro,9,53,46,86.8,76,35.7,16,8,0,0,4,18.0,4,2,1637.97,vert,ap-s1,control,,30892
SIM-01113,28 Jul 2024,dimanche,INDUSTRIE,Belgique,PME,pro,6,15,3,20.0,1,0.1,16,4,1,20,5,13.3,4,3,320.35,sombre,us-e1,control,,3415
SIM-01114,2023-05-18,jeudi,COMMERCE,Suisse,PME,PRO,21,33,21,63.6,5,1.2,16,5,3,5,3,10.0,4,0,849.21,violet,us-e1,B,"Compte engagé, ambassadeur potentiel.",8356
SIM-01115,03/12/2024,mardi,commerce,France, ETI ,Pro,2,30,15,,12,"8,1",16,4,0,1,3,15.7,1,0,"652,47",violet,ap-s1,B,,15516
SIM-01116,2024-12-04,mercredi,Éducation,,PME,Business,2,11,3,27.3,6,3.3,26,9,0,0,5,7.7,2,1,483.27,sombre,eu-w3,control,,3963
SIM-01117,29/06/2024,samedi,Public,Espagne,TPE,Pro,7,8,3,37.5,3,"0,9",16,0,1,15,1,8.0 h,4,0,204.35,sombre,eu-w1,A,,3519
SIM-01118,2024-04-13,samedi,Tech,Canada,PME,Business,10,58,45,"77,6",51,33.7,26,9,2,2,5,9.2,4,1,2944.13,violet,eu-w1,B,RAS.,43455
SIM-01119,31/05/2024,vendredi,Tech,France,tpe, Pro ,8,2,1,50.0%,27,7.8,16,6,1,1,0,"7,7",3,1,49.4,violet,us-e1,A,Compte dans la moyenne.,810
SIM-01120,2024-05-29,mercredi,Industrie,France,PME,Pro,8,32,9,28.1%,6,,16,6,2,2,0,5.8,4,1,"1025,05",clair,ap-s1,A,Suivi standard.,71446
SIM-01121,19/05/2023,vendredi,ÉDUCATION,Belgique,tpe,Starter,21,2,1,50.0%,11,2.2,8,2,5,2,2,30.1,2,0,26.58,violet,eu-w1,control,,1373
SIM-01122,2024-12-25,mercredi,Finance,Suisse,PME,PRO,1,16,5,31.2,8,6.5,16,3,,2,5,11.6 h,4,3,323.33 €,bleu,ap-s1,A,Compte dans la moyenne.,6363
SIM-01123,08/06/2023,jeudi, Industrie ,Suisse, TPE , Starter ,20,2,0,,0,0.0,8,0,0,48,1,26.6 h,3,0,26.37,sombre,eu-w3,B,Faible adoption des sièges.,541
SIM-01124,2024-09-29,dimanche, Commerce ,France,PME,Business,4,8,7,,48,,26,8,3,3,0,1.8,5,3,"392,14",clair,us-e1,B,,16721
SIM-01125,27/12/2024,vendredi,Santé,France,PME,Enterprise,1,33,21,63.6%,22,13.1,40,19,1,0,1,0.6,,3,2344.68,sombre,eu-w1,control,,24994
SIM-01126,2024-09-02,lundi,Commerce,Allemagne,TPE,Starter,5,5,3,60.0%,20,"9,9",8,1,2,0,0,18.3,5,0,66.62 €,clair,ap-s1,control,,1202
SIM-01127,14 Jul 2023,vendredi, Finance ,France,ETI, Business ,19,216,148,68.5,31,"8,5",26,12,5,1,0,3.0,5,0,"11049,85",violet,eu-w3,control,Client très satisfait et actif.,154035
SIM-01128,2024-08-03,samedi, Commerce ,France,tpe, Starter ,6,7,4,57.1%,20,7.8,8,3,4,6,4,,3,1,"88,53",bleu,eu-w3,control,,1089
SIM-01129,03 Sep 2023,dimanche,Tech,,PME,BUSINESS,17,13,10,,44,"6,7",26,15,2,1,3,8.7 h,2,0,638.33,violet,eu-w3,control,,13086
SIM-01130,04/04/2024,jeudi,Éducation,,PME,STARTER,10,45,13,28.9,5,3.8,8,1,0,5,3,21.4,4,2,"466,76",violet,eu-w3,control,,12248
SIM-01131,29/12/2024,dimanche,Santé,France,pme,Business,1,48,36,75.0,62,39.9,26,14,0,1,0,"0,5",5,2,1755.9,clair,eu-w3,control,Suivi standard.,18718
SIM-01132,2023-07-19,mercredi, Public ,France,PME,Business,19,22,5,22.7,3,"0,2",26,1,4,5,4,9.1,3,0,"906,3",bleu,eu-w3,control,,15606
SIM-01133,2023-05-13,samedi,Public,Canada,GE,Enterprise,21,362,127,35.1%,1,0.3,40,1,1,15,1,3.2,3,0,30088.63,violet,ap-s1,B,,271399
SIM-01134,05 Jun 2024,mercredi, Commerce ,France,TPE,starter,8,4,2,50.0%,16,"7,6",8,2,1,4,0,,4,0,"49,98",sombre,eu-w1,control,Compte dans la moyenne.,369
SIM-01135,28 Feb 2024,mercredi,FINANCE,Belgique,TPE,Pro,11,6,2,33.3,1,"0,8",16,7,1,3,0,9.0,3,0,174.68,bleu,eu-w3,control,,1432
SIM-01136,2024-10-27,dimanche,santé,France,TPE,Pro,3,1,1,100.0,11,,16,4,0,2,2,10.9,5,2,19.31 €,violet,ap-s1,B,,301
SIM-01137,18 Feb 2023,samedi,Finance,France,PME,pro,24,53,17,32.1,6,"0,8",16,4,5,1,2,11.4,4,0,1551.29 €,sombre,us-e1,B,"Compte engagé, ambassadeur potentiel.",40706
SIM-01138,23/12/2024,lundi,Éducation,Allemagne,PME,BUSINESS,1,46,36,78.3,49,"28,5",26,15,0,0,0,"2,1",5,1,2025.39 €,clair,us-e1,control,,24912
SIM-01139,10/01/2025,vendredi, Commerce ,France, ETI ,Business,1,208,146,70.2,48,44.9,26,13,0,0,0,1.0,4,5,9163.84,vert,ap-s1,B,RAS.,82658
SIM-01140,13 Dec 2023,mercredi, Public ,France,PME,business,14,32,9,28.1,1,0.1,26,9,5,10,5,5.0 h,2,1,1209.05,bleu,eu-w1,control,,19828
SIM-01141,01 Jan 2024,lundi,Commerce,France,TPE, Pro ,13,9,2,22.2,5,"2,4",16,5,4,7,6,16.7,2,0,242.02 €,sombre,ap-s1,A,,8732
SIM-01142,27/04/2024,samedi,Commerce,Allemagne,PME, Starter ,9,13,2,15.4,1,0.3,8,1,4,8,4,"26,6",3,1,"150,4",bleu,eu-w1,control,Faible adoption des sièges.,4440
SIM-01143,29/12/2024,dimanche,Public,France,PME,PRO,1,26,7,"26,9",1,0.2,16,3,0,2,3,,2,3,551.71,vert,ap-s1,A,Mécontentement exprimé au support.,2714
SIM-01144,10/07/2024,mercredi,Finance,Canada,TPE,pro,7,9,2,22.2%,1,0.1,16,2,3,2,5,14.0,3,2,217.81,vert,us-e1,control,,9466
SIM-01145,2023-08-17,jeudi, Public ,France,pme,starter,18,24,6,"25,0",1,"0,3",8,1,8,30,0,22.4,4,0,295.95,sombre,us-e1,A,,8494
SIM-01146,2025-01-05,dimanche,FINANCE,France,PME,Pro,1,53,44,83.0%,49,"18,7",16,3,1,0,0,,5,2,1232.87,vert,eu-w3,B,Suivi standard.,29318
SIM-01147,01/01/2025,mercredi,finance,France, TPE ,Pro,1,6,4,66.7,31,"18,8",16,9,0,0,1,14.6,,1,147.33,bleu,eu-w1,B,,2537
SIM-01148,11 Sep 2024,mercredi,Commerce,France,PME,PRO,5,37,21,56.8,18,"8,8",16,7,2,1,0,11.3,4,0,827.0,bleu,ap-s1,control,,14919
SIM-01149,31/08/2023,jeudi,finance,Allemagne,PME,pro,17,38,9,23.7%,9,3.0,16,5,1,1,11,19.2,1,0,954.45,sombre,eu-w1,B,,16436
SIM-01150,2023-10-16,lundi,Tech,France,TPE,Starter,16,3,3,100.0,89,24.4,8,4,4,0,0,23.3 h,4,0,39.27,bleu,eu-w3,control,Client très satisfait et actif.,805
SIM-01151,2024-06-07,vendredi,Éducation,France,PME,Starter,8,52,11,21.2,3,"1,1",8,2,2,23,6,23.7,3,2,494.48 €,bleu,ap-s1,B,,4460
SIM-01152,2024-03-06,mercredi, Commerce ,France,tpe,Starter,11,9,8,88.9,80,46.5,8,6,2,1,2,26.6,3,1,"96,42",sombre,ap-s1,A,,870
SIM-01153,14/07/2024,dimanche, Santé ,Suisse,eti,Business,7,98,10,10.2,1,"0,3",26,2,0,17,0,"4,8",,3,3037.11 €,bleu,eu-w1,control,,17433
SIM-01154,28/12/2024,samedi,tech,,ETI,Business,1,186,74,"39,8",3,0.7,26,7,0,12,1,"6,4",4,4,8535.37,violet,ap-s1,A,Compte dans la moyenne.,258963
SIM-01155,08/01/2024,lundi,Industrie,France,pme, Enterprise ,13,22,10,45.5,22,10.4,40,18,1,2,0,"0,5",4,0,1630.14,vert,us-e1,B,,20051
SIM-01156,2023-07-20,jeudi,Industrie,Espagne,TPE,Starter,19,2,1,50.0,1,"0,7",8,1,2,30,0,"10,7",4,0,23.0,violet,eu-w1,control,,792
SIM-01157,2024-01-13,samedi,Finance,Belgique,TPE,BUSINESS,13,5,3,60.0,27,4.2,26,8,2,1,5,8.1,2,2,228.29 €,sombre,eu-w1,control,,3370
SIM-01158,2025-01-03,vendredi, Industrie ,France,PME,Business,1,22,9,"40,9",17,7.7,26,9,1,7,0,3.9,,0,919.05,vert,ap-s1,A,RAS.,5275
SIM-01159,04 Aug 2024,dimanche,ÉDUCATION,Canada,PME,Starter,6,31,8,25.8%,4,"2,1",8,2,2,3,8,42.7,2,1,401.71,sombre,us-e1,B,Mécontentement exprimé au support.,14164
SIM-01160,28 Dec 2024,samedi,Tech,France,PME,Enterprise,1,54,15,27.8%,2,0.6,40,14,0,9,1,3.7,4,4,3886.31,clair,eu-w1,control,,38241
SIM-01161,2024-12-10,mardi,finance,Canada,pme,Pro,2,31,22,71.0%,33,29.4,16,7,0,0,3,17.0 h,3,0,,sombre,ap-s1,control,RAS.,2524
SIM-01162,13/01/2024,samedi,Industrie,France,PME,Business,13,38,23,60.5,8,3.1,26,7,3,4,0,1.9,5,0,1790.74,clair,eu-w1,control,,42584
SIM-01163,2023-07-09,dimanche,santé,Suisse,TPE,starter,19,10,4,40.0,12,"4,8",8,3,5,2,4,33.7,3,0,112.22,bleu,us-e1,A,,2024
SIM-01164,01/01/2025,mercredi,finance,France, TPE ,Pro,1,6,4,66.7,31,"18,8",16,9,0,0,1,14.6,,1,147.33,bleu,eu-w1,B,,2537
SIM-01165,30 Sep 2024,lundi,Public,Suisse,TPE,PRO,4,1,1,100.0,1,0.3,16,3,1,28,3,10.1,2,0,17.95,violet,us-e1,control,,300
SIM-01166,04 Jan 2025,samedi,SANTÉ,France,PME,Starter,1,10,3,30.0,2,0.5,8,4,0,8,8,38.4,2,1,111.1,clair,ap-s1,control,Mécontentement exprimé au support.,1549
SIM-01167,05/12/2022,lundi,PUBLIC,France,TPE, Pro ,26,1,1,100.0,55,"28,6",16,6,6,0,4,13.5,3,0,"26,19",bleu,ap-s1,B,,472
SIM-01168,2024-11-25,lundi, Industrie ,France,TPE,Pro,2,4,1,25.0%,4,"2,7",16,5,0,10,3,14.8,2,2,"94,65",violet,ap-s1,control,Mécontentement exprimé au support.,854
SIM-01169,2024-12-23,lundi,Commerce,France,TPE,pro,1,5,1,"20,0",1,0.1,16,1,0,2,7,12.6,2,5,113.86,violet,ap-s1,B,Mécontentement exprimé au support.,3081
SIM-01170,15 Dec 2023,vendredi,Commerce,, PME ,PRO,14,12,7,58.3,33,7.9,16,6,1,1,1,11.3,5,,263.63,sombre,us-e1,A,,1946
SIM-01171,02 Sep 2023,samedi,TECH,Belgique,TPE, Starter ,17,1,1,100.0,112,60.4,8,5,2,0,0,19.8,4,0,12.99,sombre,us-e1,control,,330
SIM-01172,10/12/2024,mardi,Éducation,France, PME , Pro ,2,38,28,"73,7",47,18.6,16,7,2,1,0,"7,5",4,1,931.09,sombre,us-e1,B,,11452
SIM-01173,2024-02-13,mardi,Éducation,France, TPE ,Starter,12,4,2,50.0,27,11.4,8,3,6,1,0,16.9 h,4,0,52.19 €,bleu,eu-w3,A,,1455
SIM-01174,12 Sep 2022,lundi, Public ,France,PME,Pro,29,39,29,"74,4",33,5.2,16,8,7,3,0,2.4,5,0,926.69,clair,ap-s1,control,,17477
SIM-01175,02 May 2024,jeudi,Finance,France,TPE, Starter ,9,2,1,50.0,16,6.4,8,4,,2,6,23.5,4,1,,clair,us-e1,B,Compte dans la moyenne.,728
SIM-01176,09/07/2024,mardi,Santé,France,TPE, Pro ,7,7,3,42.9%,5,2.8,16,5,2,11,0,8.8,,2,172.17 €,violet,eu-w3,B,,1835
SIM-01177,12 Sep 2024,jeudi,Industrie,France,PME,PRO,5,23,19,82.6,46,"9,4",16,10,1,2,4,,2,0,"575,0",violet,us-e1,B,"Client insatisfait, risque de départ.",13202
SIM-01178,09/03/2024,samedi,public,Belgique,TPE, Pro ,11,1,1,"100,0",61,51.5,16,6,4,0,4,16.4,4,1,,clair,eu-w1,A,"Compte engagé, ambassadeur potentiel.",476
SIM-01179,2024-12-29,dimanche,Santé,Espagne,TPE,Starter,1,7,5,71.4,51,"11,2",8,2,0,1,1,"20,0",3,2,66.27,violet,eu-w3,B,Compte dans la moyenne.,761
SIM-01180,01/11/2024,vendredi, Industrie ,Suisse, TPE ,Starter,3,5,2,"40,0",28,23.3,8,4,0,2,0,18.2,5,0,67.68,violet,us-e1,B,,1054
SIM-01181,08/01/2025,mercredi,FINANCE,France, TPE ,starter,1,3,1,33.3,7,"3,3",8,2,1,3,1,15.6,4,3,29.54 €,clair,ap-s1,B,Compte dans la moyenne.,300
SIM-01182,2024-04-08,lundi,tech,France,PME,business,10,30,9,30.0%,12,"5,5",26,5,1,4,3,5.6,4,0,1282.9 €,sombre,us-e1,B,,30507
SIM-01183,2024-09-06,vendredi,TECH,Belgique,pme,Business,5,48,17,35.4,10,0.5,26,10,0,0,0,4.8,4,,2005.6,sombre,us-e1,B,,23024
SIM-01184,01/09/2024,dimanche,industrie,France, TPE ,Pro,5,5,2,40.0%,28,3.0,16,9,1,1,0,,,1,,clair,eu-w3,A,RAS.,3151
SIM-01185,05 Sep 2024,jeudi,COMMERCE,France, TPE , Starter ,5,4,3,,69,44.6,8,5,1,2,1,,5,1,48.99 €,clair,ap-s1,control,,482
SIM-01186,03 Feb 2024,samedi, Santé ,France,ETI,PRO,12,174,73,"42,0",1,"0,1",16,2,5,6,3,10.8,4,0,3896.03 €,violet,eu-w1,control,"Compte engagé, ambassadeur potentiel.",79869
SIM-01187,04/12/2024,mercredi,Industrie,,ETI,Starter,2,170,85,,36,30.6,8,3,0,3,17,"41,1",1,1,"1657,17",bleu,us-e1,control,,12230
SIM-01188,07/12/2023,jeudi,Santé,France,PME,Pro,14,49,19,38.8%,16,3.6,16,6,4,6,8,19.1,1,0,1485.17,clair,eu-w3,B,Mécontentement exprimé au support.,64545
SIM-01189,08/09/2023,vendredi,Tech,France,TPE,Starter,17,10,7,70.0,50,"21,4",8,5,6,4,5,"33,5",2,0,130.67,bleu,ap-s1,control,"Client insatisfait, risque de départ.",1500
SIM-01190,2024-05-27,lundi,commerce,Espagne,PME, Business ,8,21,5,"23,8",4,0.2,26,3,2,2,2,1.2,3,,950.18,vert,eu-w3,A,Faible adoption des sièges.,9350
SIM-01191,2024-08-03,samedi,tech,France,eti,ENTERPRISE,6,195,34,17.4,1,0.4,40,11,0,25,0,,3,2,12139.53,violet,us-e1,A,,199088
SIM-01192,11 Sep 2024,mercredi, Santé ,Belgique,PME,Business,5,20,16,80.0,61,"50,9",26,10,1,1,3,9.8,3,0,"783,29",vert,eu-w3,A,,14131
SIM-01193,2023-08-04,vendredi,Santé,France,TPE,Pro,18,7,5,"71,4",72,43.7,16,10,4,0,3,11.7 h,4,0,210.33 €,violet,eu-w3,A,Client très satisfait et actif.,5002
SIM-01194,2023-05-12,vendredi,Santé,Espagne,TPE,starter,21,8,2,"25,0",8,0.4,8,2,2,5,0,31.4,3,0,"101,92",clair,eu-w3,control,Compte dans la moyenne.,836
SIM-01195,05/11/2024,mardi,Commerce,Allemagne,TPE,PRO,3,8,2,25.0,4,1.6,16,8,0,0,0,13.5,4,0,"188,49",bleu,us-e1,B,,1700
SIM-01196,07/01/2025,mardi,Commerce,Espagne,PME,Pro,1,26,20,"76,9",81,54.2,16,8,0,1,0,"9,1",4,2,586.38 €,vert,ap-s1,control,,11540
SIM-01197,2024-02-05,lundi,INDUSTRIE,Allemagne,PME,BUSINESS,12,13,9,69.2,51,26.6,26,13,3,2,3,9.0,3,0,"706,04",bleu,eu-w3,B,,12737
SIM-01198,2024-05-08,mercredi,Éducation,France,ETI,business,9,190,72,37.9,2,0.9,26,7,1,9,3,3.2,1,1,9684.09,violet,us-e1,control,,389107
SIM-01199,08 Oct 2024,mardi,finance,,PME,Pro,4,24,7,29.2,1,"0,6",16,5,0,9,7,,2,2,584.75,violet,us-e1,control,,17262
SIM-01200,04 Nov 2023,samedi,Finance,Espagne,tpe,Starter,15,6,3,50.0,23,"11,3",8,3,8,1,5,36.5,2,1,63.77,vert,eu-w1,control,Mécontentement exprimé au support.,2039
SIM-01201,04/09/2024,mercredi, Tech ,Allemagne,PME, Pro ,5,6,3,"50,0",20,"1,0",16,9,0,3,3,,3,0,116.03,sombre,eu-w1,A,,1903
SIM-01202,07 Aug 2023,lundi,finance,France,pme,Enterprise,18,17,3,17.6,2,0.5,40,20,3,6,4,6.5,1,0,1357.54 €,violet,us-e1,B,Mécontentement exprimé au support.,23377
SIM-01203,13/07/2024,samedi, Santé ,Belgique,pme,Starter,7,14,8,57.1,35,23.1,8,4,0,1,0,12.1,5,0,169.04 €,bleu,us-e1,B,Suivi standard.,832
SIM-01204,05/09/2023,mardi,Éducation,France, TPE ,starter,17,3,2,66.7%,1,0.5,8,2,2,6,10,32.5,3,0,36.53,vert,us-e1,A,,719
SIM-01205,2024-11-02,samedi,Finance,France,pme,Starter,3,43,24,55.8,30,18.2,8,3,2,0,3,"22,9",4,1,544.2,bleu,ap-s1,control,,5355
SIM-01206,15/07/2023,samedi,Santé,France,ETI,business,19,44,21,47.7,11,4.0,26,10,3,1,5,8.4,3,0,2159.6,vert,ap-s1,A,Suivi standard.,35417
SIM-01207,09/12/2023,samedi,Finance,France, ETI ,Business,14,69,36,,6,"0,6",26,8,6,1,1,3.8,4,0,2829.17 €,bleu,ap-s1,control,,20879
SIM-01208,05/08/2024,lundi,Tech,Canada,PME,Pro,6,58,0,,0,0.0,16,0,0,87,3,16.6,4,0,1580.78 €,sombre,us-e1,B,,107588
SIM-01209,02/01/2025,jeudi,Tech,France,pme,STARTER,1,17,6,35.3,6,"2,7",8,1,,3,1,23.4,3,2,"162,91",violet,eu-w1,A,RAS.,935
SIM-01210,2024-03-28,jeudi,Industrie,Canada,TPE,PRO,10,2,1,"50,0",1,0.3,16,2,1,30,8,21.3,1,2,"38,14",clair,eu-w1,A,"Client insatisfait, risque de départ.",300
SIM-01211,2024-02-15,jeudi,Tech,Espagne,TPE,starter,12,9,8,"88,9",55,"31,0",8,4,0,0,0,22.0,4,0,85.05,clair,us-e1,A,,5928
SIM-01212,05 Jun 2024,mercredi,,Suisse,GE,Pro,8,416,0,0.0,0,0.0,16,0,0,78,0,4.9,5,0,9204.93,vert,ap-s1,control,"Compte peu actif, relance nécessaire.",143413
SIM-01213,01 Jun 2024,samedi,Tech,France,PME, Pro ,8,14,13,92.9,56,49.5,16,11,1,0,1,9.0,4,1,366.48 €,sombre,us-e1,A,Compte dans la moyenne.,9616
SIM-01214,2024-08-13,mardi,Tech,France, ETI ,business,6,111,80,72.1,53,"15,5",26,12,2,0,0,8.4,4,1,5110.81,clair,eu-w3,control,RAS.,100581
SIM-01215,2023-06-08,jeudi,Éducation,Belgique,PME,business,20,56,16,28.6,6,2.8,26,5,8,4,2,7.1,3,0,2940.99,sombre,eu-w3,A,,36174
SIM-01216,2023-12-17,dimanche, Commerce ,France,PME,STARTER,14,15,6,40.0%,1,"0,1",8,2,4,21,1,"16,1",4,0,"190,68",vert,eu-w3,B,,1564
SIM-01217,30 May 2024,jeudi,Industrie,France, PME ,STARTER,8,37,24,64.9,43,3.8,8,4,3,1,1,,4,3,517.41,vert,eu-w1,B,"Compte engagé, ambassadeur potentiel.",12728
SIM-01218,2024-12-28,samedi,Finance,France, TPE ,pro,1,3,1,33.3%,16,,16,4,0,3,1,11.7,5,2,56.03,vert,eu-w1,control,RAS.,322
SIM-01219,05/09/2024,jeudi,santé,France, ETI ,BUSINESS,5,103,50,"48,5",8,2.6,26,11,1,7,6,10.9,2,0,4648.77,sombre,us-e1,B,,15248
SIM-01220,30/12/2024,lundi,Tech,Suisse,PME,Pro,1,54,15,27.8,1,"0,5",16,6,0,1,2,,3,4,1347.8 €,sombre,eu-w1,control,,36471
SIM-01221,2024-03-16,samedi,Finance,France,pme,pro,11,53,31,58.5,12,"2,5",16,10,5,1,4,13.2,3,,1437.95,bleu,us-e1,B,RAS.,21224
SIM-01222,2023-10-04,mercredi,Finance,France, TPE ,starter,16,6,3,50.0%,29,1.5,8,1,6,1,2,22.3,,0,68.39,sombre,us-e1,B,Client très satisfait et actif.,841
SIM-01223,2024-01-07,dimanche,éducation,France,TPE,Starter,13,10,1,"10,0",1,"0,3",8,0,7,1,0,9.0,5,0,99.4,sombre,ap-s1,B,,978
SIM-01224,2025-01-07,mardi,SANTÉ,France,eti,Pro,1,55,26,47.3,16,5.0,16,6,0,1,0,10.7,3,3,1285.31 €,violet,ap-s1,A,,36888
SIM-01225,03 Aug 2024,samedi,Tech,France,PME,Starter,6,42,22,52.4,20,9.8,8,2,3,0,2,"28,4",3,1,516.96,clair,eu-w1,A,,9326
SIM-01226,2025-01-03,vendredi, Finance ,France,tpe, Starter ,1,4,1,"25,0",1,0.3,8,1,0,8,1,33.6 h,2,1,32.68,bleu,eu-w3,B,,456
SIM-01227,02 Jan 2024,mardi,Tech,France,tpe,Starter,13,4,3,75.0,56,25.2,8,4,0,0,0,15.6,3,0,48.25 €,violet,eu-w3,A,RAS.,2374
SIM-01228,25 Dec 2024,mercredi,Santé,France,PME, Pro ,1,34,12,35.3%,1,0.3,16,4,0,19,6,16.8,4,1,"647,44",clair,eu-w1,A,,5840
SIM-01229,10/10/2024,jeudi,industrie,France,TPE,Starter,4,8,3,37.5,1,0.1,8,3,1,2,3,25.7,2,0,"88,49",clair,eu-w3,A,"Client insatisfait, risque de départ.",2685
SIM-01230,08 Mar 2024,vendredi, Industrie ,France,TPE,STARTER,11,2,1,50.0,19,9.0,8,4,2,0,1,19.5,4,0,26.47,bleu,us-e1,A,,478
SIM-01231,14/08/2023,lundi,Industrie,France,TPE, Starter ,18,6,2,"33,3",1,0.3,8,2,,10,8,"31,7",2,0,74.87 €,bleu,us-e1,A,"Client insatisfait, risque de départ.",1351
SIM-01232,05 May 2024,dimanche,Tech,France,PME, Business ,9,17,9,52.9,29,"14,0",26,10,3,0,0,,5,1,765.55,bleu,eu-w3,control,,13811
SIM-01233,07/10/2024,lundi,Public,France,TPE,Starter,4,6,4,"66,7",41,29.9,8,3,1,2,3,33.0,2,1,74.86,bleu,ap-s1,A,"Client insatisfait, risque de départ.",1473
SIM-01234,13 Dec 2022,mardi,Public,France,ETI,PRO,26,47,26,55.3,29,"7,4",16,6,5,1,0,13.9,4,0,"1196,27",bleu,us-e1,B,,55914
SIM-01235,27/04/2024,samedi,public,,TPE,starter,9,3,3,100.0,69,45.6,8,3,4,0,0,14.2,5,1,33.26,sombre,eu-w1,A,"Compte engagé, ambassadeur potentiel.",300
SIM-01236,08 Apr 2024,lundi,Commerce,Espagne,TPE,Enterprise,10,7,3,42.9%,5,"1,6",40,12,2,4,8,3.5,3,0,"594,49",sombre,us-e1,control,,9262
SIM-01237,28/02/2024,mercredi,Éducation,France,ETI,starter,11,42,20,47.6,10,5.4,8,2,6,1,3,24.1,4,1,562.28,clair,ap-s1,A,"Compte engagé, ambassadeur potentiel.",5072
SIM-01238,29/02/2024,jeudi, Commerce ,France,pme, Pro ,11,55,20,"36,4",3,1.2,16,2,2,26,0,"10,6",3,1,1458.76,violet,eu-w1,control,,13158
SIM-01239,01 Dec 2023,vendredi,Finance,Allemagne,TPE,Business,14,4,2,50.0,12,"6,9",26,12,0,1,0,1.2,5,0,170.18,violet,eu-w3,control,,2791
SIM-01240,2024-07-02,mardi,Éducation,France, PME ,Pro,7,48,34,70.8,35,"17,5",16,9,0,1,4,,,0,1350.31,bleu,us-e1,control,RAS.,37647
SIM-01241,2025-01-06,lundi, Commerce ,France,PME,Pro,1,22,10,45.5,22,14.5,16,6,0,1,2,,4,0,"516,12",vert,us-e1,A,Compte dans la moyenne.,8888
SIM-01242,2023-09-17,dimanche,Industrie,France,GE, Business ,17,468,50,,1,0.3,26,2,3,20,8,7.9,2,0,19042.01,vert,eu-w1,B,"Client insatisfait, risque de départ.",124916
SIM-01243,13 Mar 2023,lundi,Santé,France,PME,business,23,43,24,55.8,1,"0,7",26,2,6,30,2,,3,1,1703.68,sombre,eu-w1,B,,41911
SIM-01244,02/02/2024,vendredi, Tech ,France,PME,starter,12,21,8,38.1,23,9.1,8,4,5,0,1,21.8,4,0,309.78,violet,ap-s1,A,Client très satisfait et actif.,10415
SIM-01245,04 Mar 2023,samedi,Tech,France,tpe,Pro,23,10,9,"90,0",90,85.4,16,9,8,4,2,14.4,4,0,307.81,clair,eu-w1,B,,7825
SIM-01246,10/03/2024,dimanche,Éducation,Espagne,PME,business,11,29,25,86.2%,55,,26,13,2,1,2,,5,0,1605.58,sombre,eu-w1,B,,40814
SIM-01247,05 Jul 2024,vendredi, Santé ,France,PME,Business,7,56,39,"69,6",39,18.6,26,9,0,0,0,2.8,4,0,"2696,08",clair,ap-s1,control,Suivi standard.,75167
SIM-01248,06/03/2023,lundi, Santé ,Allemagne,TPE,Starter,23,4,1,25.0,1,0.1,8,0,11,4,4,"26,7",,0,"40,34",bleu,ap-s1,control,,300
SIM-01249,10 Sep 2024,mardi,FINANCE,Suisse, PME ,BUSINESS,5,41,13,31.7,12,1.4,26,12,0,10,2,2.6,5,2,2027.56,violet,us-e1,A,Compte dans la moyenne.,33252
SIM-01250,17/10/2023,mardi,Éducation,France,GE,business,16,450,247,"54,9",31,"4,0",26,9,3,1,5,6.6,3,0,19063.05,clair,us-e1,control,,375161
SIM-01251,2024-05-13,lundi,Industrie,Canada,tpe, Business ,9,2,2,"100,0",87,"94,5",26,12,1,1,0,0.8,4,1,"99,26",violet,us-e1,B,Compte dans la moyenne.,3012
SIM-01252,2023-04-20,jeudi,commerce,France,PME,Pro,22,27,21,"77,8",53,"39,6",16,9,2,1,0,15.2,4,0,"813,03",vert,us-e1,B,Compte dans la moyenne.,22001
SIM-01253,2023-06-08,jeudi,Éducation,Belgique,PME,business,20,56,16,28.6,6,2.8,26,5,8,4,2,7.1,3,0,2940.99,sombre,eu-w3,A,,36174
SIM-01254,11/12/2022,dimanche,Éducation,France,TPE,Pro,26,7,3,42.9,10,"4,5",16,4,13,6,4,7.5,4,0,"166,12",vert,ap-s1,B,"Compte engagé, ambassadeur potentiel.",1362
SIM-01255,2024-04-04,jeudi, Finance ,France,TPE, Starter ,10,4,2,50.0,26,15.5,8,3,2,1,5,27.2,4,2,56.83 €,clair,eu-w3,A,RAS.,792
SIM-01256,20 Jul 2023,jeudi, Finance ,Allemagne,TPE,Pro,19,4,3,75.0%,57,"29,4",16,4,2,1,3,14.5,3,0,107.37,vert,ap-s1,B,Compte dans la moyenne.,528
SIM-01257,2024-11-29,vendredi,Tech,France,TPE,Starter,2,7,2,28.6,1,"0,1",8,2,0,16,0,"14,2",4,0,75.12,bleu,us-e1,B,,370
SIM-01258,2024-11-02,samedi,Commerce,France,PME,business,3,46,13,,5,"3,1",26,1,1,1,0,,4,3,1952.88 €,violet,ap-s1,B,,30426
SIM-01259,2023-11-29,mercredi,Finance,France,ETI,Pro,14,72,66,91.7%,111,109.2,16,8,3,1,1,11.5 h,5,0,2104.31,sombre,eu-w3,B,Client très satisfait et actif.,81100
SIM-01260,2023-05-16,mardi,Tech,Allemagne,ETI,Business,21,69,36,"52,2",27,13.3,26,10,1,0,2,6.4,4,0,3508.82 €,sombre,ap-s1,control,,71931
SIM-01261,17 Apr 2023,lundi,Tech,Espagne,PME, Pro ,22,30,16,53.3%,11,5.5,16,3,7,0,1,9.1,4,0,"862,71",bleu,eu-w1,control,Client très satisfait et actif.,43860
SIM-01262,07/04/2024,dimanche, Tech ,Canada,PME,ENTERPRISE,10,8,6,"75,0",59,"20,5",40,25,0,2,2,0.5,3,1,697.2,clair,us-e1,control,,12006
SIM-01263,12/09/2023,mardi,commerce,France,ETI, Business ,17,186,30,16.1,3,0.7,26,8,1,25,7,11.5 h,2,0,"8046,42",violet,us-e1,A,Mécontentement exprimé au support.,125363
SIM-01264,01/06/2024,samedi,Industrie,Espagne,PME,Pro,8,27,21,77.8,54,30.7,16,6,0,3,2,13.7,3,0,756.39,violet,ap-s1,control,,27911
SIM-01265,06 Jan 2025,lundi,Santé,Suisse, PME ,Pro,1,36,25,69.4,26,8.4,16,7,,0,3,15.2,,1,,clair,eu-w1,A,,25642
SIM-01266,10 Jun 2023,samedi,Santé,France, PME ,BUSINESS,20,15,6,"40,0",20,13.0,26,8,3,1,8,10.3,3,0,753.03,vert,ap-s1,A,"Multiples tickets ouverts, friction élevée.",10497
SIM-01267,30 Apr 2024,mardi,Industrie,France, PME , Enterprise ,9,53,10,18.9,1,0.1,40,9,2,30,0,2.9 h,5,1,3241.09,vert,eu-w1,control,,13288
SIM-01268,01 Mar 2024,vendredi,Éducation,France,GE, Pro ,11,323,95,29.4,1,0.1,16,1,,11,3,9.1,4,0,6475.88 €,clair,ap-s1,control,,42482
SIM-01269,07/06/2024,vendredi,Public,Suisse,PME,Pro,8,40,29,"72,5",41,25.9,16,6,3,1,1,9.0 h,3,1,"1094,58",vert,us-e1,B,,57444
SIM-01270,2023-05-05,vendredi,Public,France,PME,Pro,21,20,9,45.0%,24,3.5,16,7,5,1,1,0.8,5,0,509.25,bleu,eu-w1,A,,19209
SIM-01271,30/07/2024,mardi,Tech,Allemagne,TPE, Starter ,6,2,0,"0,0",0,,8,0,0,55,0,6.3,,4,17.61,bleu,us-e1,A,Déploiement interne limité.,300
SIM-01272,24 Dec 2024,mardi,éducation,France, TPE ,PRO,1,11,9,81.8,60,"37,6",16,9,0,1,2,"20,9",3,2,"316,21",sombre,us-e1,A,,5445
SIM-01273,11 Mar 2024,lundi,Commerce,Belgique, PME ,Starter,11,34,10,"29,4",15,"10,7",8,2,1,1,0,11.5,4,1,404.28,violet,eu-w1,B,Compte dans la moyenne.,10277
SIM-01274,03/11/2023,vendredi,Commerce,Allemagne,PME,Pro,15,10,4,40.0%,20,"3,3",16,3,4,2,0,11.1,3,1,315.78,sombre,us-e1,control,Suivi standard.,21492
SIM-01275,13 Mar 2024,mercredi,Commerce,France,TPE,Business,11,8,4,50.0,16,4.7,26,12,2,0,1,3.9 h,4,0,351.08 €,clair,eu-w3,control,RAS.,13531
SIM-01276,07 Jan 2024,dimanche,Tech,Canada,TPE,Starter,13,6,4,66.7,28,20.1,8,3,2,0,0,10.0 h,5,0,79.66,bleu,ap-s1,A,Suivi standard.,1894
SIM-01277,27 Oct 2024,dimanche,commerce,France,PME,Business,3,44,27,"61,4",1,"0,5",26,9,1,3,4,8.1,3,3,2209.19,vert,eu-w3,control,Suivi standard.,21738
SIM-01278,05/01/2023,jeudi,PUBLIC,Allemagne,TPE,starter,25,6,5,83.3%,49,"40,5",8,3,6,0,7,34.0,2,0,100.38 €,clair,ap-s1,A,"Client insatisfait, risque de départ.",3622
SIM-01279,25 Dec 2024,mercredi,Industrie,Allemagne,eti,Enterprise,1,43,13,30.2,6,4.0,40,25,0,1,2,1.4,2,0,4371.79 €,clair,eu-w1,A,,32264
SIM-01280,30 Dec 2023,samedi,Industrie,Belgique, TPE ,Business,13,2,0,"0,0",0,0.0,26,0,0,89,3,,3,1,"90,29",vert,us-e1,A,"Compte peu actif, relance nécessaire.",1037
SIM-01281,2024-08-03,samedi,Tech,France, PME ,Pro,6,7,4,57.1,24,10.3,16,4,0,1,2,12.0,4,0,"144,87",vert,eu-w3,control,Suivi standard.,1188
SIM-01282,2023-12-01,vendredi,COMMERCE,Canada,PME,Pro,14,48,20,"41,7",12,7.2,16,7,6,0,3,14.3,2,0,"1243,77",sombre,eu-w1,A,,18358
SIM-01283,17 Aug 2023,jeudi,Industrie,Espagne, ETI ,Enterprise,18,133,0,"0,0",0,"0,0",40,0,,107,1,2.1,4,0,10668.67,violet,us-e1,A,,87483
SIM-01284,2023-07-03,lundi,Finance,Allemagne, TPE ,Pro,19,6,2,33.3,10,"4,4",16,5,2,2,1,4.6,5,0,163.85,vert,eu-w1,B,,3896
SIM-01285,14/06/2024,vendredi,public,,ETI, Enterprise ,8,88,76,86.4,95,76.8,40,35,0,0,1,2.2,5,3,5252.03,bleu,ap-s1,B,,34453
SIM-01286,2024-07-29,lundi,Finance,France,PME,Pro,6,43,21,"48,8",47,27.2,16,10,0,1,4,15.1,3,1,1101.49,clair,us-e1,B,Compte dans la moyenne.,50580
SIM-01287,23 Dec 2024,lundi,Éducation,Espagne, PME , Starter ,1,57,13,22.8%,1,0.4,8,1,0,2,5,24.0,1,2,589.63,violet,ap-s1,control,"Client insatisfait, risque de départ.",1934
SIM-01288,10/06/2023,samedi,TECH,France, PME ,starter,20,33,17,51.5,32,"21,8",8,3,5,0,3,,4,0,"389,33",vert,us-e1,A,Client très satisfait et actif.,7343
SIM-01289,17/08/2023,jeudi,public,Suisse,TPE,Pro,18,11,0,0.0,0,0.0,16,0,0,36,3,,3,0,293.89,bleu,us-e1,B,Déploiement interne limité.,6748
SIM-01290,09 Feb 2024,vendredi,ÉDUCATION,France,ETI,Business,12,82,23,28.0%,3,2.0,26,9,2,1,0,0.5 h,4,1,3534.02,sombre,us-e1,B,Suivi standard.,28979
SIM-01291,2023-09-15,vendredi,Finance,Belgique,PME,Starter,17,34,30,88.2,66,,8,4,3,1,4,33.7,3,0,460.14,sombre,eu-w1,control,RAS.,20375
SIM-01292,20/05/2023,samedi,,France,PME,Pro,21,45,14,31.1,3,0.5,16,9,4,10,3,12.8,3,0,1010.19 €,bleu,ap-s1,control,RAS.,20709
SIM-01293,31/12/2024,mardi, Santé ,France,PME,Business,1,38,18,47.4,11,1.3,26,13,,7,1,,,2,"1489,79",vert,ap-s1,A,,7330
SIM-01294,28/02/2024,mercredi,Éducation,France,ETI,starter,11,42,20,47.6,10,5.4,8,2,6,1,3,24.1,4,1,562.28,clair,ap-s1,A,"Compte engagé, ambassadeur potentiel.",5072
SIM-01295,2024-03-12,mardi,tech,France, PME ,starter,11,27,4,"14,8",1,"0,2",8,1,3,10,1,"26,1",3,1,,vert,eu-w1,A,Faible adoption des sièges.,11193
SIM-01296,2024-08-27,mardi,FINANCE,France,TPE,Starter,5,7,2,,1,0.3,8,2,1,24,3,29.8,3,0,70.22 €,clair,eu-w1,A,,300
SIM-01297,2024-06-11,mardi,Public,Canada,tpe,Pro,8,4,2,50.0,19,4.1,16,3,5,2,1,5.9,5,0,"110,89",vert,eu-w1,control,,5638
SIM-01298,2023-11-04,samedi,Tech,Suisse, PME ,enterprise,15,56,16,28.6,1,0.4,40,4,5,1,4,4.2,4,0,3590.98 €,sombre,ap-s1,control,"Compte engagé, ambassadeur potentiel.",100117
SIM-01299,26 Jun 2024,mercredi,Commerce,Canada,TPE, Starter ,7,6,2,"33,3",1,0.1,8,2,2,2,2,23.8,4,0,"60,78",vert,ap-s1,B,Suivi standard.,399
SIM-01300,04 Jan 2025,samedi,Public,France,TPE,PRO,1,4,2,50.0,22,5.2,16,7,0,1,1,19.2,3,3,70.56 €,bleu,eu-w3,A,,810
SIM-01301,04 Jan 2024,jeudi,Finance,Canada,PME, Enterprise ,13,57,14,"24,6",1,0.1,40,11,6,17,0,"0,5",5,0,3824.7,clair,eu-w1,B,Déploiement interne limité.,21954
SIM-01302,25/12/2024,mercredi,Finance,Espagne,TPE,Starter,1,4,2,50.0,19,7.9,8,2,,1,5,32.7 h,,5,49.76,violet,eu-w3,control,Suivi standard.,571
SIM-01303,15 Mar 2024,vendredi, Tech ,Allemagne, PME ,Starter,11,18,9,50.0%,30,15.0,8,2,0,1,2,24.3,3,0,264.35,bleu,eu-w1,A,,10405
SIM-01304,12/05/2023,vendredi, Commerce ,Espagne,PME,Pro,21,45,4,8.9%,1,0.2,16,3,6,8,0,6.5,3,0,1135.2,sombre,eu-w1,A,,35373
SIM-01305,2023-01-13,vendredi,,France,TPE,Starter,25,10,1,10.0%,1,0.3,8,0,7,24,1,21.2,4,0,131.41 €,violet,ap-s1,B,Faible adoption des sièges.,4202
SIM-01306,28/02/2024,mercredi,PUBLIC,Allemagne,PME,Business,11,14,7,"50,0",19,"5,0",26,6,1,0,0,"4,0",4,0,772.16 €,vert,ap-s1,control,,36091
SIM-01307,03 Dec 2023,dimanche,Finance,Belgique,eti,Business,14,106,83,78.3%,74,"48,1",26,9,2,1,1,"3,3",3,0,5734.01,sombre,eu-w3,A,,94038
SIM-01308,29 Jun 2024,samedi, Santé ,Belgique,TPE,Starter,7,10,2,20.0%,2,0.6,8,1,4,1,0,17.7,4,2,87.0,vert,eu-w1,control,Déploiement interne limité.,428
SIM-01309,12/04/2024,vendredi,tech,France,tpe,starter,10,7,1,14.3,1,0.2,8,2,5,4,2,20.4 h,3,0,80.37,clair,us-e1,A,Déploiement interne limité.,1648
SIM-01310,2023-08-12,samedi,Tech,Espagne,TPE,STARTER,18,11,2,18.2,1,0.1,8,2,4,2,2,20.8,3,0,140.52,vert,eu-w1,A,,4955
SIM-01311,11 Apr 2024,jeudi,commerce,France,TPE,Pro,10,2,1,50.0,13,"4,0",16,1,3,2,0,3.7,4,0,48.41,sombre,eu-w3,A,"Compte engagé, ambassadeur potentiel.",397
SIM-01312,31/12/2024,mardi,Commerce,Espagne,PME,pro,1,58,49,84.5,72,37.1,16,8,0,3,2,"15,2",3,0,"1393,78",clair,eu-w3,control,Compte dans la moyenne.,82289
SIM-01313,07/04/2024,dimanche,Industrie,Suisse, PME ,Business,10,38,13,34.2,4,1.0,26,5,3,2,3,,3,1,1669.85,clair,ap-s1,B,Compte dans la moyenne.,27386
SIM-01314,2023-12-15,vendredi,industrie,France, PME ,Starter,14,49,34,69.4,41,32.2,8,3,6,2,5,29.6,3,0,657.82,vert,ap-s1,A,,18340
SIM-01315,01 Jan 2025,mercredi,COMMERCE,France,PME,Business,1,11,3,27.3,2,,26,8,1,13,2,3.1,4,2,526.0,vert,eu-w3,A,RAS.,4745
SIM-01316,29/03/2024,vendredi,Commerce,France, TPE ,Starter,10,8,1,"12,5",1,,8,2,3,30,2,,2,0,90.96,bleu,us-e1,A,"Client insatisfait, risque de départ.",1939
SIM-01317,2024-10-09,mercredi,,France, ETI ,Pro,4,187,171,91.4,79,"40,2",16,9,0,1,2,"6,0",4,1,5304.26 €,vert,us-e1,control,Suivi standard.,17398
SIM-01318,03 Sep 2023,dimanche,Industrie,France, TPE ,Pro,17,4,1,25.0%,2,,16,2,3,6,1,8.1,,0,84.35,bleu,eu-w1,A,,553
SIM-01319,08 Jul 2024,lundi, Commerce ,France,TPE,Business,7,1,1,100.0,53,37.4,26,14,1,2,1,,4,0,41.26,bleu,eu-w1,B,,3011
SIM-01320,29 Dec 2024,dimanche,SANTÉ,Canada, GE , Enterprise ,1,334,229,"68,6",30,,40,17,0,2,1,3.5,3,2,"30015,12",sombre,ap-s1,A,Suivi standard.,516860
SIM-01321,03 Jan 2025,vendredi,finance,Suisse,ETI,Pro,1,48,16,33.3,7,"3,4",16,2,0,0,1,15.2,3,2,1241.69,vert,us-e1,A,Compte dans la moyenne.,20364
SIM-01322,25/09/2024,mercredi,industrie,France,PME, Pro ,4,21,11,"52,4",39,41.4,16,9,2,0,3,11.5,3,2,536.15,bleu,eu-w3,B,Suivi standard.,12750
SIM-01323,24 Oct 2024,jeudi,COMMERCE,Allemagne,ETI, Pro ,3,115,42,36.5,1,,16,4,0,21,0,6.4,5,3,2535.28 €,violet,us-e1,control,,22868
SIM-01324,17/05/2023,mercredi, Commerce ,France,tpe,Enterprise,21,10,0,0.0%,0,,40,0,0,88,3,6.0,4,0,874.94,bleu,eu-w3,A,,48069
SIM-01325,02/01/2025,jeudi, Tech ,France,PME,Enterprise,1,34,29,85.3,74,21.4,40,24,0,3,0,1.1,5,1,2608.99,bleu,us-e1,A,Compte dans la moyenne.,29951
SIM-01326,05 Mar 2024,mardi,Commerce,France,ge,business,11,378,328,86.8,88,"85,0",26,12,3,1,3,6.3,3,1,18489.09,violet,eu-w3,B,,439671
SIM-01327,09 Dec 2023,samedi,Finance,France,TPE,Starter,14,2,1,50.0%,18,6.7,8,4,6,1,3,26.2,4,0,25.23,bleu,eu-w3,A,,476
SIM-01328,20 Jul 2023,jeudi, Finance ,Allemagne,TPE,Pro,19,4,3,75.0%,57,"29,4",16,4,2,1,3,14.5,3,0,107.37,vert,ap-s1,B,Compte dans la moyenne.,528
SIM-01329,08/01/2025,mercredi, Tech ,Allemagne,eti,enterprise,1,209,134,64.1%,25,,40,11,0,1,3,2.6,5,0,14564.98,clair,eu-w1,control,,143319
SIM-01330,2024-12-25,mercredi,éducation,France,pme,Pro,1,45,38,84.4,55,,16,10,0,0,7,19.6,,4,"1212,63",clair,us-e1,B,,13921
SIM-01331,13 Aug 2023,dimanche, Industrie ,Belgique,GE,PRO,18,826,480,"58,1",21,"8,4",16,6,2,1,2,10.6,4,0,19573.55,vert,ap-s1,control,,898817
SIM-01332,13 May 2024,lundi,santé,France,TPE,STARTER,9,1,1,100.0,109,62.6,8,5,5,0,1,30.2,4,0,14.59,sombre,ap-s1,A,"Compte engagé, ambassadeur potentiel.",300
SIM-01333,2023-08-03,jeudi,Santé,France,TPE,pro,18,1,1,100.0,58,"48,3",16,6,4,2,6,10.3,,0,33.13,violet,eu-w1,A,Compte dans la moyenne.,733
SIM-01334,04 Jul 2024,jeudi,Santé,France,TPE,Pro,7,9,2,22.2,1,0.2,16,5,0,4,2,,4,,195.17 €,clair,ap-s1,A,,640
SIM-01335,11/08/2024,dimanche,santé,France,TPE,Starter,6,4,1,"25,0",3,0.9,8,2,4,4,0,15.9,3,1,55.24,sombre,eu-w1,control,,1767
SIM-01336,11/01/2024,jeudi,éducation,Espagne,eti,Starter,13,120,86,71.7,36,"11,4",8,4,1,0,0,8.9,5,0,1462.46,clair,eu-w1,A,Compte dans la moyenne.,23984
SIM-01337,15/01/2024,lundi,Commerce,France, PME ,Pro,13,29,13,,9,,16,6,1,9,2,"14,4",2,0,"702,66",sombre,ap-s1,A,,9795
SIM-01338,10/09/2023,dimanche,COMMERCE,France, TPE ,STARTER,17,2,1,50.0%,7,3.8,8,2,6,3,4,27.0,4,0,23.23,sombre,eu-w3,A,"Compte engagé, ambassadeur potentiel.",381
SIM-01339,12/04/2024,vendredi,Commerce,Belgique,PME,Pro,10,46,38,82.6,59,46.0,16,7,1,1,9,18.0,2,0,1108.28 €,clair,eu-w1,B,Mécontentement exprimé au support.,79973
SIM-01340,10/11/2024,dimanche,Finance,,ETI,Business,3,77,39,50.6%,19,"7,4",26,13,0,2,0,11.7,3,1,3339.16,vert,us-e1,B,,21905
SIM-01341,23/12/2024,lundi,Finance,Espagne,PME,business,1,22,10,45.5%,15,"8,8",26,10,,0,0,4.2 h,,1,794.72,sombre,eu-w3,A,,10427
SIM-01342,2023-07-04,mardi,Industrie,,TPE,Starter,19,1,1,100.0%,86,20.7,8,4,10,2,1,20.3 h,5,0,"10,31",vert,eu-w1,A,Client très satisfait et actif.,300
SIM-01343,10/01/2024,mercredi,santé,France,PME,Starter,13,48,26,"54,2",16,1.9,8,2,3,1,9,,3,0,658.45,bleu,ap-s1,B,Support très sollicité récemment.,19437
SIM-01344,09/11/2023,jeudi, Éducation ,Belgique,TPE,STARTER,15,11,2,18.2,1,0.1,8,2,3,27,2,27.4,3,0,117.78,bleu,us-e1,A,,1642
SIM-01345,2024-04-04,jeudi,COMMERCE,France,ETI,Pro,10,205,0,0.0,0,0.0,16,0,0,59,2,11.5,4,0,5829.08,bleu,ap-s1,A,Faible adoption des sièges.,229433
SIM-01346,15 Feb 2022,mardi, Santé ,France,ETI,Business,36,55,0,0.0,0,0.0,26,0,0,73,0,4.9,,0,3019.79,violet,us-e1,B,"Compte peu actif, relance nécessaire.",136193
SIM-01347,2025-01-01,mercredi, Commerce ,,PME, Pro ,1,46,18,"39,1",11,2.7,16,3,0,2,1,"6,5",3,4,994.76 €,clair,ap-s1,B,RAS.,19577
SIM-01348,09 Oct 2023,lundi, Public ,Allemagne,GE,ENTERPRISE,16,151,69,45.7%,22,22.3,40,21,2,0,0,"3,0",5,0,11567.7,clair,eu-w3,A,RAS.,227652
SIM-01349,18/06/2023,dimanche,public,France,ETI,enterprise,20,217,155,"71,4",43,14.6,40,14,7,1,2,2.4,3,0,18877.64,violet,eu-w1,control,,232195
SIM-01350,28/05/2024,mardi,Industrie,France,TPE,Starter,8,1,1,"100,0",2,"0,3",8,1,0,4,0,16.5,4,1,10.02,bleu,eu-w1,control,,320
SIM-01351,27/09/2024,vendredi,Tech,France,ETI, Business ,4,157,73,46.5%,14,"6,5",26,13,1,0,0,5.6,5,0,"7510,64",clair,ap-s1,control,,67746
SIM-01352,01/06/2024,samedi,tech,Canada, TPE ,starter,8,5,2,40.0,30,9.7,8,3,2,3,3,29.7,,1,56.23,sombre,ap-s1,A,Suivi standard.,646
SIM-01353,05/06/2024,mercredi,Tech,France,TPE,Pro,8,5,3,60.0%,1,,16,5,5,20,2,"12,0",3,0,"122,09",bleu,us-e1,B,,1702
SIM-01354,2023-08-03,jeudi,PUBLIC,France,ETI, Pro ,18,76,45,59.2,15,5.5,16,4,3,8,3,15.7 h,3,0,2080.96,clair,us-e1,A,Compte dans la moyenne.,32421
SIM-01355,30 May 2024,jeudi, Industrie ,Suisse,tpe,Starter,8,11,5,,10,3.6,8,2,0,1,2,"22,5",,2,120.37,vert,eu-w3,A,,1382
SIM-01356,2024-10-02,mercredi,public,France,pme,STARTER,4,27,12,"44,4",32,22.0,8,3,3,4,1,28.1,3,2,276.92,clair,ap-s1,control,Compte dans la moyenne.,12489
SIM-01357,2024-04-02,mardi,commerce,Allemagne,PME,Pro,10,12,9,"75,0",44,20.3,16,8,2,0,4,11.8,4,1,238.52,sombre,ap-s1,B,,1174
SIM-01358,13 Jun 2024,jeudi, Commerce ,France,pme, Pro ,8,18,16,88.9,75,45.9,16,9,0,1,4,"16,1",1,0,477.61,clair,eu-w1,A,Mécontentement exprimé au support.,6266
SIM-01359,12/02/2023,dimanche,industrie,France,PME,Business,24,48,20,41.7,1,0.5,26,8,7,30,0,3.0,5,0,2214.47,sombre,eu-w1,control,,38133
SIM-01360,14 Sep 2023,jeudi,tech,France,PME,BUSINESS,17,57,25,43.9,14,2.7,26,8,6,1,0,8.0 h,5,0,2657.17,sombre,eu-w1,control,,65366
SIM-01361,07/07/2024,dimanche,éducation,France,pme,Starter,7,57,36,"63,2",34,7.0,8,1,1,3,7,"21,7",2,0,677.2,sombre,eu-w1,B,"Client insatisfait, risque de départ.",27765
SIM-01362,2022-10-15,samedi,Tech,France,TPE,Starter,28,7,6,"85,7",57,41.0,8,3,6,3,0,"9,2",5,0,106.78,clair,ap-s1,B,,8668
SIM-01363,2023-02-11,samedi,Finance,,TPE,starter,24,4,1,25.0,3,0.9,8,0,7,10,4,28.2,3,0,"50,73",sombre,us-e1,B,,1123
SIM-01364,2024-04-01,lundi,Santé,Suisse, ETI ,Business,10,69,11,15.9,3,1.5,26,4,2,5,0,,5,0,3397.11,violet,us-e1,B,Faible adoption des sièges.,133710
SIM-01365,05 Jan 2025,dimanche, Commerce ,France,TPE,STARTER,1,6,4,66.7,10,3.4,8,3,0,2,1,10.0,5,4,71.83,violet,ap-s1,B,RAS.,1531
SIM-01366,25 Sep 2024,mercredi,Santé,Suisse,GE,BUSINESS,4,727,76,10.5,1,0.1,26,8,0,14,0,4.6,3,2,"31870,33",vert,eu-w3,control,,444272
SIM-01367,2024-12-26,jeudi,SANTÉ,Espagne, PME ,pro,1,39,21,53.8,16,"10,7",16,4,0,1,6,"16,0",2,0,852.96 €,clair,us-e1,control,Mécontentement exprimé au support.,6994
SIM-01368,06/03/2024,mercredi,Public,Belgique,TPE,pro,11,4,2,50.0,24,"7,4",16,5,4,1,3,12.4,,0,90.39,vert,eu-w3,B,,2668
SIM-01369,2024-03-28,jeudi,Industrie,Canada,TPE,PRO,10,2,1,"50,0",1,0.3,16,2,1,30,8,21.3,1,2,"38,14",clair,eu-w1,A,"Client insatisfait, risque de départ.",300
SIM-01370,17 Aug 2023,jeudi,COMMERCE,Suisse,PME,starter,18,23,12,52.2,15,"0,8",8,2,2,0,0,15.4,5,0,315.76,vert,eu-w1,A,,31071
SIM-01371,2023-07-18,mardi,industrie,France,PME,Business,19,48,37,"77,1",51,27.5,26,8,6,0,0,"4,8",5,0,2383.95,sombre,eu-w3,A,"Compte engagé, ambassadeur potentiel.",52781
SIM-01372,08 Nov 2024,vendredi, Public ,France,GE, Business ,3,572,475,"83,0",64,13.5,26,18,0,1,8,9.5,3,1,"22211,12",bleu,eu-w3,B,Support très sollicité récemment.,564607
SIM-01373,02/08/2023,mercredi,,France, PME , Pro ,18,51,15,"29,4",8,0.4,16,3,6,2,1,8.0,3,1,1263.93,vert,us-e1,A,,26947
SIM-01374,2024-12-25,mercredi,,France,TPE,Starter,1,7,1,"14,3",1,"0,1",8,1,0,2,3,24.3 h,3,2,60.4 €,sombre,eu-w3,A,,1436
SIM-01375,05 May 2024,dimanche,éducation,Belgique,eti,Enterprise,9,204,112,,2,"0,2",40,14,5,2,3,4.3,2,0,"13833,55",clair,ap-s1,control,Mécontentement exprimé au support.,465084
SIM-01376,09/05/2024,jeudi,Industrie,Allemagne,PME,business,9,46,18,39.1,1,0.5,26,6,3,2,3,12.8,2,0,2015.48,bleu,ap-s1,control,Mécontentement exprimé au support.,56192
SIM-01377,11 Nov 2023,samedi,Commerce,Allemagne,ETI,Business,15,54,0,,0,0.0,26,0,0,60,2,10.2,3,0,2457.24,sombre,us-e1,A,,32239
SIM-01378,26 Jul 2024,vendredi, Commerce ,France,PME, Pro ,6,28,5,17.9,1,"0,1",16,5,1,30,7,14.3,2,3,724.95 €,violet,eu-w1,B,"Client insatisfait, risque de départ.",6539
SIM-01379,11/11/2023,samedi,Éducation,France,GE, Enterprise ,15,364,143,39.3%,26,"5,7",40,15,3,3,5,"3,5",3,,29127.94 €,vert,eu-w3,A,,501583
SIM-01380,28/05/2024,mardi,INDUSTRIE,France,GE,Business,8,274,229,83.6,82,"46,7",26,12,2,1,2,"9,8",3,1,10928.3,clair,us-e1,control,,376371
SIM-01381,05/01/2025,dimanche,Industrie,Belgique, PME , Starter ,1,11,4,36.4,1,"0,1",8,1,0,20,5,49.2,1,1,"128,37",bleu,eu-w3,A,,737
SIM-01382,2022-09-13,mardi,Santé,France,pme,Pro,29,24,9,"37,5",8,"0,8",16,5,7,4,2,14.9,4,0,"581,23",bleu,ap-s1,control,"Compte engagé, ambassadeur potentiel.",13345
SIM-01383,2023-08-09,mercredi,Commerce,France,PME,Enterprise,18,58,40,69.0,24,"13,4",40,21,1,1,3,6.2,3,0,4913.04 €,vert,us-e1,control,Compte dans la moyenne.,44316
SIM-01384,05/01/2025,dimanche,Finance,France, TPE , Starter ,1,3,2,"66,7",32,12.2,8,3,0,1,0,19.3 h,5,2,35.35,clair,eu-w1,A,Compte dans la moyenne.,300
SIM-01385,08 Jun 2024,samedi,,Canada,pme,Starter,8,27,13,48.1,16,7.3,8,3,1,0,4,,2,0,334.29 €,sombre,eu-w3,A,,14528
SIM-01386,2024-01-13,samedi,Finance,France,eti,Business,13,182,62,34.1,13,"5,9",26,2,1,1,0,5.9 h,5,0,,sombre,us-e1,control,Compte dans la moyenne.,62098
SIM-01387,07/01/2025,mardi,COMMERCE,France,PME,Business,1,38,22,57.9%,48,"11,1",26,16,0,1,3,6.7 h,3,1,"1873,04",vert,ap-s1,A,Compte dans la moyenne.,13823
SIM-01388,10 Sep 2024,mardi,FINANCE,Suisse, PME ,BUSINESS,5,41,13,31.7,12,1.4,26,12,0,10,2,2.6,5,2,2027.56,violet,us-e1,A,Compte dans la moyenne.,33252
SIM-01389,2024-09-09,lundi,COMMERCE,France,PME,Starter,5,22,9,40.9,7,"4,3",8,1,2,4,2,17.6,3,0,226.87 €,vert,ap-s1,A,Suivi standard.,10418
SIM-01390,25/12/2024,mercredi,Commerce,Espagne,PME, Business ,1,11,5,45.5,1,0.3,26,9,0,11,4,6.7,2,0,464.47,sombre,us-e1,control,"Client insatisfait, risque de départ.",1523
SIM-01391,31/12/2024,mardi,Commerce,Allemagne,ETI, Business ,1,184,136,73.9,33,25.2,26,11,0,0,6,8.3 h,3,3,8422.32,bleu,ap-s1,B,,179564
SIM-01392,2023-07-07,vendredi,tech,Belgique,TPE,starter,19,1,1,100.0%,4,"0,2",8,3,6,6,4,"34,4",2,0,11.92,violet,ap-s1,B,"Client insatisfait, risque de départ.",450
SIM-01393,2024-02-15,jeudi, Public ,Allemagne, PME ,Business,12,39,19,48.7,16,"13,5",26,13,1,0,0,0.5,5,2,1920.98,bleu,eu-w3,B,Suivi standard.,45681
SIM-01394,23/12/2024,lundi, Public ,France,PME, Starter ,1,9,0,"0,0",0,0.0,8,0,0,30,6,35.0 h,2,0,80.0 €,violet,ap-s1,A,"Client insatisfait, risque de départ.",328
SIM-01395,07/04/2024,dimanche,TECH,France, TPE ,Pro,10,3,1,33.3,1,"0,5",16,4,0,4,5,14.2 h,1,1,65.58,bleu,eu-w3,A,,968
SIM-01396,14/12/2023,jeudi,Public,France,TPE,Business,14,2,1,,11,"3,9",26,6,1,7,0,0.5,5,0,"76,61",sombre,eu-w3,A,,1131
SIM-01397,29 Sep 2024,dimanche,Industrie,Espagne, PME ,Starter,4,48,33,"68,8",36,10.8,8,2,0,1,7,45.0,2,0,595.92,violet,ap-s1,A,,19058
SIM-01398,11 Oct 2024,vendredi, Industrie ,France,TPE,Pro,4,8,6,75.0,83,44.6,16,6,1,0,7,,4,1,,clair,eu-w3,B,"Multiples tickets ouverts, friction élevée.",4216
SIM-01399,14 Sep 2023,jeudi,Public,France,pme,Business,17,56,0,0.0,0,"0,0",26,0,0,58,2,5.3,2,0,"2318,13",vert,ap-s1,A,,17108
SIM-01400,04 Jan 2023,mercredi,Industrie,France,ETI,Pro,25,51,29,56.9%,3,"1,7",16,3,10,3,7,19.4,3,0,"1411,01",clair,ap-s1,B,,96033
SIM-01401,2024-03-08,vendredi,Tech,Espagne,eti,business,11,142,44,31.0,9,2.0,26,9,0,1,0,5.4,4,0,6337.93,violet,eu-w1,A,Suivi standard.,109139
SIM-01402,03 Jul 2024,mercredi,Finance,Canada,TPE,Pro,7,10,4,40.0%,21,10.4,16,5,2,1,4,10.2,4,0,240.83,clair,ap-s1,control,RAS.,7504
SIM-01403,2023-02-16,jeudi,Tech,Allemagne,ETI, Enterprise ,24,52,23,,27,"15,8",40,21,2,0,5,,4,0,"4473,57",violet,us-e1,B,,168743
SIM-01404,27/08/2024,mardi,Finance,France, PME , Starter ,5,11,6,"54,5",4,1.1,8,0,0,16,3,16.4,4,1,"110,17",vert,us-e1,control,,1626
SIM-01405,12 Sep 2022,lundi, Public ,France,PME,Pro,29,39,29,"74,4",33,5.2,16,8,7,3,0,2.4,5,0,926.69,clair,ap-s1,control,,17477
SIM-01406,01 Jan 2024,lundi,commerce,France,PME,Starter,13,22,7,31.8,1,0.6,8,3,3,3,1,19.7,4,0,268.08,vert,ap-s1,control,"Compte engagé, ambassadeur potentiel.",2638
SIM-01407,13/02/2024,mardi,Commerce,,eti,business,12,180,91,50.6%,29,,26,11,4,1,0,1.2,5,0,7606.68,bleu,ap-s1,control,,748497
SIM-01408,10 Apr 2024,mercredi,Santé,Canada,PME,Business,10,8,6,"75,0",54,42.7,26,10,1,0,0,1.3,5,2,386.62,clair,eu-w1,B,,6658
SIM-01409,2025-01-04,samedi,Industrie,France, GE , Enterprise ,1,264,223,84.5,76,56.1,40,27,0,3,9,"5,8",4,2,21725.8 €,clair,us-e1,control,,249412
SIM-01410,14/10/2022,vendredi,Public,France, ETI ,Business,28,122,89,"73,0",46,"16,0",26,22,3,1,2,6.5,4,0,6448.98,clair,eu-w1,control,,116340
SIM-01411,2024-01-06,samedi,santé,France,PME,Business,13,52,41,78.8,42,32.6,26,16,2,0,1,"6,2",4,1,2229.87,clair,eu-w1,control,,21942
SIM-01412,04/03/2024,lundi,Finance,Allemagne,eti, Pro ,11,46,39,"84,8",77,36.4,16,9,5,0,5,11.6,4,1,1222.14,bleu,us-e1,A,Client très satisfait et actif.,17037
SIM-01413,05 Mar 2024,mardi,Éducation,France,PME, Pro ,11,32,18,56.2,28,8.9,16,5,1,1,7,"18,8",2,1,959.06,bleu,eu-w3,B,"Client insatisfait, risque de départ.",36962
SIM-01414,08/08/2024,jeudi,Santé,Espagne,PME,Business,6,40,30,75.0%,61,19.2,26,7,0,0,4,5.0 h,3,3,1649.66,violet,us-e1,control,Compte dans la moyenne.,37876
SIM-01415,10/11/2023,vendredi, Éducation ,Canada, PME ,pro,15,20,14,70.0%,30,13.9,16,6,2,2,0,,4,0,,clair,eu-w1,B,Suivi standard.,5647
SIM-01416,2023-03-17,vendredi, Tech ,Espagne,PME,PRO,23,50,20,"40,0",24,15.6,16,8,6,3,2,"16,6",3,0,1407.36,violet,eu-w3,B,,21927
SIM-01417,2023-12-11,lundi,Industrie,Canada,TPE,Starter,14,3,1,"33,3",4,1.4,8,2,4,1,4,37.7,1,0,35.53,sombre,eu-w3,B,Mécontentement exprimé au support.,670
SIM-01418,08 Jan 2025,mercredi,Industrie,Canada,PME,Pro,1,13,8,61.5%,36,14.9,16,4,0,0,2,14.0 h,4,2,364.13,sombre,us-e1,A,,2986
SIM-01419,10/08/2023,jeudi,commerce,Belgique,PME, Starter ,18,19,13,68.4,1,0.6,8,1,1,30,2,"28,6",3,0,"208,62",bleu,ap-s1,B,,6501
SIM-01420,29 Jan 2024,lundi,COMMERCE,France,tpe,Starter,12,9,1,11.1,1,0.1,8,0,4,6,0,18.0 h,4,0,78.05,clair,eu-w1,control,Faible adoption des sièges.,576
SIM-01421,05 Dec 2023,mardi,commerce,Canada,PME,Pro,14,50,14,28.0%,2,"0,1",16,5,5,10,3,"8,7",2,0,1216.46,clair,eu-w1,B,Mécontentement exprimé au support.,13965
SIM-01422,2023-10-11,mercredi,Tech,Allemagne,PME,PRO,16,51,16,31.4,14,4.7,16,5,2,0,5,"11,3",2,0,1412.86 €,violet,eu-w1,A,Mécontentement exprimé au support.,12744
SIM-01423,18/07/2023,mardi,Santé,Canada,tpe,Business,19,1,1,100.0%,25,15.8,26,10,2,1,2,3.2,5,0,47.3 €,violet,us-e1,control,,543
SIM-01424,06 Dec 2023,mercredi,Santé,France,PME,Pro,14,12,7,58.3,26,"10,4",16,8,2,0,0,2.1,5,0,236.06,sombre,eu-w3,A,,2129
SIM-01425,04 Mar 2024,lundi,COMMERCE,Canada,TPE,Starter,11,3,1,33.3,1,0.4,8,1,1,9,0,16.4,4,0,32.59,vert,ap-s1,A,,454
SIM-01426,2024-03-12,mardi,éducation,Suisse,TPE,starter,11,8,1,12.5%,1,"0,3",8,2,3,5,8,"32,9",3,0,84.47,sombre,us-e1,B,"Multiples tickets ouverts, friction élevée.",1732
SIM-01427,28/02/2024,mercredi,PUBLIC,Allemagne,PME,Business,11,14,7,"50,0",19,"5,0",26,6,1,0,0,"4,0",4,0,772.16 €,vert,ap-s1,control,,36091
SIM-01428,01 Jan 2025,mercredi,COMMERCE,France,PME,Business,1,11,3,27.3,2,,26,8,1,13,2,3.1,4,2,526.0,vert,eu-w3,A,RAS.,4745
SIM-01429,2023-10-31,mardi,Éducation,France,ETI,Pro,15,188,128,68.1,38,15.8,16,7,2,1,6,"17,3",4,0,4993.86,bleu,ap-s1,control,,98279
SIM-01430,28 Dec 2024,samedi,Commerce,France,PME,enterprise,1,52,38,73.1,34,"16,4",40,10,1,1,0,2.5,4,5,3652.42,sombre,eu-w1,control,,35940
SIM-01431,04 Feb 2023,samedi,Commerce,Canada,pme,Business,24,13,8,61.5%,10,3.7,26,6,9,7,8,13.1,1,0,553.29 €,vert,eu-w3,A,,22685
SIM-01432,2024-03-31,dimanche,tech,Belgique,eti,pro,10,65,27,41.5,2,"0,4",16,4,1,30,4,9.9,4,0,1699.35,sombre,us-e1,A,,30656
SIM-01433,05 Nov 2024,mardi,Finance,France,PME,STARTER,3,44,33,75.0,54,"46,5",8,3,0,0,0,17.8,5,3,545.87,vert,eu-w3,control,,13876
SIM-01434,2025-01-03,vendredi,commerce,France,pme,enterprise,1,16,14,87.5,55,31.4,40,15,1,2,2,1.7,2,1,1350.11,vert,us-e1,B,Mécontentement exprimé au support.,32106
SIM-01435,05/03/2024,mardi, Finance ,Belgique, TPE , Pro ,11,6,1,"16,7",1,0.2,16,1,1,2,9,18.6,3,0,119.86,vert,eu-w1,control,Support très sollicité récemment.,983
SIM-01436,17/08/2023,jeudi,public,Suisse,TPE,Pro,18,11,0,0.0,0,0.0,16,0,0,36,3,,3,0,293.89,bleu,us-e1,B,Déploiement interne limité.,6748
SIM-01437,2024-08-10,samedi, Industrie ,Belgique,TPE,Starter,6,6,2,33.3,18,17.0,8,6,0,7,0,13.0,4,0,68.9,clair,us-e1,A,,621
SIM-01438,2024-12-27,vendredi,Finance,Espagne,TPE,Starter,1,2,1,50.0,8,"2,5",8,3,0,2,3,25.3 h,3,4,"20,68",sombre,eu-w3,A,RAS.,407
SIM-01439,03/05/2024,vendredi,éducation,Suisse, GE ,BUSINESS,9,495,0,0.0,0,0.0,26,0,0,35,4,8.1,2,1,19438.72,clair,eu-w3,A,,239096
SIM-01440,2024-04-02,mardi,Éducation,France,PME,Business,10,42,13,31.0,8,3.7,26,4,1,2,3,"5,6",2,0,1590.55,sombre,ap-s1,control,"Client insatisfait, risque de départ.",37823
SIM-01441,07/04/2024,dimanche,Industrie,Suisse, PME ,Business,10,38,13,34.2,4,1.0,26,5,3,2,3,,3,1,1669.85,clair,ap-s1,B,Compte dans la moyenne.,27386
SIM-01442,2023-05-03,mercredi,tech,France,ETI,Business,21,70,40,57.1,17,"6,4",26,10,2,4,4,"5,6",3,0,3254.13,bleu,ap-s1,A,,58705
SIM-01443,2024-04-15,lundi,Tech,France,tpe,Starter,10,11,6,54.5,23,"11,5",8,2,10,6,1,20.4,5,0,127.66 €,sombre,eu-w1,control,,1466
SIM-01444,07 Jan 2025,mardi,Commerce,France,tpe, Starter ,1,3,2,66.7%,18,4.7,8,4,0,1,6,,2,1,34.92,clair,us-e1,control,,630
SIM-01445,01/04/2024,lundi,Santé,France,ETI,Business,10,96,35,36.5%,10,1.5,26,5,3,1,11,10.1,3,1,3644.47,violet,eu-w1,B,Support très sollicité récemment.,35862
SIM-01446,2023-03-19,dimanche,Santé,Allemagne,PME,PRO,23,47,14,"29,8",3,"0,2",16,1,2,3,7,"15,0",2,0,1344.89,sombre,eu-w3,control,Mécontentement exprimé au support.,77197
SIM-01447,01 Jan 2024,lundi,Finance,France, TPE ,Pro,13,4,2,"50,0",10,2.3,16,3,1,3,5,13.7,3,0,99.28,vert,ap-s1,A,,570
SIM-01448,30/11/2023,jeudi, Industrie ,Canada,TPE,Pro,14,7,6,85.7,57,"24,7",16,5,3,3,2,19.1,3,0,186.47,vert,eu-w1,A,Suivi standard.,3364
SIM-01449,2023-12-01,vendredi,COMMERCE,Canada,PME,Pro,14,48,20,"41,7",12,7.2,16,7,6,0,3,14.3,2,0,"1243,77",sombre,eu-w1,A,,18358
SIM-01450,12/02/2023,dimanche,industrie,France,PME,Business,24,48,20,41.7,1,0.5,26,8,7,30,0,3.0,5,0,2214.47,sombre,eu-w1,control,,38133
SIM-01451,2023-08-31,jeudi, Santé ,Allemagne,eti,Pro,17,126,16,12.7,1,0.1,16,3,2,16,1,13.9,4,0,3677.87 €,sombre,ap-s1,control,,90476
SIM-01452,29 May 2024,mercredi,Tech,France,PME,pro,8,21,9,"42,9",15,6.6,16,5,0,1,0,,5,0,554.48,bleu,eu-w1,B,Suivi standard.,40011
SIM-01453,2023-12-15,vendredi,,Suisse,tpe, Starter ,14,1,1,100.0,70,"28,5",8,4,3,0,0,11.8,5,0,10.96,clair,us-e1,B,"Compte engagé, ambassadeur potentiel.",300
SIM-01454,09 Nov 2022,mercredi, Industrie ,France,pme,Pro,27,56,36,"64,3",25,12.6,16,6,7,1,4,12.8,3,0,1664.42,clair,eu-w1,control,,102362
SIM-01455,2023-08-08,mardi,Commerce,Belgique, PME , Business ,18,6,5,"83,3",73,"36,6",26,13,4,2,0,0.5,5,0,278.71,sombre,us-e1,B,,4799
SIM-01456,2024-12-28,samedi,TECH,France,TPE,Starter,1,8,7,"87,5",82,51.7,8,4,,2,1,32.0,,0,79.79,bleu,eu-w3,control,,1570
SIM-01457,13/07/2024,samedi, Santé ,Belgique,pme,Starter,7,14,8,57.1,35,23.1,8,4,0,1,0,12.1,5,0,169.04 €,bleu,us-e1,B,Suivi standard.,832
SIM-01458,04 Mar 2024,lundi, Éducation ,Suisse,PME,pro,11,36,13,36.1,1,0.1,16,3,1,7,9,18.5,2,2,921.5,bleu,us-e1,A,Mécontentement exprimé au support.,24180
SIM-01459,18/06/2023,dimanche,COMMERCE,Espagne,TPE,PRO,20,10,3,30.0%,3,"0,8",16,1,9,3,2,12.3,5,0,"274,77",vert,eu-w1,B,,2028
SIM-01460,30 Mar 2024,samedi, Santé ,France,eti, Enterprise ,10,125,69,55.2%,16,"9,0",40,20,2,3,0,0.5,5,0,9433.05,bleu,eu-w3,A,RAS.,92821
SIM-01461,2024-05-10,vendredi,SANTÉ,Espagne,pme,Business,9,9,4,44.4,14,0.7,26,6,3,1,0,3.2,4,0,369.42,bleu,eu-w1,A,"Compte engagé, ambassadeur potentiel.",3635
SIM-01462,2025-01-06,lundi,Industrie,Espagne,TPE, Starter ,1,8,4,50.0,12,4.8,8,2,0,6,2,"23,4",3,4,"68,35",vert,eu-w3,B,Suivi standard.,504
SIM-01463,2023-08-11,vendredi,SANTÉ,France, GE ,enterprise,18,681,420,61.7%,15,9.2,40,12,6,1,1,,2,0,49040.08,sombre,us-e1,control,"Client insatisfait, risque de départ.",201064
SIM-01464,13/01/2024,samedi,,Suisse, TPE ,Starter,13,8,5,62.5%,38,31.1,8,3,1,1,3,25.8,4,0,107.18,clair,ap-s1,control,,3164
SIM-01465,2023-10-16,lundi,Tech,France,TPE,Starter,16,3,3,100.0,89,24.4,8,4,4,0,0,23.3 h,4,0,39.27,bleu,eu-w3,control,Client très satisfait et actif.,805
SIM-01466,01 Jan 2025,mercredi,Éducation,France,pme,Business,1,45,20,44.4,9,3.5,26,10,0,4,4,8.8,2,,"1884,08",clair,us-e1,A,,74157
SIM-01467,02/07/2023,dimanche,SANTÉ,Suisse,ETI,BUSINESS,19,169,125,74.0,79,83.3,26,14,5,2,3,7.5,3,0,7393.14 €,sombre,us-e1,control,Compte dans la moyenne.,151559
SIM-01468,2024-06-13,jeudi,Tech,Suisse, TPE , Starter ,8,7,5,71.4,67,"23,8",8,4,3,0,0,19.0,5,1,85.04,bleu,ap-s1,B,Client très satisfait et actif.,1255
SIM-01469,04 Mar 2024,lundi, Industrie ,France, GE ,Business,11,211,56,26.5,7,4.7,26,1,3,9,1,,4,1,"8350,81",bleu,eu-w3,control,Client très satisfait et actif.,75324
SIM-01470,29/05/2024,mercredi,,Canada,TPE,Pro,8,6,3,50.0,20,9.4,16,6,2,4,7,"17,9",1,0,"155,36",violet,ap-s1,B,,2421
SIM-01471,17 Dec 2023,dimanche,industrie,Espagne,PME,Business,14,13,9,69.2,41,"17,6",26,6,6,0,5,,4,0,515.11,bleu,eu-w1,control,,2534
SIM-01472,2023-11-03,vendredi,Finance,Belgique,TPE, Starter ,15,2,1,50.0%,1,"0,1",8,3,4,7,5,"21,6",3,1,22.13,clair,eu-w3,B,,617
SIM-01473,15/01/2023,dimanche,Éducation,France,pme,pro,25,53,40,75.5,44,16.9,16,6,4,2,11,"21,3",1,0,"1283,69",vert,ap-s1,A,Mécontentement exprimé au support.,49473
SIM-01474,31 Jul 2024,mercredi,finance,Espagne,PME,Enterprise,6,46,38,82.6,60,,40,26,2,0,0,2.6 h,4,1,3465.93 €,clair,eu-w3,A,Compte dans la moyenne.,34105
SIM-01475,2024-02-07,mercredi,éducation,France,eti,Enterprise,12,139,71,"51,1",30,10.4,40,17,3,0,3,6.1,4,1,10374.51,bleu,ap-s1,A,Client très satisfait et actif.,408341
SIM-01476,2023-09-02,samedi,Industrie,Suisse,TPE,pro,17,3,2,66.7,57,"21,8",16,8,4,1,0,7.9,4,0,89.02,vert,eu-w3,A,Client très satisfait et actif.,2920
SIM-01477,03 Nov 2024,dimanche,commerce,Allemagne,PME,Business,3,46,29,63.0,14,"6,7",26,2,1,1,3,4.3,3,1,"1366,27",clair,eu-w1,control,,4481
SIM-01478,02 May 2024,jeudi, Santé ,Belgique,TPE,Pro,9,6,3,50.0,9,3.1,16,6,3,6,5,12.2,3,3,144.83 €,vert,us-e1,B,RAS.,3088
SIM-01479,2024-05-06,lundi,FINANCE,France,TPE,Starter,9,10,3,30.0%,1,"0,1",8,1,4,19,0,12.4,4,1,121.65,vert,ap-s1,B,,1596
SIM-01480,09 Sep 2024,lundi,Tech,France,GE,pro,5,414,162,"39,1",5,2.4,16,6,0,3,0,8.4,4,1,11330.72,clair,eu-w1,B,,167241
SIM-01481,02 Nov 2024,samedi,,France,GE,BUSINESS,3,891,708,,22,8.3,26,11,0,0,2,9.7,5,2,40996.35,sombre,ap-s1,control,Suivi standard.,537872
SIM-01482,2025-01-04,samedi,Industrie,France, GE , Enterprise ,1,264,223,84.5,76,56.1,40,27,0,3,9,"5,8",4,2,21725.8 €,clair,us-e1,control,,249412
SIM-01483,15 Dec 2022,jeudi, Finance ,Allemagne,pme,Business,26,24,3,"12,5",1,0.1,26,1,2,13,0,,5,0,983.63,sombre,ap-s1,control,Déploiement interne limité.,19358
SIM-01484,12 Mar 2023,dimanche,Commerce,Allemagne,PME,PRO,23,34,18,52.9,33,"19,6",16,10,4,0,0,9.6,5,0,"917,86",sombre,ap-s1,control,"Compte engagé, ambassadeur potentiel.",42148
SIM-01485,07 Jan 2025,mardi,Éducation,Allemagne,TPE,STARTER,1,3,1,33.3,1,0.1,8,2,0,14,0,"17,0",5,1,26.95,sombre,eu-w1,A,,300
SIM-01486,2024-12-31,mardi,commerce,France, TPE ,business,1,11,7,63.6,25,16.6,26,10,0,0,6,5.3,2,4,"435,74",vert,eu-w1,A,,3930
SIM-01487,05 Dec 2024,jeudi, Santé ,France,GE,Enterprise,2,826,596,"72,2",52,27.2,40,15,1,2,4,6.9,2,2,"71684,53",violet,eu-w1,B,,2000000
SIM-01488,2024-07-05,vendredi,PUBLIC,Allemagne,TPE,Pro,7,11,7,"63,6",25,10.0,16,4,3,2,2,14.5,4,0,280.62 €,violet,eu-w3,A,Client très satisfait et actif.,7133
SIM-01489,2025-01-04,samedi,Santé,France, PME ,Business,1,13,11,"84,6",54,18.5,26,12,0,3,1,9.0 h,,1,,clair,ap-s1,control,RAS.,3079
SIM-01490,2025-01-06,lundi, Commerce ,France,PME,Pro,1,22,10,45.5,22,14.5,16,6,0,1,2,,4,0,"516,12",vert,us-e1,A,Compte dans la moyenne.,8888
SIM-01491,25/09/2024,mercredi,industrie,France,PME, Pro ,4,21,11,"52,4",39,41.4,16,9,2,0,3,11.5,3,2,536.15,bleu,eu-w3,B,Suivi standard.,12750
SIM-01492,2023-07-17,lundi,Finance,France,tpe,PRO,19,6,2,33.3,7,3.0,16,6,2,1,0,"9,5",5,0,155.99,sombre,us-e1,A,RAS.,4093
SIM-01493,2024-03-16,samedi,Santé,Suisse,ETI,business,11,144,65,45.1,23,"1,4",26,14,3,1,2,3.9,3,0,6913.28 €,violet,eu-w1,control,RAS.,96371
SIM-01494,11 Mar 2024,lundi,,France,pme,Starter,11,55,7,12.7%,1,0.1,8,2,5,6,5,45.8,2,1,432.17,sombre,ap-s1,control,"Client insatisfait, risque de départ.",2126
SIM-01495,2025-01-05,dimanche,commerce,France,PME, Business ,1,50,22,44.0,15,"6,7",26,14,0,6,2,5.7,3,3,2597.99 €,vert,ap-s1,A,,157646
SIM-01496,14/02/2024,mercredi,Commerce,France,pme,business,12,51,25,49.0,10,0.6,26,10,6,4,0,6.4,3,0,1778.72,violet,eu-w1,control,Compte dans la moyenne.,14586
SIM-01497,13/08/2024,mardi,Tech,France, PME ,starter,6,21,13,61.9,27,2.2,8,3,2,0,0,14.4,4,2,,bleu,eu-w3,B,RAS.,1638
SIM-01498,12/08/2024,lundi,Industrie,Suisse,TPE,Starter,6,5,0,0.0,0,0.0,8,0,0,41,0,20.9,5,0,55.78,sombre,eu-w3,A,Déploiement interne limité.,320
SIM-01499,2025-01-04,samedi,Industrie,Suisse,PME,Starter,1,55,44,"80,0",73,"35,3",8,5,0,1,3,25.2,,4,678.82,bleu,eu-w1,control,Compte dans la moyenne.,30058
SIM-01500,2024-02-02,vendredi,Commerce,, TPE ,Pro,12,7,5,"71,4",25,"1,3",16,7,2,3,4,"20,4",1,0,169.55,clair,ap-s1,control,"Client insatisfait, risque de départ.",2781
SIM-01501,2024-04-08,lundi,Santé,France,GE,Business,10,816,113,13.8,1,"0,2",26,3,0,16,1,7.4,2,3,35724.92,bleu,us-e1,A,,937422
SIM-01502,11/01/2024,jeudi,Éducation,Belgique,PME,Pro,13,35,8,22.9,1,0.2,16,3,2,9,0,,5,1,740.81,clair,eu-w1,control,Déploiement interne limité.,12757
SIM-01503,2022-11-04,vendredi,Commerce,Espagne,tpe, Starter ,27,6,2,33.3,1,"0,4",8,2,6,25,5,30.2,4,0,,violet,us-e1,control,,2303
SIM-01504,27/08/2024,mardi,Finance,France, PME , Starter ,5,11,6,"54,5",4,1.1,8,0,0,16,3,16.4,4,1,"110,17",vert,us-e1,control,,1626
SIM-01505,12 Dec 2023,mardi,industrie,France,ETI,Pro,14,149,36,24.2,2,"0,1",16,3,4,5,12,18.9 h,2,0,3136.15,clair,eu-w3,A,Mécontentement exprimé au support.,66863
SIM-01506,26/10/2024,samedi,Tech,France, ETI ,Business,3,49,22,44.9,20,"7,6",26,7,1,2,2,,,1,2041.56,violet,ap-s1,control,,11719
SIM-01507,02 Dec 2024,lundi,SANTÉ,France,PME, Starter ,2,15,13,"86,7",98,46.0,8,4,0,5,2,22.6 h,5,2,178.42,clair,eu-w3,B,,11704
SIM-01508,29 Sep 2024,dimanche,COMMERCE,Suisse,GE,Enterprise,4,428,256,59.8,6,"1,0",40,16,0,25,6,6.8,4,2,38243.55 €,clair,us-e1,control,,689914
SIM-01509,2025-01-03,vendredi, Finance ,France, TPE ,Pro,1,6,1,16.7%,3,"0,2",16,6,0,3,12,22.5,2,3,166.43,clair,eu-w1,A,,2320
SIM-01510,2024-05-12,dimanche, Finance ,France,PME,PRO,9,15,14,,50,40.9,16,10,0,1,2,18.1,2,0,437.59,vert,ap-s1,control,"Client insatisfait, risque de départ.",31576
SIM-01511,03 Aug 2024,samedi,COMMERCE,Suisse,PME,Starter,6,50,27,54.0,18,"5,6",8,3,2,0,3,23.6,3,0,704.8,vert,us-e1,B,,7513
SIM-01512,07 Sep 2023,jeudi,Commerce,France,PME,Pro,17,17,3,17.6,3,0.4,16,2,6,5,1,4.8,5,0,381.4,vert,eu-w3,A,,6568
SIM-01513,05/10/2023,jeudi,Santé,Canada,PME,Business,16,7,3,42.9,12,"5,3",26,8,0,1,1,8.2,3,0,328.86,clair,us-e1,control,,5933
SIM-01514,2024-10-07,lundi,ÉDUCATION,France,GE,Enterprise,4,818,271,33.1%,7,"3,7",40,18,1,3,0,0.6,5,3,54509.69,vert,us-e1,A,,536375
SIM-01515,2024-12-28,samedi, Tech ,Belgique,PME,Pro,1,52,38,,71,14.2,16,10,1,1,2,10.5,,3,1221.86,bleu,us-e1,control,Compte dans la moyenne.,19037
SIM-01516,26 Sep 2024,jeudi,finance,France,pme,Pro,4,30,22,73.3%,50,17.7,16,6,0,0,2,8.9,5,1,"695,68",vert,eu-w1,A,Compte dans la moyenne.,6275
SIM-01517,06 Jan 2025,lundi,Commerce,Belgique,PME,Pro,1,15,10,66.7,45,18.4,16,9,0,1,2,12.5,4,1,345.68 €,violet,us-e1,A,Compte dans la moyenne.,7370
SIM-01518,2023-11-15,mercredi,COMMERCE,France,PME,Pro,15,28,22,78.6,63,42.3,16,5,,0,1,12.5,4,0,904.92,sombre,eu-w3,B,"Compte engagé, ambassadeur potentiel.",77172
SIM-01519,11/04/2024,jeudi, Commerce ,France,PME,Business,10,30,21,"70,0",75,"39,1",26,10,2,0,0,6.0,,0,"1503,32",violet,us-e1,A,Compte dans la moyenne.,16025
SIM-01520,23/12/2024,lundi, Finance ,,TPE,Pro,1,9,0,0.0%,0,0.0,16,0,0,30,2,9.4 h,5,2,170.43,bleu,eu-w3,A,Faible adoption des sièges.,1118
SIM-01521,30 Jun 2024,dimanche,tech,France, ETI ,Business,7,191,134,70.2,41,17.1,26,13,3,0,2,4.1,3,1,8978.92,vert,us-e1,control,,139892
SIM-01522,03 Apr 2024,mercredi,Commerce,Canada,TPE,Starter,10,11,5,45.5,10,3.0,8,2,4,2,3,"26,6",3,0,"118,86",sombre,us-e1,B,,3021
SIM-01523,16 Jan 2024,mardi, Public ,Belgique,ETI,BUSINESS,13,107,48,44.9,9,,26,4,1,0,5,6.5,4,0,"4560,0",clair,ap-s1,B,,78523
SIM-01524,09 Mar 2024,samedi,Tech,Belgique,PME,pro,11,37,24,64.9%,33,,16,5,1,0,3,9.2,4,1,965.32,vert,us-e1,B,Compte dans la moyenne.,7916
SIM-01525,05 Jan 2024,vendredi,santé,Espagne,PME,pro,13,20,4,"20,0",6,"1,1",16,4,1,2,5,15.1,2,1,399.21,violet,eu-w1,control,"Client insatisfait, risque de départ.",2619
SIM-01526,2024-06-14,vendredi,Industrie,Belgique,ETI,Pro,8,217,145,"66,8",44,25.0,16,8,1,0,2,13.1,4,0,5197.48,sombre,ap-s1,control,,21310
SIM-01527,03/05/2024,vendredi,éducation,Suisse, GE ,BUSINESS,9,495,0,0.0,0,0.0,26,0,0,35,4,8.1,2,1,19438.72,clair,eu-w3,A,,239096
SIM-01528,2024-12-27,vendredi, Éducation ,France,TPE,Starter,1,5,1,20.0,1,0.1,8,0,0,3,11,28.3,3,3,42.19,vert,eu-w1,B,"Multiples tickets ouverts, friction élevée.",381
SIM-01529,17/03/2023,vendredi,COMMERCE,France,TPE,BUSINESS,23,1,1,100.0%,10,,26,7,4,4,1,3.6,3,0,35.77 €,vert,eu-w3,A,RAS.,557
SIM-01530,2023-01-06,vendredi,Finance,Belgique,TPE,BUSINESS,25,8,5,62.5%,21,6.2,26,13,7,0,7,10.1 h,4,0,362.5,clair,eu-w1,control,"Multiples tickets ouverts, friction élevée.",8026
SIM-01531,09/09/2024,lundi,Santé,Allemagne,TPE,Starter,5,3,1,33.3,1,"0,4",8,1,0,19,4,"23,0",3,0,34.05,vert,eu-w3,B,,300
SIM-01532,2024-07-12,vendredi,Éducation,,TPE,Pro,7,2,2,100.0,78,49.9,16,9,1,5,3,17.4,3,0,57.9,clair,ap-s1,A,,4368
SIM-01533,2023-09-10,dimanche,Tech,France,PME,pro,17,49,28,57.1%,36,20.4,16,7,,2,5,"12,9",2,0,1168.82,clair,ap-s1,control,Mécontentement exprimé au support.,7667
SIM-01534,2024-11-25,lundi, Santé ,France,TPE,Pro,2,10,9,90.0,84,51.9,16,13,0,2,9,19.2,3,2,221.33,vert,us-e1,control,,1452
SIM-01535,2024-05-14,mardi,commerce,Allemagne,PME,Enterprise,9,29,9,31.0,8,1.0,40,11,5,1,10,4.0,,1,2465.35,violet,eu-w1,A,"Multiples tickets ouverts, friction élevée.",22237
SIM-01536,31 Aug 2024,samedi,Finance,France,PME,Pro,5,40,25,62.5%,22,11.2,16,5,1,2,3,"7,7",5,2,1050.51 €,clair,eu-w1,A,Suivi standard.,10337
SIM-01537,31/12/2024,mardi,Commerce,France, TPE ,enterprise,1,4,3,75.0,44,"19,4",40,13,0,1,2,5.4,3,0,,violet,eu-w3,A,,7395
SIM-01538,2024-04-02,mardi,Commerce,France,TPE, Pro ,10,4,0,0.0,0,0.0,16,0,,91,5,"10,9",3,0,99.57,vert,eu-w3,control,Usage en forte baisse ce trimestre.,1143
SIM-01539,01 May 2024,mercredi,TECH,France,PME,Enterprise,9,17,9,52.9,25,12.8,40,16,0,0,1,1.7 h,3,0,,vert,ap-s1,control,,22355
SIM-01540,15 Sep 2023,vendredi,FINANCE,Allemagne,TPE,STARTER,17,7,5,"71,4",38,18.6,8,5,3,0,0,15.7,5,0,93.41,vert,eu-w3,A,"Compte engagé, ambassadeur potentiel.",2528
SIM-01541,24/11/2024,dimanche,,Allemagne,TPE,Pro,2,11,6,54.5,25,18.2,16,8,2,1,2,"14,4",3,3,"279,56",bleu,eu-w1,control,,2063
SIM-01542,2024-05-05,dimanche,INDUSTRIE,France,TPE,PRO,9,8,3,37.5%,24,"10,3",16,4,3,1,3,11.4,4,,193.0,clair,eu-w1,control,Client très satisfait et actif.,8071
SIM-01543,2025-01-05,dimanche,Commerce,France,pme,Starter,1,50,30,60.0%,32,15.8,8,3,0,0,3,33.6 h,3,3,"604,51",sombre,ap-s1,B,,31725
SIM-01544,11 Feb 2023,samedi,Santé,Allemagne,GE,enterprise,24,556,207,"37,2",18,6.9,40,10,3,1,4,,3,0,45258.77,vert,eu-w1,B,Suivi standard.,1670049
SIM-01545,2024-05-06,lundi,FINANCE,France,TPE,Starter,9,10,3,30.0%,1,"0,1",8,1,4,19,0,12.4,4,1,121.65,vert,ap-s1,B,,1596
SIM-01546,03 Sep 2023,dimanche,Industrie,France, TPE ,Pro,17,4,1,25.0%,2,,16,2,3,6,1,8.1,,0,84.35,bleu,eu-w1,A,,553
SIM-01547,07/11/2024,jeudi,Santé,France,PME,Pro,3,32,24,75.0,42,"26,7",16,10,0,1,2,13.1,4,2,868.77,clair,us-e1,B,Compte dans la moyenne.,12111
SIM-01548,02/06/2023,vendredi,Tech,Belgique,PME,Pro,20,7,5,71.4,32,14.3,16,10,3,0,4,17.6,4,0,178.71,clair,us-e1,B,,2345
SIM-01549,28 Dec 2024,samedi,Éducation,Suisse,TPE, Starter ,1,2,1,50.0,16,10.3,8,2,0,0,2,"27,7",3,4,"20,78",clair,eu-w1,A,RAS.,699
SIM-01550,29 Aug 2024,jeudi,tech,France,ge,Enterprise,5,136,110,80.9,39,3.6,40,11,0,1,0,4.7,3,2,"12064,03",violet,eu-w3,A,RAS.,98925
SIM-01551,2023-08-09,mercredi,PUBLIC,France,TPE,Starter,18,7,6,"85,7",68,"12,3",8,4,3,3,0,"12,3",5,0,"92,23",vert,us-e1,A,"Compte engagé, ambassadeur potentiel.",2420
SIM-01552,2023-12-15,vendredi,industrie,France, PME ,Starter,14,49,34,69.4,41,32.2,8,3,6,2,5,29.6,3,0,657.82,vert,ap-s1,A,,18340
SIM-01553,30 Aug 2024,vendredi,Finance,France, TPE ,starter,5,6,5,83.3,28,5.0,8,3,1,0,3,"27,5",2,1,,bleu,ap-s1,A,,1381
SIM-01554,26/09/2024,jeudi,finance,France,TPE,Pro,4,7,5,71.4,47,"35,8",16,5,1,4,0,10.7,4,1,"154,7",vert,ap-s1,control,RAS.,1522
SIM-01555,2024-03-15,vendredi,Santé,,PME, Starter ,11,18,5,,17,7.6,8,4,3,1,2,34.5 h,3,2,236.4,clair,eu-w1,B,RAS.,6979
SIM-01556,2024-07-29,lundi,Tech,France,tpe,Starter,6,1,1,"100,0",19,"6,2",8,4,1,0,6,32.8,1,1,12.3,vert,eu-w1,B,"Client insatisfait, risque de départ.",300
SIM-01557,04/02/2024,dimanche,Tech,France,ETI, Enterprise ,12,80,60,75.0,51,"34,4",40,18,6,1,0,0.5,5,0,6486.83 €,vert,eu-w3,control,"Compte engagé, ambassadeur potentiel.",148938
SIM-01558,04 Jun 2023,dimanche,Public,France,TPE,STARTER,20,4,1,"25,0",9,6.6,8,3,4,8,4,33.9 h,2,0,46.42,sombre,us-e1,B,Mécontentement exprimé au support.,2246
SIM-01559,2023-08-01,mardi,Éducation,France,TPE,STARTER,18,4,1,25.0,2,"0,8",8,2,3,28,0,20.5,4,0,"54,0",bleu,eu-w1,B,Compte dans la moyenne.,2568
SIM-01560,2025-01-01,mercredi, Commerce ,,PME, Pro ,1,46,18,"39,1",11,2.7,16,3,0,2,1,"6,5",3,4,994.76 €,clair,ap-s1,B,RAS.,19577
SIM-01561,10 Sep 2024,mardi,Industrie,Allemagne,ETI,Pro,5,181,116,64.1%,37,8.2,16,4,2,0,4,14.0,4,0,,vert,ap-s1,B,,62296
SIM-01562,02/08/2024,vendredi,TECH,France,TPE,Starter,6,10,7,"70,0",66,33.3,8,4,1,0,2,26.8,3,0,"107,52",violet,eu-w3,B,RAS.,970
SIM-01563,2022-05-13,vendredi,commerce,Belgique,TPE,Starter,33,4,1,"25,0",4,1.3,8,0,10,18,0,10.8,4,0,50.99,vert,us-e1,control,,2258
SIM-01564,2023-01-06,vendredi,Finance,Belgique,TPE,BUSINESS,25,8,5,62.5%,21,6.2,26,13,7,0,7,10.1 h,4,0,362.5,clair,eu-w1,control,"Multiples tickets ouverts, friction élevée.",8026
SIM-01565,11/08/2023,vendredi, Finance ,France,PME,PRO,18,30,12,40.0,3,"1,3",16,0,3,15,5,16.2,2,1,773.71,clair,eu-w3,control,,13958
SIM-01566,26 Dec 2024,jeudi,commerce,Belgique, PME ,STARTER,1,28,0,"0,0",0,0.0,8,0,0,30,0,14.2,,4,249.56,violet,ap-s1,B,Faible adoption des sièges.,1228
SIM-01567,08/01/2025,mercredi,Public,Espagne,ETI,BUSINESS,1,136,20,14.7%,1,0.2,26,4,0,26,2,4.9 h,3,3,"3693,38",vert,us-e1,control,,21200
SIM-01568,2024-09-10,mardi,Tech,Espagne,ETI,business,5,80,48,"60,0",25,10.0,26,6,0,2,1,"7,7",5,1,3014.95,violet,us-e1,control,Suivi standard.,19778
SIM-01569,28/12/2024,samedi,tech,,ETI,Business,1,186,74,"39,8",3,0.7,26,7,0,12,1,"6,4",4,4,8535.37,violet,ap-s1,A,Compte dans la moyenne.,258963
SIM-01570,13/07/2024,samedi, Santé ,Belgique,pme,Starter,7,14,8,57.1,35,23.1,8,4,0,1,0,12.1,5,0,169.04 €,bleu,us-e1,B,Suivi standard.,832
SIM-01571,15/05/2024,mercredi,FINANCE,France, GE ,Enterprise,9,514,247,48.1%,35,27.2,40,20,2,0,0,0.5,5,0,43848.49,vert,eu-w1,B,,970806
SIM-01572,2024-08-06,mardi,,France,PME,PRO,6,36,16,44.4,7,3.0,16,7,0,7,0,1.9,5,0,"770,29",sombre,ap-s1,B,,20844
SIM-01573,14/12/2023,jeudi,,France,PME,Pro,14,57,27,47.4%,17,"9,7",16,4,5,0,6,16.4,,0,1509.54,violet,us-e1,control,Suivi standard.,19805
SIM-01574,02/02/2024,vendredi,Industrie,France,PME,Enterprise,12,41,8,"19,5",1,0.4,40,4,3,15,0,1.2,4,,3444.27,clair,eu-w3,B,,36716
SIM-01575,04 Oct 2023,mercredi,Finance,France, PME ,Pro,16,31,17,54.8%,6,0.7,16,3,3,5,0,2.3 h,5,1,757.78,sombre,eu-w1,control,Client très satisfait et actif.,13670
SIM-01576,07 Oct 2024,lundi,Santé,Allemagne,PME, Enterprise ,4,22,9,40.9,10,"5,3",40,8,1,1,9,1.4,1,0,1484.12,vert,us-e1,B,Mécontentement exprimé au support.,23123
SIM-01577,2024-01-10,mercredi,COMMERCE,Suisse,TPE,starter,13,1,1,100.0%,1,0.1,8,1,1,30,0,10.7,5,0,10.72,bleu,eu-w1,B,,300
SIM-01578,2023-09-09,samedi,Finance,France, TPE , Starter ,17,9,8,88.9,95,46.1,8,5,1,1,0,12.3,5,0,113.62,violet,ap-s1,B,RAS.,2888
SIM-01579,15/05/2023,lundi,Tech,Suisse,GE,Business,21,223,146,65.5,24,8.6,26,10,2,0,4,3.0,3,0,10389.34,violet,eu-w3,control,,255578
SIM-01580,2025-01-06,lundi, Tech ,Canada,ge,Business,1,366,174,"47,5",26,13.6,26,9,0,2,0,6.1,2,2,14724.81 €,violet,ap-s1,control,Mécontentement exprimé au support.,253561
SIM-01581,10/09/2023,dimanche,COMMERCE,France, TPE ,STARTER,17,2,1,50.0%,7,3.8,8,2,6,3,4,27.0,4,0,23.23,sombre,eu-w3,A,"Compte engagé, ambassadeur potentiel.",381
SIM-01582,11 Oct 2024,vendredi,commerce,Espagne,ETI,enterprise,4,95,56,"58,9",38,10.5,40,20,0,0,8,3.3,2,1,7409.56,vert,eu-w3,A,,151896
SIM-01583,02/09/2023,samedi,Éducation,,PME,Business,17,44,7,15.9,1,0.2,26,4,0,4,3,3.2,3,0,1968.24 €,violet,eu-w3,B,Faible adoption des sièges.,48419
SIM-01584,2024-10-03,jeudi,,France,TPE,Starter,4,8,5,62.5,50,30.2,8,4,1,1,1,27.4 h,2,2,91.08,bleu,eu-w3,B,,1195
SIM-01585,16 Jan 2024,mardi,Public,France,PME,Business,13,19,10,52.6,30,7.4,26,9,2,1,7,"9,0",3,0,731.51,sombre,ap-s1,control,,8398
SIM-01586,20 May 2023,samedi,SANTÉ,France,TPE,PRO,21,4,1,25.0,1,0.1,16,5,7,4,3,"12,8",3,0,101.5,vert,us-e1,B,,4494
SIM-01587,2024-08-01,jeudi,COMMERCE,France,pme,pro,6,53,18,34.0,22,11.0,16,7,1,0,5,16.2,1,3,1119.98,violet,eu-w3,control,,46838
SIM-01588,30/07/2024,mardi,Commerce,Suisse,PME,BUSINESS,6,57,8,14.0,1,0.2,26,9,2,5,1,,5,3,2293.98,violet,eu-w3,A,Déploiement interne limité.,50789
SIM-01589,04 Nov 2023,samedi, Finance ,Allemagne,PME,PRO,15,49,32,65.3,27,18.3,16,7,5,1,1,11.4,3,,1093.84,vert,ap-s1,B,,21527
SIM-01590,03 Dec 2024,mardi,Finance,Allemagne,PME,PRO,2,14,2,14.3%,1,0.4,16,2,1,18,4,13.9,3,0,323.21,bleu,eu-w1,A,,5831
SIM-01591,30 May 2024,jeudi,Tech,Espagne,GE,Business,8,804,0,0.0%,0,"0,0",26,0,0,39,5,"7,1",2,1,32673.43 €,bleu,eu-w1,control,"Client insatisfait, risque de départ.",1339611
SIM-01592,08 Apr 2024,lundi,Commerce,Espagne,TPE,Enterprise,10,7,3,42.9%,5,"1,6",40,12,2,4,8,3.5,3,0,"594,49",sombre,us-e1,control,,9262
SIM-01593,09 Apr 2024,mardi,COMMERCE,France, TPE , Starter ,10,10,0,0.0,0,0.0,8,0,0,147,1,27.1,3,0,113.16,violet,ap-s1,A,"Compte peu actif, relance nécessaire.",2691
SIM-01594,2024-08-25,dimanche,tech,France,PME,ENTERPRISE,5,26,22,84.6%,60,"26,6",40,23,0,1,2,2.8,4,1,2284.71,sombre,eu-w3,control,,7494
SIM-01595,30/09/2023,samedi,Public,Espagne,PME,PRO,16,13,2,"15,4",1,"0,1",16,2,6,4,4,12.3 h,3,0,236.83,sombre,ap-s1,A,Faible adoption des sièges.,2330
SIM-01596,2023-12-12,mardi,industrie,France,GE,BUSINESS,14,882,635,72.0,44,"26,2",26,16,3,0,2,6.0,4,0,49788.0,vert,us-e1,B,,489914
SIM-01597,2024-12-27,vendredi, Santé ,France, PME ,PRO,1,19,3,"15,8",1,0.3,16,0,0,26,7,17.7,2,2,422.81,violet,us-e1,B,,1387
SIM-01598,2023-05-07,dimanche,Commerce,France,TPE, Pro ,21,1,1,100.0%,73,64.5,16,8,2,0,1,10.8,4,0,26.36,bleu,eu-w1,control,RAS.,303
SIM-01599,2024-06-30,dimanche,Éducation,Suisse,tpe, Starter ,7,11,7,63.6,43,,8,3,1,0,3,,3,0,138.84,bleu,eu-w3,A,,6603
SIM-01600,2023-11-02,jeudi,Finance,France, TPE ,Starter,15,7,4,57.1,11,"4,6",8,2,0,2,13,56.5,1,,"120,75",vert,eu-w3,B,,6337
SIM-01601,2024-10-07,lundi,Commerce,France,TPE,PRO,4,7,3,42.9%,1,"0,5",16,6,0,18,4,12.2,3,1,198.75,violet,ap-s1,B,,5215
SIM-01602,23 Nov 2024,samedi,Finance,Suisse,GE,Pro,2,407,241,59.2,17,11.5,16,2,0,2,2,12.7,2,0,10429.35,sombre,us-e1,control,,153937
SIM-01603,2024-10-30,mercredi,Finance,Belgique,ETI, Business ,3,174,80,46.0,7,3.5,26,8,1,2,1,3.3,3,,7302.94,bleu,us-e1,control,,161687
SIM-01604,11 Apr 2024,jeudi, Tech ,Espagne, PME ,Enterprise,10,58,0,0.0,0,0.0,40,0,0,38,3,0.5,4,0,3860.23,clair,ap-s1,B,Faible adoption des sièges.,177262
SIM-01605,2022-12-06,mardi,Public,France,TPE,starter,26,6,5,"83,3",70,25.6,8,5,9,2,1,22.1 h,4,0,79.32,vert,eu-w1,A,,3512
SIM-01606,27/04/2024,samedi,TECH,Espagne,eti,Business,9,49,4,8.2,1,0.3,26,8,,11,4,7.7,2,0,1868.27,bleu,eu-w3,control,"Client insatisfait, risque de départ.",16852
SIM-01607,02 Jul 2023,dimanche,Éducation,Canada,PME,Business,19,38,14,36.8,7,3.4,26,15,,2,1,7.4 h,3,0,1889.58,bleu,us-e1,A,RAS.,20143
SIM-01608,2024-09-01,dimanche,Finance,Suisse,PME,PRO,5,17,5,29.4,1,0.4,16,0,1,13,4,8.9,,0,401.5,sombre,ap-s1,control,Suivi standard.,3951
SIM-01609,11/06/2024,mardi,Commerce,France, PME ,Business,8,49,18,36.7,9,"3,9",26,8,0,1,0,"0,5",5,3,2607.96,clair,eu-w1,B,,72710
SIM-01610,2025-01-06,lundi, Finance ,Allemagne,eti, Business ,1,118,34,28.8%,5,"4,1",26,4,0,1,2,"10,1",2,3,5749.65,vert,eu-w1,control,,75435
SIM-01611,18/03/2023,samedi,Éducation,France,GE,pro,23,477,129,"27,0",1,"0,4",16,0,5,2,3,10.2 h,4,0,9971.81,vert,eu-w1,A,Client très satisfait et actif.,130830
SIM-01612,2024-10-05,samedi,Éducation,France,PME,pro,4,52,40,76.9,51,28.2,16,4,3,0,1,12.5,4,,1503.83,clair,ap-s1,A,,19730
SIM-01613,2023-07-19,mercredi, Public ,France,PME,Business,19,22,5,22.7,3,"0,2",26,1,4,5,4,9.1,3,0,"906,3",bleu,eu-w3,control,,15606
SIM-01614,04/03/2024,lundi,Santé,France,ETI, Business ,11,187,128,68.4,22,13.9,26,13,2,0,3,"6,9",,0,"9226,6",vert,eu-w1,control,,52961
SIM-01615,27/09/2024,vendredi,Tech,France,ETI, Business ,4,157,73,46.5%,14,"6,5",26,13,1,0,0,5.6,5,0,"7510,64",clair,ap-s1,control,,67746
SIM-01616,01 Feb 2024,jeudi,,Suisse,ge,enterprise,12,826,462,"55,9",43,"37,9",40,27,6,0,0,4.5,2,0,75576.54,clair,ap-s1,B,Mécontentement exprimé au support.,2000000
SIM-01617,2023-05-13,samedi,Public,Canada,GE,Enterprise,21,362,127,35.1%,1,0.3,40,1,1,15,1,3.2,3,0,30088.63,violet,ap-s1,B,,271399
SIM-01618,2025-01-06,lundi,Tech,Canada,PME,pro,1,55,38,69.1,36,33.6,16,7,0,1,2,,4,4,1608.28,violet,eu-w3,control,,44839
SIM-01619,01 Dec 2023,vendredi,FINANCE,France,TPE,Starter,14,1,1,100.0%,58,48.6,8,3,3,0,1,39.8 h,2,0,13.83,sombre,eu-w3,control,,590
SIM-01620,2024-07-13,samedi,COMMERCE,Suisse,PME,Business,7,26,11,42.3,9,"3,2",26,1,,10,3,"4,5",,1,954.77,clair,us-e1,B,RAS.,11744
SIM-01621,17/05/2023,mercredi,,France,PME,Business,21,32,23,71.9%,38,18.3,26,13,7,1,3,5.1,3,0,"1653,59",violet,eu-w3,control,,48814
SIM-01622,02 Mar 2024,samedi,Commerce,France, ETI ,Enterprise,11,147,79,53.7,28,"18,5",40,15,1,3,5,5.8,3,1,12258.83,clair,eu-w1,control,,643343
SIM-01623,28/01/2024,dimanche, Commerce ,Belgique, PME ,Business,12,26,13,50.0,29,10.0,26,8,4,3,1,4.6,5,0,1112.64 €,clair,ap-s1,control,"Compte engagé, ambassadeur potentiel.",17335
SIM-01624,2024-09-25,mercredi,Commerce,France,TPE,Starter,4,10,0,"0,0",0,0.0,8,0,0,78,0,,4,2,"118,43",sombre,ap-s1,control,"Compte peu actif, relance nécessaire.",2719
SIM-01625,2025-01-06,lundi,Éducation,France,TPE,starter,1,5,2,40.0,1,"0,6",8,3,0,1,4,,4,3,47.93,clair,us-e1,A,,943
SIM-01626,15 Sep 2023,vendredi,Santé,Espagne,PME, Business ,17,15,6,40.0,31,18.9,26,10,4,0,0,9.3,,0,703.81,bleu,us-e1,A,Compte dans la moyenne.,27125
SIM-01627,04/08/2024,dimanche,ÉDUCATION,France,TPE,PRO,6,4,2,50.0,42,,16,6,1,2,4,13.4,3,0,"97,76",violet,eu-w1,B,RAS.,5772
SIM-01628,14/02/2024,mercredi,Commerce,Espagne,ETI,Enterprise,12,134,86,64.2%,48,"27,3",40,22,1,0,4,3.5,4,1,"12916,76",violet,ap-s1,B,Compte dans la moyenne.,222427
SIM-01629,02/09/2023,samedi,TECH,Allemagne,TPE,Starter,17,5,2,"40,0",21,7.5,8,2,4,1,2,,3,0,52.88,violet,eu-w3,B,,1344
SIM-01630,10 Sep 2024,mardi,,France,TPE,starter,5,8,6,"75,0",41,27.6,8,3,4,3,5,34.3,3,3,"113,35",violet,us-e1,control,RAS.,1952
SIM-01631,20 Jul 2023,jeudi,Santé,France,TPE,BUSINESS,19,8,2,"25,0",7,0.6,26,2,3,0,4,"7,6",2,0,318.0 €,clair,ap-s1,A,Mécontentement exprimé au support.,8084
SIM-01632,2024-04-02,mardi,,Espagne,TPE,Starter,10,11,3,27.3%,4,1.3,8,2,3,14,1,16.4,3,0,"133,89",bleu,eu-w3,A,,3403
SIM-01633,2024-02-08,jeudi,Éducation,Espagne,PME,Enterprise,12,10,6,60.0%,13,5.0,40,18,1,0,0,1.3,5,1,666.47,vert,eu-w3,control,,7105
SIM-01634,02/12/2023,samedi,Commerce,Belgique, TPE ,STARTER,14,10,7,70.0,31,7.9,8,3,3,0,5,29.6,3,1,115.05,sombre,us-e1,control,,4340
SIM-01635,12/04/2024,vendredi,tech,France,tpe,starter,10,7,1,14.3,1,0.2,8,2,5,4,2,20.4 h,3,0,80.37,clair,us-e1,A,Déploiement interne limité.,1648
SIM-01636,2024-11-11,lundi,SANTÉ,Canada,ETI,Enterprise,3,70,7,10.0%,1,"0,1",40,4,0,28,0,0.5,4,0,3558.53,clair,ap-s1,B,Faible adoption des sièges.,20426
SIM-01637,04/03/2024,lundi,Santé,France,PME,Enterprise,11,15,4,26.7,7,"1,5",40,11,5,19,0,2.7,4,0,1327.41,sombre,ap-s1,A,Suivi standard.,28300
SIM-01638,09 Feb 2024,vendredi,ÉDUCATION,France,ETI,Business,12,82,23,28.0%,3,2.0,26,9,2,1,0,0.5 h,4,1,3534.02,sombre,us-e1,B,Suivi standard.,28979
SIM-01639,2024-10-12,samedi,Éducation,Belgique, PME ,ENTERPRISE,4,14,0,0.0%,0,"0,0",40,0,0,68,3,1.2,2,0,907.73,clair,ap-s1,B,Usage en forte baisse ce trimestre.,15631
SIM-01640,10 Jul 2024,mercredi,ÉDUCATION,France,TPE,Starter,7,8,1,12.5,1,0.1,8,0,2,28,3,38.5,3,,83.42,sombre,ap-s1,B,Faible adoption des sièges.,1300
SIM-01641,2024-03-15,vendredi,COMMERCE,Belgique,ETI,business,11,144,36,25.0,12,7.2,26,5,4,1,3,7.5 h,4,0,6623.75,vert,us-e1,A,Client très satisfait et actif.,152081
SIM-01642,28 Dec 2024,samedi,santé,France, PME ,business,1,55,12,21.8,1,0.1,26,2,0,1,2,3.6,3,6,1812.27,violet,eu-w3,A,Déploiement interne limité.,11888
SIM-01643,01 Dec 2023,vendredi,Éducation,Canada,PME,STARTER,14,6,0,0.0%,0,0.0,8,0,0,64,1,26.5,3,,73.51,vert,us-e1,B,,1688
SIM-01644,2024-08-12,lundi,Éducation,Suisse,TPE,Starter,6,10,4,40.0,9,1.5,8,2,2,2,7,42.2,2,1,"125,15",clair,ap-s1,control,,1642
SIM-01645,01 Nov 2024,vendredi,Commerce,France,PME, Enterprise ,3,17,10,58.8,35,9.1,40,19,2,1,0,1.4 h,4,2,"1244,8",clair,us-e1,control,,9187
SIM-01646,09 Jan 2025,jeudi,Éducation,France, PME ,Starter,1,16,2,12.5,1,0.1,8,0,1,30,1,"17,1",3,2,"142,03",violet,ap-s1,control,,1165
SIM-01647,08 Nov 2024,vendredi, Public ,France,GE, Business ,3,572,475,"83,0",64,13.5,26,18,0,1,8,9.5,3,1,"22211,12",bleu,eu-w3,B,Support très sollicité récemment.,564607
SIM-01648,27/04/2024,samedi,Tech,France,PME,business,9,11,3,27.3%,7,"2,7",26,1,0,2,0,"4,7",5,,468.37 €,vert,us-e1,B,,16131
SIM-01649,09 Dec 2023,samedi,Commerce,Belgique, TPE ,Starter,14,2,1,50.0%,22,1.9,8,1,5,2,3,24.3,3,0,26.12,sombre,ap-s1,control,,300
SIM-01650,2024-02-14,mercredi,PUBLIC,France,PME,pro,12,51,34,66.7,71,"60,5",16,10,3,1,1,12.5,4,0,1405.36,bleu,ap-s1,A,,27657
SIM-01651,29 Sep 2024,dimanche,Éducation,France,TPE,STARTER,4,4,2,50.0,12,5.7,8,4,0,2,1,20.5,5,5,34.41,sombre,us-e1,B,,310
SIM-01652,2023-06-16,vendredi,Santé,Allemagne,TPE,Starter,20,2,1,50.0%,17,7.0,8,2,5,1,0,25.8,3,0,,violet,eu-w1,A,,586
SIM-01653,11 Mar 2024,lundi,Éducation,France,PME,pro,11,33,25,75.8,38,21.5,16,8,4,2,0,2.5,5,0,845.28,violet,ap-s1,B,Client très satisfait et actif.,51985
SIM-01654,2024-10-31,jeudi,Commerce,France,TPE,Pro,3,4,1,"25,0",2,"1,2",16,3,1,14,4,11.8 h,2,0,90.82,sombre,eu-w1,control,,1043
SIM-01655,02 May 2024,jeudi,,,PME,Pro,9,50,43,86.0,54,48.5,16,9,3,1,1,"7,7",4,0,1288.62,bleu,eu-w3,B,Client très satisfait et actif.,22190
SIM-01656,10/03/2023,vendredi, Éducation ,France,PME,BUSINESS,23,51,37,72.5,26,7.5,26,6,5,1,0,0.5,5,0,2120.05,vert,eu-w3,control,Client très satisfait et actif.,126906
SIM-01657,04 Dec 2023,lundi,tech,France,TPE,BUSINESS,14,9,8,88.9%,64,39.9,26,14,3,1,1,1.4,5,0,"512,32",violet,us-e1,B,"Compte engagé, ambassadeur potentiel.",6722
SIM-01658,2023-07-15,samedi,Commerce,Allemagne,TPE,Pro,19,3,2,"66,7",10,"3,2",16,4,5,4,2,"10,8",4,0,"75,34",violet,us-e1,control,,2904
SIM-01659,11 Mar 2024,lundi,Santé,Belgique,GE,Business,11,814,422,"51,8",36,26.2,26,10,3,1,1,7.6,4,0,29250.97,clair,ap-s1,control,,959432
SIM-01660,2024-07-06,samedi,Commerce,France,PME,pro,7,56,19,"33,9",7,"0,4",16,0,2,0,2,"12,4",3,0,1312.47 €,violet,ap-s1,A,Suivi standard.,22601
SIM-01661,15 Apr 2023,samedi,Industrie,France,PME,PRO,22,40,22,55.0%,50,16.6,16,8,4,2,0,"12,3",3,0,"1092,4",vert,eu-w3,B,Compte dans la moyenne.,50163
SIM-01662,2023-01-13,vendredi,,France,TPE,Starter,25,10,1,10.0%,1,0.3,8,0,7,24,1,21.2,4,0,131.41 €,violet,ap-s1,B,Faible adoption des sièges.,4202
SIM-01663,2024-03-31,dimanche,tech,Belgique,eti,pro,10,65,27,41.5,2,"0,4",16,4,1,30,4,9.9,4,0,1699.35,sombre,us-e1,A,,30656
SIM-01664,05/12/2024,jeudi,Santé,France,ETI,enterprise,2,134,42,31.3%,1,0.1,40,5,0,30,2,4.1,5,2,11121.92 €,clair,eu-w3,control,,392159
SIM-01665,2022-08-06,samedi,INDUSTRIE,,TPE,Enterprise,30,11,6,,1,0.3,40,3,8,1,5,4.9,3,0,847.56,clair,eu-w1,B,,20155
SIM-01666,04/07/2023,mardi,Finance,Espagne, PME ,Pro,19,9,8,88.9,76,37.3,16,7,8,1,1,"11,5",3,0,266.33 €,bleu,us-e1,control,,15724
SIM-01667,30 Nov 2023,jeudi,Industrie,France,ge,Enterprise,14,557,72,,1,0.1,40,1,4,5,0,"0,6",4,1,33504.58,violet,eu-w3,A,,302211
SIM-01668,11/09/2023,lundi,Finance,Belgique,TPE,Pro,17,9,5,55.6,18,7.9,16,7,5,2,5,16.5,3,,232.08,bleu,eu-w1,control,,1903
SIM-01669,2024-12-26,jeudi,Commerce,France,PME,Business,1,46,10,"21,7",1,0.1,26,7,0,30,2,,3,2,1800.79 €,bleu,eu-w1,B,,31010
SIM-01670,2024-04-07,dimanche,TECH,,PME,PRO,10,29,23,"79,3",42,24.4,16,13,2,0,0,8.0,4,0,,bleu,eu-w3,control,,31060
SIM-01671,06 Apr 2023,jeudi,Commerce,France,PME,Business,22,34,6,17.6,1,,26,6,4,9,3,1.6,3,0,1272.59,violet,us-e1,B,,25045
SIM-01672,2023-12-16,samedi,Tech,France,ETI, Enterprise ,14,200,141,70.5,34,"18,8",40,17,4,0,2,3.4,3,0,"16218,35",bleu,us-e1,B,Suivi standard.,146290
SIM-01673,01/07/2024,lundi,Commerce,Suisse,PME,Business,7,29,0,0.0%,0,0.0,26,0,0,116,1,7.0,5,0,1219.87,bleu,us-e1,A,,25007
SIM-01674,13/10/2023,vendredi,,Allemagne,PME,pro,16,52,40,76.9,66,"35,8",16,11,5,1,0,,5,0,1519.39,bleu,ap-s1,control,,82229
SIM-01675,13 May 2024,lundi,santé,France,TPE,STARTER,9,1,1,100.0,109,62.6,8,5,5,0,1,30.2,4,0,14.59,sombre,ap-s1,A,"Compte engagé, ambassadeur potentiel.",300
SIM-01676,15/03/2023,mercredi,finance,France,PME,Pro,23,12,5,41.7,22,6.8,16,4,7,1,0,7.0,5,0,320.08,bleu,eu-w1,B,,3150
SIM-01677,26/06/2024,mercredi,Tech,Espagne,PME,BUSINESS,7,31,0,0.0,0,0.0,26,0,0,48,8,7.6,2,,1547.26,clair,ap-s1,A,Mécontentement exprimé au support.,44406
SIM-01678,02/10/2024,mercredi,Tech,France,PME,Business,4,25,20,80.0,42,38.2,26,21,3,1,5,8.2,2,1,1097.24,vert,us-e1,A,,22493
SIM-01679,28/01/2024,dimanche, Commerce ,Belgique, PME ,Business,12,26,13,50.0,29,10.0,26,8,4,3,1,4.6,5,0,1112.64 €,clair,ap-s1,control,"Compte engagé, ambassadeur potentiel.",17335
SIM-01680,2024-08-27,mardi,FINANCE,France,TPE,Starter,5,7,2,,1,0.3,8,2,1,24,3,29.8,3,0,70.22 €,clair,eu-w1,A,,300
SIM-01681,03 Jun 2024,lundi,,Espagne,ETI,Starter,8,108,57,52.8%,30,6.2,8,3,2,1,2,25.9 h,,,1271.92,violet,eu-w3,B,,8344
SIM-01682,10 Nov 2024,dimanche,tech,Belgique,eti,BUSINESS,3,151,70,46.4%,20,5.3,26,10,0,0,6,"5,8",1,1,6011.36,bleu,ap-s1,control,,157738
SIM-01683,2024-09-02,lundi,tech,France,TPE,Starter,5,1,1,100.0,52,30.9,8,3,,1,2,24.6 h,4,0,11.37 €,clair,ap-s1,control,Suivi standard.,382
SIM-01684,30/01/2024,mardi,éducation,Allemagne,PME,starter,12,29,18,62.1,44,24.4,8,3,2,1,1,18.6,4,0,421.49,bleu,us-e1,control,,8986
SIM-01685,2023-11-08,mercredi,Éducation,France,PME,Starter,15,59,28,47.5,2,"0,8",8,2,4,16,6,23.4 h,3,1,688.68,vert,us-e1,B,,18636
SIM-01686,2024-07-10,mercredi,,France, TPE ,Starter,7,3,2,66.7,36,17.1,8,5,1,0,7,33.9,4,1,"38,81",violet,eu-w1,B,Support très sollicité récemment.,446
SIM-01687,2024-07-30,mardi,Tech,France,PME,Business,6,41,23,56.1,14,2.7,26,6,0,0,1,3.6,,2,1580.42,sombre,eu-w1,control,,11663
SIM-01688,10/11/2024,dimanche,Finance,,ETI,Business,3,77,39,50.6%,19,"7,4",26,13,0,2,0,11.7,3,1,3339.16,vert,us-e1,B,,21905
SIM-01689,2023-08-01,mardi, Éducation ,Canada,PME,Starter,18,16,0,0.0,0,"0,0",8,0,0,50,0,22.1,4,0,179.64,clair,ap-s1,B,Déploiement interne limité.,9133
SIM-01690,26 Dec 2024,jeudi,Commerce,Suisse, TPE ,Starter,1,1,1,"100,0",16,2.5,8,4,0,7,2,18.5 h,4,3,9.4,bleu,eu-w3,B,Suivi standard.,300
SIM-01691,10 Jan 2024,mercredi,Public,Espagne, TPE ,Starter,13,11,3,27.3,3,"0,2",8,3,2,6,8,25.9,3,0,93.37,violet,us-e1,A,"Multiples tickets ouverts, friction élevée.",613
SIM-01692,2025-01-06,lundi, Éducation ,Allemagne,ETI,business,1,151,45,29.8%,10,"7,0",26,5,0,1,4,"5,6",3,0,5995.72 €,clair,eu-w3,A,,68831
SIM-01693,01/01/2025,mercredi,Public,Belgique,ETI,Starter,1,120,74,61.7,43,33.8,8,5,0,0,0,9.8,5,1,1415.41,sombre,us-e1,A,,30177
SIM-01694,29/10/2024,mardi,PUBLIC,France,PME,Business,3,44,21,,13,"2,6",26,12,0,6,0,0.5,5,1,"1837,69",bleu,eu-w3,B,Suivi standard.,25617
SIM-01695,03/01/2025,vendredi,Public,France,PME,Pro,1,52,35,67.3,7,1.2,16,5,0,2,6,"17,5",4,1,1091.62 €,violet,us-e1,control,,10742
SIM-01696,2024-12-11,mercredi,Éducation,,PME, Pro ,2,38,17,44.7,1,0.3,16,4,1,16,4,13.9,3,4,"733,6",bleu,eu-w1,B,RAS.,9625
SIM-01697,06 Oct 2023,vendredi,Commerce,Espagne, PME ,Enterprise,16,41,13,,11,7.9,40,13,2,6,0,2.5,5,0,3457.99,violet,eu-w3,B,Suivi standard.,34027
SIM-01698,09/01/2025,jeudi,Industrie,France,PME,Pro,1,52,23,"44,2",15,"4,0",16,6,0,2,0,"10,1",4,1,1215.33,vert,eu-w3,A,,35877
SIM-01699,2023-08-05,samedi,finance,France,PME,Business,18,56,42,"75,0",51,"31,5",26,7,4,0,10,11.6,2,0,2691.63,clair,ap-s1,B,,139050
SIM-01700,2024-01-07,dimanche,éducation,France,TPE,Starter,13,10,1,"10,0",1,"0,3",8,0,7,1,0,9.0,5,0,99.4,sombre,ap-s1,B,,978
SIM-01701,2024-03-28,jeudi,commerce,France,TPE, Business ,10,1,1,100.0,41,23.4,26,5,2,0,5,,2,0,38.88,sombre,us-e1,control,,925
SIM-01702,06/09/2023,mercredi,Santé,France,TPE,STARTER,17,9,2,"22,2",5,2.0,8,3,3,5,1,22.0,4,0,"118,36",vert,us-e1,A,,2329
SIM-01703,06 Oct 2024,dimanche, Éducation ,France,TPE,Starter,4,9,3,33.3%,2,0.1,8,0,0,0,3,21.6,5,,124.66,violet,us-e1,control,,7360
SIM-01704,30 Apr 2024,mardi,Public,France, PME ,starter,9,10,5,"50,0",11,4.8,8,4,3,3,0,7.1,5,2,154.23,violet,ap-s1,B,Client très satisfait et actif.,3794
SIM-01705,28 Dec 2024,samedi,INDUSTRIE,Espagne, PME ,Business,1,42,22,52.4,32,16.7,26,10,0,0,1,,4,5,1668.16,violet,us-e1,B,RAS.,5472
SIM-01706,09 Feb 2024,vendredi,Public,France,ETI,Pro,12,36,14,"38,9",3,1.1,16,6,5,2,0,0.5,5,0,854.75,vert,us-e1,control,Client très satisfait et actif.,14719
SIM-01707,15/03/2023,mercredi,finance,France,PME,Pro,23,12,5,41.7,22,6.8,16,4,7,1,0,7.0,5,0,320.08,bleu,eu-w1,B,,3150
SIM-01708,23/12/2024,lundi, Public ,Espagne,PME,Starter,1,22,0,0.0%,0,0.0,8,0,0,30,5,35.8,3,1,"226,29",vert,eu-w1,control,,3897
SIM-01709,2024-09-29,dimanche, Commerce ,France,PME,Business,4,8,7,,48,,26,8,3,3,0,1.8,5,3,"392,14",clair,us-e1,B,,16721
SIM-01710,09/05/2023,mardi,Commerce,France, ETI ,ENTERPRISE,21,175,49,28.0%,8,1.5,40,14,5,5,3,3.4,4,0,14698.64,violet,ap-s1,B,,735226
SIM-01711,2023-04-14,vendredi,TECH,France,PME,ENTERPRISE,22,54,46,"85,2",59,"40,3",40,25,6,1,6,6.4,,0,4424.28,sombre,ap-s1,A,,286605
SIM-01712,2023-12-17,dimanche,Industrie,Belgique,PME, Starter ,14,47,11,23.4,1,"0,2",8,0,1,6,0,"20,1",4,0,609.26,clair,eu-w1,A,Déploiement interne limité.,4496
SIM-01713,2024-05-11,samedi,Finance,Suisse,TPE, Starter ,9,10,5,50.0,21,10.7,8,4,2,1,3,"29,1",2,0,128.96,violet,eu-w3,control,Mécontentement exprimé au support.,4124
SIM-01714,01 Oct 2024,mardi,Commerce,France,TPE, Starter ,4,2,0,0.0,0,0.0,8,0,0,55,4,33.0,2,1,20.92 €,sombre,eu-w1,A,,300
SIM-01715,2023-06-03,samedi,Finance,Espagne,TPE, Starter ,20,1,1,100.0%,72,22.0,8,3,5,0,2,31.8,2,0,"13,54",vert,ap-s1,B,,300
SIM-01716,01/12/2023,vendredi,,France,GE,enterprise,14,218,69,"31,7",2,"1,0",40,20,7,12,2,2.4,3,0,19549.6,violet,eu-w1,B,,609166
SIM-01717,2023-05-08,lundi,Finance,France,PME,Business,21,49,18,36.7,1,0.2,26,2,3,20,7,13.1,2,0,2057.91,bleu,eu-w3,A,Mécontentement exprimé au support.,45562
SIM-01718,12/02/2024,lundi,ÉDUCATION,Belgique, PME ,Pro,12,48,17,,7,1.6,16,6,6,2,1,10.8,3,0,1147.44 €,bleu,us-e1,B,,15054
SIM-01719,10 Feb 2023,vendredi,Tech,Espagne, TPE ,Pro,24,7,1,"14,3",1,"0,1",16,0,7,4,2,9.4,5,,173.44,clair,eu-w1,A,Déploiement interne limité.,3982
SIM-01720,30 Sep 2024,lundi,Public,Suisse,TPE,PRO,4,1,1,100.0,1,0.3,16,3,1,28,3,10.1,2,0,17.95,violet,us-e1,control,,300
SIM-01721,2025-01-05,dimanche,Commerce,France,pme,Starter,1,50,30,60.0%,32,15.8,8,3,0,0,3,33.6 h,3,3,"604,51",sombre,ap-s1,B,,31725
SIM-01722,2024-06-03,lundi,finance,France,TPE,Pro,8,10,7,70.0,18,4.2,16,7,,3,3,11.0,4,0,"311,14",violet,us-e1,control,Suivi standard.,6123
SIM-01723,2024-12-27,vendredi,Finance,Espagne,TPE,Starter,1,2,1,50.0,8,"2,5",8,3,0,2,3,25.3 h,3,4,"20,68",sombre,eu-w3,A,RAS.,407
SIM-01724,2023-07-04,mardi,finance,,TPE,Business,19,8,2,25.0%,3,0.5,26,12,4,3,6,5.2,,0,,bleu,ap-s1,A,,8789
SIM-01725,09/01/2024,mardi,Santé,France,PME,business,13,57,25,"43,9",4,2.3,26,10,4,12,0,3.8 h,4,0,2620.38,violet,eu-w1,A,RAS.,27933
SIM-01726,05 Oct 2023,jeudi,Commerce,France,TPE,Starter,16,4,1,25.0,8,"4,3",8,4,3,5,5,28.2,,0,44.75 €,sombre,eu-w1,A,Suivi standard.,300
SIM-01727,19/04/2023,mercredi,Commerce,Suisse,PME,Business,22,50,8,"16,0",1,0.1,26,2,4,3,3,3.2,4,,2372.14 €,sombre,eu-w3,A,,64190
SIM-01728,2023-12-16,samedi,Santé,France,ETI,Pro,14,90,18,20.0,4,1.8,16,6,5,0,5,17.7,1,0,1738.63,vert,eu-w1,control,,21385
SIM-01729,12/09/2023,mardi,commerce,France,ETI, Business ,17,186,30,16.1,3,0.7,26,8,1,25,7,11.5 h,2,0,"8046,42",violet,us-e1,A,Mécontentement exprimé au support.,125363
SIM-01730,02/01/2025,jeudi, Finance ,France, TPE ,Pro,1,9,5,55.6,16,"0,8",16,3,0,2,1,10.3 h,4,2,"201,07",clair,us-e1,A,RAS.,2638
SIM-01731,12/03/2024,mardi, Finance ,France,PME,Starter,11,24,21,,109,"80,9",8,6,3,0,1,23.9,5,4,362.7,violet,ap-s1,control,,15466
SIM-01732,02/04/2024,mardi,Finance,France, PME ,Starter,10,13,6,46.2,11,,8,3,3,1,7,"28,8",3,0,168.92,vert,ap-s1,control,"Multiples tickets ouverts, friction élevée.",4432
SIM-01733,29/09/2024,dimanche,Finance,Belgique,TPE,Pro,4,9,4,"44,4",13,6.6,16,5,2,3,4,15.5 h,3,1,222.33,clair,eu-w3,control,,2370
SIM-01734,30 Dec 2023,samedi,Industrie,Belgique, TPE ,Business,13,2,0,"0,0",0,0.0,26,0,0,89,3,,3,1,"90,29",vert,us-e1,A,"Compte peu actif, relance nécessaire.",1037
SIM-01735,2024-05-09,jeudi,Tech,France,TPE,starter,9,7,7,,101,108.0,8,6,1,0,0,17.8,4,0,98.29,bleu,ap-s1,A,Compte dans la moyenne.,2660
SIM-01736,2024-08-08,jeudi, Industrie ,France, GE ,enterprise,6,194,78,40.2,7,,40,19,0,9,1,"1,0",2,0,"12981,8",vert,ap-s1,B,Mécontentement exprimé au support.,42580
SIM-01737,2024-02-13,mardi,Tech,France,PME,Starter,12,59,0,,0,,8,0,0,41,3,26.0,3,1,750.08 €,clair,ap-s1,control,Déploiement interne limité.,8611
SIM-01738,29/08/2024,jeudi,,Espagne,TPE,Starter,5,11,4,,17,3.5,8,2,0,2,0,17.6,4,1,,clair,eu-w3,B,,2381
SIM-01739,2024-12-29,dimanche, Finance ,Suisse,GE,Pro,1,267,106,39.7,16,7.9,16,8,0,0,1,13.7,3,2,5271.06,bleu,ap-s1,B,Suivi standard.,51867
SIM-01740,11/03/2024,lundi,Public,France,ETI,starter,11,218,142,65.1,42,"14,1",8,4,4,0,3,23.1,3,2,3164.77,bleu,eu-w3,A,,108995
SIM-01741,2023-11-07,mardi,Éducation,Allemagne,PME,PRO,15,29,23,79.3,62,32.1,16,10,2,0,3,13.6 h,3,,766.2,sombre,ap-s1,control,RAS.,6911
SIM-01742,2023-11-07,mardi,Commerce,France,PME, Pro ,15,22,0,"0,0",0,"0,0",16,0,0,60,0,8.9,5,0,551.5 €,violet,eu-w3,control,Déploiement interne limité.,33465
SIM-01743,2023-10-18,mercredi,public,France,PME,Starter,16,24,22,91.7%,105,"30,0",8,5,2,2,0,16.8,5,0,"265,85",vert,eu-w1,A,,10900
SIM-01744,05 Jan 2025,dimanche,FINANCE,France,ETI,Starter,1,197,119,60.4,41,29.8,8,5,0,2,4,37.1,1,2,,clair,eu-w1,A,,11345
SIM-01745,09 Jan 2025,jeudi, Commerce ,Suisse,PME,Pro,1,21,7,33.3,8,4.3,16,1,0,1,5,15.3,3,3,452.98,clair,ap-s1,A,,5572
SIM-01746,04/02/2023,samedi, Tech ,Allemagne,PME,Pro,24,13,10,76.9,60,44.1,16,5,4,1,1,,3,0,383.33,vert,eu-w1,B,Compte dans la moyenne.,26404
SIM-01747,05/10/2024,samedi,Public,Suisse,PME,BUSINESS,4,54,13,"24,1",1,0.1,26,5,1,3,0,"5,1",5,1,2422.62,bleu,eu-w1,B,Faible adoption des sièges.,75489
SIM-01748,08 Mar 2024,vendredi,INDUSTRIE,Canada,TPE,Starter,11,3,2,"66,7",15,4.0,8,4,4,0,8,35.6,,0,37.04,bleu,us-e1,control,,820
SIM-01749,2023-04-13,jeudi, Santé ,,TPE, Pro ,22,1,1,"100,0",42,24.4,16,4,,1,0,7.9,4,0,25.15,sombre,ap-s1,B,"Compte engagé, ambassadeur potentiel.",371
SIM-01750,09/05/2024,jeudi,Commerce,France,eti,Pro,9,214,91,"42,5",7,"1,1",16,4,3,10,1,12.6,5,3,4466.14,clair,eu-w3,B,,58596
SIM-01751,29/12/2024,dimanche,Public,France,PME,PRO,1,26,7,"26,9",1,0.2,16,3,0,2,3,,2,3,551.71,vert,ap-s1,A,Mécontentement exprimé au support.,2714
SIM-01752,20 Mar 2023,lundi,Finance,France,TPE,starter,23,8,3,"37,5",17,"10,2",8,4,6,6,4,26.4,3,0,120.35,violet,eu-w3,B,,8092
SIM-01753,2023-05-03,mercredi,,France,TPE,starter,21,6,3,50.0,5,0.6,8,3,3,4,2,15.3,4,0,"62,79",sombre,eu-w1,B,"Compte engagé, ambassadeur potentiel.",1493
SIM-01754,2023-12-12,mardi, Public ,Canada,PME,Pro,14,6,5,83.3,79,57.8,16,11,2,0,0,"11,5",5,0,154.26,sombre,us-e1,control,,4174
SIM-01755,02/10/2024,mercredi,PUBLIC,France,PME,PRO,4,35,19,54.3,22,7.1,16,6,,0,1,,4,4,"972,1",violet,eu-w1,B,Suivi standard.,10363
SIM-01756,03/05/2024,vendredi,éducation,Suisse, GE ,BUSINESS,9,495,0,0.0,0,0.0,26,0,0,35,4,8.1,2,1,19438.72,clair,eu-w3,A,,239096
SIM-01757,31/12/2024,mardi,Commerce,Espagne,PME,pro,1,58,49,84.5,72,37.1,16,8,0,3,2,"15,2",3,0,"1393,78",clair,eu-w3,control,Compte dans la moyenne.,82289
SIM-01758,10/12/2023,dimanche,Santé,France,PME, Pro ,14,39,22,56.4,25,"11,6",16,9,2,2,2,15.0,4,0,936.5,vert,us-e1,control,,25342
SIM-01759,29 Jan 2024,lundi,Éducation,France,TPE, Starter ,12,7,2,"28,6",5,0.4,8,2,2,6,0,6.8,4,1,73.19 €,sombre,eu-w1,control,,840
SIM-01760,13/03/2023,lundi,public,France,PME,Pro,23,55,11,20.0,1,0.3,16,4,4,8,1,8.3,3,0,1095.26 €,violet,ap-s1,control,,20657
SIM-01761,2024-06-13,jeudi,Tech,Suisse, TPE , Starter ,8,7,5,71.4,67,"23,8",8,4,3,0,0,19.0,5,1,85.04,bleu,ap-s1,B,Client très satisfait et actif.,1255
SIM-01762,31/12/2024,mardi, Tech ,France,pme,Business,1,12,7,"58,3",5,3.1,26,7,0,4,3,"8,3",,2,559.71 €,bleu,eu-w3,A,,6425
SIM-01763,2024-04-11,jeudi, Éducation ,France,PME,BUSINESS,10,34,19,55.9,17,"10,1",26,16,3,3,3,7.0,,1,1742.7 €,violet,us-e1,control,,35725
SIM-01764,18/11/2022,vendredi,tech,France,ETI,BUSINESS,27,54,29,53.7,21,18.3,26,6,16,0,2,,2,0,2949.51,bleu,eu-w3,control,,149953
SIM-01765,04/09/2023,lundi,Tech,France,TPE,STARTER,17,10,8,80.0,56,,8,4,4,0,1,18.3,3,0,"128,13",sombre,ap-s1,control,,7880
SIM-01766,11 Mar 2024,lundi,industrie,Belgique,ETI,Pro,11,98,52,53.1,32,17.3,16,6,2,2,0,10.9,4,1,"2080,62",sombre,eu-w1,control,Compte dans la moyenne.,18767
SIM-01767,2024-07-01,lundi,Commerce,,PME,Starter,7,18,11,61.1,15,9.2,8,3,,2,2,"21,7",3,0,211.44,violet,eu-w1,A,Compte dans la moyenne.,5201
SIM-01768,07/06/2023,mercredi,Santé,France,PME,STARTER,20,9,0,"0,0",0,0.0,8,0,0,84,0,25.0,1,0,"136,81",bleu,eu-w3,B,Usage en forte baisse ce trimestre.,2468
SIM-01769,05/11/2023,dimanche, Public ,,ETI,STARTER,15,141,40,"28,4",1,0.1,8,1,1,4,8,,1,0,1495.41,vert,eu-w3,B,,20846
SIM-01770,09/04/2024,mardi,Finance,France,eti,Pro,10,167,107,64.1,45,"11,6",16,10,3,1,0,2.0,,0,4608.83,bleu,us-e1,A,Client très satisfait et actif.,188962
SIM-01771,12/10/2024,samedi, Commerce ,France,ETI,Starter,4,91,40,44.0%,18,5.6,8,3,0,0,8,40.3,1,,1041.82,violet,us-e1,control,"Client insatisfait, risque de départ.",22212
SIM-01772,08 Mar 2024,vendredi,INDUSTRIE,Canada,TPE,Starter,11,3,2,"66,7",15,4.0,8,4,4,0,8,35.6,,0,37.04,bleu,us-e1,control,,820
SIM-01773,2023-12-04,lundi,Commerce,France,pme,Pro,14,27,11,40.7,7,0.6,16,1,6,21,4,"16,9",1,0,696.13 €,clair,ap-s1,control,,14841
SIM-01774,02 May 2024,jeudi, Santé ,Belgique,TPE,Pro,9,6,3,50.0,9,3.1,16,6,3,6,5,12.2,3,3,144.83 €,vert,us-e1,B,RAS.,3088
SIM-01775,09/04/2024,mardi,Santé,,TPE,Pro,10,10,5,50.0,15,5.3,16,0,3,1,0,10.6 h,,0,179.72,violet,eu-w3,control,Suivi standard.,1032
SIM-01776,04/09/2024,mercredi,Tech,France,ETI,Pro,5,193,143,74.1,52,28.6,16,6,0,1,2,12.8,3,0,"5228,1",violet,eu-w3,A,RAS.,98602
SIM-01777,2024-08-26,lundi,FINANCE,France,ETI,Pro,5,171,89,52.0%,16,8.3,16,7,0,1,3,,4,0,3355.8,vert,eu-w1,B,RAS.,19262
SIM-01778,2024-07-29,lundi,Tech,France,tpe,Starter,6,1,1,"100,0",19,"6,2",8,4,1,0,6,32.8,1,1,12.3,vert,eu-w1,B,"Client insatisfait, risque de départ.",300
SIM-01779,2024-03-11,lundi,industrie,Espagne, TPE ,Starter,11,1,1,100.0,51,19.4,8,5,2,2,2,28.0,,0,"10,15",sombre,eu-w1,A,,300
SIM-01780,2024-03-12,mardi,Éducation,Espagne,TPE,PRO,11,8,5,"62,5",38,20.7,16,8,3,0,3,11.6,4,0,206.9,vert,eu-w1,control,Client très satisfait et actif.,1527
SIM-01781,06 Jan 2025,lundi,Finance,France,PME,pro,1,15,12,80.0,60,"31,9",16,5,1,0,5,11.5,4,4,333.39,bleu,us-e1,A,,6561
SIM-01782,26 Oct 2024,samedi,Tech,France,TPE,Pro,3,6,3,50.0,10,4.2,16,7,,1,0,11.0,5,1,"139,32",sombre,eu-w1,control,RAS.,2285
SIM-01783,10 Mar 2024,dimanche,Éducation,Allemagne,PME,BUSINESS,11,39,30,"76,9",57,30.5,26,18,3,1,3,8.6,2,1,"1956,77",vert,eu-w3,control,,19255
SIM-01784,2024-11-07,jeudi,Industrie,France,GE,Pro,3,588,67,11.4,1,0.1,16,1,0,2,0,5.0,5,1,12434.69,violet,eu-w1,control,Déploiement interne limité.,142750
SIM-01785,02/02/2024,vendredi,Tech,France, PME ,business,12,26,6,23.1%,1,0.1,26,4,,6,2,4.3,4,1,1136.85 €,vert,ap-s1,A,,5593
SIM-01786,04 Jan 2025,samedi,Industrie,Allemagne,PME,Pro,1,38,28,73.7%,52,10.1,16,6,0,0,1,15.7,3,1,981.43,vert,us-e1,B,Compte dans la moyenne.,17705
SIM-01787,2023-08-15,mardi,éducation,France, ETI ,Business,18,170,124,72.9,16,12.6,26,13,2,1,1,3.2,5,0,7481.34,clair,us-e1,control,,736164
SIM-01788,31/07/2024,mercredi,Éducation,Belgique,PME,Business,6,40,32,80.0,65,29.1,26,17,2,0,0,6.4,4,0,2043.12,violet,eu-w1,A,Compte dans la moyenne.,23455
SIM-01789,27 Nov 2024,mercredi,finance,Canada,ETI,business,2,210,134,"63,8",38,17.3,26,14,,0,4,"9,7",,3,"11030,21",clair,eu-w3,A,,63313
SIM-01790,10 May 2024,vendredi,Public,Canada, TPE ,Pro,9,7,2,28.6%,1,,16,4,1,30,0,4.1,5,2,,sombre,us-e1,control,,3099
SIM-01791,08 Jan 2025,mercredi,Industrie,France,PME, Pro ,1,36,14,38.9,7,2.1,16,5,1,6,0,,5,2,778.22 €,clair,us-e1,control,,22973
SIM-01792,01 Jan 2024,lundi,Commerce,France,TPE, Pro ,13,9,2,22.2,5,"2,4",16,5,4,7,6,16.7,2,0,242.02 €,sombre,ap-s1,A,,8732
SIM-01793,2025-01-06,lundi,santé,France, PME ,Starter,1,24,4,16.7%,1,0.1,8,2,0,4,4,24.3 h,4,1,220.95,violet,eu-w1,B,Déploiement interne limité.,725
SIM-01794,11 Sep 2024,mercredi, Santé ,Belgique,PME,Business,5,20,16,80.0,61,"50,9",26,10,1,1,3,9.8,3,0,"783,29",vert,eu-w3,A,,14131
SIM-01795,30 Dec 2024,lundi,Éducation,Belgique,TPE,Pro,1,11,3,27.3,6,"2,5",16,3,0,14,3,,2,3,305.64,bleu,us-e1,control,"Client insatisfait, risque de départ.",5263
SIM-01796,2024-04-01,lundi,Santé,Suisse, ETI ,Business,10,69,11,15.9,3,1.5,26,4,2,5,0,,5,0,3397.11,violet,us-e1,B,Faible adoption des sièges.,133710
SIM-01797,2024-07-02,mardi,Commerce,Canada,ETI,Starter,7,81,10,12.3,1,0.1,8,2,1,9,3,37.2,2,1,817.38,clair,us-e1,control,Mécontentement exprimé au support.,9384
SIM-01798,2023-09-30,samedi,Tech,France, TPE , Pro ,16,5,3,"60,0",44,8.2,16,7,2,1,5,,3,0,130.13 €,clair,eu-w3,control,,2561
SIM-01799,2025-01-05,dimanche,tech,Canada,PME,Pro,1,47,40,85.1%,84,"65,3",16,11,0,0,3,"15,0",4,4,1074.74,violet,ap-s1,A,,20270
SIM-01800,05 Aug 2024,lundi,commerce,Canada,PME,Starter,6,56,33,58.9,33,15.6,8,2,3,0,2,20.2,,1,"553,25",vert,us-e1,A,,7259
SIM-01801,2024-04-06,samedi,Éducation,France,TPE,Starter,10,3,2,,51,36.5,8,4,3,0,4,"29,3",4,1,38.56,violet,us-e1,B,,632
SIM-01802,2024-04-06,samedi,commerce,Canada,ETI,Pro,10,112,28,25.0%,1,"0,1",16,1,2,1,2,9.0,4,0,2619.07,bleu,us-e1,B,RAS.,75167
SIM-01803,02 Jun 2024,dimanche,Santé,France,TPE,ENTERPRISE,8,7,4,57.1,19,5.5,40,13,1,0,5,4.9 h,2,2,567.71,sombre,ap-s1,B,"Client insatisfait, risque de départ.",7448
SIM-01804,07 Nov 2023,mardi,Santé,France,PME,Pro,15,46,13,"28,3",1,"0,3",16,4,2,29,2,"11,2",5,0,983.1,clair,eu-w1,B,,12898
SIM-01805,13/04/2024,samedi,Tech,Espagne,PME,Pro,10,18,6,"33,3",1,"0,3",16,5,1,0,2,11.0,4,0,397.26,clair,eu-w3,control,,7167
SIM-01806,2024-07-10,mercredi,Tech,France,TPE, Enterprise ,7,10,6,60.0,27,15.6,40,16,0,3,6,5.2,3,2,735.37 €,violet,eu-w1,A,,10251
SIM-01807,02 May 2024,jeudi,Finance,France,TPE, Starter ,9,2,1,50.0,16,6.4,8,4,,2,6,23.5,4,1,,clair,us-e1,B,Compte dans la moyenne.,728
SIM-01808,25 Aug 2024,dimanche,Public,France,tpe,Pro,5,1,1,,3,0.2,16,4,2,2,1,11.5 h,2,1,20.06 €,bleu,eu-w1,B,Mécontentement exprimé au support.,300
SIM-01809,09/09/2024,lundi,Santé,Allemagne,TPE,Starter,5,3,1,33.3,1,"0,4",8,1,0,19,4,"23,0",3,0,34.05,vert,eu-w3,B,,300
SIM-01810,05/09/2023,mardi,tech,Canada,PME, Business ,17,45,0,0.0%,0,0.0,26,0,0,77,7,10.1,1,0,2045.99 €,clair,us-e1,B,Usage en forte baisse ce trimestre.,95630
SIM-01811,13 Aug 2024,mardi,Santé,Canada,PME,Enterprise,6,23,3,"13,0",1,0.1,40,6,0,30,3,3.8 h,3,1,1696.29,clair,eu-w1,control,Faible adoption des sièges.,34774
SIM-01812,26 Dec 2024,jeudi,ÉDUCATION,France,ETI,Enterprise,1,206,156,"75,7",53,28.2,40,22,0,0,5,4.6 h,3,2,16593.74,sombre,eu-w3,A,Compte dans la moyenne.,394599
SIM-01813,13/05/2024,lundi,Public,Espagne,TPE, Pro ,9,4,3,"75,0",60,,16,6,1,3,1,"4,8",5,0,113.83 €,bleu,eu-w1,control,,1680
SIM-01814,03 Jun 2024,lundi,finance,France,TPE,Starter,8,5,3,60.0%,40,15.0,8,4,1,2,6,,2,1,"71,87",bleu,eu-w1,A,,2593
SIM-01815,09/01/2025,jeudi,Tech,France,pme,Business,1,57,18,"31,6",7,3.0,26,9,0,5,2,4.6,3,2,2617.56 €,clair,eu-w3,control,,15025
SIM-01816,2024-04-02,mardi,Commerce,France,TPE, Pro ,10,4,0,0.0,0,0.0,16,0,,91,5,"10,9",3,0,99.57,vert,eu-w3,control,Usage en forte baisse ce trimestre.,1143
SIM-01817,17/02/2023,vendredi,Santé,France,TPE,Pro,24,9,5,55.6,41,20.8,16,10,7,0,0,6.4,,0,249.9,clair,ap-s1,A,Client très satisfait et actif.,6967
SIM-01818,04/12/2022,dimanche,Commerce,France,tpe,Business,26,5,2,40.0,8,3.2,26,4,2,10,8,13.4 h,1,0,216.28,clair,ap-s1,control,,3902
SIM-01819,2024-09-30,lundi, Industrie ,France,tpe, Starter ,4,2,1,50.0%,37,12.0,8,4,0,2,2,23.4,4,4,"28,8",bleu,ap-s1,B,,300
SIM-01820,09 Jan 2025,jeudi,Éducation,France, PME ,Starter,1,16,2,12.5,1,0.1,8,0,1,30,1,"17,1",3,2,"142,03",violet,ap-s1,control,,1165
SIM-01821,2025-01-06,lundi,Industrie,Espagne,TPE, Starter ,1,8,4,50.0,12,4.8,8,2,0,6,2,"23,4",3,4,"68,35",vert,eu-w3,B,Suivi standard.,504
SIM-01822,2024-10-24,jeudi,Industrie,Belgique,PME,Business,3,56,20,35.7,1,"0,5",26,11,0,16,2,6.0,,2,1859.84 €,sombre,us-e1,B,,7625
SIM-01823,08 Jan 2024,lundi,tech,Allemagne,PME,Pro,13,48,10,20.8,3,1.6,16,6,2,1,1,,,0,1204.7,vert,ap-s1,B,,14818
SIM-01824,2024-06-09,dimanche,Santé,France,PME, Enterprise ,8,45,26,57.8%,26,,40,11,2,2,3,"2,7",5,4,"3936,2",sombre,eu-w1,A,,54871
SIM-01825,13 Apr 2024,samedi,Industrie,France,PME,Pro,10,24,22,"91,7",117,40.7,16,7,0,0,8,17.9,2,1,650.01,vert,eu-w3,B,Mécontentement exprimé au support.,6929
SIM-01826,2023-09-06,mercredi, Tech ,Belgique,eti,Enterprise,17,139,20,"14,4",1,0.1,40,11,5,11,1,"0,5",4,0,9397.92 €,clair,eu-w3,A,,238895
SIM-01827,26 Nov 2024,mardi,Tech,France,ETI,business,2,210,158,,47,"38,1",26,11,0,0,2,5.0,2,1,10327.23,violet,ap-s1,A,,143962
SIM-01828,25 Dec 2024,mercredi,Santé,France,PME, Pro ,1,34,12,35.3%,1,0.3,16,4,0,19,6,16.8,4,1,"647,44",clair,eu-w1,A,,5840
SIM-01829,28 Feb 2024,mercredi,FINANCE,Belgique,TPE,Pro,11,6,2,33.3,1,"0,8",16,7,1,3,0,9.0,3,0,174.68,bleu,eu-w3,control,,1432
SIM-01830,06/09/2023,mercredi,Éducation,France,ETI,Business,17,171,119,69.6,36,,26,15,2,2,0,8.1,5,0,8140.19,violet,ap-s1,B,RAS.,133499
SIM-01831,27 May 2024,lundi,tech,Belgique,TPE,Pro,8,10,8,"80,0",70,"47,9",16,9,4,1,1,6.8,5,1,252.89,vert,eu-w1,B,"Compte engagé, ambassadeur potentiel.",2903
SIM-01832,2024-10-10,jeudi,Santé,France,TPE,STARTER,4,8,5,62.5,24,10.3,8,3,3,2,3,22.5,4,1,110.61,sombre,eu-w1,control,,3356
SIM-01833,2022-06-08,mercredi,Santé,France,TPE,Pro,32,10,1,"10,0",1,"0,4",16,7,11,7,4,12.3,4,0,293.92,bleu,ap-s1,A,Faible adoption des sièges.,15666
SIM-01834,25/12/2024,mercredi,Commerce,France,GE,PRO,1,430,73,"17,0",1,,16,4,0,9,4,16.5,2,3,9075.64,vert,eu-w3,control,"Client insatisfait, risque de départ.",81862
SIM-01835,2025-01-05,dimanche,commerce,France,PME, Business ,1,50,22,44.0,15,"6,7",26,14,0,6,2,5.7,3,3,2597.99 €,vert,ap-s1,A,,157646
SIM-01836,2025-01-03,vendredi,FINANCE,Allemagne,TPE,Starter,1,8,4,50.0%,4,1.1,8,1,0,5,0,18.8,3,1,"67,19",vert,us-e1,A,Compte dans la moyenne.,606
SIM-01837,26 Aug 2024,lundi,commerce,France,TPE,Business,5,6,2,33.3,1,0.1,26,8,0,1,0,"1,3",3,2,223.76,vert,eu-w1,control,Suivi standard.,1651
SIM-01838,06/11/2024,mercredi,Tech,France,tpe,Enterprise,3,1,1,100.0,111,41.7,40,34,0,0,0,1.3,3,2,86.71,bleu,eu-w3,A,,711
SIM-01839,30/12/2024,lundi,COMMERCE,,pme, Pro ,1,12,8,66.7%,41,11.8,16,8,1,1,2,14.4 h,4,0,323.8,sombre,ap-s1,A,,16993
SIM-01840,01 Sep 2024,dimanche,Industrie,France,PME, Business ,5,13,6,46.2%,19,11.1,26,6,1,1,7,6.7,3,2,607.21,clair,eu-w1,A,,10456
SIM-01841,05/12/2023,mardi,FINANCE,France,PME,pro,14,7,6,85.7%,53,25.5,16,5,,0,4,16.6,,0,"195,87",vert,ap-s1,A,,3533
SIM-01842,15 May 2024,mercredi,Commerce,Canada,pme,Pro,9,30,26,86.7%,81,"7,2",16,9,1,1,2,"11,3",5,1,"843,55",clair,ap-s1,control,Compte dans la moyenne.,13834
SIM-01843,2024-05-14,mardi,commerce,Allemagne,PME,Enterprise,9,29,9,31.0,8,1.0,40,11,5,1,10,4.0,,1,2465.35,violet,eu-w1,A,"Multiples tickets ouverts, friction élevée.",22237
SIM-01844,2024-02-06,mardi, Tech ,France, TPE ,Business,12,8,4,50.0,27,8.2,26,8,2,1,1,3.7,4,0,320.63,violet,eu-w3,B,RAS.,7099
SIM-01845,2023-04-05,mercredi,Santé,Espagne, ETI ,enterprise,22,141,72,51.1,33,17.1,40,18,3,0,3,"4,2",4,0,11229.06,vert,eu-w1,B,,147325
SIM-01846,28/08/2024,mercredi, Commerce ,Allemagne,TPE,starter,5,4,3,75.0,39,25.4,8,2,0,0,0,19.2,3,1,51.45,clair,eu-w1,A,RAS.,1223
SIM-01847,2023-12-11,lundi,Finance,Allemagne,ETI, Business ,14,179,111,62.0%,29,"9,1",26,13,0,1,0,9.8,4,0,8902.98,vert,ap-s1,A,,153309
SIM-01848,16 Apr 2023,dimanche,Commerce,France, ETI ,Pro,22,105,15,14.3,1,,16,4,2,2,0,8.1,5,0,2198.24,violet,ap-s1,control,,14420
SIM-01849,31/08/2024,samedi,Industrie,France,PME, Business ,5,48,17,35.4%,1,"0,2",26,6,1,0,1,2.4 h,3,0,2222.23,clair,eu-w1,control,,76534
SIM-01850,04/03/2024,lundi,Santé,France,PME,Enterprise,11,15,4,26.7,7,"1,5",40,11,5,19,0,2.7,4,0,1327.41,sombre,ap-s1,A,Suivi standard.,28300
SIM-01851,29 Jul 2024,lundi, Éducation ,Canada,eti,Business,6,38,19,,2,0.8,26,3,2,30,9,,1,,,clair,ap-s1,B,"Client insatisfait, risque de départ.",70762
SIM-01852,08/10/2024,mardi,Finance,France, ETI ,BUSINESS,4,86,44,51.2%,15,7.4,26,6,0,0,0,2.2,,,3482.56,vert,ap-s1,A,Compte dans la moyenne.,28557
SIM-01853,26 Dec 2024,jeudi,commerce,Belgique, PME ,STARTER,1,28,0,"0,0",0,0.0,8,0,0,30,0,14.2,,4,249.56,violet,ap-s1,B,Faible adoption des sièges.,1228
SIM-01854,2023-09-30,samedi,,Canada, PME ,Enterprise,16,43,25,,1,0.1,40,14,4,1,3,4.8,4,0,2748.86,vert,eu-w3,A,,29303
SIM-01855,2024-07-30,mardi,Éducation,Allemagne,eti, Business ,6,104,51,49.0,21,13.0,26,8,,0,2,4.8 h,3,1,3966.47,sombre,eu-w3,A,,52040
SIM-01856,2024-07-29,lundi,Commerce,France, PME ,BUSINESS,6,10,5,50.0,44,19.2,26,11,3,1,1,3.8 h,4,2,,vert,eu-w1,B,Client très satisfait et actif.,13249
SIM-01857,2023-12-06,mercredi,industrie,France,tpe,Business,14,3,2,66.7%,48,22.6,26,9,0,0,7,12.5,2,,148.35,clair,ap-s1,B,Mécontentement exprimé au support.,9610
SIM-01858,08 Jan 2025,mercredi,Industrie,France,PME, Pro ,1,36,14,38.9,7,2.1,16,5,1,6,0,,5,2,778.22 €,clair,us-e1,control,,22973
SIM-01859,02/01/2025,jeudi,Tech,France, PME ,Pro,1,35,7,20.0,1,0.1,16,3,0,8,0,10.1,5,3,"676,36",violet,ap-s1,control,Faible adoption des sièges.,2218
SIM-01860,18/10/2023,mercredi,Commerce,France, PME ,Starter,16,10,3,"30,0",6,3.3,8,4,6,10,9,22.8,3,0,114.89,clair,us-e1,A,,6783
SIM-01861,2024-08-03,samedi,Tech,France, PME ,Pro,6,7,4,57.1,24,10.3,16,4,0,1,2,12.0,4,0,"144,87",vert,eu-w3,control,Suivi standard.,1188
SIM-01862,02/09/2023,samedi,Santé,Belgique, PME ,STARTER,17,26,16,61.5,41,34.0,8,1,4,2,0,17.6 h,5,0,310.42,bleu,eu-w3,A,Client très satisfait et actif.,7127
SIM-01863,2023-07-09,dimanche,santé,Suisse,TPE,starter,19,10,4,40.0,12,"4,8",8,3,5,2,4,33.7,3,0,112.22,bleu,us-e1,A,,2024
SIM-01864,07 Dec 2022,mercredi,TECH,Suisse,PME,Pro,26,33,3,9.1,1,"0,1",16,4,6,19,0,"0,9",,0,963.58,violet,ap-s1,control,Faible adoption des sièges.,19753
SIM-01865,08/11/2024,vendredi,Finance,Belgique,PME,BUSINESS,3,7,2,28.6%,1,,26,4,0,5,2,6.6,3,0,,bleu,us-e1,control,,2116
SIM-01866,09/01/2024,mardi,INDUSTRIE,France,PME,Pro,13,31,12,38.7,19,"2,4",16,6,4,1,2,9.1,5,0,697.8,sombre,eu-w3,A,"Compte engagé, ambassadeur potentiel.",10872
SIM-01867,14 Feb 2023,mardi,,France,TPE,pro,24,9,0,"0,0",0,0.0,16,0,0,90,9,18.2,3,,257.74,violet,eu-w1,B,,7397
SIM-01868,05 Jun 2024,mercredi,COMMERCE,Espagne,PME,Business,8,17,11,64.7,29,13.0,26,11,0,0,0,3.3,5,,,sombre,eu-w1,control,,28866
SIM-01869,2023-06-13,mardi,Commerce,Belgique,PME,Pro,20,39,14,35.9,1,0.2,16,4,2,2,3,13.6,4,0,903.27,violet,ap-s1,B,,44441
SIM-01870,11 Nov 2023,samedi,finance,Belgique,tpe,BUSINESS,15,5,2,40.0,14,,26,8,3,2,3,3.0,4,0,213.38,violet,eu-w1,A,"Compte engagé, ambassadeur potentiel.",1575
SIM-01871,21/04/2023,vendredi,éducation,Allemagne,PME,Pro,22,40,18,45.0,16,5.6,16,6,5,0,1,,4,0,1144.63,bleu,ap-s1,control,Client très satisfait et actif.,15018
SIM-01872,14 Sep 2023,jeudi,SANTÉ,Allemagne,pme,Enterprise,17,10,7,70.0,62,"42,5",40,26,3,2,1,"4,8",4,0,580.27,clair,us-e1,B,"Compte engagé, ambassadeur potentiel.",2855
SIM-01873,2024-09-10,mardi,Tech,Espagne,ETI,business,5,80,48,"60,0",25,10.0,26,6,0,2,1,"7,7",5,1,3014.95,violet,us-e1,control,Suivi standard.,19778
SIM-01874,2024-12-25,mercredi,Éducation,Espagne,TPE,pro,1,8,1,12.5,1,0.2,16,2,0,2,2,8.5,4,2,150.85 €,clair,eu-w3,A,,495
SIM-01875,16/02/2023,jeudi,Commerce,France,ETI,BUSINESS,24,188,112,59.6,34,7.0,26,14,,4,1,6.0,3,0,11573.31,vert,eu-w1,A,Compte dans la moyenne.,1138814
SIM-01876,09 Jun 2023,vendredi,Tech,France,TPE,starter,20,10,1,"10,0",1,0.3,8,0,4,18,1,11.1,4,0,130.14 €,clair,us-e1,control,,3095
SIM-01877,2024-05-05,dimanche,Industrie,France,PME,Pro,9,53,46,86.8,76,35.7,16,8,0,0,4,18.0,4,2,1637.97,vert,ap-s1,control,,30892
SIM-01878,15 Mar 2023,mercredi,Public,France, PME ,Business,23,36,0,0.0,0,0.0,26,0,0,46,2,3.9,3,0,1397.83,bleu,us-e1,control,Faible adoption des sièges.,28656
SIM-01879,12 Nov 2023,dimanche,finance,Belgique,ETI,Enterprise,15,98,25,25.5,1,"0,1",40,1,2,17,6,"3,5",2,0,5648.19,bleu,eu-w3,A,Mécontentement exprimé au support.,46315
SIM-01880,05/12/2024,jeudi,Commerce,France,PME,Pro,2,16,15,93.8%,70,"34,4",16,5,0,0,2,13.6,5,2,"508,6",violet,ap-s1,B,RAS.,8758
SIM-01881,27/12/2024,vendredi,Éducation,Espagne,PME,Business,1,53,19,35.8%,1,0.7,26,9,0,6,3,5.6,3,3,1949.83,sombre,eu-w3,control,Suivi standard.,12791
SIM-01882,31 Dec 2024,mardi,,,TPE,Pro,1,1,1,"100,0",1,0.4,16,5,,7,0,13.7,4,3,19.81,sombre,us-e1,control,,300
SIM-01883,2024-11-06,mercredi,Commerce,France,PME,Pro,3,33,2,6.1,1,"0,2",16,0,0,9,4,"14,2",3,1,586.3,sombre,ap-s1,A,,7692
SIM-01884,06/09/2024,vendredi,commerce,Allemagne,TPE,starter,5,1,1,100.0,51,22.4,8,4,2,1,3,23.2,,3,11.74,clair,us-e1,control,,1155
SIM-01885,07 Jun 2024,vendredi,Finance,France,TPE,Starter,8,1,1,100.0,15,8.0,8,1,1,1,0,"9,6",5,0,"10,72",violet,us-e1,B,RAS.,300
SIM-01886,30/12/2023,samedi, Tech ,Canada,ETI,Business,13,168,126,"75,0",38,"19,3",26,7,,0,0,1.1,4,0,5492.41,violet,ap-s1,A,,58549
SIM-01887,2023-07-03,lundi, Commerce ,France, PME ,PRO,19,8,2,25.0,5,"0,6",16,4,1,13,5,22.0 h,1,0,"232,6",violet,eu-w1,A,"Client insatisfait, risque de départ.",6866
SIM-01888,15/03/2023,mercredi,santé,France,TPE,Pro,23,9,8,88.9%,74,46.1,16,8,7,1,5,17.0,3,0,272.98 €,clair,eu-w3,B,,14326
SIM-01889,2024-11-11,lundi, Finance ,Espagne,pme,Pro,3,26,14,"53,8",14,6.8,16,9,2,3,6,,4,0,632.6,clair,ap-s1,control,RAS.,16081
SIM-01890,13 Aug 2023,dimanche, Industrie ,Belgique,GE,PRO,18,826,480,"58,1",21,"8,4",16,6,2,1,2,10.6,4,0,19573.55,vert,ap-s1,control,,898817
SIM-01891,2024-03-31,dimanche,tech,Belgique,eti,pro,10,65,27,41.5,2,"0,4",16,4,1,30,4,9.9,4,0,1699.35,sombre,us-e1,A,,30656
SIM-01892,04/07/2023,mardi,Finance,Allemagne,PME, Pro ,19,51,32,62.7%,37,"14,6",16,5,3,0,2,"11,0",4,0,1231.43,sombre,ap-s1,A,,36352
SIM-01893,04/09/2024,mercredi, Tech ,Allemagne,PME, Pro ,5,6,3,"50,0",20,"1,0",16,9,0,3,3,,3,0,116.03,sombre,eu-w1,A,,1903
SIM-01894,09 Jan 2025,jeudi,TECH,France,TPE,Starter,1,6,5,83.3,77,29.9,8,6,0,0,6,"30,8",1,4,68.38,violet,eu-w3,A,,300
SIM-01895,2024-06-07,vendredi,COMMERCE,France,PME,business,8,15,5,33.3,1,"0,3",26,1,1,23,7,8.3,4,2,674.14,vert,eu-w3,A,,8845
SIM-01896,24/11/2024,dimanche,Finance,France,PME,Enterprise,2,34,13,38.2,8,"3,9",40,9,2,3,4,6.6,3,2,2637.46 €,violet,eu-w3,B,,67044
SIM-01897,23/12/2024,lundi,Commerce,France,ETI,pro,1,124,65,52.4,29,,16,6,0,0,2,10.7,3,1,2944.33 €,bleu,us-e1,A,,53116
SIM-01898,29 Apr 2024,lundi,tech,Espagne,PME,Starter,9,29,0,"0,0",0,0.0,8,0,0,104,3,24.3,4,0,"424,01",sombre,ap-s1,B,Usage en forte baisse ce trimestre.,31292
SIM-01899,03 Jan 2024,mercredi,COMMERCE,Suisse,ETI, Enterprise ,13,199,96,"48,2",4,0.5,40,11,3,0,0,"4,4",3,0,"13484,78",sombre,ap-s1,A,Compte dans la moyenne.,210093
SIM-01900,26 Oct 2024,samedi,Tech,France,TPE,Pro,3,6,3,50.0,10,4.2,16,7,,1,0,11.0,5,1,"139,32",sombre,eu-w1,control,RAS.,2285
SIM-01901,04 Apr 2024,jeudi,Santé,Suisse,PME, Pro ,10,11,8,72.7%,40,12.4,16,7,0,1,6,19.9,3,0,322.01 €,bleu,eu-w3,A,,5281
SIM-01902,2024-12-26,jeudi,Finance,Suisse,ETI,pro,1,102,14,,1,"0,1",16,2,0,18,2,8.8,3,1,2242.92,sombre,ap-s1,control,Faible adoption des sièges.,31266
SIM-01903,11/12/2023,lundi,Industrie,Espagne,TPE, Starter ,14,11,8,,37,"17,9",8,5,1,2,0,21.3 h,3,0,"149,63",violet,eu-w1,A,,3313
SIM-01904,2022-05-13,vendredi,commerce,Belgique,TPE,Starter,33,4,1,"25,0",4,1.3,8,0,10,18,0,10.8,4,0,50.99,vert,us-e1,control,,2258
SIM-01905,11 Mar 2024,lundi,,France,pme,Starter,11,55,7,12.7%,1,0.1,8,2,5,6,5,45.8,2,1,432.17,sombre,ap-s1,control,"Client insatisfait, risque de départ.",2126
SIM-01906,13 Aug 2024,mardi,Santé,Canada,PME,Enterprise,6,23,3,"13,0",1,0.1,40,6,0,30,3,3.8 h,3,1,1696.29,clair,eu-w1,control,Faible adoption des sièges.,34774
SIM-01907,2024-05-08,mercredi,industrie,France,TPE,starter,9,2,2,100.0,44,30.0,8,2,1,0,9,31.6,2,0,"29,1",sombre,eu-w1,A,Mécontentement exprimé au support.,453
SIM-01908,2023-08-12,samedi,Tech,Espagne,TPE,STARTER,18,11,2,18.2,1,0.1,8,2,4,2,2,20.8,3,0,140.52,vert,eu-w1,A,,4955
SIM-01909,2024-03-10,dimanche,Industrie,France,TPE,Starter,11,10,3,30.0%,10,3.7,8,2,3,6,1,24.4,,0,"122,3",sombre,us-e1,A,RAS.,1103
SIM-01910,08 Aug 2024,jeudi,Santé,France,PME,Starter,6,18,16,88.9,108,64.6,8,6,0,0,0,11.5,5,1,196.94,clair,eu-w1,B,,6621
SIM-01911,28/12/2024,samedi, Tech ,France,PME,pro,1,56,25,"44,6",17,7.8,16,5,0,3,1,12.7,3,3,1227.63,sombre,eu-w3,B,,15100
SIM-01912,14 Jan 2023,samedi,TECH,France,pme, Business ,25,53,32,"60,4",23,12.8,26,12,3,0,2,7.3 h,3,,,clair,us-e1,B,RAS.,84587
SIM-01913,27 Dec 2024,vendredi,Finance,Belgique,GE, Enterprise ,1,817,229,28.0,11,2.4,40,16,0,4,1,6.5,3,2,66515.81,bleu,eu-w3,B,,436344
SIM-01914,2023-09-17,dimanche,Industrie,France,GE, Business ,17,468,50,,1,0.3,26,2,3,20,8,7.9,2,0,19042.01,vert,eu-w1,B,"Client insatisfait, risque de départ.",124916
SIM-01915,12/03/2024,mardi,Industrie,France,ETI,Pro,11,34,8,23.5,3,0.5,16,4,2,9,3,11.3,2,0,810.17 €,clair,eu-w3,A,,7972
SIM-01916,2024-10-01,mardi,tech,Suisse,pme,PRO,4,33,22,66.7,58,"31,6",16,8,1,0,1,12.2 h,3,0,907.1 €,bleu,us-e1,control,RAS.,11157
SIM-01917,11/03/2024,lundi,Tech,Suisse,GE,ENTERPRISE,11,390,226,57.9,30,5.7,40,18,3,2,0,4.1,4,0,27521.69 €,violet,eu-w3,A,,744737
SIM-01918,02 Jul 2023,dimanche,,Espagne,ETI,Business,19,113,100,88.5%,54,"60,5",26,20,5,1,1,6.5,4,0,5756.46,bleu,ap-s1,B,,169931
SIM-01919,22/10/2022,samedi,Public,France,ETI,Starter,28,201,109,54.2,46,27.3,8,2,,1,0,,4,0,"3159,2",sombre,us-e1,control,"Compte engagé, ambassadeur potentiel.",165795
SIM-01920,2024-04-08,lundi,Santé,France,GE,Business,10,816,113,13.8,1,"0,2",26,3,0,16,1,7.4,2,3,35724.92,bleu,us-e1,A,,937422
SIM-01921,17 Aug 2023,jeudi,Industrie,Espagne, ETI ,Enterprise,18,133,0,"0,0",0,"0,0",40,0,,107,1,2.1,4,0,10668.67,violet,us-e1,A,,87483
SIM-01922,02/04/2024,mardi,santé,,PME,Pro,10,48,14,29.2%,5,0.9,16,3,2,2,2,11.5 h,3,0,1242.47,clair,us-e1,A,RAS.,27508
SIM-01923,2023-11-02,jeudi,Finance,Belgique,PME,Starter,15,6,1,16.7,1,0.1,8,1,5,24,7,31.5 h,2,0,67.56,vert,eu-w1,A,Mécontentement exprimé au support.,1939
SIM-01924,30 Oct 2024,mercredi,Finance,France, TPE ,Starter,3,1,1,"100,0",24,"8,9",8,2,2,2,2,26.7,2,1,11.94,violet,eu-w1,control,Mécontentement exprimé au support.,300
SIM-01925,2023-01-13,vendredi,Commerce,Suisse,GE,Business,25,547,517,94.5,88,59.0,26,12,5,1,2,5.2 h,4,0,29345.3,bleu,ap-s1,control,"Compte engagé, ambassadeur potentiel.",866273
SIM-01926,06/08/2024,mardi,Commerce,Belgique,PME,Pro,6,21,12,57.1,20,,16,6,1,0,0,6.8,5,0,444.51,bleu,ap-s1,control,,5103
SIM-01927,05 Aug 2024,lundi,FINANCE,Suisse,PME,Pro,6,55,22,"40,0",29,"11,6",16,8,1,1,5,,3,2,1479.83 €,bleu,us-e1,control,,8494
SIM-01928,13 Sep 2023,mercredi,Public,Espagne,pme,Pro,17,55,39,70.9%,26,7.0,16,9,1,1,0,"0,5",5,0,1193.97,sombre,eu-w1,B,,20560
SIM-01929,2024-10-12,samedi,Éducation,Belgique, PME ,ENTERPRISE,4,14,0,0.0%,0,"0,0",40,0,0,68,3,1.2,2,0,907.73,clair,ap-s1,B,Usage en forte baisse ce trimestre.,15631
SIM-01930,05/01/2025,dimanche,,France, PME ,STARTER,1,19,6,31.6,1,"0,2",8,1,1,9,2,19.7,3,0,218.83,sombre,eu-w1,control,,1974
SIM-01931,2024-05-31,vendredi,SANTÉ,Suisse,GE,ENTERPRISE,8,397,54,"13,6",1,0.1,40,6,0,1,1,"1,3",4,0,28454.81,clair,ap-s1,A,,139998
SIM-01932,2024-09-05,jeudi,Tech,France,TPE,starter,5,10,6,60.0,16,7.6,8,1,0,2,12,43.0,1,0,134.75,violet,us-e1,B,,4862
SIM-01933,2023-05-16,mardi,Industrie,France,PME,Business,21,47,22,46.8,21,"11,8",26,13,2,2,6,10.1,2,0,2288.12,clair,eu-w1,A,,56288
SIM-01934,07/06/2024,vendredi,Public,Suisse,PME,Pro,8,40,29,"72,5",41,25.9,16,6,3,1,1,9.0 h,3,1,"1094,58",vert,us-e1,B,,57444
SIM-01935,05 Nov 2024,mardi, Industrie ,Suisse,GE,Enterprise,3,456,257,56.4,37,32.9,40,18,0,1,1,4.4,4,1,32221.15,violet,ap-s1,B,RAS.,607691
SIM-01936,06 Jan 2024,samedi,Santé,Allemagne,PME, Pro ,13,42,14,33.3,9,4.9,16,3,2,3,4,15.3,3,1,1028.69,clair,eu-w3,A,RAS.,10966
SIM-01937,01 Mar 2024,vendredi,Éducation,France,GE, Pro ,11,323,95,29.4,1,0.1,16,1,,11,3,9.1,4,0,6475.88 €,clair,ap-s1,control,,42482
SIM-01938,29 Mar 2024,vendredi, Commerce ,France,TPE,ENTERPRISE,10,9,5,55.6,25,1.2,40,27,4,0,3,4.4,3,0,"632,69",clair,eu-w3,control,,4669
SIM-01939,30/11/2023,jeudi, Industrie ,Canada,TPE,Pro,14,7,6,85.7,57,"24,7",16,5,3,3,2,19.1,3,0,186.47,vert,eu-w1,A,Suivi standard.,3364
SIM-01940,2023-12-15,vendredi,Finance,France,PME,pro,14,47,34,72.3,51,18.3,16,9,5,2,0,7.1,5,0,,vert,ap-s1,control,Client très satisfait et actif.,32006
SIM-01941,14 Jun 2024,vendredi,Santé,France,PME, Business ,8,35,26,74.3,67,30.5,26,12,,1,0,1.8,4,4,"1431,05",sombre,eu-w1,A,,12908
SIM-01942,08/10/2024,mardi,Finance,France, ETI ,BUSINESS,4,86,44,51.2%,15,7.4,26,6,0,0,0,2.2,,,3482.56,vert,ap-s1,A,Compte dans la moyenne.,28557
SIM-01943,01/06/2024,samedi,Tech,France,PME,Starter,8,52,32,61.5%,21,6.9,8,3,1,0,2,,3,2,511.23,bleu,ap-s1,A,Suivi standard.,2096
SIM-01944,03 Dec 2024,mardi,Finance,Allemagne,PME,PRO,2,14,2,14.3%,1,0.4,16,2,1,18,4,13.9,3,0,323.21,bleu,eu-w1,A,,5831
SIM-01945,05 Aug 2024,lundi,Commerce,France,PME,Pro,6,24,5,"20,8",1,"0,4",16,4,0,9,0,8.4,4,1,566.02 €,sombre,eu-w3,control,,4177
SIM-01946,08 Oct 2024,mardi,Commerce,France,TPE,Starter,4,2,0,0.0%,0,"0,0",8,0,0,68,3,16.9 h,3,0,16.99,sombre,ap-s1,A,Usage en forte baisse ce trimestre.,300
SIM-01947,26/07/2024,vendredi, Tech ,Allemagne,PME,Starter,6,9,1,11.1%,1,"0,4",8,1,1,30,2,22.1 h,,2,"80,11",sombre,us-e1,B,Déploiement interne limité.,1642
SIM-01948,02 Aug 2024,vendredi,Finance,France,TPE,Starter,6,10,6,60.0,7,,8,4,1,4,3,31.0,3,0,108.66,clair,us-e1,B,,1158
SIM-01949,2025-01-04,samedi,Industrie,France, GE , Enterprise ,1,264,223,84.5,76,56.1,40,27,0,3,9,"5,8",4,2,21725.8 €,clair,us-e1,control,,249412
SIM-01950,06/08/2023,dimanche,Tech,France,PME,Pro,18,15,8,"53,3",23,10.5,16,4,5,0,4,17.2,3,0,"351,82",clair,eu-w3,control,,1731
SIM-01951,10 Jan 2024,mercredi, Tech ,Espagne,GE,BUSINESS,13,229,0,0.0,0,"0,0",26,0,0,66,4,3.7,4,1,"9922,74",clair,ap-s1,control,,447516
SIM-01952,26/06/2024,mercredi,Finance,France, TPE ,BUSINESS,7,7,4,57.1%,17,"7,2",26,6,1,1,2,2.1,3,0,"369,48",sombre,eu-w3,control,,13331
SIM-01953,04/03/2024,lundi,Commerce,Suisse, PME ,pro,11,37,4,"10,8",1,0.1,16,3,3,15,4,7.6,2,1,779.5,vert,us-e1,A,,11505
SIM-01954,2024-03-14,jeudi, Public ,France,PME,Business,11,40,12,30.0,12,"2,8",26,16,3,1,2,8.5,3,0,2249.52,clair,eu-w3,control,,83007
SIM-01955,07 May 2023,dimanche, Commerce ,Allemagne,TPE,starter,21,7,2,28.6,1,0.1,8,1,7,8,0,13.3 h,4,0,86.26,violet,ap-s1,control,Client très satisfait et actif.,2476
SIM-01956,09 Jan 2025,jeudi,Finance,France,ETI,enterprise,1,206,102,49.5,22,6.6,40,11,0,0,7,"4,4",5,3,"14003,33",sombre,us-e1,B,,241137
SIM-01957,11/03/2024,lundi,Industrie,France,PME,Starter,11,8,3,37.5%,3,0.5,8,0,1,3,5,32.9,3,1,"109,74",bleu,us-e1,A,Suivi standard.,2610
SIM-01958,01 Feb 2024,jeudi,Éducation,France, PME ,Pro,12,17,7,41.2,2,"1,3",16,3,6,13,5,15.4,,0,446.9,vert,ap-s1,B,"Client insatisfait, risque de départ.",8062
SIM-01959,08 Aug 2023,mardi,éducation,France,GE,Enterprise,18,651,152,23.3,4,1.9,40,19,6,10,0,1.5 h,5,0,,vert,ap-s1,B,,1107616
SIM-01960,11/10/2023,mercredi,Tech,France,pme,Pro,16,24,0,0.0%,0,0.0,16,0,0,99,5,14.8,3,0,"585,96",bleu,eu-w3,control,"Compte peu actif, relance nécessaire.",20180
SIM-01961,13 Jan 2024,samedi,Public,France,pme,enterprise,13,37,10,27.0,1,0.7,40,17,4,30,1,0.5 h,3,0,2195.4 €,vert,eu-w3,control,Suivi standard.,19803
SIM-01962,01 Aug 2024,jeudi, Tech ,France,tpe,Business,6,1,0,0.0%,0,0.0,26,0,0,65,1,2.2,4,,38.09 €,vert,eu-w3,B,Usage en forte baisse ce trimestre.,406
SIM-01963,04/12/2024,mercredi,Industrie,,ETI,Starter,2,170,85,,36,30.6,8,3,0,3,17,"41,1",1,1,"1657,17",bleu,us-e1,control,,12230
SIM-01964,2024-07-08,lundi,Tech,Belgique,pme,Business,7,30,0,0.0,0,0.0,26,0,0,103,3,"7,1",4,1,1147.16,bleu,eu-w3,control,,8466
SIM-01965,23 Nov 2024,samedi,Commerce,Suisse,pme,Pro,2,52,28,53.8%,27,12.8,16,7,1,1,6,17.2,3,3,1155.36,vert,eu-w3,control,Compte dans la moyenne.,4737
SIM-01966,08 Oct 2023,dimanche, Finance ,,TPE,Starter,16,8,6,75.0,18,"3,6",8,3,4,1,6,"24,2",4,0,82.36,bleu,us-e1,A,Client très satisfait et actif.,743
SIM-01967,28/07/2024,dimanche,ÉDUCATION,Allemagne,ETI,Enterprise,6,164,76,46.3,15,4.0,40,21,1,1,2,3.9,3,1,15017.55 €,clair,us-e1,control,,726549
SIM-01968,06 Oct 2023,vendredi,Commerce,Espagne, PME ,Enterprise,16,41,13,,11,7.9,40,13,2,6,0,2.5,5,0,3457.99,violet,eu-w3,B,Suivi standard.,34027
SIM-01969,08/01/2025,mercredi,Finance,France,ETI,pro,1,199,94,47.2,19,,16,4,0,2,0,6.6,5,3,5212.24,violet,eu-w1,B,,175236
SIM-01970,17 Jul 2023,lundi,COMMERCE,France,TPE,Starter,19,9,6,66.7,38,17.5,8,3,4,1,3,26.7,3,0,"111,08",violet,us-e1,A,RAS.,2915
SIM-01971,2024-12-25,mercredi,SANTÉ,Canada, TPE ,PRO,1,6,0,"0,0",0,0.0,16,0,0,30,7,"14,1",3,0,120.66,sombre,eu-w3,B,Support très sollicité récemment.,1484
SIM-01972,2022-12-17,samedi,,France,eti,BUSINESS,26,58,0,"0,0",0,"0,0",26,0,0,48,2,,3,0,2350.43,violet,eu-w3,B,Déploiement interne limité.,102150
SIM-01973,06 Oct 2024,dimanche, Éducation ,France,TPE,Starter,4,9,3,33.3%,2,0.1,8,0,0,0,3,21.6,5,,124.66,violet,us-e1,control,,7360
SIM-01974,29 Dec 2024,dimanche,Tech,France,PME, Pro ,1,55,45,"81,8",55,22.0,16,13,0,2,2,"10,1",4,1,"1276,04",vert,ap-s1,control,,18834
SIM-01975,2024-12-09,lundi,INDUSTRIE,France,pme,Pro,2,19,6,31.6,1,0.2,16,5,0,14,2,16.4,2,2,407.07,sombre,ap-s1,control,,4006
SIM-01976,13/04/2024,samedi,Tech,France,TPE,starter,10,7,4,57.1%,21,11.3,8,5,3,0,2,26.6 h,2,0,85.77,bleu,eu-w1,B,Mécontentement exprimé au support.,2040
SIM-01977,05 Nov 2023,dimanche,Industrie,France,PME,business,15,56,26,46.4,22,12.2,26,12,4,1,3,"4,7",3,0,3364.39,bleu,eu-w1,control,,165528
SIM-01978,05/12/2023,mardi,ÉDUCATION,Allemagne,PME,business,14,8,3,"37,5",15,12.1,26,15,3,5,3,5.0,3,0,423.61,vert,eu-w3,control,RAS.,15284
SIM-01979,2024-04-06,samedi,Éducation,France,TPE,Starter,10,3,2,,51,36.5,8,4,3,0,4,"29,3",4,1,38.56,violet,us-e1,B,,632
SIM-01980,2023-05-13,samedi,Public,Canada,GE,Enterprise,21,362,127,35.1%,1,0.3,40,1,1,15,1,3.2,3,0,30088.63,violet,ap-s1,B,,271399
SIM-01981,11 Nov 2023,samedi, Public ,France, TPE ,Business,15,5,1,20.0%,1,0.5,26,1,2,30,4,,5,0,"188,62",violet,eu-w3,A,Faible adoption des sièges.,3867
SIM-01982,13/11/2023,lundi,TECH,,PME,Business,15,37,23,62.2,22,9.4,26,6,3,1,4,13.6 h,2,0,1921.1,sombre,eu-w3,B,,130750
SIM-01983,28/12/2024,samedi,commerce,France, ETI ,Starter,1,138,83,"60,1",38,1.9,8,1,0,1,2,25.7,3,3,1551.59 €,bleu,eu-w1,A,Compte dans la moyenne.,26718
SIM-01984,19/10/2022,mercredi,santé,France,GE,ENTERPRISE,28,141,76,53.9%,10,"0,5",40,12,5,2,1,4.9,4,0,13574.62,vert,eu-w1,B,,166968
SIM-01985,01 Jan 2024,lundi,public,France,PME,Pro,13,21,0,0.0%,0,0.0,16,0,0,92,7,22.2,2,0,596.49,vert,eu-w1,control,,13206
SIM-01986,11/12/2022,dimanche,Éducation,France,TPE,Pro,26,7,3,42.9,10,"4,5",16,4,13,6,4,7.5,4,0,"166,12",vert,ap-s1,B,"Compte engagé, ambassadeur potentiel.",1362
SIM-01987,06 Aug 2024,mardi,Tech,France,GE, Enterprise ,6,242,51,"21,1",7,3.6,40,17,1,1,2,6.5,2,0,16631.2,vert,eu-w3,B,,204564
SIM-01988,29/12/2024,dimanche,Tech,Belgique,TPE,Starter,1,4,2,50.0%,27,"6,9",8,2,0,0,4,25.1,2,3,41.55,bleu,us-e1,B,Mécontentement exprimé au support.,300
SIM-01989,12 Mar 2023,dimanche, Industrie ,Suisse,PME,Business,23,54,16,29.6%,1,0.2,26,1,5,15,2,5.4,4,0,"2850,02",bleu,us-e1,B,Suivi standard.,142558
SIM-01990,27/12/2024,vendredi,Finance,Belgique,TPE,Pro,1,4,3,75.0,29,18.5,16,4,0,2,2,14.8,3,0,103.12,bleu,us-e1,control,Compte dans la moyenne.,2368
SIM-01991,2024-12-26,jeudi,Finance,Suisse,ETI,pro,1,102,14,,1,"0,1",16,2,0,18,2,8.8,3,1,2242.92,sombre,ap-s1,control,Faible adoption des sièges.,31266
SIM-01992,05/01/2025,dimanche,Finance,France,PME,Pro,1,35,15,42.9,1,0.2,16,7,0,12,7,"15,1",4,4,894.25,vert,eu-w3,control,"Multiples tickets ouverts, friction élevée.",5866
SIM-01993,13/05/2023,samedi,Éducation,Canada, PME ,PRO,21,55,35,63.6,52,14.6,16,6,2,1,4,11.4,3,0,"1414,71",violet,us-e1,A,,139207
SIM-01994,02 Dec 2024,lundi,Tech,,PME,pro,2,31,11,"35,5",15,,16,8,0,1,4,"11,9",3,1,556.56,clair,us-e1,B,,2282
SIM-01995,2024-12-25,mercredi,Tech,Allemagne,TPE,Starter,1,7,3,42.9,1,0.1,8,0,0,1,2,23.5,3,5,86.12,vert,us-e1,B,,1483
SIM-01996,04 Jan 2025,samedi,Tech,Belgique,pme,starter,1,25,24,96.0,126,79.9,8,5,0,0,0,20.6,4,2,319.5,bleu,ap-s1,B,,2358
SIM-01997,02/08/2024,vendredi, Commerce ,Canada,GE,Enterprise,6,467,297,"63,6",56,"47,5",40,27,2,0,0,4.6,5,2,42134.9,bleu,us-e1,A,Suivi standard.,241854
SIM-01998,02/04/2024,mardi,Commerce,France,PME,pro,10,30,5,"16,7",1,"0,2",16,1,3,2,1,8.6 h,4,0,"772,64",clair,us-e1,control,,14572
SIM-01999,2023-08-09,mercredi,PUBLIC,France,TPE,Starter,18,7,6,"85,7",68,"12,3",8,4,3,3,0,"12,3",5,0,"92,23",vert,us-e1,A,"Compte engagé, ambassadeur potentiel.",2420
SIM-02000,06 Jul 2023,jeudi,PUBLIC,Allemagne,PME,Pro,19,39,27,69.2,58,48.1,16,6,3,0,2,,3,1,1117.87,clair,ap-s1,A,,21083
SIM-02001,2024-06-13,jeudi,finance,France,pme, Pro ,8,23,9,39.1,7,,16,2,1,4,2,11.5 h,4,0,467.0 €,vert,eu-w1,control,,4212
SIM-02002,08/07/2024,lundi,Éducation,Canada,TPE,Starter,7,6,1,16.7,2,"0,7",8,2,1,18,8,35.5,3,0,65.52,clair,us-e1,A,,1343
SIM-02003,11/07/2024,jeudi,Finance,France,PME,Pro,7,38,25,"65,8",24,22.5,16,6,1,3,8,14.4,2,0,1002.48 €,bleu,ap-s1,control,,37814
SIM-02004,2023-06-20,mardi,Santé,France,PME,enterprise,20,57,43,,53,42.1,40,22,2,1,0,0.5,4,0,5498.16,vert,ap-s1,B,,90170
SIM-02005,2024-11-04,lundi,tech,France,tpe, Starter ,3,10,3,"30,0",3,1.1,8,2,0,3,3,24.7,4,0,101.05,clair,eu-w3,B,,1989
SIM-02006,11/01/2024,jeudi,Finance,France,PME,STARTER,13,58,20,34.5%,9,3.4,8,5,3,6,13,50.0,1,2,"745,06",vert,eu-w3,B,"Client insatisfait, risque de départ.",9164
SIM-02007,04/08/2023,vendredi, Industrie ,,ETI,Pro,18,133,80,"60,2",26,,16,5,,0,1,16.1,,0,3556.34,clair,eu-w1,control,,34994
SIM-02008,01/05/2024,mercredi,commerce,Suisse, TPE ,Starter,9,6,2,33.3,2,"0,4",8,3,0,5,5,31.3,2,1,75.02,clair,us-e1,control,,984
SIM-02009,2024-06-12,mercredi,commerce,France, ETI ,PRO,8,61,0,0.0%,0,0.0,16,0,,51,8,"17,7",1,,1448.6,clair,us-e1,B,"Client insatisfait, risque de départ.",17818
SIM-02010,06/11/2024,mercredi,Santé,France,TPE,PRO,3,7,1,14.3,1,0.1,16,3,0,0,2,14.8,3,1,"152,7",bleu,us-e1,A,Déploiement interne limité.,1127
SIM-02011,12 Jun 2024,mercredi, Finance ,France,PME,PRO,8,56,26,46.4%,22,10.5,16,9,3,3,2,11.5,3,0,1307.7,bleu,eu-w3,control,,6434
SIM-02012,2025-01-07,mardi, Tech ,France,pme, Pro ,1,34,4,11.8,1,0.4,16,4,0,1,0,,5,0,617.27,bleu,eu-w1,A,,8099
SIM-02013,12/04/2024,vendredi, Santé ,Allemagne,TPE,STARTER,10,6,5,83.3,74,37.8,8,3,1,2,1,"25,4",3,1,77.02,vert,us-e1,B,,1074
SIM-02014,07/05/2023,dimanche,public,France, PME ,Starter,21,29,21,72.4,35,13.2,8,5,3,1,3,28.7,3,0,436.34,violet,eu-w1,B,,27193
SIM-02015,2024-03-04,lundi,Éducation,France,ETI,Business,11,99,65,65.7%,37,16.6,26,12,5,0,3,9.0 h,2,0,5187.44,bleu,us-e1,A,,357311
SIM-02016,03/05/2024,vendredi,éducation,Suisse, GE ,BUSINESS,9,495,0,0.0,0,0.0,26,0,0,35,4,8.1,2,1,19438.72,clair,eu-w3,A,,239096
SIM-02017,2024-10-03,jeudi,,France,TPE,Starter,4,8,5,62.5,50,30.2,8,4,1,1,1,27.4 h,2,2,91.08,bleu,eu-w3,B,,1195
SIM-02018,2023-11-29,mercredi,Commerce,Espagne,ETI,Business,14,57,44,77.2,29,12.9,26,8,,1,1,1.8 h,4,0,"2411,27",vert,us-e1,control,,108748
SIM-02019,26 Jul 2024,vendredi,Finance,France,PME,PRO,6,13,7,"53,8",16,"2,3",16,4,0,4,0,"8,6",4,0,"377,39",clair,eu-w3,B,,3095
SIM-02020,28/10/2024,lundi,Tech,Canada,TPE,STARTER,3,8,5,62.5,22,12.4,8,2,0,0,0,"9,9",4,1,98.54,violet,eu-w1,control,,1374
SIM-02021,04/09/2024,mercredi,Santé,Allemagne,PME,PRO,5,36,12,33.3,4,0.8,16,5,1,5,5,15.2,3,0,867.1,bleu,ap-s1,control,,19909
SIM-02022,05 Sep 2023,mardi,industrie,France,PME,PRO,17,45,21,46.7,26,16.5,16,8,3,0,0,"9,3",4,,1236.68,bleu,eu-w1,B,"Compte engagé, ambassadeur potentiel.",26366
SIM-02023,17 Dec 2023,dimanche,finance,Suisse, PME ,Business,14,23,5,21.7,5,2.4,26,10,,4,1,7.5,2,0,1008.85 €,violet,eu-w3,A,"Client insatisfait, risque de départ.",20681
SIM-02024,2023-02-06,lundi,Éducation,Suisse,PME,STARTER,24,59,16,27.1,1,0.3,8,4,4,22,3,19.1,5,0,722.92,sombre,us-e1,A,Suivi standard.,42088
SIM-02025,2023-09-12,mardi, Commerce ,France,TPE,pro,17,10,7,70.0,17,9.6,16,8,3,3,3,16.8,2,0,236.45,vert,eu-w3,control,,2521
SIM-02026,27 Nov 2024,mercredi,finance,Canada,ETI,business,2,210,134,"63,8",38,17.3,26,14,,0,4,"9,7",,3,"11030,21",clair,eu-w3,A,,63313
SIM-02027,28 Feb 2024,mercredi,FINANCE,Belgique,TPE,Pro,11,6,2,33.3,1,"0,8",16,7,1,3,0,9.0,3,0,174.68,bleu,eu-w3,control,,1432
SIM-02028,05 Dec 2023,mardi,commerce,Canada,PME,Pro,14,50,14,28.0%,2,"0,1",16,5,5,10,3,"8,7",2,0,1216.46,clair,eu-w1,B,Mécontentement exprimé au support.,13965
SIM-02029,2023-09-18,lundi, Commerce ,France,eti,pro,17,97,31,32.0,4,"0,2",16,9,1,2,1,17.6,3,0,1856.64,sombre,eu-w1,B,,6090
SIM-02030,2023-04-14,vendredi,TECH,France,PME,ENTERPRISE,22,54,46,"85,2",59,"40,3",40,25,6,1,6,6.4,,0,4424.28,sombre,ap-s1,A,,286605
SIM-02031,2024-10-11,vendredi,santé,France,TPE,Starter,4,11,1,9.1,1,"0,3",8,2,0,1,5,24.7,3,0,100.64,clair,eu-w3,B,Faible adoption des sièges.,1155
SIM-02032,26 Nov 2024,mardi,Santé,France,PME, Pro ,2,53,5,9.4,1,0.1,16,0,0,1,8,13.1,3,2,1016.75,violet,us-e1,control,Support très sollicité récemment.,4169
SIM-02033,09/01/2024,mardi,public,Belgique,TPE,Enterprise,13,7,6,85.7,52,46.6,40,21,2,1,4,4.5,3,0,,vert,ap-s1,control,,13866
SIM-02034,15 Oct 2023,dimanche, Finance ,France, GE ,BUSINESS,16,140,88,62.9,14,5.7,26,12,2,1,1,4.8,4,0,5661.51,bleu,us-e1,control,,41782
SIM-02035,02/09/2023,samedi,commerce,Espagne,TPE,Business,17,1,1,,15,"0,8",26,10,4,5,3,6.0,2,0,"50,66",sombre,eu-w3,B,,3489
SIM-02036,28/11/2024,jeudi,Commerce,Suisse,tpe,Pro,2,1,1,100.0,22,12.3,16,4,0,0,1,11.4,3,1,17.5,clair,ap-s1,A,,300
SIM-02037,2024-05-09,jeudi,Finance,Espagne,GE, Enterprise ,9,319,110,34.5,11,3.8,40,13,1,1,10,4.7,1,0,26483.33 €,sombre,us-e1,control,,586341
SIM-02038,09/02/2024,vendredi,COMMERCE,Allemagne,TPE,PRO,12,3,1,33.3%,2,"0,9",16,7,1,2,2,12.7,5,1,62.19 €,bleu,us-e1,control,,510
SIM-02039,05/10/2024,samedi,Public,Suisse,PME,BUSINESS,4,54,13,"24,1",1,0.1,26,5,1,3,0,"5,1",5,1,2422.62,bleu,eu-w1,B,Faible adoption des sièges.,75489
SIM-02040,02/08/2023,mercredi,,France, PME , Pro ,18,51,15,"29,4",8,0.4,16,3,6,2,1,8.0,3,1,1263.93,vert,us-e1,A,,26947
SIM-02041,11 Nov 2024,lundi,Tech,Canada,ETI,Pro,3,102,51,"50,0",21,8.3,16,3,0,0,1,6.3,5,0,2618.18,sombre,eu-w3,control,,17175
SIM-02042,07 Apr 2024,dimanche,Commerce,France,pme,BUSINESS,10,38,15,39.5%,4,"1,3",26,1,1,1,3,12.0,3,1,1496.93,bleu,ap-s1,control,Suivi standard.,44189
SIM-02043,06 Jan 2025,lundi,COMMERCE,Suisse, TPE ,PRO,1,2,1,50.0,18,5.8,16,3,0,3,1,10.9,5,3,,sombre,eu-w3,control,,500
SIM-02044,24 Dec 2024,mardi,Éducation,Suisse,PME,PRO,1,14,10,"71,4",8,2.1,16,4,0,2,3,10.3,5,0,382.93 €,clair,eu-w1,control,,7222
SIM-02045,12 Mar 2024,mardi,Commerce,Allemagne,ETI,Pro,11,42,20,47.6,14,2.4,16,5,5,3,0,,3,0,997.26,bleu,ap-s1,A,,23715
SIM-02046,08 Sep 2024,dimanche,Finance,France,ETI,business,5,154,20,13.0,1,0.3,26,6,0,0,4,8.2,,1,6448.26,vert,eu-w3,control,,190353
SIM-02047,29 Nov 2023,mercredi,santé,Canada, GE ,BUSINESS,14,722,396,54.8,16,3.3,26,8,2,4,3,11.9,,1,29728.4,violet,eu-w3,A,,292527
SIM-02048,01/01/2025,mercredi,finance,France, TPE ,Pro,1,6,4,66.7,31,"18,8",16,9,0,0,1,14.6,,1,147.33,bleu,eu-w1,B,,2537
SIM-02049,06 Apr 2024,samedi,commerce,France,PME,business,10,24,18,75.0,49,9.3,26,14,2,1,0,"3,4",4,1,926.84,bleu,eu-w3,A,RAS.,10640
SIM-02050,05/05/2024,dimanche,COMMERCE,Espagne,pme,Business,9,52,22,42.3,4,0.7,26,10,2,12,3,"11,3",2,0,2407.0,sombre,eu-w1,B,Mécontentement exprimé au support.,55265
SIM-02051,05 Sep 2023,mardi,finance,Allemagne,PME,Starter,17,45,29,64.4%,49,24.4,8,4,6,0,7,"36,1",3,0,"582,22",clair,eu-w1,control,,11936
SIM-02052,31/12/2024,mardi,Tech,Suisse,TPE,STARTER,1,7,3,42.9,20,4.5,8,2,0,4,0,20.5,2,1,85.18,bleu,eu-w3,A,"Client insatisfait, risque de départ.",489
SIM-02053,2023-01-13,vendredi,Commerce,Suisse,GE,Business,25,547,517,94.5,88,59.0,26,12,5,1,2,5.2 h,4,0,29345.3,bleu,ap-s1,control,"Compte engagé, ambassadeur potentiel.",866273
SIM-02054,07 Apr 2023,vendredi,Tech,France,PME,BUSINESS,22,34,18,52.9%,18,10.1,26,9,4,2,2,7.7,4,0,1691.7,sombre,us-e1,control,,38841
SIM-02055,2023-05-03,mercredi, Tech ,Allemagne,PME,BUSINESS,21,17,9,"52,9",20,"6,2",26,1,2,0,3,10.1,4,,942.98,violet,eu-w1,B,Suivi standard.,52581
SIM-02056,10 Apr 2023,lundi,COMMERCE,France, PME ,Pro,22,16,15,"93,8",114,99.1,16,14,8,1,1,"6,3",5,0,524.65 €,clair,eu-w3,B,Client très satisfait et actif.,20220
SIM-02057,18/06/2023,dimanche,public,France,ETI,enterprise,20,217,155,"71,4",43,14.6,40,14,7,1,2,2.4,3,0,18877.64,violet,eu-w1,control,,232195
SIM-02058,23 Nov 2024,samedi,Finance,Suisse,GE,Pro,2,407,241,59.2,17,11.5,16,2,0,2,2,12.7,2,0,10429.35,sombre,us-e1,control,,153937
SIM-02059,2023-11-10,vendredi,Tech,Belgique,PME, Enterprise ,15,21,18,85.7,55,35.9,40,19,3,1,3,0.5,3,0,1732.03,sombre,eu-w3,control,Suivi standard.,56811
SIM-02060,18 Oct 2023,mercredi, Santé ,France,ETI,PRO,16,169,52,30.8,7,"0,4",16,5,4,7,0,0.5,5,0,4315.13,violet,us-e1,control,,99075
SIM-02061,2023-12-30,samedi,Finance,Suisse,PME,Pro,13,15,2,13.3,1,0.2,16,0,1,7,1,6.3,5,1,325.43,vert,eu-w1,control,,6404
SIM-02062,05/03/2023,dimanche,Tech,Allemagne, PME ,Business,23,34,16,47.1%,1,0.2,26,7,5,9,2,3.8,3,0,1788.24 €,violet,ap-s1,B,Compte dans la moyenne.,108510
SIM-02063,09/01/2025,jeudi,Industrie,France,PME,Pro,1,52,23,"44,2",15,"4,0",16,6,0,2,0,"10,1",4,1,1215.33,vert,eu-w3,A,,35877
SIM-02064,02 Oct 2024,mercredi,Commerce,France,TPE,Pro,4,10,5,50.0,28,"15,1",16,8,,0,0,1.7,5,1,236.88,vert,us-e1,B,,3302
SIM-02065,2024-11-08,vendredi,Éducation,France,PME,Pro,3,32,24,"75,0",18,9.6,16,9,2,1,2,11.6,5,2,852.6 €,bleu,eu-w3,A,RAS.,17478
SIM-02066,04 Nov 2024,lundi,Finance,Canada,ETI, Business ,3,30,22,73.3%,81,48.4,26,16,0,5,4,8.0,2,1,1544.26,clair,eu-w3,control,,35456
SIM-02067,2023-05-07,dimanche,Commerce,France,TPE, Pro ,21,1,1,100.0%,73,64.5,16,8,2,0,1,10.8,4,0,26.36,bleu,eu-w1,control,RAS.,303
SIM-02068,29 Aug 2024,jeudi,commerce,France, TPE ,Business,5,5,3,60.0,2,1.1,26,6,1,13,1,4.3,4,0,"244,97",violet,eu-w3,A,Suivi standard.,2009
SIM-02069,2024-09-01,dimanche,Tech,France, PME ,PRO,5,40,11,27.5,1,0.1,16,3,3,23,0,7.3,4,1,752.92,bleu,us-e1,control,Compte dans la moyenne.,10496
SIM-02070,2024-06-12,mercredi,INDUSTRIE,Canada,PME,Business,8,37,18,"48,6",16,5.3,26,6,3,6,0,"2,6",5,0,"1423,45",bleu,us-e1,B,Client très satisfait et actif.,9338
SIM-02071,08/11/2023,mercredi,santé,Espagne,TPE,Pro,15,10,1,10.0,1,0.1,16,4,5,1,3,,2,0,233.39,sombre,eu-w3,control,Mécontentement exprimé au support.,1722
SIM-02072,06/10/2023,vendredi,Tech,France,ETI,Enterprise,16,94,65,69.1%,46,12.1,40,15,7,0,6,1.3,3,0,8496.49,vert,eu-w3,A,,153277
SIM-02073,13 Jul 2024,samedi,SANTÉ,Canada,PME,Business,7,32,12,37.5%,12,7.7,26,8,0,0,5,7.8,2,1,1162.07,vert,eu-w1,A,,21917
SIM-02074,05/12/2023,mardi,ÉDUCATION,Allemagne,PME,business,14,8,3,"37,5",15,12.1,26,15,3,5,3,5.0,3,0,423.61,vert,eu-w3,control,RAS.,15284
SIM-02075,2024-02-15,jeudi,Commerce,Belgique,PME,STARTER,12,27,17,63.0%,22,"9,0",8,3,2,1,1,20.9,4,1,346.61,bleu,ap-s1,B,,11369
SIM-02076,2024-09-27,vendredi, Tech ,France, ETI ,Starter,4,208,99,47.6,19,9.3,8,4,0,0,5,29.7,3,1,"2512,03",bleu,ap-s1,A,,20599
SIM-02077,13/07/2024,samedi,INDUSTRIE,France, TPE ,Pro,7,1,1,,85,20.4,16,6,0,1,4,18.4 h,3,2,"21,35",clair,eu-w1,control,,300
SIM-02078,30/12/2024,lundi,Tech,Suisse,PME,Pro,1,54,15,27.8,1,"0,5",16,6,0,1,2,,3,4,1347.8 €,sombre,eu-w1,control,,36471
SIM-02079,2023-03-18,samedi,Éducation,France,TPE, Pro ,23,2,1,50.0,27,27.7,16,10,2,1,4,"8,7",4,0,"49,21",vert,ap-s1,A,,767
SIM-02080,13/06/2023,mardi,PUBLIC,France, PME ,Pro,20,38,19,50.0,10,2.4,16,4,5,11,4,18.1,2,0,914.55,bleu,us-e1,B,Mécontentement exprimé au support.,23248
SIM-02081,06 Aug 2024,mardi,Tech,France,GE, Enterprise ,6,242,51,"21,1",7,3.6,40,17,1,1,2,6.5,2,0,16631.2,vert,eu-w3,B,,204564
SIM-02082,2025-01-07,mardi,commerce,,TPE,STARTER,1,9,5,55.6,27,"16,1",8,3,0,0,2,28.5 h,4,4,101.37,clair,eu-w1,B,RAS.,582
SIM-02083,10 Sep 2023,dimanche,Commerce,France,PME,Business,17,43,19,44.2,17,9.3,26,12,5,2,0,,4,0,1946.75,violet,eu-w3,control,,38312
SIM-02084,10 Feb 2024,samedi,industrie,Allemagne,PME,Starter,12,58,20,34.5,1,"0,1",8,2,3,0,5,,3,,"595,24",violet,us-e1,B,,14155
SIM-02085,29 Apr 2024,lundi,Tech,France,ETI,Enterprise,9,118,0,,0,0.0,40,0,0,42,4,"4,9",2,4,8899.84 €,violet,us-e1,control,,153255
SIM-02086,07 Jun 2024,vendredi,FINANCE,Suisse,ETI,Enterprise,8,86,71,82.6,50,32.3,40,24,1,0,2,6.7,2,1,"8498,41",sombre,us-e1,A,"Client insatisfait, risque de départ.",216030
SIM-02087,08/07/2023,samedi,Santé,Belgique,TPE,Starter,19,3,2,66.7,14,9.0,8,1,4,0,4,24.6,4,0,34.55,sombre,eu-w1,control,,1643
SIM-02088,14 Jan 2024,dimanche,Commerce,France,PME, Pro ,13,57,14,24.6,9,2.7,16,4,3,3,0,1.7,5,,,bleu,us-e1,control,,36602
SIM-02089,2023-03-16,jeudi,COMMERCE,France,PME,STARTER,23,48,8,"16,7",1,0.3,8,2,3,30,4,23.1,4,0,538.27 €,violet,us-e1,B,,11476
SIM-02090,2023-08-14,lundi,commerce,,PME,Pro,18,9,5,55.6,19,"3,7",16,8,4,0,2,6.6 h,4,0,258.67,sombre,ap-s1,A,Client très satisfait et actif.,7848
SIM-02091,05 May 2024,dimanche,éducation,Belgique,eti,Enterprise,9,204,112,,2,"0,2",40,14,5,2,3,4.3,2,0,"13833,55",clair,ap-s1,control,Mécontentement exprimé au support.,465084
SIM-02092,14/07/2024,dimanche,Éducation,,TPE,Starter,7,6,3,50.0%,23,"9,9",8,2,1,1,1,0.5,5,1,73.81,violet,eu-w1,A,Suivi standard.,968
SIM-02093,2023-04-13,jeudi, Santé ,,TPE, Pro ,22,1,1,"100,0",42,24.4,16,4,,1,0,7.9,4,0,25.15,sombre,ap-s1,B,"Compte engagé, ambassadeur potentiel.",371
SIM-02094,2023-04-21,vendredi,Finance,France,GE,Business,22,382,116,30.4,11,0.6,26,3,3,2,4,5.4,,0,14753.68,sombre,eu-w1,control,,157274
SIM-02095,04/02/2024,dimanche,Finance,France,TPE, Starter ,12,7,2,,14,"0,7",8,1,3,1,1,4.2,4,0,"78,3",sombre,eu-w1,A,Client très satisfait et actif.,899
SIM-02096,17 Nov 2023,vendredi,Éducation,Allemagne,TPE,Pro,15,10,4,40.0,6,1.0,16,6,2,8,4,,3,0,285.43,bleu,ap-s1,A,RAS.,9128
SIM-02097,03/09/2024,mardi, Santé ,France,GE, Enterprise ,5,593,435,73.4,43,22.7,40,16,1,2,1,4.0,2,1,56081.79,bleu,eu-w3,control,,2000000
SIM-02098,12 Sep 2023,mardi,INDUSTRIE,Suisse,TPE,Pro,17,7,4,57.1,10,3.4,16,2,0,4,1,"9,6",3,1,149.57,sombre,ap-s1,B,Compte dans la moyenne.,2208
SIM-02099,2024-04-29,lundi,santé,France, ETI ,PRO,9,68,21,30.9,13,2.0,16,4,1,3,0,3.1,4,1,1873.22,bleu,eu-w1,A,,32257
SIM-02100,2024-12-28,samedi, Tech ,Belgique,PME,Pro,1,52,38,,71,14.2,16,10,1,1,2,10.5,,3,1221.86,bleu,us-e1,control,Compte dans la moyenne.,19037
SIM-02101,12 Jun 2024,mercredi,Santé,Canada,PME,Pro,8,28,3,10.7,1,0.5,16,2,2,18,0,,4,0,"688,9",bleu,ap-s1,A,,7344
SIM-02102,15 Oct 2022,samedi,Industrie,France,PME,Pro,28,25,3,12.0,1,0.3,16,1,4,12,6,21.1,1,0,580.11,clair,eu-w3,control,,5708
SIM-02103,05 Sep 2023,mardi,finance,Allemagne,PME,Starter,17,45,29,64.4%,49,24.4,8,4,6,0,7,"36,1",3,0,"582,22",clair,eu-w1,control,,11936
SIM-02104,04 Sep 2023,lundi,COMMERCE,Allemagne,GE,Business,17,653,196,30.0,8,"3,6",26,11,3,0,0,2.6,5,0,32988.72 €,sombre,eu-w1,control,"Compte engagé, ambassadeur potentiel.",703320
SIM-02105,2024-04-07,dimanche,PUBLIC,France,GE,Enterprise,10,766,306,39.9,1,0.1,40,17,1,3,0,"5,4",5,1,63785.75,vert,us-e1,A,Suivi standard.,784565
SIM-02106,2024-04-12,vendredi,ÉDUCATION,France, PME ,pro,10,41,32,78.0,95,101.7,16,7,4,0,3,11.0,5,0,1115.54,violet,us-e1,B,,20124
SIM-02107,2024-04-29,lundi,Public,France,PME,pro,9,25,18,72.0,51,21.5,16,5,1,1,1,12.7,4,1,545.89,violet,ap-s1,B,RAS.,4476
SIM-02108,2023-08-12,samedi,Commerce,Canada,PME,Pro,18,18,11,61.1%,7,0.5,16,7,4,2,7,16.2,3,0,432.74,clair,us-e1,control,Support très sollicité récemment.,15258
SIM-02109,2023-08-09,mercredi,PUBLIC,France,TPE,Starter,18,7,6,"85,7",68,"12,3",8,4,3,3,0,"12,3",5,0,"92,23",vert,us-e1,A,"Compte engagé, ambassadeur potentiel.",2420
SIM-02110,2024-05-02,jeudi,commerce,Canada,PME,PRO,9,55,5,"9,1",1,"0,1",16,6,2,10,3,9.0,3,0,"1565,81",bleu,ap-s1,B,Faible adoption des sièges.,34667
SIM-02111,11/11/2023,samedi,Tech,France,PME,BUSINESS,15,23,7,"30,4",7,1.4,26,8,2,1,1,7.6,3,0,993.81 €,violet,eu-w3,A,,24448
SIM-02112,2024-06-08,samedi,,France,ETI,Business,8,173,18,10.4,1,0.2,26,4,1,5,3,"5,7",,2,7748.84 €,bleu,us-e1,B,,203330
SIM-02113,08/12/2024,dimanche,Industrie,France,pme,Pro,2,17,10,"58,8",36,21.5,16,8,0,1,2,11.1,4,0,414.14,violet,eu-w3,B,,1358
SIM-02114,2023-09-16,samedi,Tech,France,GE,Business,17,136,71,"52,2",10,"2,0",26,5,5,5,3,"7,9",3,1,"6328,29",sombre,us-e1,A,,290595
SIM-02115,08 Oct 2023,dimanche, Finance ,,TPE,Starter,16,8,6,75.0,18,"3,6",8,3,4,1,6,"24,2",4,0,82.36,bleu,us-e1,A,Client très satisfait et actif.,743
SIM-02116,08/12/2023,vendredi,COMMERCE,France,ETI,BUSINESS,14,152,53,34.9,14,8.8,26,6,4,3,3,4.4,4,0,7015.68,clair,eu-w1,control,"Compte engagé, ambassadeur potentiel.",115057
SIM-02117,03 Oct 2024,jeudi,SANTÉ,France, ETI ,Business,4,193,68,35.2%,1,,26,8,0,12,5,10.4,2,1,8643.54,sombre,us-e1,control,,28351
SIM-02118,2023-08-05,samedi,Commerce,Suisse,ETI,Enterprise,18,116,53,45.7%,23,11.7,40,16,2,1,0,2.5,5,0,8482.77 €,vert,ap-s1,A,Compte dans la moyenne.,104338
SIM-02119,2024-12-27,vendredi,tech,Espagne,ETI,business,1,192,138,,27,"10,9",26,6,0,2,2,10.3,3,2,9117.22,sombre,eu-w1,control,,89713
SIM-02120,31 Dec 2024,mardi, Tech ,Espagne,TPE,STARTER,1,6,3,"50,0",30,8.2,8,2,0,1,2,19.3,3,1,79.05,violet,us-e1,control,,4732
SIM-02121,2023-12-29,vendredi,Finance,France,PME,Business,13,50,27,54.0,5,2.1,26,1,1,1,4,13.3 h,1,0,"1936,65",violet,ap-s1,control,,23821
SIM-02122,2024-10-10,jeudi,Santé,France,TPE,STARTER,4,8,5,62.5,24,10.3,8,3,3,2,3,22.5,4,1,110.61,sombre,eu-w1,control,,3356
SIM-02123,27/06/2024,jeudi, Commerce ,France,PME,Enterprise,7,28,0,0.0%,0,"0,0",40,0,0,63,6,"6,6",1,2,"1881,95",sombre,eu-w3,A,"Compte peu actif, relance nécessaire.",60185
SIM-02124,13 Dec 2023,mercredi, Industrie ,France,PME,pro,14,33,29,87.9,90,66.3,16,12,4,0,2,9.7,,0,1195.86 €,sombre,us-e1,B,Client très satisfait et actif.,51972
SIM-02125,10 Jun 2022,vendredi, Industrie ,France, PME ,Starter,32,27,13,"48,1",4,,8,1,6,7,1,,5,1,409.23,clair,us-e1,control,,14765
SIM-02126,12/07/2024,vendredi,Tech,France,PME, Business ,7,46,21,,3,"0,3",26,6,0,7,1,6.7,4,2,2043.59,vert,eu-w3,B,,18433
SIM-02127,03 Feb 2024,samedi, Santé ,France,ETI,PRO,12,174,73,"42,0",1,"0,1",16,2,5,6,3,10.8,4,0,3896.03 €,violet,eu-w1,control,"Compte engagé, ambassadeur potentiel.",79869
SIM-02128,09 Jan 2025,jeudi,public,Allemagne,pme,business,1,20,17,85.0,44,31.0,26,14,0,0,3,5.2,4,2,894.52,clair,us-e1,control,Compte dans la moyenne.,16871
SIM-02129,2024-10-10,jeudi,Éducation,France,ETI,BUSINESS,4,55,33,60.0,16,3.5,26,10,1,2,3,"9,4",,2,2814.91,sombre,eu-w3,A,Suivi standard.,73863
SIM-02130,02 Dec 2024,lundi, Commerce ,Belgique,PME,PRO,2,58,20,34.5,9,1.4,16,5,1,1,2,"14,1",,3,1213.29,violet,ap-s1,A,Suivi standard.,12934
SIM-02131,2024-06-30,dimanche,Industrie,France,TPE,STARTER,7,9,0,0.0,0,0.0,8,0,0,55,0,,5,2,122.28,bleu,ap-s1,control,Déploiement interne limité.,5114
SIM-02132,2024-10-08,mardi,Santé,Canada,PME,STARTER,4,51,0,"0,0",0,0.0,8,0,0,42,0,"17,9",,2,496.83,sombre,eu-w1,B,,4889
SIM-02133,09/04/2023,dimanche,Public,Belgique,PME, Starter ,22,45,10,22.2,5,,8,2,2,8,0,7.7,5,0,561.54,bleu,us-e1,control,,9209
SIM-02134,16/04/2023,dimanche,Santé,Espagne,ETI,Pro,22,50,26,"52,0",36,"30,6",16,7,9,1,7,14.9,3,0,1429.75,vert,eu-w1,A,,110205
SIM-02135,2024-07-02,mardi,Commerce,Allemagne,ETI,enterprise,7,193,164,"85,0",85,43.2,40,26,1,0,5,7.8,2,1,15269.61,clair,us-e1,control,,275464
SIM-02136,17/03/2023,vendredi,commerce,Allemagne,PME,STARTER,23,32,20,62.5%,17,"0,8",8,4,5,1,5,,2,0,428.59 €,sombre,eu-w3,control,"Client insatisfait, risque de départ.",36199
SIM-02137,15/04/2024,lundi,Commerce,Belgique,TPE, Starter ,10,7,2,28.6,1,0.3,8,2,4,3,3,22.3,3,0,85.76,bleu,us-e1,control,Compte dans la moyenne.,3657
SIM-02138,05 Jan 2025,dimanche,FINANCE,France,ETI,Starter,1,197,119,60.4,41,29.8,8,5,0,2,4,37.1,1,2,,clair,eu-w1,A,,11345
SIM-02139,2025-01-07,mardi, Commerce ,,TPE,Pro,1,3,1,33.3,12,3.0,16,4,0,3,0,12.7,5,2,,bleu,ap-s1,control,,371
SIM-02140,2025-01-04,samedi,Public,Espagne,TPE,Starter,1,4,3,"75,0",36,27.4,8,2,0,3,4,26.6,4,3,50.12,sombre,eu-w3,A,RAS.,945
SIM-02141,09 Oct 2023,lundi, Public ,Allemagne,GE,ENTERPRISE,16,151,69,45.7%,22,22.3,40,21,2,0,0,"3,0",5,0,11567.7,clair,eu-w3,A,RAS.,227652
SIM-02142,2023-10-08,dimanche,COMMERCE,France,TPE, Starter ,16,11,2,18.2,1,0.2,8,2,,3,3,25.5 h,,0,"148,25",sombre,ap-s1,control,,8753
SIM-02143,11 Nov 2023,samedi,Commerce,Allemagne,ETI,Business,15,54,0,,0,0.0,26,0,0,60,2,10.2,3,0,2457.24,sombre,us-e1,A,,32239
SIM-02144,13 Dec 2023,mercredi, Industrie ,France,PME,pro,14,33,29,87.9,90,66.3,16,12,4,0,2,9.7,,0,1195.86 €,sombre,us-e1,B,Client très satisfait et actif.,51972
SIM-02145,26 Dec 2024,jeudi,Industrie,France,TPE,starter,1,3,2,66.7,29,8.3,8,4,0,0,1,25.1,4,0,31.99,vert,eu-w3,B,Suivi standard.,300
SIM-02146,2023-05-05,vendredi,Commerce,Belgique,pme,Pro,21,10,3,30.0,5,0.2,16,5,7,6,4,"12,0",3,0,196.06,sombre,eu-w3,control,,1447
SIM-02147,17/12/2022,samedi,tech,France,TPE,Starter,26,10,0,0.0,0,"0,0",8,0,0,53,0,23.0,3,0,124.83 €,sombre,eu-w1,control,,2457
SIM-02148,2024-05-04,samedi,Éducation,France,PME,Pro,9,22,14,63.6,23,4.5,16,1,2,2,8,"17,5",1,1,581.57,vert,eu-w3,control,"Client insatisfait, risque de départ.",25752
SIM-02149,04 Dec 2023,lundi,tech,France,TPE,BUSINESS,14,9,8,88.9%,64,39.9,26,14,3,1,1,1.4,5,0,"512,32",violet,us-e1,B,"Compte engagé, ambassadeur potentiel.",6722
SIM-02150,14 Jul 2023,vendredi, Finance ,France,ETI, Business ,19,216,148,68.5,31,"8,5",26,12,5,1,0,3.0,5,0,"11049,85",violet,eu-w3,control,Client très satisfait et actif.,154035
SIM-02151,06 Dec 2023,mercredi, Tech ,Espagne,PME, Business ,14,47,32,68.1,38,10.2,26,4,2,0,3,1.3,4,0,"2001,78",clair,ap-s1,A,RAS.,70583
SIM-02152,2024-02-01,jeudi, Commerce ,France, ETI ,business,12,204,144,70.6,59,27.6,26,16,4,0,1,4.1,5,0,8895.24 €,vert,eu-w3,A,,196941
SIM-02153,2024-07-27,samedi,éducation,Belgique,PME,pro,6,20,13,65.0,20,6.7,16,5,2,1,4,12.8,4,,555.15,violet,eu-w1,control,RAS.,9560
SIM-02154,15/04/2024,lundi,Commerce,Belgique,TPE, Starter ,10,7,2,28.6,1,0.3,8,2,4,3,3,22.3,3,0,85.76,bleu,us-e1,control,Compte dans la moyenne.,3657
SIM-02155,29 Dec 2024,dimanche,Industrie,France,TPE,Pro,1,4,2,,1,0.7,16,8,0,1,1,12.4,,1,101.57 €,vert,eu-w3,A,,2415
SIM-02156,2024-07-13,samedi,SANTÉ,,PME, Business ,7,56,16,28.6%,1,0.3,26,4,2,18,7,,3,0,2544.34 €,violet,us-e1,B,Support très sollicité récemment.,35468
SIM-02157,13/12/2023,mercredi, Tech ,France,GE,Pro,14,834,290,34.8,5,0.8,16,5,6,2,0,5.0,3,0,19494.35,vert,eu-w3,B,,287737
SIM-02158,06/11/2024,mercredi,Santé,France,TPE,PRO,3,7,1,14.3,1,0.1,16,3,0,0,2,14.8,3,1,"152,7",bleu,us-e1,A,Déploiement interne limité.,1127
SIM-02159,02/02/2024,vendredi,Industrie,France,PME,Enterprise,12,41,8,"19,5",1,0.4,40,4,3,15,0,1.2,4,,3444.27,clair,eu-w3,B,,36716
SIM-02160,02 May 2024,jeudi,,Canada,PME,pro,9,35,20,57.1,14,7.8,16,3,3,2,3,14.4,,0,"808,2",bleu,eu-w1,B,,21870
SIM-02161,05/09/2024,jeudi,santé,France, ETI ,BUSINESS,5,103,50,"48,5",8,2.6,26,11,1,7,6,10.9,2,0,4648.77,sombre,us-e1,B,,15248
SIM-02162,14 Dec 2023,jeudi,santé,Espagne,TPE,Starter,14,1,1,100.0,30,17.6,8,3,3,2,1,20.3,2,0,10.85,clair,ap-s1,control,"Client insatisfait, risque de départ.",300
SIM-02163,13 Jul 2024,samedi,SANTÉ,Canada,PME,Business,7,32,12,37.5%,12,7.7,26,8,0,0,5,7.8,2,1,1162.07,vert,eu-w1,A,,21917
SIM-02164,23/12/2024,lundi, Public ,Espagne,PME,Starter,1,22,0,0.0%,0,0.0,8,0,0,30,5,35.8,3,1,"226,29",vert,eu-w1,control,,3897
SIM-02165,09 Dec 2023,samedi,Commerce,France,ETI,Pro,14,134,67,50.0,22,10.9,16,5,1,0,5,"26,6",3,0,3549.95,bleu,eu-w3,control,Suivi standard.,66952
SIM-02166,27/12/2024,vendredi,Finance,Belgique,TPE,Pro,1,4,3,75.0,29,18.5,16,4,0,2,2,14.8,3,0,103.12,bleu,us-e1,control,Compte dans la moyenne.,2368
SIM-02167,13/07/2024,samedi,Tech,Suisse,TPE,Starter,7,9,2,22.2,1,0.1,8,3,1,10,4,23.1,4,1,102.89 €,bleu,us-e1,B,Déploiement interne limité.,3544
SIM-02168,06/07/2024,samedi,finance,,eti,Enterprise,7,88,61,69.3,21,"11,5",40,11,1,1,2,,4,1,8781.35 €,vert,us-e1,control,,129613
SIM-02169,2024-05-04,samedi,Éducation,France,PME,Pro,9,22,14,63.6,23,4.5,16,1,2,2,8,"17,5",1,1,581.57,vert,eu-w3,control,"Client insatisfait, risque de départ.",25752
SIM-02170,2024-03-04,lundi, Industrie ,Canada,TPE, Pro ,11,2,1,50.0,13,10.2,16,6,1,0,1,,5,1,46.14,sombre,eu-w3,B,,303
SIM-02171,2024-12-27,vendredi,Commerce,France,TPE,Pro,1,7,5,71.4%,44,20.8,16,7,0,0,4,11.6,3,,142.55,vert,eu-w1,control,,701
SIM-02172,2023-11-02,jeudi, Santé ,France,TPE, Pro ,15,7,6,"85,7",63,"27,3",16,8,1,0,2,14.6 h,4,0,"172,94",bleu,us-e1,B,,5105
SIM-02173,08/02/2023,mercredi,tech,France,ETI,Pro,24,57,25,"43,9",15,"7,9",16,2,3,2,2,"18,1",4,0,1525.67,bleu,ap-s1,A,"Compte engagé, ambassadeur potentiel.",25021
SIM-02174,10/09/2024,mardi, Tech ,Belgique,PME,Starter,5,28,10,35.7,16,3.4,8,3,0,3,6,23.0,3,1,355.13,vert,eu-w3,control,,4077
SIM-02175,31/12/2024,mardi,Santé,Canada,TPE,STARTER,1,10,4,40.0,10,0.5,8,4,0,6,0,19.0,5,1,"103,52",violet,eu-w1,A,RAS.,679
SIM-02176,13 Mar 2024,mercredi,Commerce,France,TPE,Business,11,8,4,50.0,16,4.7,26,12,2,0,1,3.9 h,4,0,351.08 €,clair,eu-w3,control,RAS.,13531
SIM-02177,26 Nov 2024,mardi,Tech,France,ETI,business,2,210,158,,47,"38,1",26,11,0,0,2,5.0,2,1,10327.23,violet,ap-s1,A,,143962
SIM-02178,2024-03-09,samedi,ÉDUCATION,Canada,PME,Pro,11,37,8,"21,6",2,0.8,16,6,3,20,7,13.8,3,0,783.41,violet,eu-w1,B,"Multiples tickets ouverts, friction élevée.",38544
SIM-02179,2024-12-30,lundi,Commerce,Allemagne,PME,Business,1,36,4,11.1,1,,26,1,0,4,1,4.4,4,1,1522.04,clair,eu-w3,control,Déploiement interne limité.,34946
SIM-02180,2022-12-04,dimanche,Éducation,France,ETI,pro,26,40,0,0.0%,0,0.0,16,0,0,71,0,9.4,3,0,1014.38,bleu,eu-w3,B,Usage en forte baisse ce trimestre.,8318
SIM-02181,15 Mar 2024,vendredi, Tech ,Allemagne, PME ,Starter,11,18,9,50.0%,30,15.0,8,2,0,1,2,24.3,3,0,264.35,bleu,eu-w1,A,,10405
SIM-02182,2024-09-12,jeudi,,Allemagne, GE ,business,5,136,35,25.7,1,0.3,26,3,1,2,5,5.7,2,0,5264.91,sombre,us-e1,B,"Client insatisfait, risque de départ.",43172
SIM-02183,09/07/2023,dimanche,FINANCE,Espagne,PME,Pro,19,32,26,81.2,81,53.6,16,13,4,2,6,"14,5",4,0,795.78,sombre,eu-w1,A,,15661
SIM-02184,06 Feb 2024,mardi,public,France,PME,enterprise,12,50,0,0.0,0,"0,0",40,0,0,161,2,4.2,3,0,4288.91,clair,us-e1,B,,137159
SIM-02185,07/01/2025,mardi,Commerce,Espagne,PME,Pro,1,26,20,"76,9",81,54.2,16,8,0,1,0,"9,1",4,2,586.38 €,vert,ap-s1,control,,11540
SIM-02186,03 Sep 2023,dimanche,PUBLIC,France,ETI,business,17,194,12,6.2,1,0.1,26,1,2,2,5,,2,0,11091.97,sombre,eu-w1,B,Mécontentement exprimé au support.,527534
SIM-02187,04/08/2024,dimanche,COMMERCE,France,PME,Enterprise,6,13,10,"76,9",44,41.4,40,24,0,0,1,3.5,5,0,1080.41,vert,eu-w3,A,Compte dans la moyenne.,22148
SIM-02188,10 Dec 2023,dimanche,FINANCE,Suisse,TPE, Starter ,14,9,6,66.7,35,"15,3",8,2,5,1,2,22.1,4,0,129.59,violet,eu-w1,control,Client très satisfait et actif.,3188
SIM-02189,08 Jan 2025,mercredi,Industrie,Canada,PME,Pro,1,13,8,61.5%,36,14.9,16,4,0,0,2,14.0 h,4,2,364.13,sombre,us-e1,A,,2986
SIM-02190,30 Oct 2024,mercredi,COMMERCE,France, PME ,Pro,3,13,12,92.3,84,84.1,16,9,0,0,4,"16,6",2,0,381.27,violet,ap-s1,B,Mécontentement exprimé au support.,2188
SIM-02191,26 Dec 2024,jeudi,Industrie,France,TPE,starter,1,3,2,66.7,29,8.3,8,4,0,0,1,25.1,4,0,31.99,vert,eu-w3,B,Suivi standard.,300
SIM-02192,2024-12-28,samedi, Industrie ,France, TPE ,Starter,1,6,3,50.0%,12,4.6,8,4,0,9,4,29.4 h,3,,76.62,violet,ap-s1,A,,2450
SIM-02193,29/01/2024,lundi,,Belgique, PME ,Starter,12,31,16,51.6,28,"13,0",8,4,2,1,0,15.0,3,1,402.18 €,bleu,eu-w3,control,,5606
SIM-02194,23 Dec 2024,lundi,TECH,France,PME,Business,1,28,0,"0,0",0,0.0,26,0,0,30,1,8.8,3,1,"1397,26",bleu,eu-w3,control,Déploiement interne limité.,36664
SIM-02195,01/01/2025,mercredi,Public,Belgique,ETI,Starter,1,120,74,61.7,43,33.8,8,5,0,0,0,9.8,5,1,1415.41,sombre,us-e1,A,,30177
SIM-02196,2023-07-10,lundi,commerce,France,pme,Business,19,11,1,"9,1",1,0.1,26,1,7,30,0,2.3,5,0,517.79,vert,eu-w1,B,Déploiement interne limité.,11039
SIM-02197,07 Sep 2023,jeudi,commerce,France,TPE,business,17,2,2,100.0,43,8.5,26,16,3,1,1,6.1,3,0,94.38,violet,eu-w3,control,,2941
SIM-02198,12 Sep 2023,mardi,INDUSTRIE,Suisse,TPE,Pro,17,7,4,57.1,10,3.4,16,2,0,4,1,"9,6",3,1,149.57,sombre,ap-s1,B,Compte dans la moyenne.,2208
SIM-02199,25 Sep 2024,mercredi,TECH,,ETI,Business,4,41,24,58.5,26,3.1,26,9,0,1,1,,4,3,"1762,4",bleu,eu-w1,A,Suivi standard.,18787
SIM-02200,10/11/2023,vendredi,Éducation,France, TPE ,PRO,15,7,2,28.6,12,"0,6",16,3,4,8,7,15.1,3,0,178.75,bleu,eu-w3,A,Support très sollicité récemment.,1759
SIM-02201,12 Apr 2024,vendredi,Santé,Espagne,TPE,Pro,10,9,4,44.4,9,3.8,16,3,2,1,1,13.0,2,0,,sombre,us-e1,control,,2892
SIM-02202,2024-05-31,vendredi,Éducation,France,PME,Pro,8,7,5,"71,4",44,28.2,16,9,1,1,0,5.6,5,0,180.29,bleu,eu-w1,control,,1626
SIM-02203,11/08/2023,vendredi,Tech,France, TPE ,business,18,3,3,,75,45.2,26,14,7,0,0,1.5 h,5,0,157.72 €,vert,eu-w1,B,"Compte engagé, ambassadeur potentiel.",2457
SIM-02204,2023-07-12,mercredi,PUBLIC,Espagne,PME,Starter,19,9,6,66.7,43,25.8,8,4,4,1,2,"21,2",4,0,127.73,clair,us-e1,control,Client très satisfait et actif.,12569
SIM-02205,26 Dec 2024,jeudi,commerce,Belgique, PME ,STARTER,1,28,0,"0,0",0,0.0,8,0,0,30,0,14.2,,4,249.56,violet,ap-s1,B,Faible adoption des sièges.,1228
SIM-02206,25/12/2024,mercredi,INDUSTRIE,,PME,STARTER,1,48,20,"41,7",22,7.6,8,3,0,1,0,25.2,4,0,521.92,violet,ap-s1,control,,1712
SIM-02207,13 Jun 2024,jeudi, Commerce ,France,pme, Pro ,8,18,16,88.9,75,45.9,16,9,0,1,4,"16,1",1,0,477.61,clair,eu-w1,A,Mécontentement exprimé au support.,6266
SIM-02208,08/01/2025,mercredi,Finance,France,ETI,pro,1,199,94,47.2,19,,16,4,0,2,0,6.6,5,3,5212.24,violet,eu-w1,B,,175236
SIM-02209,10/06/2023,samedi,TECH,France, PME ,starter,20,33,17,51.5,32,"21,8",8,3,5,0,3,,4,0,"389,33",vert,us-e1,A,Client très satisfait et actif.,7343
SIM-02210,2024-12-27,vendredi, Éducation ,France,TPE,Starter,1,5,1,20.0,1,0.1,8,0,0,3,11,28.3,3,3,42.19,vert,eu-w1,B,"Multiples tickets ouverts, friction élevée.",381
SIM-02211,15 Mar 2024,vendredi, Tech ,Allemagne, PME ,Starter,11,18,9,50.0%,30,15.0,8,2,0,1,2,24.3,3,0,264.35,bleu,eu-w1,A,,10405
SIM-02212,10 May 2023,mercredi,finance,Espagne,PME,Business,21,30,24,"80,0",81,"45,1",26,18,7,1,4,7.9,3,0,1744.53 €,violet,eu-w3,A,RAS.,24319
SIM-02213,2023-08-14,lundi,TECH,Suisse,ETI,Business,18,131,0,0.0%,0,0.0,26,0,0,113,6,7.7,3,0,5331.33 €,vert,eu-w3,B,,148637
SIM-02214,05/07/2023,mercredi,TECH,France,tpe,Enterprise,19,4,0,0.0,0,"0,0",40,0,0,121,10,5.2,3,0,366.03,bleu,eu-w1,control,,15608
SIM-02215,2024-07-31,mercredi, Santé ,France,PME,Business,6,38,0,0.0,0,0.0,26,0,0,89,0,"0,8",5,0,1558.43,bleu,eu-w1,control,,24280
SIM-02216,03/06/2024,lundi,Tech,Suisse,TPE,Starter,8,9,4,"44,4",5,0.6,8,1,1,0,5,22.5,3,0,114.17,vert,eu-w1,A,Compte dans la moyenne.,936
SIM-02217,31/12/2024,mardi,TECH,,TPE, Starter ,1,4,1,25.0,5,"1,5",8,2,0,5,10,43.5,1,3,"44,01",bleu,eu-w1,A,Mécontentement exprimé au support.,300
SIM-02218,11/01/2024,jeudi,éducation,Espagne,eti,Starter,13,120,86,71.7,36,"11,4",8,4,1,0,0,8.9,5,0,1462.46,clair,eu-w1,A,Compte dans la moyenne.,23984
SIM-02219,29/01/2024,lundi,,Belgique, PME ,Starter,12,31,16,51.6,28,"13,0",8,4,2,1,0,15.0,3,1,402.18 €,bleu,eu-w3,control,,5606
SIM-02220,28 Jul 2024,dimanche,INDUSTRIE,Belgique,PME,pro,6,15,3,20.0,1,0.1,16,4,1,20,5,13.3,4,3,320.35,sombre,us-e1,control,,3415
SIM-02221,2024-02-02,vendredi,Santé,France,PME,Pro,12,47,8,17.0,7,"1,9",16,4,4,7,4,11.8,4,0,1163.48,sombre,eu-w1,control,Déploiement interne limité.,21943
SIM-02222,2024-08-11,dimanche,tech,France,TPE,PRO,6,9,6,"66,7",28,12.5,16,8,1,3,2,13.1,4,2,313.26,bleu,eu-w1,B,,19009
SIM-02223,12/08/2023,samedi,Éducation,France,PME, Starter ,18,58,0,"0,0",0,0.0,8,0,0,35,0,18.6,5,,754.63,bleu,ap-s1,A,Faible adoption des sièges.,18564
SIM-02224,2023-06-09,vendredi,industrie,Canada,PME,Enterprise,20,45,18,"40,0",5,0.2,40,17,4,3,0,3.7,,0,4332.7,bleu,us-e1,control,,113690
SIM-02225,2023-07-18,mardi,TECH,Belgique,GE,Business,19,439,360,82.0,62,"61,4",26,14,3,1,0,3.0 h,3,0,21512.33,sombre,us-e1,control,,352802
SIM-02226,15 Apr 2023,samedi,Industrie,France,PME,PRO,22,40,22,55.0%,50,16.6,16,8,4,2,0,"12,3",3,0,"1092,4",vert,eu-w3,B,Compte dans la moyenne.,50163
SIM-02227,13/07/2023,jeudi,Commerce,France,pme,Pro,19,26,16,"61,5",44,11.4,16,9,3,1,7,17.6,2,0,595.18,vert,eu-w3,B,,4880
SIM-02228,2023-09-10,dimanche,Tech,France,PME,pro,17,49,28,57.1%,36,20.4,16,7,,2,5,"12,9",2,0,1168.82,clair,ap-s1,control,Mécontentement exprimé au support.,7667
SIM-02229,11 Nov 2024,lundi,Tech,Canada,ETI,Pro,3,102,51,"50,0",21,8.3,16,3,0,0,1,6.3,5,0,2618.18,sombre,eu-w3,control,,17175
SIM-02230,2023-12-29,vendredi,Commerce,Suisse, TPE ,BUSINESS,13,10,8,80.0%,56,10.4,26,15,2,0,5,9.6,3,0,450.64,violet,ap-s1,control,,11086
SIM-02231,06/05/2024,lundi, Industrie ,Allemagne, TPE , Pro ,9,9,4,44.4,23,9.1,16,5,0,0,3,,3,0,211.12,bleu,us-e1,A,RAS.,1039
SIM-02232,2023-07-14,vendredi,Industrie,France,PME, Pro ,19,46,17,37.0,2,"1,0",16,4,6,12,3,13.6,4,0,1176.87,vert,eu-w3,control,,16406
SIM-02233,2025-01-04,samedi,Commerce,Suisse, PME ,Pro,1,50,28,56.0,19,3.4,16,6,0,1,1,8.5,5,0,"1214,49",bleu,eu-w1,control,,10955
SIM-02234,29 Dec 2024,dimanche,Éducation,Suisse,PME,pro,1,35,17,48.6%,19,"8,9",16,5,0,2,1,,5,0,726.45,bleu,us-e1,B,,4170
SIM-02235,2022-06-08,mercredi,Santé,France,TPE,Pro,32,10,1,"10,0",1,"0,4",16,7,11,7,4,12.3,4,0,293.92,bleu,ap-s1,A,Faible adoption des sièges.,15666
SIM-02236,06 Jan 2024,samedi, Public ,Canada,GE,enterprise,13,615,0,0.0,0,0.0,40,0,0,75,1,,3,2,41774.54,vert,us-e1,B,,308296
SIM-02237,2023-12-13,mercredi,Éducation,France,pme,Business,14,12,6,50.0%,23,,26,6,2,3,6,5.2,3,0,687.56,violet,us-e1,A,,15223
SIM-02238,02 Jul 2024,mardi,Éducation,France, TPE ,Pro,7,5,4,80.0%,29,"7,5",16,5,0,1,0,"8,9",5,1,"120,57",bleu,eu-w3,A,,1878
SIM-02239,29 Jan 2024,lundi,COMMERCE,France,tpe,Starter,12,9,1,11.1,1,0.1,8,0,4,6,0,18.0 h,4,0,78.05,clair,eu-w1,control,Faible adoption des sièges.,576
SIM-02240,04/06/2024,mardi,TECH,France,TPE,Pro,8,6,3,50.0,7,1.9,16,3,1,2,1,13.5,3,0,182.82,vert,ap-s1,control,RAS.,7346
SIM-02241,08 Jan 2025,mercredi,Éducation,France,PME, Starter ,1,27,0,0.0,0,,8,0,0,30,7,27.6,2,0,338.06,clair,us-e1,A,,3327
SIM-02242,27/04/2024,samedi,Tech,France,PME,business,9,11,3,27.3%,7,"2,7",26,1,0,2,0,"4,7",5,,468.37 €,vert,us-e1,B,,16131
SIM-02243,05 Jan 2023,jeudi,Tech,France,ETI, Business ,25,57,17,29.8,1,,26,2,5,22,13,11.2,2,0,2229.54,vert,eu-w3,B,,29252
SIM-02244,25/09/2024,mercredi,Santé,Espagne,TPE,STARTER,4,1,1,100.0,83,,8,4,,1,4,27.2,4,1,12.35,vert,us-e1,A,,300
SIM-02245,11/05/2023,jeudi,public,France,PME,Pro,21,28,7,25.0,1,"0,2",16,3,4,30,1,"8,2",5,0,515.13,sombre,eu-w1,B,,2112
SIM-02246,04/05/2024,samedi,Tech,Allemagne,PME, Starter ,9,56,18,32.1,17,6.3,8,4,2,1,1,11.6,4,0,"754,24",vert,eu-w1,B,,5566
SIM-02247,06 Apr 2024,samedi,public,France,TPE,Starter,10,1,1,100.0,43,23.8,8,4,1,4,0,"15,0",4,0,11.59,clair,eu-w1,control,Suivi standard.,300
SIM-02248,17/12/2022,samedi,tech,France,TPE,Starter,26,10,0,0.0,0,"0,0",8,0,0,53,0,23.0,3,0,124.83 €,sombre,eu-w1,control,,2457
SIM-02249,2024-05-05,dimanche,Public,France,PME,Enterprise,9,43,32,"74,4",57,"70,1",40,19,1,1,4,2.4,4,0,3933.57,bleu,eu-w1,control,,229012
SIM-02250,2023-11-04,samedi,ÉDUCATION,France,pme,BUSINESS,15,37,2,5.4,1,0.1,26,2,2,30,4,1.3,2,0,"1289,97",clair,eu-w1,A,Mécontentement exprimé au support.,6347
SIM-02251,31/07/2024,mercredi,FINANCE,France,tpe, Starter ,6,5,1,"20,0",2,0.1,8,1,1,16,5,40.1,1,0,46.86,sombre,eu-w1,B,"Client insatisfait, risque de départ.",538
SIM-02252,18 Aug 2023,vendredi,tech,Belgique, ETI ,pro,18,169,117,69.2,47,"18,2",16,10,5,0,1,12.3,3,,5338.57 €,clair,eu-w3,control,,113818
SIM-02253,04 Jan 2025,samedi,Industrie,Allemagne,PME,Pro,1,38,28,73.7%,52,10.1,16,6,0,0,1,15.7,3,1,981.43,vert,us-e1,B,Compte dans la moyenne.,17705
SIM-02254,30/04/2024,mardi,Tech,, ETI ,Enterprise,9,145,54,"37,2",8,3.1,40,18,,3,10,6.1,1,2,11041.86,violet,ap-s1,control,,90543
SIM-02255,29/02/2024,jeudi,Tech,France, TPE ,Business,11,10,9,90.0,76,"62,2",26,12,2,2,2,4.2,5,1,501.63,vert,eu-w1,B,RAS.,7404
SIM-02256,2024-03-31,dimanche,tech,Allemagne,PME,Starter,10,24,10,41.7,14,3.2,8,3,1,0,8,,3,0,262.03,violet,eu-w3,B,,1934
SIM-02257,15 Aug 2023,mardi,Public,,PME,Starter,18,41,38,92.7,96,43.4,8,6,1,1,1,,2,0,445.72,vert,eu-w3,B,"Client insatisfait, risque de départ.",6944
SIM-02258,26 Dec 2024,jeudi,ÉDUCATION,France,ETI,Enterprise,1,206,156,"75,7",53,28.2,40,22,0,0,5,4.6 h,3,2,16593.74,sombre,eu-w3,A,Compte dans la moyenne.,394599
SIM-02259,11/01/2023,mercredi, Public ,Suisse,eti,BUSINESS,25,133,80,60.2,19,4.0,26,12,6,1,1,5.0,4,0,6262.75,clair,us-e1,B,,112980
SIM-02260,08 Sep 2024,dimanche,Finance,France,ETI,business,5,154,20,13.0,1,0.3,26,6,0,0,4,8.2,,1,6448.26,vert,eu-w3,control,,190353
SIM-02261,10 Mar 2024,dimanche,Éducation,Allemagne,PME,BUSINESS,11,39,30,"76,9",57,30.5,26,18,3,1,3,8.6,2,1,"1956,77",vert,eu-w3,control,,19255
SIM-02262,11 Sep 2024,mercredi,Finance,Belgique,PME,Pro,5,29,16,55.2%,22,"11,2",16,6,1,0,1,"10,8",,1,"895,74",bleu,ap-s1,B,RAS.,41132
SIM-02263,08/01/2024,lundi,Finance,France,PME,pro,13,17,9,"52,9",17,8.0,16,5,7,0,4,10.5,4,0,"371,37",violet,eu-w3,B,Client très satisfait et actif.,13399
SIM-02264,13/02/2024,mardi,Finance,Suisse, TPE ,Starter,12,3,1,33.3,1,0.3,8,4,3,6,1,17.9 h,3,1,40.6,violet,us-e1,B,,1032
SIM-02265,06 Sep 2023,mercredi, Tech ,Allemagne,ETI,PRO,17,43,30,69.8,65,24.0,16,8,3,3,2,9.4,4,0,"1203,99",clair,ap-s1,A,,25669
SIM-02266,2024-05-28,mardi,Industrie,France,GE,Business,8,682,384,,47,23.1,26,11,2,1,0,2.8,5,,"25763,66",violet,eu-w3,B,,971805
SIM-02267,15/08/2023,mardi,Finance,Belgique,pme,Enterprise,18,33,0,0.0,0,0.0,40,0,0,65,4,1.2,2,0,2855.57,clair,eu-w1,control,,49173
SIM-02268,2024-02-29,jeudi,Commerce,Canada,TPE,STARTER,11,8,0,0.0,0,0.0,8,0,0,33,1,6.4,5,2,"81,83",clair,us-e1,A,Faible adoption des sièges.,1007
SIM-02269,02 Jan 2025,jeudi,Éducation,France, PME , Pro ,1,58,14,24.1,2,"0,2",16,3,0,21,8,"22,7",1,3,"968,35",clair,eu-w3,A,"Client insatisfait, risque de départ.",15087
SIM-02270,09 Dec 2023,samedi,Commerce,Belgique, TPE ,Starter,14,2,1,50.0%,22,1.9,8,1,5,2,3,24.3,3,0,26.12,sombre,ap-s1,control,,300
SIM-02271,02 Dec 2024,lundi, Commerce ,Belgique,PME,PRO,2,58,20,34.5,9,1.4,16,5,1,1,2,"14,1",,3,1213.29,violet,ap-s1,A,Suivi standard.,12934
SIM-02272,07 Oct 2024,lundi,Santé,Allemagne,PME, Enterprise ,4,22,9,40.9,10,"5,3",40,8,1,1,9,1.4,1,0,1484.12,vert,us-e1,B,Mécontentement exprimé au support.,23123
SIM-02273,14/05/2024,mardi,TECH,Belgique,PME,Business,9,52,0,0.0,0,0.0,26,0,0,70,3,,3,0,"2429,65",sombre,us-e1,A,"Compte peu actif, relance nécessaire.",75708
SIM-02274,28/10/2024,lundi,Tech,Canada,TPE,STARTER,3,8,5,62.5,22,12.4,8,2,0,0,0,"9,9",4,1,98.54,violet,eu-w1,control,,1374
SIM-02275,2024-11-06,mercredi,Commerce,France,PME,Pro,3,33,2,6.1,1,"0,2",16,0,0,9,4,"14,2",3,1,586.3,sombre,ap-s1,A,,7692
SIM-02276,2023-08-03,jeudi,Santé,France,TPE,pro,18,1,1,100.0,58,"48,3",16,6,4,2,6,10.3,,0,33.13,violet,eu-w1,A,Compte dans la moyenne.,733
SIM-02277,07 Aug 2023,lundi,Tech,,PME,Enterprise,18,48,30,62.5,20,"12,9",40,13,2,0,4,3.6,2,1,4048.98,clair,eu-w3,control,"Client insatisfait, risque de départ.",102925
SIM-02278,2024-08-09,vendredi, Finance ,France,GE,Enterprise,6,796,694,87.2,80,74.8,40,16,1,2,0,"0,5",,0,61412.53,clair,eu-w1,control,,1158240
SIM-02279,2024-08-10,samedi,commerce,France,pme,pro,6,42,27,64.3,21,3.6,16,6,0,0,3,"7,2",4,1,"1204,23",violet,us-e1,B,Compte dans la moyenne.,20737
SIM-02280,2024-07-07,dimanche,Tech,France,GE,Business,7,429,210,49.0,8,2.3,26,10,0,2,0,5.1,3,0,"21096,73",clair,eu-w3,B,RAS.,328687
SIM-02281,06 Apr 2023,jeudi,Commerce,France,PME,Business,22,34,6,17.6,1,,26,6,4,9,3,1.6,3,0,1272.59,violet,us-e1,B,,25045
SIM-02282,08 May 2024,mercredi, Public ,France,PME,Pro,9,45,28,,39,"18,1",16,10,0,3,1,12.7,3,,"1074,26",violet,ap-s1,A,Compte dans la moyenne.,24665
SIM-02283,2023-08-18,vendredi,Public,Suisse, PME ,business,18,17,7,"41,2",39,"24,2",26,16,1,1,5,6.4,2,0,894.94 €,bleu,eu-w1,B,,13943
SIM-02284,28 Dec 2024,samedi,Commerce,France,PME,enterprise,1,52,38,73.1,34,"16,4",40,10,1,1,0,2.5,4,5,3652.42,sombre,eu-w1,control,,35940
SIM-02285,06 Jan 2025,lundi,Tech,France,TPE,Business,1,11,3,"27,3",1,"0,1",26,4,0,11,3,8.4,2,3,"348,45",clair,ap-s1,A,Mécontentement exprimé au support.,3429
SIM-02286,08/01/2024,lundi, Public ,France,PME, Business ,13,9,2,22.2,1,0.4,26,11,2,4,3,9.4,4,0,426.89,bleu,eu-w3,control,,4551
SIM-02287,2023-08-04,vendredi,Tech,Suisse, TPE ,STARTER,18,3,1,33.3,1,"0,5",8,1,4,3,4,"24,1",3,0,33.14,bleu,ap-s1,control,,1277
SIM-02288,05 Aug 2024,lundi,,France,GE,Business,6,704,398,56.5,21,10.5,26,13,2,0,3,8.4,3,2,33331.66,clair,eu-w3,B,,1038615
SIM-02289,01 Jan 2025,mercredi,Éducation,Espagne, PME ,Business,1,19,15,"78,9",69,"45,0",26,17,0,5,11,"6,3",3,3,"1021,8",vert,eu-w3,A,,30164
SIM-02290,09 Sep 2024,lundi,Tech,France,GE,pro,5,414,162,"39,1",5,2.4,16,6,0,3,0,8.4,4,1,11330.72,clair,eu-w1,B,,167241
SIM-02291,2023-12-12,mardi, Public ,Canada,PME,Pro,14,6,5,83.3,79,57.8,16,11,2,0,0,"11,5",5,0,154.26,sombre,us-e1,control,,4174
SIM-02292,06/08/2023,dimanche,Tech,France,PME,Pro,18,15,8,"53,3",23,10.5,16,4,5,0,4,17.2,3,0,"351,82",clair,eu-w3,control,,1731
SIM-02293,2024-01-15,lundi, Commerce ,Belgique,tpe,STARTER,13,1,1,100.0,39,"4,3",8,1,2,1,1,20.7,4,0,12.01 €,clair,us-e1,A,Suivi standard.,300
SIM-02294,2024-05-15,mercredi,tech,Allemagne,tpe, Starter ,9,7,2,"28,6",7,1.2,8,3,1,2,2,32.7,2,1,66.76,clair,ap-s1,A,,1150
SIM-02295,2023-05-03,mercredi, Tech ,Allemagne,PME,BUSINESS,21,17,9,"52,9",20,"6,2",26,1,2,0,3,10.1,4,,942.98,violet,eu-w1,B,Suivi standard.,52581
SIM-02296,28/07/2024,dimanche,Éducation,France,ETI,Business,6,63,12,,5,3.6,26,11,3,0,2,6.3 h,3,3,2781.02,vert,eu-w3,control,Faible adoption des sièges.,47889
SIM-02297,2024-02-28,mercredi,Santé,Allemagne,GE,Enterprise,11,870,0,"0,0",0,0.0,40,0,0,56,3,2.1,3,1,70940.69,violet,eu-w1,control,Faible adoption des sièges.,1977826
SIM-02298,05/01/2025,dimanche,,Belgique,pme,Pro,1,44,27,61.4,1,0.1,16,5,0,20,5,13.7 h,2,2,1045.79,sombre,ap-s1,control,,10291
SIM-02299,2024-11-29,vendredi,Tech,France,TPE,Starter,2,7,2,28.6,1,"0,1",8,2,0,16,0,"14,2",4,0,75.12,bleu,us-e1,B,,370
SIM-02300,2023-01-05,jeudi,Public,Suisse,PME,PRO,25,16,5,31.2,13,6.0,16,5,,4,1,12.8,4,0,378.58,sombre,ap-s1,A,,11176
SIM-02301,01 Jan 2025,mercredi,Public,France,PME,BUSINESS,1,32,18,56.2,31,11.1,26,8,0,3,2,"9,4",3,1,"1454,63",clair,eu-w3,B,,32206
SIM-02302,2024-04-14,dimanche,COMMERCE,France,PME,Starter,10,13,9,69.2,50,12.6,8,4,1,2,0,15.0,5,1,173.99,violet,eu-w3,A,Compte dans la moyenne.,6706
SIM-02303,2023-12-16,samedi,Santé,France,ETI,Pro,14,90,18,20.0,4,1.8,16,6,5,0,5,17.7,1,0,1738.63,vert,eu-w1,control,,21385
SIM-02304,08 Feb 2024,jeudi, Santé ,France,PME,BUSINESS,12,43,26,,3,"1,8",26,7,3,20,2,5.8,,0,"1527,12",sombre,us-e1,B,,11270
SIM-02305,01/04/2024,lundi,Public,France, PME ,Starter,10,16,14,"87,5",99,90.2,8,5,2,1,7,36.7,3,0,223.0,vert,eu-w3,control,,7863
SIM-02306,03 Dec 2023,dimanche,TECH,Allemagne,ETI,PRO,14,35,18,"51,4",23,13.8,16,5,4,1,1,,2,,883.39 €,bleu,eu-w1,A,,15936
SIM-02307,2025-01-05,dimanche,industrie,France,ETI,pro,1,116,20,"17,2",1,0.2,16,4,1,1,0,3.0 h,,,2998.43,vert,eu-w1,control,,14752
SIM-02308,31/12/2024,mardi,Commerce,France, TPE ,enterprise,1,4,3,75.0,44,"19,4",40,13,0,1,2,5.4,3,0,,violet,eu-w3,A,,7395
SIM-02309,2024-03-11,lundi,industrie,Espagne, TPE ,Starter,11,1,1,100.0,51,19.4,8,5,2,2,2,28.0,,0,"10,15",sombre,eu-w1,A,,300
SIM-02310,09/01/2024,mardi,Santé,France,PME,business,13,57,25,"43,9",4,2.3,26,10,4,12,0,3.8 h,4,0,2620.38,violet,eu-w1,A,RAS.,27933
SIM-02311,2023-08-09,mercredi,PUBLIC,France,TPE,Starter,18,7,6,"85,7",68,"12,3",8,4,3,3,0,"12,3",5,0,"92,23",vert,us-e1,A,"Compte engagé, ambassadeur potentiel.",2420
SIM-02312,07 May 2023,dimanche,Public,France,pme,Pro,21,8,5,62.5%,39,"14,0",16,9,1,1,2,12.6 h,4,0,182.69,bleu,eu-w3,A,,4494
SIM-02313,10/04/2024,mercredi,Industrie,France,PME,BUSINESS,10,39,17,"43,6",7,1.3,26,10,5,2,1,"4,5",2,0,1904.54,sombre,us-e1,control,,12494
SIM-02314,04/09/2024,mercredi, Public ,France,TPE,Pro,5,4,2,"50,0",26,,16,4,0,1,1,,4,1,"95,8",bleu,eu-w1,A,,1335
SIM-02315,14/04/2024,dimanche,Industrie,Canada,pme,Pro,10,57,25,43.9,22,2.9,16,4,2,4,0,6.4,5,1,1223.74,bleu,eu-w1,A,Suivi standard.,45156
SIM-02316,05 Aug 2024,lundi, Santé ,,PME,pro,6,33,5,15.2,1,0.3,16,6,2,6,1,11.2,5,2,771.93,violet,us-e1,control,Faible adoption des sièges.,8862
SIM-02317,10 Aug 2023,jeudi,Commerce,Canada,PME,Business,18,27,19,"70,4",47,7.0,26,14,8,2,0,"6,3",,0,1178.58,vert,eu-w3,control,"Compte engagé, ambassadeur potentiel.",60885
SIM-02318,09/06/2024,dimanche,santé,, ETI ,Pro,8,215,0,0.0,0,"0,0",16,0,0,79,0,"9,7",,1,5202.3,violet,eu-w1,B,,81052
SIM-02319,2024-12-28,samedi,COMMERCE,Canada,ETI,Business,1,102,57,55.9,21,5.1,26,6,0,0,0,5.6,4,0,"5001,85",violet,eu-w1,control,,86132
SIM-02320,2024-01-29,lundi,Industrie,France,PME,Pro,12,45,31,68.9,45,,16,5,4,1,1,11.4,4,1,1328.24,violet,eu-w3,A,,45745
SIM-02321,30/04/2024,mardi,Industrie,France,TPE,Pro,9,7,2,28.6%,1,"0,2",16,5,0,8,0,10.6 h,4,1,183.27,violet,eu-w3,B,,2254
SIM-02322,03/11/2024,dimanche,Tech,Canada,PME,starter,3,13,5,38.5%,2,0.8,8,3,0,0,4,17.9,,1,139.0,vert,ap-s1,A,"Client insatisfait, risque de départ.",2394
SIM-02323,05 Jan 2023,jeudi,santé,France,PME,Starter,25,38,24,"63,2",42,14.8,8,3,4,0,3,24.6,4,0,536.32 €,clair,us-e1,B,"Compte engagé, ambassadeur potentiel.",43538
SIM-02324,12/02/2024,lundi,Commerce,Suisse,ETI,PRO,12,124,85,68.5,35,"15,5",16,3,2,1,2,13.5,5,1,2814.7,bleu,eu-w3,control,Compte dans la moyenne.,27697
SIM-02325,04 Nov 2023,samedi,COMMERCE,France,GE,Business,15,559,158,"28,3",15,10.8,26,9,1,1,3,7.7,3,0,24260.32,bleu,eu-w1,A,,139254
SIM-02326,05/12/2024,jeudi,industrie,France,TPE,Starter,2,5,4,80.0%,94,81.3,8,6,1,1,0,"9,2",5,1,66.94,violet,us-e1,B,Compte dans la moyenne.,4117
SIM-02327,07 Jan 2024,dimanche,Santé,Allemagne,PME, Starter ,13,30,14,46.7,17,"11,1",8,3,2,5,1,"17,2",4,1,"419,16",vert,eu-w3,control,,24403
SIM-02328,04 Mar 2024,lundi, Public ,France,ETI,Enterprise,11,117,0,0.0,0,0.0,40,0,0,32,0,4.5,3,0,9813.56,bleu,us-e1,control,Déploiement interne limité.,144848
SIM-02329,12/08/2023,samedi,Éducation,France,PME, Starter ,18,58,0,"0,0",0,0.0,8,0,0,35,0,18.6,5,,754.63,bleu,ap-s1,A,Faible adoption des sièges.,18564
SIM-02330,10 Jan 2025,vendredi,Industrie,France,TPE,Starter,1,2,1,50.0,1,"0,1",8,1,1,1,11,39.1,,2,"23,38",sombre,eu-w1,A,,300
SIM-02331,13/10/2023,vendredi,FINANCE,,GE,Enterprise,16,366,293,80.1,48,"30,4",40,25,4,2,1,"4,3",,0,32246.84 €,vert,eu-w3,B,"Compte engagé, ambassadeur potentiel.",290866
SIM-02332,29/06/2024,samedi,éducation,France,pme,Business,7,22,5,22.7,2,0.1,26,7,1,30,2,"6,0",4,0,"864,15",clair,eu-w1,control,Déploiement interne limité.,28344
SIM-02333,2023-10-06,vendredi,Industrie,France,PME,Enterprise,16,16,8,"50,0",13,0.6,40,13,4,1,1,,3,0,"1088,48",vert,eu-w1,B,Compte dans la moyenne.,10711
SIM-02334,05/12/2024,jeudi,industrie,France,TPE,Starter,2,5,4,80.0%,94,81.3,8,6,1,1,0,"9,2",5,1,66.94,violet,us-e1,B,Compte dans la moyenne.,4117
SIM-02335,2025-01-06,lundi,Éducation,France,TPE,starter,1,5,2,40.0,1,"0,6",8,3,0,1,4,,4,3,47.93,clair,us-e1,A,,943
SIM-02336,2022-12-17,samedi,ÉDUCATION,Belgique,PME, Pro ,26,27,10,37.0,13,0.9,16,8,4,1,3,13.0,2,0,"735,83",clair,ap-s1,B,,51891
SIM-02337,02 Jun 2024,dimanche,Santé,France,TPE,ENTERPRISE,8,7,4,57.1,19,5.5,40,13,1,0,5,4.9 h,2,2,567.71,sombre,ap-s1,B,"Client insatisfait, risque de départ.",7448
SIM-02338,06 Jan 2025,lundi, Commerce ,Canada,PME,Pro,1,8,4,50.0,21,7.9,16,6,0,1,1,17.4,3,1,"213,59",bleu,eu-w3,A,,3328
SIM-02339,08 Apr 2024,lundi,FINANCE,Belgique,TPE,Starter,10,1,1,"100,0",8,"2,8",8,3,1,3,9,45.4,1,0,10.41,sombre,eu-w1,A,"Client insatisfait, risque de départ.",300
SIM-02340,31 Dec 2024,mardi,Éducation,Allemagne,ETI,Enterprise,1,91,28,30.8,10,3.8,40,8,1,0,3,8.3,2,3,6658.82,violet,eu-w3,B,"Client insatisfait, risque de départ.",43682
SIM-02341,2023-11-04,samedi,ÉDUCATION,France,pme,BUSINESS,15,37,2,5.4,1,0.1,26,2,2,30,4,1.3,2,0,"1289,97",clair,eu-w1,A,Mécontentement exprimé au support.,6347
SIM-02342,2023-12-12,mardi, Public ,Canada,PME,Pro,14,6,5,83.3,79,57.8,16,11,2,0,0,"11,5",5,0,154.26,sombre,us-e1,control,,4174
SIM-02343,2024-07-06,samedi,Finance,France,pme,PRO,7,15,11,73.3,38,15.0,16,8,0,1,1,19.1,2,0,437.85,vert,eu-w1,control,"Client insatisfait, risque de départ.",10771
SIM-02344,03 Apr 2024,mercredi,Tech,France,TPE,STARTER,10,11,8,72.7,26,,8,3,,0,2,15.1 h,4,0,137.74,clair,us-e1,A,RAS.,2824
SIM-02345,2023-06-11,dimanche, Commerce ,France,TPE,starter,20,1,1,"100,0",16,,8,2,2,3,2,28.6,4,0,"12,82",bleu,us-e1,control,RAS.,357
SIM-02346,05/07/2023,mercredi,INDUSTRIE,France,TPE,Starter,19,8,0,"0,0",0,0.0,8,0,0,31,3,26.8,2,0,72.76,bleu,ap-s1,control,,1551
SIM-02347,2024-08-30,vendredi, Finance ,Allemagne, PME ,Business,5,45,22,48.9,10,"5,6",26,13,1,0,5,9.4,,0,"2453,77",clair,eu-w1,A,Suivi standard.,148895
SIM-02348,08 Jul 2024,lundi,Industrie,Espagne,PME,Pro,7,18,13,72.2,67,"23,7",16,6,1,1,1,5.4,,,"465,59",clair,ap-s1,B,Compte dans la moyenne.,12981
SIM-02349,2024-04-10,mercredi,Tech,Belgique,PME,Pro,10,48,37,"77,1",53,"43,5",16,7,,1,3,13.5,3,0,"1345,91",clair,eu-w1,B,RAS.,37524
SIM-02350,03/05/2023,mercredi,,Canada,TPE,Starter,21,5,5,100.0,77,49.9,8,5,6,0,2,"30,5",3,0,58.36,violet,eu-w3,A,,335
SIM-02351,2022-12-17,samedi,ÉDUCATION,Belgique,PME, Pro ,26,27,10,37.0,13,0.9,16,8,4,1,3,13.0,2,0,"735,83",clair,ap-s1,B,,51891
SIM-02352,16 Jun 2023,vendredi,Éducation,,GE,Enterprise,20,866,201,23.2,5,"3,2",40,8,3,0,4,3.0,4,0,"56725,27",sombre,us-e1,B,Faible adoption des sièges.,1721045
SIM-02353,16/04/2023,dimanche,,France,TPE,Starter,22,5,0,"0,0",0,0.0,8,0,0,49,10,45.9 h,1,0,65.08,sombre,us-e1,control,Mécontentement exprimé au support.,5657
SIM-02354,01 Dec 2023,vendredi,éducation,France,PME,Pro,14,43,27,62.8%,20,"7,7",16,7,0,0,1,8.1,,,984.22,clair,eu-w3,B,,25826
SIM-02355,2023-02-17,vendredi,Industrie,Belgique,ETI,Pro,24,90,47,52.2,18,6.2,16,7,3,6,8,22.2,2,0,2420.5,sombre,eu-w1,A,"Client insatisfait, risque de départ.",23818
SIM-02356,13 Aug 2023,dimanche, Santé ,France,PME,Business,18,28,14,50.0%,12,"7,5",26,10,4,3,5,7.4,2,0,1436.65,vert,ap-s1,A,,30629
SIM-02357,2023-04-20,jeudi,commerce,France,PME,Pro,22,27,21,"77,8",53,"39,6",16,9,2,1,0,15.2,4,0,"813,03",vert,us-e1,B,Compte dans la moyenne.,22001
SIM-02358,10 Oct 2024,jeudi,,France, PME ,Pro,4,20,0,0.0,0,0.0,16,0,0,120,0,9.1,2,1,"474,15",bleu,eu-w3,B,,8554
SIM-02359,2023-12-06,mercredi,Éducation,France,pme,Pro,14,26,22,84.6%,72,46.2,16,7,5,3,2,"12,5",5,1,630.36 €,clair,eu-w1,A,Client très satisfait et actif.,9304
SIM-02360,2025-01-04,samedi,Tech,Allemagne, TPE , Business ,1,1,1,"100,0",8,3.3,26,1,0,4,0,5.3,4,1,"44,8",bleu,eu-w3,B,,661
SIM-02361,03 Feb 2024,samedi,Tech,, ETI ,business,12,186,12,,1,0.3,26,5,2,19,0,4.2,3,0,8010.0,clair,ap-s1,B,,65682
SIM-02362,29/09/2024,dimanche,Tech,France,GE,enterprise,4,844,533,63.2,14,"3,5",40,22,1,0,2,3.7,4,2,68015.99,violet,eu-w1,A,,1003916
SIM-02363,28 May 2024,mardi,éducation,France, ETI ,Enterprise,8,102,83,81.4,43,27.9,40,11,3,1,3,3.9,3,0,"7810,05",bleu,eu-w1,A,,89659
SIM-02364,08 Oct 2024,mardi,Commerce,France,TPE,Starter,4,2,0,0.0%,0,"0,0",8,0,0,68,3,16.9 h,3,0,16.99,sombre,ap-s1,A,Usage en forte baisse ce trimestre.,300
SIM-02365,04 Jan 2024,jeudi,Finance,Canada,PME, Enterprise ,13,57,14,"24,6",1,0.1,40,11,6,17,0,"0,5",5,0,3824.7,clair,eu-w1,B,Déploiement interne limité.,21954
SIM-02366,26 Dec 2024,jeudi,Tech,Allemagne,PME,STARTER,1,45,19,42.2%,4,1.7,8,4,0,13,0,11.8,5,5,"453,77",violet,eu-w1,control,RAS.,2977
SIM-02367,2023-12-09,samedi,Finance,,GE,enterprise,14,760,315,41.4,23,10.6,40,11,3,1,0,3.0,4,0,66168.67,violet,us-e1,B,,2000000
SIM-02368,2024-12-08,dimanche,commerce,Belgique,ETI, Business ,2,209,167,"79,9",42,12.3,26,11,0,1,0,2.0,5,0,10071.86,violet,eu-w1,control,Suivi standard.,404687
SIM-02369,04/02/2024,dimanche,Finance,France,TPE, Starter ,12,7,2,,14,"0,7",8,1,3,1,1,4.2,4,0,"78,3",sombre,eu-w1,A,Client très satisfait et actif.,899
SIM-02370,14 Sep 2023,jeudi,Éducation,Espagne, TPE ,starter,17,5,4,80.0,73,"47,9",8,4,4,1,1,15.2 h,3,0,57.72,vert,eu-w3,control,,2035
SIM-02371,02 Jun 2024,dimanche,Finance,France,PME,ENTERPRISE,8,31,3,9.7,1,"0,5",40,1,1,9,10,5.1,3,0,"2269,46",sombre,eu-w1,control,,13027
SIM-02372,05/12/2024,jeudi,industrie,France,TPE,Starter,2,5,4,80.0%,94,81.3,8,6,1,1,0,"9,2",5,1,66.94,violet,us-e1,B,Compte dans la moyenne.,4117
SIM-02373,29 Dec 2024,dimanche,Industrie,Espagne,PME, Business ,1,34,15,44.1,17,"5,0",26,9,0,0,2,1.0,4,2,1466.95,violet,ap-s1,B,RAS.,19246
SIM-02374,2024-11-25,lundi, Industrie ,France,TPE,Pro,2,4,1,25.0%,4,"2,7",16,5,0,10,3,14.8,2,2,"94,65",violet,ap-s1,control,Mécontentement exprimé au support.,854
SIM-02375,30 Jul 2024,mardi,tech,,PME,enterprise,6,33,15,45.5,32,17.5,40,11,2,0,6,"5,5",3,0,2324.2,bleu,eu-w3,A,RAS.,106727
SIM-02376,13/06/2023,mardi,public,France,GE,ENTERPRISE,20,460,130,28.3,4,0.5,40,18,4,8,6,"4,2",2,0,41945.48 €,clair,ap-s1,B,"Client insatisfait, risque de départ.",1444602
SIM-02377,2024-05-07,mardi,Santé,France,PME,STARTER,9,57,16,28.1%,2,0.4,8,2,0,12,2,19.6,,1,690.65 €,violet,eu-w3,B,Compte dans la moyenne.,5097
SIM-02378,06 Dec 2023,mercredi,Industrie,France,TPE, Starter ,14,9,5,55.6%,23,13.9,8,3,5,3,5,37.3,,,129.86 €,bleu,ap-s1,A,,5644
SIM-02379,2024-12-25,mercredi,Industrie,France,GE,pro,1,715,141,19.7,3,1.3,16,2,0,1,4,"12,0",3,2,17286.54,clair,eu-w3,A,,184275
SIM-02380,09 Dec 2024,lundi,Santé,Belgique,TPE,starter,2,11,3,27.3,1,,8,2,1,14,0,12.1,5,2,,sombre,eu-w3,B,,515
SIM-02381,30/12/2023,samedi, Tech ,Canada,ETI,Business,13,168,126,"75,0",38,"19,3",26,7,,0,0,1.1,4,0,5492.41,violet,ap-s1,A,,58549
SIM-02382,2024-04-01,lundi, Commerce ,Belgique,PME,pro,10,51,30,,25,18.8,16,6,1,0,6,14.6,2,1,1250.91 €,bleu,ap-s1,control,Mécontentement exprimé au support.,18463
SIM-02383,2023-10-17,mardi,Tech,Belgique,GE,ENTERPRISE,16,321,43,13.4%,1,"0,6",40,9,,30,3,"2,5",4,0,27549.32,violet,ap-s1,A,,1784645
SIM-02384,2025-01-07,mardi, Tech ,France,pme, Pro ,1,34,4,11.8,1,0.4,16,4,0,1,0,,5,0,617.27,bleu,eu-w1,A,,8099
SIM-02385,04/03/2023,samedi,Commerce,France,GE, Enterprise ,23,717,564,78.7,49,41.1,40,16,3,4,0,0.5,5,0,69463.25 €,clair,eu-w3,B,Client très satisfait et actif.,2000000
SIM-02386,2023-10-08,dimanche,COMMERCE,France,TPE, Starter ,16,11,2,18.2,1,0.2,8,2,,3,3,25.5 h,,0,"148,25",sombre,ap-s1,control,,8753
SIM-02387,2024-10-10,jeudi,Santé,France,TPE,STARTER,4,8,5,62.5,24,10.3,8,3,3,2,3,22.5,4,1,110.61,sombre,eu-w1,control,,3356
SIM-02388,2024-07-02,mardi,Commerce,Canada,ETI,Starter,7,81,10,12.3,1,0.1,8,2,1,9,3,37.2,2,1,817.38,clair,us-e1,control,Mécontentement exprimé au support.,9384
SIM-02389,05/12/2023,mardi, Finance ,France,PME,PRO,14,55,47,85.5%,39,15.8,16,5,3,0,0,7.8,4,0,"1322,53",clair,ap-s1,control,"Compte engagé, ambassadeur potentiel.",13014
SIM-02390,2024-07-27,samedi,Éducation,France,ETI,Pro,6,88,81,"92,0",66,54.2,16,11,0,1,1,18.0,2,1,2379.4 €,clair,us-e1,A,"Client insatisfait, risque de départ.",76093
SIM-02391,26 Dec 2024,jeudi,commerce,Belgique, PME ,STARTER,1,28,0,"0,0",0,0.0,8,0,0,30,0,14.2,,4,249.56,violet,ap-s1,B,Faible adoption des sièges.,1228
SIM-02392,13 Aug 2024,mardi,Éducation,Suisse,ETI,business,6,104,22,21.2,2,"1,0",26,8,0,7,5,7.6,2,1,4830.22,violet,us-e1,control,,79216
SIM-02393,2024-07-08,lundi,Commerce,France,PME,Pro,7,8,8,"100,0",128,,16,9,4,0,0,"10,4",,1,"202,82",sombre,eu-w1,B,Client très satisfait et actif.,1330
SIM-02394,31 Mar 2024,dimanche,finance,France,TPE,Enterprise,10,1,1,"100,0",63,32.0,40,23,,1,1,0.5,3,1,75.56,clair,eu-w1,control,,1859
SIM-02395,14/06/2023,mercredi,Industrie,Belgique,PME,Pro,20,43,12,27.9,13,6.5,16,4,3,1,4,,3,0,1132.57,vert,eu-w1,B,,39934
SIM-02396,17 Mar 2023,vendredi, Tech ,Espagne,pme,ENTERPRISE,23,21,4,19.0,1,0.1,40,5,5,20,4,3.6,1,,"1444,86",violet,us-e1,A,,17772
SIM-02397,15 May 2024,mercredi,PUBLIC,France,PME,Pro,9,55,0,0.0,0,0.0,16,0,0,143,5,19.2,3,0,901.02 €,violet,us-e1,B,Usage en forte baisse ce trimestre.,7388
SIM-02398,30 Oct 2023,lundi, Commerce ,Espagne, PME ,starter,15,8,2,25.0%,6,3.5,8,2,5,4,1,"30,1",,0,111.73,violet,us-e1,B,"Client insatisfait, risque de départ.",2199
SIM-02399,06 Oct 2023,vendredi,Industrie,Allemagne,PME,Enterprise,16,8,3,"37,5",1,,40,9,6,9,0,1.7,4,0,657.81,clair,eu-w3,B,"Compte engagé, ambassadeur potentiel.",8630
SIM-02400,07/07/2023,vendredi,finance,France,TPE,Starter,19,11,5,45.5,29,12.7,8,3,0,0,0,5.1,5,0,129.26,bleu,eu-w1,B,,3498
SIM-02401,15/07/2023,samedi,éducation,Canada, PME ,PRO,19,52,41,78.8,46,24.3,16,7,,0,5,14.5,3,0,1499.72,bleu,us-e1,A,RAS.,19676
SIM-02402,08/09/2023,vendredi,Tech,France,TPE,Starter,17,10,7,70.0,50,"21,4",8,5,6,4,5,"33,5",2,0,130.67,bleu,ap-s1,control,"Client insatisfait, risque de départ.",1500
SIM-02403,08 May 2024,mercredi,Finance,France,PME, Starter ,9,41,20,48.8,9,4.0,8,3,1,4,9,35.2,2,0,"595,5",vert,eu-w1,control,,6348
SIM-02404,17/03/2023,vendredi,finance,France,ETI, Business ,23,143,121,84.6,56,22.1,26,10,4,2,2,7.1 h,4,0,7772.79 €,sombre,eu-w1,B,,350553
SIM-02405,18 May 2023,jeudi,finance,Suisse,PME,business,21,18,6,33.3,1,0.1,26,8,8,27,2,"5,9",3,1,861.15,violet,ap-s1,A,,60728
SIM-02406,17 Jan 2023,mardi,Finance,Espagne,ETI,Enterprise,25,107,38,35.5%,17,"11,2",40,15,4,1,0,7.5 h,3,0,9790.13,sombre,eu-w3,A,,272949
SIM-02407,28/07/2024,dimanche,ÉDUCATION,Allemagne,ETI,Enterprise,6,164,76,46.3,15,4.0,40,21,1,1,2,3.9,3,1,15017.55 €,clair,us-e1,control,,726549
SIM-02408,07 Oct 2023,samedi,SANTÉ,Suisse,PME,Pro,16,18,8,44.4,14,7.3,16,6,2,4,5,18.1,,0,"531,0",clair,eu-w3,B,,44413
SIM-02409,14/06/2023,mercredi,Tech,Suisse,PME, Pro ,20,56,32,57.1,21,13.1,16,7,4,5,4,"11,5",4,0,1510.03,vert,eu-w1,A,"Compte engagé, ambassadeur potentiel.",23526
SIM-02410,14 Feb 2024,mercredi,Public,France,TPE,Business,12,5,1,"20,0",1,,26,4,2,13,0,3.0 h,5,1,223.14 €,clair,eu-w3,A,Faible adoption des sièges.,3294
SIM-02411,2024-06-09,dimanche,Industrie,France,ETI,Pro,8,128,116,"90,6",83,31.3,16,9,0,0,1,12.8,3,0,3098.68,bleu,eu-w1,control,Compte dans la moyenne.,55900
SIM-02412,30/07/2024,mardi,Industrie,Espagne,ETI,business,6,51,0,0.0,0,0.0,26,0,0,95,4,5.0,,2,2523.04 €,vert,eu-w1,B,Usage en forte baisse ce trimestre.,105514
SIM-02413,28 Jan 2024,dimanche, Éducation ,France, PME ,Pro,12,22,12,"54,5",19,11.6,16,7,6,0,1,,4,0,676.33,bleu,eu-w1,B,Client très satisfait et actif.,25511
SIM-02414,18/04/2023,mardi, Finance ,Espagne,TPE,Pro,22,11,9,,79,"57,7",16,10,4,1,4,14.0,4,0,303.54,sombre,us-e1,A,,7218
SIM-02415,14 Aug 2023,lundi,Tech,France,ETI,Enterprise,18,49,19,38.8%,2,0.4,40,10,2,15,1,1.4,,1,"2680,28",clair,eu-w3,control,,24176
SIM-02416,02 Jan 2024,mardi,santé,Belgique,TPE,starter,13,10,6,60.0,1,0.5,8,4,1,17,3,22.7,3,1,120.94,bleu,eu-w1,control,,3273
SIM-02417,26/09/2024,jeudi,finance,France,TPE,Pro,4,7,5,71.4,47,"35,8",16,5,1,4,0,10.7,4,1,"154,7",vert,ap-s1,control,RAS.,1522
SIM-02418,05 Dec 2023,mardi, Industrie ,France, TPE ,STARTER,14,1,1,100.0,1,0.1,8,0,5,15,0,4.7,5,1,"10,67",clair,ap-s1,A,,300
SIM-02419,09 Aug 2024,vendredi, Tech ,Canada,ETI,Enterprise,6,99,24,,8,"1,4",40,17,1,0,0,0.5 h,4,0,"8191,81",sombre,ap-s1,B,,141063
SIM-02420,05 Jun 2023,lundi,Finance,Canada,ETI,pro,20,38,10,26.3,4,1.1,16,5,,2,4,10.7,4,0,897.63,vert,us-e1,B,,5888
SIM-02421,13/06/2024,jeudi,Finance,France,PME,Pro,8,26,20,76.9,47,30.6,16,11,3,1,3,"12,1",4,0,567.86,clair,ap-s1,A,"Compte engagé, ambassadeur potentiel.",5588
SIM-02422,14 May 2023,dimanche,Santé,Belgique,TPE, Starter ,21,8,4,"50,0",37,,8,6,2,1,2,29.3,3,0,121.25,violet,eu-w1,control,,2486
SIM-02423,17 Sep 2023,dimanche,Commerce,France,pme, Pro ,17,29,8,27.6,13,3.6,16,7,,1,3,13.0,3,0,"817,68",violet,eu-w3,control,,80460
SIM-02424,11/11/2023,samedi,Finance,Espagne, TPE , Business ,15,3,1,33.3,3,1.5,26,5,0,2,5,,2,0,140.06,violet,us-e1,control,,5513
SIM-02425,2024-02-10,samedi,TECH,France,PME,PRO,12,23,19,,37,"15,6",16,4,0,0,1,"12,5",3,0,675.9,clair,eu-w3,control,Suivi standard.,11639
SIM-02426,16/01/2024,mardi, Commerce ,,PME,Business,13,56,15,26.8,3,"1,3",26,10,3,11,1,5.2,4,0,2319.03,vert,eu-w3,B,RAS.,38032
SIM-02427,07 Sep 2023,jeudi, Commerce ,Belgique,PME,starter,17,45,42,93.3%,76,"52,8",8,7,6,0,4,30.1,4,0,643.91,bleu,us-e1,control,,43297
SIM-02428,2023-07-12,mercredi,Finance,France,PME,Pro,19,40,33,82.5,76,"36,7",16,9,3,0,0,5.3,5,0,"1109,43",violet,eu-w1,B,"Compte engagé, ambassadeur potentiel.",20924
SIM-02429,10/02/2023,vendredi,industrie,France,ETI,BUSINESS,24,136,75,"55,1",28,,26,11,9,0,1,3.4,4,0,5841.44,sombre,eu-w1,B,Client très satisfait et actif.,239499
SIM-02430,02 Jul 2024,mardi,Éducation,France, TPE ,Pro,7,5,4,80.0%,29,"7,5",16,5,0,1,0,"8,9",5,1,"120,57",bleu,eu-w3,A,,1878
SIM-02431,2023-03-18,samedi,COMMERCE,Suisse,TPE,Starter,23,5,4,80.0,72,,8,5,3,1,0,7.6,5,0,"65,3",bleu,ap-s1,A,,2302
SIM-02432,05 Aug 2024,lundi,commerce,Canada,PME,Starter,6,56,33,58.9,33,15.6,8,2,3,0,2,20.2,,1,"553,25",vert,us-e1,A,,7259
SIM-02433,05 Dec 2024,jeudi, Santé ,France,GE,Enterprise,2,826,596,"72,2",52,27.2,40,15,1,2,4,6.9,2,2,"71684,53",violet,eu-w1,B,,2000000
SIM-02434,2024-09-03,mardi,COMMERCE,Espagne,eti,Business,5,44,36,81.8,42,35.7,26,16,0,0,6,9.5,1,,,violet,eu-w3,B,,12917
SIM-02435,2022-10-13,jeudi, Éducation ,France,tpe,PRO,28,1,1,"100,0",103,55.7,16,7,4,2,0,0.5,5,0,"33,27",vert,ap-s1,B,Client très satisfait et actif.,1064
SIM-02436,16/10/2023,lundi,,France,tpe,starter,16,2,1,,14,"8,6",8,4,1,2,3,26.0,4,0,25.96,clair,us-e1,A,Compte dans la moyenne.,300
SIM-02437,2022-12-04,dimanche,Industrie,Canada,TPE,business,26,8,1,12.5,1,,26,3,2,5,0,,3,0,319.17,vert,eu-w1,B,,13609
SIM-02438,13 Jul 2024,samedi,FINANCE,France,PME,Starter,7,48,15,"31,2",1,"0,3",8,1,2,4,1,18.5 h,5,2,545.45,sombre,eu-w3,A,,2236
SIM-02439,10/07/2024,mercredi,Finance,Canada,TPE,pro,7,9,2,22.2%,1,0.1,16,2,3,2,5,14.0,3,2,217.81,vert,us-e1,control,,9466
SIM-02440,2023-02-02,jeudi,santé,France,PME,Starter,24,27,0,0.0,0,0.0,8,0,0,33,0,,4,0,268.59 €,clair,us-e1,control,,3964
SIM-02441,10/09/2024,mardi,Finance,Canada,PME,Starter,5,19,15,,46,30.7,8,4,3,0,3,"31,8",4,,"234,82",vert,ap-s1,A,Client très satisfait et actif.,5777
SIM-02442,2024-07-05,vendredi,PUBLIC,Allemagne,TPE,Pro,7,11,7,"63,6",25,10.0,16,4,3,2,2,14.5,4,0,280.62 €,violet,eu-w3,A,Client très satisfait et actif.,7133
SIM-02443,15/12/2022,jeudi,Tech,Belgique,ge,pro,26,833,475,57.0,9,4.1,16,6,6,3,4,16.3 h,2,0,23825.28,bleu,eu-w3,B,,957300
SIM-02444,09/05/2023,mardi,Commerce,France, ETI ,ENTERPRISE,21,175,49,28.0%,8,1.5,40,14,5,5,3,3.4,4,0,14698.64,violet,ap-s1,B,,735226
SIM-02445,15 Sep 2023,vendredi,Industrie,Belgique, PME ,Business,17,32,0,0.0,0,"0,0",26,0,0,38,0,4.2,4,0,1587.94,sombre,eu-w3,B,Déploiement interne limité.,18230
SIM-02446,2024-07-01,lundi,Industrie,France,ETI,Business,7,89,21,23.6,5,"1,4",26,10,1,3,0,3.1,5,0,3992.53 €,violet,ap-s1,A,Faible adoption des sièges.,26191
SIM-02447,05/01/2023,jeudi,PUBLIC,Allemagne,TPE,starter,25,6,5,83.3%,49,"40,5",8,3,6,0,7,34.0,2,0,100.38 €,clair,ap-s1,A,"Client insatisfait, risque de départ.",3622
SIM-02448,2023-08-04,vendredi,Santé,France, ETI ,Business,18,148,14,"9,5",1,"0,1",26,4,2,8,0,5.2,,0,6357.74,sombre,us-e1,B,Déploiement interne limité.,119907
SIM-02449,17 Nov 2023,vendredi,Éducation,Allemagne,TPE,Pro,15,10,4,40.0,6,1.0,16,6,2,8,4,,3,0,285.43,bleu,ap-s1,A,RAS.,9128
SIM-02450,2024-01-13,samedi,Public,France,pme,BUSINESS,13,55,6,"10,9",1,0.1,26,8,4,30,1,5.3,3,2,"2151,38",violet,eu-w1,A,,29990
SIM-02451,2024-04-13,samedi,COMMERCE,Belgique,TPE,Starter,10,7,5,71.4%,48,20.5,8,2,0,1,7,42.3,2,0,88.2,bleu,ap-s1,B,,1013
SIM-02452,30 Oct 2023,lundi,éducation,France,eti,Business,15,57,14,24.6,3,1.7,26,5,4,4,0,,5,0,"1591,57",vert,eu-w1,control,Déploiement interne limité.,7831
SIM-02453,14 Apr 2024,dimanche,Finance,France,eti, Enterprise ,10,200,0,0.0%,0,0.0,40,0,0,51,2,"3,1",4,1,12366.61,violet,ap-s1,B,,273797
SIM-02454,2024-02-02,vendredi,Éducation,France,TPE,STARTER,12,7,0,0.0,0,0.0,8,0,0,64,0,15.4,5,0,,sombre,ap-s1,B,,1635
SIM-02455,07/07/2023,vendredi,Commerce,Suisse,ETI,Enterprise,19,40,13,32.5,17,5.1,40,21,6,1,2,"4,5",4,0,3082.21,violet,eu-w1,B,,90987
SIM-02456,15/02/2024,jeudi,Public,France,PME,Business,12,43,26,,18,7.7,26,17,1,4,0,3.0,3,0,1944.39,sombre,eu-w1,A,,31888
SIM-02457,01/03/2024,vendredi,santé,France,eti,BUSINESS,11,164,70,42.7,25,"23,4",26,6,1,0,7,6.2,4,0,8259.22,violet,us-e1,A,Support très sollicité récemment.,223494
SIM-02458,2024-11-24,dimanche,PUBLIC,France,pme,PRO,2,44,6,"13,6",1,"0,2",16,3,0,14,3,14.9,,1,1064.77,clair,us-e1,B,Mécontentement exprimé au support.,11350
SIM-02459,05 Jan 2025,dimanche,Santé,Canada,ETI,business,1,34,11,32.4,2,0.7,26,1,0,2,2,"5,7",,2,"1022,59",bleu,ap-s1,control,,8385
SIM-02460,15/07/2023,samedi,Commerce,France,eti, Starter ,19,83,27,32.5%,2,1.4,8,3,2,9,2,22.9,4,0,"1156,37",vert,eu-w1,B,,113787
SIM-02461,2025-01-05,dimanche,SANTÉ,France,TPE,starter,1,4,3,75.0%,81,"60,7",8,6,0,1,0,,5,2,56.92,vert,eu-w3,control,RAS.,420
SIM-02462,01/11/2023,mercredi,TECH,France,TPE, Starter ,15,4,1,25.0,1,"0,4",8,1,6,3,5,39.3,,0,"56,69",clair,eu-w1,A,,1395
SIM-02463,06 Dec 2023,mercredi,Public,Espagne,PME,Starter,14,21,17,81.0,71,35.9,8,4,4,2,0,12.4,4,1,262.21,sombre,eu-w1,A,"Compte engagé, ambassadeur potentiel.",7525
SIM-02464,03/01/2025,vendredi,Commerce,Suisse,ETI,Enterprise,1,168,61,"36,3",1,0.2,40,11,0,21,3,1.3 h,3,3,12831.1,clair,us-e1,control,,126258
SIM-02465,03/12/2023,dimanche,Industrie,France,TPE,Starter,14,6,2,33.3,8,"5,1",8,4,2,3,4,20.4,5,0,69.14 €,clair,ap-s1,control,,1134
SIM-02466,07 Jan 2025,mardi,Finance,France, PME ,enterprise,1,11,8,72.7%,65,"32,7",40,25,0,0,0,1.3,5,2,745.91,vert,eu-w3,A,,9786
SIM-02467,15 Jun 2023,jeudi, Éducation ,France,PME, Enterprise ,20,32,7,21.9%,6,3.0,40,14,10,3,0,0.5,5,0,"2805,8",bleu,us-e1,control,,161053
SIM-02468,18/04/2023,mardi,Commerce,Canada,pme,ENTERPRISE,22,35,12,34.3%,11,1.5,40,10,7,4,1,7.9,,0,3176.51 €,clair,eu-w1,A,"Client insatisfait, risque de départ.",41676
SIM-02469,12 Aug 2023,samedi,Tech,France, ETI ,Pro,18,63,56,88.9,87,95.7,16,9,5,0,2,,5,0,1671.69,clair,eu-w1,A,,64427
SIM-02470,12/09/2023,mardi,PUBLIC,France,TPE,Starter,17,7,6,85.7,35,13.2,8,3,6,0,0,14.6,5,0,64.93,vert,ap-s1,B,"Compte engagé, ambassadeur potentiel.",958
SIM-02471,27 Jul 2024,samedi, Santé ,Belgique, PME ,Pro,6,20,4,"20,0",1,"0,4",16,1,0,16,5,"18,5",2,0,"438,18",bleu,ap-s1,B,,7545
SIM-02472,2023-10-17,mardi,Tech,Suisse,PME,Pro,16,37,10,27.0,6,0.8,16,4,5,27,1,11.4 h,5,0,839.5,bleu,ap-s1,control,Suivi standard.,21340
SIM-02473,07 Jan 2025,mardi,Éducation,Allemagne,TPE,STARTER,1,3,1,33.3,1,0.1,8,2,0,14,0,"17,0",5,1,26.95,sombre,eu-w1,A,,300
SIM-02474,31 Jul 2024,mercredi,finance,Espagne,PME,Enterprise,6,46,38,82.6,60,,40,26,2,0,0,2.6 h,4,1,3465.93 €,clair,eu-w3,A,Compte dans la moyenne.,34105
SIM-02475,02/01/2025,jeudi, Finance ,France, TPE ,Pro,1,9,5,55.6,16,"0,8",16,3,0,2,1,10.3 h,4,2,"201,07",clair,us-e1,A,RAS.,2638
SIM-02476,09 Feb 2024,vendredi,Tech,France,PME,Enterprise,12,11,9,,48,"18,6",40,26,1,0,12,7.2,1,2,833.98,clair,eu-w3,B,"Client insatisfait, risque de départ.",6839
SIM-02477,11/07/2024,jeudi, Tech ,France,pme,Pro,7,55,42,"76,4",49,"31,4",16,6,3,0,0,"11,2",,0,1490.2,bleu,eu-w3,B,,40325
SIM-02478,2024-12-08,dimanche,commerce,Belgique,ETI, Business ,2,209,167,"79,9",42,12.3,26,11,0,1,0,2.0,5,0,10071.86,violet,eu-w1,control,Suivi standard.,404687
SIM-02479,14 Oct 2023,samedi,Tech,Suisse,ETI,Business,16,198,92,"46,5",18,10.8,26,15,1,0,1,2.5,4,0,8847.81,clair,eu-w3,control,,261187
SIM-02480,09/12/2024,lundi,finance,France, TPE ,Pro,2,3,1,33.3%,1,0.4,16,1,0,4,6,14.1 h,4,2,55.65,vert,us-e1,A,,319
SIM-02481,19 Dec 2022,lundi,santé,, PME , Pro ,26,12,7,58.3,33,16.6,16,6,,0,3,"15,7",,0,369.91,sombre,eu-w3,B,"Compte engagé, ambassadeur potentiel.",9100
SIM-02482,01/01/2025,mercredi,Public,France, ETI , Pro ,1,123,75,61.0,15,"11,4",16,7,,1,3,12.0,3,1,"2834,76",bleu,us-e1,B,,58113
SIM-02483,04 Dec 2024,mercredi, Industrie ,France,tpe, Pro ,2,7,3,42.9,11,"0,6",16,4,0,2,2,14.8,1,2,"127,97",sombre,eu-w1,A,,944
SIM-02484,05 Jun 2023,lundi,éducation,France,TPE, Business ,20,5,3,60.0,13,4.6,26,2,7,2,1,8.5 h,4,0,202.14,sombre,us-e1,control,,3647
SIM-02485,2025-01-06,lundi,santé,France, PME ,Starter,1,24,4,16.7%,1,0.1,8,2,0,4,4,24.3 h,4,1,220.95,violet,eu-w1,B,Déploiement interne limité.,725
SIM-02486,06/07/2023,jeudi,Commerce,Canada,PME,PRO,19,27,19,70.4,54,"35,0",16,5,6,0,4,"10,1",4,,655.22,sombre,eu-w3,B,Client très satisfait et actif.,12357
SIM-02487,14 Dec 2023,jeudi,santé,Espagne,TPE,Starter,14,1,1,100.0,30,17.6,8,3,3,2,1,20.3,2,0,10.85,clair,ap-s1,control,"Client insatisfait, risque de départ.",300
SIM-02488,01/09/2023,vendredi, Public ,France,PME,business,17,48,29,60.4,43,"24,5",26,15,5,0,1,8.2 h,4,0,2604.95,bleu,eu-w3,B,,113211
SIM-02489,2022-08-06,samedi,INDUSTRIE,,TPE,Enterprise,30,11,6,,1,0.3,40,3,8,1,5,4.9,3,0,847.56,clair,eu-w1,B,,20155
SIM-02490,24/12/2024,mardi,PUBLIC,Suisse,TPE,Pro,1,10,8,"80,0",67,34.3,16,10,0,1,1,13.4 h,4,5,226.49,bleu,us-e1,control,,5572
SIM-02491,07 Jan 2024,dimanche,Santé,Allemagne,PME, Starter ,13,30,14,46.7,17,"11,1",8,3,2,5,1,"17,2",4,1,"419,16",vert,eu-w3,control,,24403
SIM-02492,17/05/2023,mercredi,,France,PME,Business,21,32,23,71.9%,38,18.3,26,13,7,1,3,5.1,3,0,"1653,59",violet,eu-w3,control,,48814
SIM-02493,09/12/2024,lundi,Industrie,France,PME,pro,2,39,24,61.5,41,7.9,16,6,0,1,10,"19,2",3,0,,sombre,eu-w1,control,Support très sollicité récemment.,16986
SIM-02494,01 Jan 2024,lundi,,Belgique,TPE,Starter,13,3,2,66.7%,19,15.9,8,4,3,0,1,19.4,3,0,33.71,sombre,eu-w3,control,,300
SIM-02495,05 Jun 2023,lundi,Finance,Canada,ETI,pro,20,38,10,26.3,4,1.1,16,5,,2,4,10.7,4,0,897.63,vert,us-e1,B,,5888
SIM-02496,14/11/2023,mardi, Industrie ,France,PME,PRO,15,41,18,43.9,8,2.1,16,2,2,5,5,"20,6",3,0,,clair,eu-w1,B,,12449
SIM-02497,11 Nov 2023,samedi,Tech,,GE,Business,15,334,135,"40,4",7,4.5,26,3,7,5,3,"5,4",5,0,"14301,76",sombre,eu-w3,A,,1008560
SIM-02498,08 Jan 2024,lundi,COMMERCE,Suisse,PME,enterprise,13,32,6,"18,8",1,0.3,40,10,,3,2,"0,8",3,0,2579.13,vert,eu-w3,A,,46528
SIM-02499,16/03/2024,samedi,commerce,France,PME,Pro,11,16,5,"31,2",12,"6,8",16,1,0,1,2,23.4 h,2,0,"382,33",sombre,us-e1,B,"Client insatisfait, risque de départ.",5957
SIM-02500,2023-11-17,vendredi,commerce,France,TPE,Enterprise,15,2,2,100.0%,83,"35,0",40,29,0,1,2,5.2,4,0,178.28 €,vert,eu-w1,B,Compte dans la moyenne.,5263
SIM-02501,2024-04-12,vendredi,,Suisse,PME,Pro,10,22,13,59.1,33,15.5,16,6,4,2,2,6.8,4,2,650.96,clair,eu-w3,control,Client très satisfait et actif.,11743
SIM-02502,07 Sep 2024,samedi,INDUSTRIE,Canada,PME,business,5,57,0,0.0,0,"0,0",26,0,0,56,5,11.0,2,1,2240.62,clair,eu-w3,B,,18373
SIM-02503,06/02/2024,mardi,TECH,France,ETI,pro,12,62,44,71.0,53,41.0,16,10,1,0,7,19.2,3,0,"1250,39",sombre,eu-w1,B,Support très sollicité récemment.,13329
SIM-02504,2024-01-04,jeudi,Public,France, GE ,Pro,13,871,652,74.9,22,5.7,16,6,0,1,5,10.4,5,0,25169.0,vert,eu-w1,control,,1382785
SIM-02505,07/12/2023,jeudi,SANTÉ,, PME ,Enterprise,14,59,47,79.7,89,"67,2",40,20,3,2,0,3.7,5,0,5202.14,violet,eu-w3,B,,68252
SIM-02506,2024-07-31,mercredi, Santé ,France,PME,Business,6,38,0,0.0,0,0.0,26,0,0,89,0,"0,8",5,0,1558.43,bleu,eu-w1,control,,24280
SIM-02507,03/10/2023,mardi,Industrie,France,PME, Starter ,16,19,9,47.4%,13,"7,2",8,3,3,0,1,22.4,4,0,255.2,sombre,ap-s1,control,Client très satisfait et actif.,20926
SIM-02508,15 Apr 2023,samedi,Industrie,France,PME,PRO,22,40,22,55.0%,50,16.6,16,8,4,2,0,"12,3",3,0,"1092,4",vert,eu-w3,B,Compte dans la moyenne.,50163
SIM-02509,2023-12-01,vendredi,finance,France, ETI ,Enterprise,14,108,38,"35,2",13,9.2,40,10,3,0,2,0.5,4,0,8180.68,violet,eu-w3,control,"Compte engagé, ambassadeur potentiel.",60373
SIM-02510,31 Jul 2024,mercredi,PUBLIC,France,TPE,starter,6,1,1,100.0%,1,0.1,8,1,2,6,0,,5,0,,sombre,eu-w3,B,,300
SIM-02511,19 Jul 2023,mercredi,éducation,Belgique, TPE ,pro,19,4,1,25.0,10,2.3,16,10,2,6,1,3.7,5,0,80.36,vert,us-e1,B,,725
SIM-02512,29 Mar 2024,vendredi,santé,Suisse, TPE ,Starter,10,11,0,0.0,0,0.0,8,0,0,78,2,"27,2",3,0,"143,43",clair,eu-w1,A,"Compte peu actif, relance nécessaire.",3646
SIM-02513,08 Sep 2023,vendredi,Tech,Belgique,TPE,BUSINESS,17,1,1,,45,25.6,26,13,2,1,2,7.7 h,3,0,52.78,clair,us-e1,B,,2510
SIM-02514,09 Sep 2024,lundi, Santé ,France,PME,PRO,5,20,15,75.0,50,,16,9,1,4,0,11.9,4,0,544.11 €,clair,eu-w1,B,,24539
SIM-02515,2023-06-02,vendredi,Commerce,France,PME,Pro,20,33,18,54.5,34,12.2,16,7,8,0,2,14.1 h,3,0,875.96,bleu,ap-s1,A,,41661
SIM-02516,13/04/2024,samedi,ÉDUCATION,France,PME, Enterprise ,10,13,8,"61,5",45,"23,4",40,18,1,1,1,2.5,3,0,"988,43",violet,eu-w1,control,,24315
SIM-02517,10 Aug 2023,jeudi,Industrie,France, TPE ,STARTER,18,6,5,83.3%,53,"48,9",8,6,2,1,4,33.1,,0,61.33,clair,ap-s1,A,,1760
SIM-02518,01 Dec 2023,vendredi,Commerce,France,PME,business,14,10,4,40.0%,10,1.6,26,5,3,2,1,8.3 h,3,0,547.32,clair,eu-w1,A,,9425
SIM-02519,02/01/2025,jeudi,finance,Belgique, PME ,starter,1,21,9,42.9,19,3.5,8,1,0,1,6,,3,2,236.33,sombre,ap-s1,A,,2325
SIM-02520,08/02/2023,mercredi,tech,France,ETI,Pro,24,57,25,"43,9",15,"7,9",16,2,3,2,2,"18,1",4,0,1525.67,bleu,ap-s1,A,"Compte engagé, ambassadeur potentiel.",25021
SIM-02521,12 Oct 2024,samedi,Commerce,Espagne,ge,Enterprise,4,540,329,,22,5.4,40,13,0,0,3,2.0,4,1,36083.22 €,sombre,ap-s1,B,Suivi standard.,384647
SIM-02522,20/02/2023,lundi,PUBLIC,France,eti,PRO,24,214,55,25.7%,3,"1,1",16,5,3,8,2,12.8,3,0,4871.78,vert,eu-w1,B,,131830
SIM-02523,07 Aug 2023,lundi,Tech,,PME,Enterprise,18,48,30,62.5,20,"12,9",40,13,2,0,4,3.6,2,1,4048.98,clair,eu-w3,control,"Client insatisfait, risque de départ.",102925
SIM-02524,25/12/2024,mercredi,Finance,Espagne,TPE,Starter,1,4,2,50.0,19,7.9,8,2,,1,5,32.7 h,,5,49.76,violet,eu-w3,control,Suivi standard.,571
SIM-02525,09 Jul 2024,mardi,Tech,France, PME ,Pro,7,21,18,85.7,63,45.5,16,12,1,2,2,14.2 h,4,0,438.72,sombre,us-e1,A,Suivi standard.,7915
SIM-02526,2023-07-06,jeudi,SANTÉ,Canada, TPE ,Starter,19,2,1,"50,0",26,6.2,8,2,1,1,6,35.8,2,0,28.07,vert,eu-w1,B,,2762
SIM-02527,2024-04-06,samedi,commerce,Canada,ETI,Pro,10,112,28,25.0%,1,"0,1",16,1,2,1,2,9.0,4,0,2619.07,bleu,us-e1,B,RAS.,75167
SIM-02528,06/11/2022,dimanche,,France,ETI,Pro,27,98,0,,0,0.0,16,0,0,76,4,20.4,2,0,2697.77 €,bleu,eu-w3,A,,132730
SIM-02529,02/01/2025,jeudi, Public ,France,TPE,Business,1,4,3,75.0%,77,63.8,26,16,0,1,1,6.4,5,1,171.98,clair,us-e1,B,,10436
SIM-02530,11/09/2024,mercredi,Finance,France,PME,Business,5,58,15,,1,0.2,26,1,0,30,3,7.4,3,3,1844.54,violet,eu-w3,control,Compte dans la moyenne.,34788
SIM-02531,01/04/2024,lundi,Public,France, PME ,Starter,10,16,14,"87,5",99,90.2,8,5,2,1,7,36.7,3,0,223.0,vert,eu-w3,control,,7863
SIM-02532,2024-08-08,jeudi, Industrie ,France, GE ,enterprise,6,194,78,40.2,7,,40,19,0,9,1,"1,0",2,0,"12981,8",vert,ap-s1,B,Mécontentement exprimé au support.,42580
SIM-02533,08/12/2023,vendredi,Tech,France, PME , Pro ,14,14,10,71.4,37,"11,1",16,6,3,0,1,9.4 h,3,0,"287,54",bleu,ap-s1,B,,1415
SIM-02534,2023-08-04,vendredi,Santé,France,TPE,Pro,18,7,5,"71,4",72,43.7,16,10,4,0,3,11.7 h,4,0,210.33 €,violet,eu-w3,A,Client très satisfait et actif.,5002
SIM-02535,28/07/2024,dimanche,Éducation,France,ETI,Business,6,63,12,,5,3.6,26,11,3,0,2,6.3 h,3,3,2781.02,vert,eu-w3,control,Faible adoption des sièges.,47889
SIM-02536,09 Jan 2025,jeudi, Éducation ,Belgique,TPE,BUSINESS,1,1,1,,37,9.9,26,7,1,1,0,,4,2,39.83,sombre,eu-w3,A,,300
SIM-02537,2025-01-05,dimanche,industrie,France,ETI,pro,1,116,20,"17,2",1,0.2,16,4,1,1,0,3.0 h,,,2998.43,vert,eu-w1,control,,14752
SIM-02538,2023-11-07,mardi,Tech,France,pme,Starter,15,45,34,75.6,25,4.8,8,4,3,2,4,30.6,3,0,567.93,vert,eu-w3,A,,7451
SIM-02539,2024-12-26,jeudi,Finance,Suisse,ETI,pro,1,102,14,,1,"0,1",16,2,0,18,2,8.8,3,1,2242.92,sombre,ap-s1,control,Faible adoption des sièges.,31266
SIM-02540,04/05/2024,samedi,Tech,France,tpe,Pro,9,9,3,33.3,1,0.1,16,0,2,30,2,10.4,3,0,139.07,clair,ap-s1,control,Compte dans la moyenne.,2623
SIM-02541,11 Nov 2024,lundi,Tech,Canada,ETI,Pro,3,102,51,"50,0",21,8.3,16,3,0,0,1,6.3,5,0,2618.18,sombre,eu-w3,control,,17175
SIM-02542,2024-10-09,mercredi,PUBLIC,France,PME,Pro,4,26,10,38.5%,5,"0,9",16,5,0,15,1,14.5,5,2,"571,87",bleu,ap-s1,B,,7503
SIM-02543,2022-11-07,lundi,Éducation,France,TPE,pro,27,6,4,66.7%,39,15.5,16,7,3,1,0,7.2,5,0,174.47,clair,eu-w3,A,,3720
SIM-02544,05 Oct 2023,jeudi,Tech,France, PME ,Business,16,19,15,78.9,52,18.0,26,11,7,0,3,,3,0,1059.69,vert,eu-w3,control,,25199
SIM-02545,13/07/2023,jeudi,Tech,France,TPE,Starter,19,2,1,"50,0",1,0.2,8,2,2,18,7,28.6,3,0,21.44,violet,us-e1,control,"Multiples tickets ouverts, friction élevée.",300
SIM-02546,11/07/2024,jeudi,Finance,France,PME,Pro,7,38,25,"65,8",24,22.5,16,6,1,3,8,14.4,2,0,1002.48 €,bleu,ap-s1,control,,37814
SIM-02547,06/11/2023,lundi,Commerce,Suisse,PME,Business,15,53,30,"56,6",29,10.3,26,18,3,2,1,,5,0,2350.36,bleu,eu-w1,control,,55892
SIM-02548,19/03/2023,dimanche,,Espagne,PME,Pro,23,48,19,39.6,22,20.0,16,8,3,2,6,11.9,3,,1178.71,clair,eu-w1,A,Compte dans la moyenne.,13532
SIM-02549,2024-02-02,vendredi,Éducation,France,TPE,STARTER,12,7,0,0.0,0,0.0,8,0,0,64,0,15.4,5,0,,sombre,ap-s1,B,,1635
SIM-02550,13/04/2024,samedi,Tech,Espagne,PME,Pro,10,18,6,"33,3",1,"0,3",16,5,1,0,2,11.0,4,0,397.26,clair,eu-w3,control,,7167
SIM-02551,2024-06-11,mardi,Commerce,,TPE,Pro,8,3,2,66.7,47,10.8,16,7,1,0,2,13.8,3,,75.08 €,bleu,ap-s1,A,RAS.,923
SIM-02552,20 Jun 2023,mardi, Éducation ,Allemagne,TPE,pro,20,2,0,0.0,0,,16,0,0,62,0,8.7,3,0,"50,21",sombre,us-e1,A,,782
SIM-02553,15 Feb 2024,jeudi,Industrie,Suisse,ETI, Pro ,12,114,36,31.6%,1,0.2,16,3,,1,1,10.9,2,,"3457,65",clair,us-e1,A,"Client insatisfait, risque de départ.",56705
SIM-02554,04/01/2024,jeudi,Public,France,TPE,STARTER,13,2,1,"50,0",7,1.3,8,3,3,3,0,16.3,5,1,23.88 €,bleu,eu-w1,B,"Compte engagé, ambassadeur potentiel.",352
SIM-02555,2024-04-06,samedi,finance,France, PME ,PRO,10,55,37,67.3,39,12.1,16,8,,3,0,10.0,5,0,"1280,0",bleu,us-e1,control,,20992
SIM-02556,29 Dec 2023,vendredi,Commerce,Canada,PME,Business,13,32,12,,5,3.2,26,5,3,17,0,2.0,,0,1872.43 €,sombre,eu-w3,B,Compte dans la moyenne.,69093
SIM-02557,2023-11-04,samedi,Finance,France,ETI,pro,15,206,73,35.4,17,14.1,16,4,4,0,0,7.7 h,5,0,5402.99,clair,ap-s1,A,,57596
SIM-02558,02/01/2025,jeudi, Tech ,France,PME,Enterprise,1,34,29,85.3,74,21.4,40,24,0,3,0,1.1,5,1,2608.99,bleu,us-e1,A,Compte dans la moyenne.,29951
SIM-02559,31 Aug 2024,samedi,Finance,France,PME,Pro,5,40,25,62.5%,22,11.2,16,5,1,2,3,"7,7",5,2,1050.51 €,clair,eu-w1,A,Suivi standard.,10337
SIM-02560,07/09/2023,jeudi,finance,Espagne,TPE,BUSINESS,17,2,1,50.0%,39,17.3,26,14,2,0,3,12.7,4,0,"114,91",sombre,us-e1,B,RAS.,3109
SIM-02561,16/11/2023,jeudi,commerce,Belgique,PME,pro,15,22,9,40.9,14,"8,0",16,3,1,1,2,16.3,3,0,460.82,sombre,eu-w3,B,,9825
SIM-02562,06 Jan 2025,lundi,Santé,France,ETI,Business,1,198,38,19.2,1,0.3,26,7,0,30,3,4.9,,2,"6748,93",violet,ap-s1,A,Faible adoption des sièges.,22136
SIM-02563,17/08/2023,jeudi, Finance ,Suisse,GE,Enterprise,18,697,490,70.3,54,48.2,40,18,2,0,0,"3,6",4,0,,vert,eu-w3,control,,366898
SIM-02564,2024-06-01,samedi, Éducation ,Allemagne,TPE,Business,8,8,5,62.5%,25,9.4,26,10,3,1,4,3.8,4,0,307.82,clair,us-e1,B,"Compte engagé, ambassadeur potentiel.",2272
SIM-02565,11 Nov 2024,lundi,Tech,Belgique,ETI,Enterprise,3,89,33,37.1,10,"4,4",40,5,1,4,5,4.1,4,0,8262.26,violet,eu-w3,B,,74526
SIM-02566,28/12/2024,samedi,Commerce,Allemagne,PME,Business,1,49,28,"57,1",20,,26,9,0,1,2,5.7,4,1,1685.97,sombre,ap-s1,control,Compte dans la moyenne.,15207
SIM-02567,31 Dec 2024,mardi,commerce,France,PME,Pro,1,55,12,"21,8",1,0.3,16,3,0,22,0,7.3 h,5,4,"1314,14",sombre,ap-s1,A,,9698
SIM-02568,08 May 2024,mercredi,industrie,France,pme,business,9,20,9,45.0,4,1.4,26,8,2,12,0,2.7 h,5,1,1072.19,clair,ap-s1,A,RAS.,10550
SIM-02569,12/02/2024,lundi,ÉDUCATION,Belgique, PME ,Pro,12,48,17,,7,1.6,16,6,6,2,1,10.8,3,0,1147.44 €,bleu,us-e1,B,,15054
SIM-02570,2024-12-31,mardi,Finance,France,TPE,Pro,1,8,5,"62,5",31,19.4,16,8,,1,3,10.7 h,5,0,214.69,clair,eu-w3,control,,5633
SIM-02571,2023-05-16,mardi,Tech,Allemagne,ETI,Business,21,69,36,"52,2",27,13.3,26,10,1,0,2,6.4,4,0,3508.82 €,sombre,ap-s1,control,,71931
SIM-02572,2023-09-10,dimanche,Tech,France,PME,pro,17,49,28,57.1%,36,20.4,16,7,,2,5,"12,9",2,0,1168.82,clair,ap-s1,control,Mécontentement exprimé au support.,7667
SIM-02573,17/12/2023,dimanche,Santé,, PME ,PRO,14,25,9,36.0,1,,16,4,1,6,5,20.4,2,0,631.41,clair,us-e1,B,,7249
SIM-02574,2024-02-13,mardi,Éducation,France, TPE ,Starter,12,4,2,50.0,27,11.4,8,3,6,1,0,16.9 h,4,0,52.19 €,bleu,eu-w3,A,,1455
SIM-02575,04 Jun 2023,dimanche,Public,France,TPE,STARTER,20,4,1,"25,0",9,6.6,8,3,4,8,4,33.9 h,2,0,46.42,sombre,us-e1,B,Mécontentement exprimé au support.,2246
SIM-02576,23 Dec 2024,lundi,TECH,,tpe,Starter,1,10,6,"60,0",40,"30,2",8,3,0,0,1,21.1,5,2,129.34,vert,us-e1,B,,1273
SIM-02577,02/01/2025,jeudi,Public,France,PME, Pro ,1,21,15,71.4,17,1.5,16,7,0,1,5,16.7 h,3,5,438.63,clair,ap-s1,control,,5395
SIM-02578,11 Jun 2023,dimanche,,France,PME,Pro,20,49,10,20.4,1,0.1,16,6,,13,0,9.3,5,0,1403.28,bleu,eu-w1,control,,40274
SIM-02579,01 Apr 2024,lundi,Tech,France,PME,PRO,10,22,3,13.6,1,0.1,16,1,8,6,2,,3,0,583.14 €,violet,eu-w1,B,Déploiement interne limité.,18649
SIM-02580,11/09/2024,mercredi,finance,Allemagne,TPE,business,5,6,4,66.7%,20,10.2,26,9,3,2,6,9.3,,1,259.27,violet,ap-s1,B,Mécontentement exprimé au support.,2339
SIM-02581,18 Oct 2023,mercredi,Industrie,Allemagne, TPE ,starter,16,6,5,83.3%,64,"49,1",8,4,4,4,0,14.1,5,0,67.19,bleu,us-e1,A,Client très satisfait et actif.,551
SIM-02582,08 Jan 2025,mercredi,Industrie,Canada,PME,Pro,1,13,8,61.5%,36,14.9,16,4,0,0,2,14.0 h,4,2,364.13,sombre,us-e1,A,,2986
SIM-02583,10 Sep 2024,mardi,Industrie,Allemagne,ETI,Pro,5,181,116,64.1%,37,8.2,16,4,2,0,4,14.0,4,0,,vert,ap-s1,B,,62296
SIM-02584,2024-06-01,samedi,industrie,Belgique,PME, Starter ,8,54,23,42.6,12,3.4,8,1,5,2,1,24.7,4,1,667.67,violet,us-e1,control,Client très satisfait et actif.,5475
SIM-02585,2024-08-25,dimanche,Industrie,France,pme,Pro,5,57,41,"71,9",50,36.3,16,10,2,1,1,10.5,3,0,1570.51,bleu,eu-w1,A,Suivi standard.,25756
SIM-02586,29 Mar 2024,vendredi, Commerce ,France,TPE,ENTERPRISE,10,9,5,55.6,25,1.2,40,27,4,0,3,4.4,3,0,"632,69",clair,eu-w3,control,,4669
SIM-02587,2024-05-12,dimanche, Éducation ,Belgique,TPE,starter,9,1,1,100.0,1,0.2,8,2,1,1,3,,3,1,10.82,sombre,eu-w3,B,,300
SIM-02588,2022-09-17,samedi,Commerce,France,PME,business,29,42,25,,39,20.2,26,10,8,1,0,,5,0,1600.67,bleu,us-e1,control,"Compte engagé, ambassadeur potentiel.",32814
SIM-02589,07/10/2024,lundi,Public,France,TPE,Starter,4,6,4,"66,7",41,29.9,8,3,1,2,3,33.0,2,1,74.86,bleu,ap-s1,A,"Client insatisfait, risque de départ.",1473
SIM-02590,10/11/2024,dimanche,FINANCE,France,tpe,Pro,3,3,1,,8,"3,2",16,5,2,0,0,9.2,3,2,64.27,bleu,ap-s1,B,,300
SIM-02591,13 Feb 2023,lundi,Éducation,Espagne,PME,pro,24,32,14,43.8,14,"2,7",16,3,1,5,4,17.5 h,2,0,867.44 €,sombre,us-e1,B,,21339
SIM-02592,2024-04-12,vendredi,industrie,Belgique,TPE,STARTER,10,1,1,100.0,22,"15,3",8,2,1,3,0,14.4,4,1,9.91,violet,us-e1,A,Suivi standard.,300
SIM-02593,06 Sep 2024,vendredi, Tech ,France,pme,starter,5,25,13,"52,0",23,,8,3,0,1,6,35.6 h,3,4,318.77,vert,eu-w1,B,,6535
SIM-02594,11 Feb 2024,dimanche,Commerce,France,TPE,Starter,12,3,1,"33,3",3,0.7,8,3,6,10,2,18.9,4,1,24.02 €,clair,eu-w3,B,,300
SIM-02595,17 Dec 2023,dimanche,commerce,France,PME,Pro,14,16,8,50.0,16,,16,2,0,2,8,20.9,1,0,357.44,clair,eu-w1,B,"Client insatisfait, risque de départ.",7914
SIM-02596,2024-09-01,dimanche,industrie,France,eti, Business ,5,118,104,88.1,68,20.8,26,17,1,0,0,0.5,4,0,5317.55,bleu,eu-w3,A,,61045
SIM-02597,2024-04-07,dimanche,Commerce,France,PME,Pro,10,12,10,"83,3",63,26.4,16,11,1,0,0,2.3,5,0,336.22,clair,eu-w1,B,,6617
SIM-02598,31/05/2024,vendredi,Tech,France,tpe, Pro ,8,2,1,50.0%,27,7.8,16,6,1,1,0,"7,7",3,1,49.4,violet,us-e1,A,Compte dans la moyenne.,810
SIM-02599,2023-08-12,samedi,Tech,Suisse,TPE,Pro,18,2,1,50.0,10,4.0,16,5,6,1,0,1.5,5,0,49.05,vert,ap-s1,B,"Compte engagé, ambassadeur potentiel.",1046
SIM-02600,05 Mar 2024,mardi,Commerce,France,PME, Pro ,11,30,6,20.0,5,0.2,16,8,4,3,5,12.2,3,1,521.24,bleu,us-e1,B,,6839
SIM-02601,2025-01-03,vendredi, Finance ,France, TPE ,Pro,1,6,1,16.7%,3,"0,2",16,6,0,3,12,22.5,2,3,166.43,clair,eu-w1,A,,2320
SIM-02602,11 Oct 2022,mardi, Industrie ,France,TPE,Pro,28,8,4,"50,0",25,7.6,16,3,10,1,2,9.4,4,0,239.0,violet,us-e1,B,,23518
SIM-02603,12/08/2024,lundi,Industrie,Suisse,TPE,Starter,6,5,0,0.0,0,0.0,8,0,0,41,0,20.9,5,0,55.78,sombre,eu-w3,A,Déploiement interne limité.,320
SIM-02604,08/06/2024,samedi,ÉDUCATION,Allemagne,PME,BUSINESS,8,51,16,31.4,1,0.2,26,3,2,30,3,,3,0,2323.52,bleu,us-e1,control,Suivi standard.,104791
SIM-02605,28/01/2024,dimanche,Santé,France,PME,Pro,12,45,24,53.3,1,0.5,16,4,2,9,12,23.0,2,0,909.24,bleu,eu-w1,control,,8947
SIM-02606,30 Nov 2023,jeudi,COMMERCE,France,ETI,Pro,14,183,35,"19,1",1,0.3,16,2,6,25,4,"15,2",3,0,4339.46,violet,eu-w1,control,Faible adoption des sièges.,142334
SIM-02607,2025-01-09,jeudi,Tech,France,ETI,Enterprise,1,116,0,0.0,0,0.0,40,0,0,30,4,3.7,3,2,8284.23,vert,us-e1,B,Déploiement interne limité.,33965
SIM-02608,05/07/2023,mercredi,INDUSTRIE,France,TPE,Starter,19,8,0,"0,0",0,0.0,8,0,0,31,3,26.8,2,0,72.76,bleu,ap-s1,control,,1551
SIM-02609,02 Jun 2024,dimanche,Tech,Belgique,TPE,PRO,8,1,1,"100,0",53,15.7,16,5,2,0,1,9.6,3,0,25.86,bleu,us-e1,A,Suivi standard.,509
SIM-02610,11 Nov 2023,samedi,Éducation,,TPE,Pro,15,1,1,100.0,12,5.6,16,4,2,0,1,16.1,,0,17.95,vert,us-e1,control,"Client insatisfait, risque de départ.",300
SIM-02611,2024-05-27,lundi,Éducation,Belgique,TPE,Starter,8,5,4,80.0,34,,8,4,2,2,4,30.3,3,0,64.66,clair,eu-w1,A,RAS.,901
SIM-02612,31 Oct 2024,jeudi,santé,France,ETI,Business,3,206,152,"73,8",26,9.5,26,12,0,0,3,6.1,4,1,9583.21,vert,eu-w3,A,,125732
SIM-02613,10 Aug 2024,samedi,Finance,France,ETI,Business,6,107,81,75.7,80,35.2,26,9,1,0,9,"10,3",3,2,"4594,49",violet,eu-w1,A,,48977
SIM-02614,12 Dec 2023,mardi,industrie,France,ETI,Pro,14,149,36,24.2,2,"0,1",16,3,4,5,12,18.9 h,2,0,3136.15,clair,eu-w3,A,Mécontentement exprimé au support.,66863
SIM-02615,02/01/2025,jeudi, Finance ,France, TPE ,Pro,1,9,5,55.6,16,"0,8",16,3,0,2,1,10.3 h,4,2,"201,07",clair,us-e1,A,RAS.,2638
SIM-02616,02/10/2023,lundi,Industrie,France,eti, Business ,16,116,63,,11,2.3,26,9,3,4,2,5.5,2,0,4889.58,violet,eu-w1,B,Mécontentement exprimé au support.,32076
SIM-02617,07 Dec 2023,jeudi,Éducation,France,GE,Pro,14,421,294,69.8,42,33.1,16,6,3,3,0,7.8,4,0,11403.25,violet,ap-s1,B,Client très satisfait et actif.,84156
SIM-02618,02/11/2023,jeudi,ÉDUCATION,France,TPE,Pro,15,2,1,,1,0.5,16,0,4,21,8,14.8,4,0,"48,1",violet,ap-s1,control,Support très sollicité récemment.,1223
SIM-02619,27 Dec 2024,vendredi,,Canada,GE,Business,1,431,399,92.6,134,170.2,26,15,0,1,0,7.0,5,2,21420.29,violet,eu-w1,B,Suivi standard.,228340
SIM-02620,18 Jul 2023,mardi,Santé,Canada,PME,Business,19,43,30,69.8,54,41.2,26,15,3,1,3,5.4,2,0,2315.3,sombre,ap-s1,B,Mécontentement exprimé au support.,68348
SIM-02621,09/07/2023,dimanche,Industrie,France,TPE,STARTER,19,8,5,62.5,32,"13,4",8,1,5,2,1,23.4,3,0,108.14,vert,eu-w3,B,,9045
SIM-02622,10/11/2023,vendredi,finance,France,PME,Pro,15,17,3,17.6,1,0.1,16,7,4,3,2,10.9 h,4,0,480.42,bleu,eu-w1,A,,6697
SIM-02623,2023-03-12,dimanche,Tech,Canada,PME, Starter ,23,54,20,37.0,9,"2,2",8,4,5,7,1,17.4,5,0,707.01,sombre,eu-w1,control,"Compte engagé, ambassadeur potentiel.",37104
SIM-02624,27/12/2024,vendredi,Finance,Belgique,TPE,Pro,1,4,3,75.0,29,18.5,16,4,0,2,2,14.8,3,0,103.12,bleu,us-e1,control,Compte dans la moyenne.,2368
SIM-02625,2023-12-04,lundi,PUBLIC,Canada,TPE, Starter ,14,11,5,45.5,10,"6,0",8,3,5,1,0,11.4 h,4,0,147.96,vert,ap-s1,control,,2669
SIM-02626,2024-06-08,samedi, Commerce ,Allemagne,PME,Pro,8,31,24,77.4%,37,"21,1",16,10,3,0,1,10.4 h,,2,893.26 €,sombre,eu-w1,B,,19044
SIM-02627,06 Oct 2023,vendredi,COMMERCE,Belgique,PME,Business,16,55,0,0.0,0,"0,0",26,0,0,47,0,5.5,5,0,2138.58 €,vert,ap-s1,A,,28058
SIM-02628,28/02/2024,mercredi,Éducation,France,ETI,starter,11,42,20,47.6,10,5.4,8,2,6,1,3,24.1,4,1,562.28,clair,ap-s1,A,"Compte engagé, ambassadeur potentiel.",5072
SIM-02629,2025-01-02,jeudi, Industrie ,France,ETI,Business,1,175,66,37.7,7,4.4,26,7,0,3,2,7.5 h,3,4,7976.79,clair,eu-w1,B,Compte dans la moyenne.,104655
SIM-02630,10/06/2024,lundi,tech,France,TPE, Starter ,8,3,2,66.7%,36,27.4,8,4,2,0,0,1.5 h,5,3,43.46,violet,us-e1,control,,1532
SIM-02631,30/09/2024,lundi,Commerce,,TPE,business,4,1,1,100.0,67,,26,13,1,1,3,6.1,,0,"51,75",bleu,us-e1,B,Compte dans la moyenne.,424
SIM-02632,2025-01-10,vendredi,Éducation,France,TPE,Starter,1,10,7,70.0,47,33.3,8,4,,1,3,31.3,3,7,126.36,vert,eu-w1,B,,5388
SIM-02633,07/04/2024,dimanche,Finance,France,TPE,starter,10,10,5,50.0%,17,0.8,8,2,2,0,0,17.4,4,2,132.69,sombre,eu-w1,B,,1632
SIM-02634,08/06/2024,samedi,ÉDUCATION,Allemagne,PME,BUSINESS,8,51,16,31.4,1,0.2,26,3,2,30,3,,3,0,2323.52,bleu,us-e1,control,Suivi standard.,104791
SIM-02635,02/09/2023,samedi, Commerce ,France,TPE,Starter,17,4,3,"75,0",21,"10,6",8,3,,3,4,28.4 h,2,0,"53,86",clair,eu-w3,control,,3092
SIM-02636,12/08/2023,samedi,Éducation,France,PME, Starter ,18,58,0,"0,0",0,0.0,8,0,0,35,0,18.6,5,,754.63,bleu,ap-s1,A,Faible adoption des sièges.,18564
SIM-02637,12 Apr 2023,mercredi,Éducation,Allemagne,ETI,Business,22,63,46,73.0,60,,26,13,,2,0,2.6,,0,3398.12 €,sombre,ap-s1,B,"Compte engagé, ambassadeur potentiel.",103099
SIM-02638,2023-11-07,mardi,Commerce,France,PME, Pro ,15,22,0,"0,0",0,"0,0",16,0,0,60,0,8.9,5,0,551.5 €,violet,eu-w3,control,Déploiement interne limité.,33465
SIM-02639,09 Oct 2024,mercredi,Éducation,France,PME,BUSINESS,4,19,8,42.1,1,0.3,26,11,0,7,0,6.4,2,3,887.83 €,clair,eu-w3,B,"Client insatisfait, risque de départ.",13832
SIM-02640,2023-10-16,lundi,Tech,France,TPE,Starter,16,3,3,100.0,89,24.4,8,4,4,0,0,23.3 h,4,0,39.27,bleu,eu-w3,control,Client très satisfait et actif.,805
SIM-02641,24/12/2024,mardi,Public,France,ETI, Business ,1,140,80,57.1,43,"24,5",26,9,0,1,3,7.8,3,3,6273.76,sombre,ap-s1,control,Suivi standard.,123468
SIM-02642,2025-01-06,lundi,Santé,Allemagne,TPE,Starter,1,9,7,77.8,31,13.9,8,3,0,0,2,,,3,84.79 €,vert,eu-w1,B,,1112
SIM-02643,13 Jul 2023,jeudi,commerce,Belgique,PME,starter,19,48,17,35.4%,7,0.6,8,3,,6,3,24.0,,0,573.95,sombre,eu-w1,A,,12707
SIM-02644,28/05/2024,mardi,ÉDUCATION,Espagne,TPE,Starter,8,4,3,75.0,51,32.7,8,4,1,0,0,13.6,5,1,54.05,clair,eu-w3,B,,399
SIM-02645,15 May 2023,lundi,tech,Suisse,tpe,Starter,21,7,3,42.9,18,9.9,8,4,3,2,4,"32,5",5,0,83.93 €,violet,ap-s1,control,,2134
SIM-02646,02 Dec 2024,lundi,Tech,France,TPE,Pro,2,2,1,50.0,27,,16,5,0,0,1,12.0,5,2,45.66,bleu,ap-s1,control,Compte dans la moyenne.,412
SIM-02647,11/09/2024,mercredi,finance,Allemagne,TPE,business,5,6,4,66.7%,20,10.2,26,9,3,2,6,9.3,,1,259.27,violet,ap-s1,B,Mécontentement exprimé au support.,2339
SIM-02648,11 Aug 2023,vendredi,finance,Allemagne,TPE,pro,18,7,3,42.9,7,"0,4",16,3,3,3,2,"10,2",2,0,165.86 €,violet,us-e1,control,"Client insatisfait, risque de départ.",3536
SIM-02649,2024-11-05,mardi,Éducation,France,PME,Pro,3,9,2,22.2%,4,0.8,16,3,0,13,6,17.8,,3,190.58,vert,eu-w3,B,,781
SIM-02650,2024-10-07,lundi,ÉDUCATION,France,GE,Enterprise,4,818,271,33.1%,7,"3,7",40,18,1,3,0,0.6,5,3,54509.69,vert,us-e1,A,,536375
SIM-02651,2023-07-18,mardi,industrie,France,PME,Business,19,48,37,"77,1",51,27.5,26,8,6,0,0,"4,8",5,0,2383.95,sombre,eu-w3,A,"Compte engagé, ambassadeur potentiel.",52781
SIM-02652,2024-04-13,samedi,public,France, TPE ,Pro,10,11,5,"45,5",4,0.2,16,5,3,5,1,10.6,4,1,309.99,sombre,ap-s1,A,,8388
SIM-02653,2023-10-18,mercredi, Commerce ,Allemagne,ETI,ENTERPRISE,16,194,0,"0,0",0,0.0,40,0,0,181,0,3.3,3,0,15814.01,vert,ap-s1,A,"Compte peu actif, relance nécessaire.",298252
SIM-02654,2023-12-02,samedi,commerce,France, TPE ,starter,14,4,1,25.0%,2,0.8,8,2,5,30,5,29.8,4,0,44.97,violet,eu-w1,control,,1291
SIM-02655,06/01/2025,lundi,INDUSTRIE,France,ge,Business,1,689,296,43.0%,20,"8,5",26,2,0,1,1,"4,3",3,2,"24732,91",vert,ap-s1,B,,385339
SIM-02656,14/02/2024,mercredi,SANTÉ,Canada,PME,Pro,12,43,23,53.5,3,1.9,16,4,2,30,2,12.8 h,3,,1063.29,clair,eu-w3,control,,10463
SIM-02657,2024-05-28,mardi,FINANCE,France,PME,Starter,8,8,5,"62,5",50,2.5,8,4,1,0,3,25.3 h,3,2,113.55,sombre,us-e1,control,Suivi standard.,5121
SIM-02658,19/08/2023,samedi, Finance ,Allemagne,PME, Business ,18,50,0,0.0,0,"0,0",26,0,0,133,0,2.8,3,0,2045.75,vert,ap-s1,A,"Compte peu actif, relance nécessaire.",36905
SIM-02659,2024-05-11,samedi,Commerce,Belgique,PME, Business ,9,7,5,"71,4",54,39.4,26,15,1,4,3,9.5,2,0,360.25,vert,eu-w3,control,,5908
SIM-02660,04/03/2024,lundi,Industrie,France,TPE,Starter,11,9,5,55.6,8,2.4,8,3,1,1,1,20.8,4,0,116.68 €,bleu,ap-s1,A,Compte dans la moyenne.,1818
SIM-02661,08/12/2024,dimanche,Éducation,France,ETI,Pro,2,201,105,"52,2",35,2.6,16,10,0,4,0,"4,1",5,1,4529.97,violet,us-e1,B,Suivi standard.,55719
SIM-02662,13 Jan 2023,vendredi,Santé,France,PME, Enterprise ,25,24,21,87.5,81,50.4,40,19,5,2,1,3.4 h,5,0,2401.2,bleu,eu-w3,A,,236278
SIM-02663,2023-12-02,samedi,Public,France,PME,Starter,14,15,8,"53,3",12,"4,0",8,4,0,11,1,16.3,5,0,216.37,sombre,eu-w1,A,,5145
SIM-02664,12 Jun 2024,mercredi, Finance ,France,PME,PRO,8,56,26,46.4%,22,10.5,16,9,3,3,2,11.5,3,0,1307.7,bleu,eu-w3,control,,6434
SIM-02665,11 Nov 2024,lundi,tech,Suisse,PME,PRO,3,22,14,63.6,33,"11,1",16,7,1,1,11,17.8,2,3,622.02 €,violet,us-e1,A,"Client insatisfait, risque de départ.",19892
SIM-02666,04/01/2025,samedi,Public,Belgique,ETI,business,1,88,29,33.0,17,"3,6",26,9,0,2,5,6.0,3,1,4306.18 €,clair,us-e1,control,,91808
SIM-02667,02/09/2024,lundi,ÉDUCATION,Suisse,TPE,STARTER,5,2,1,50.0,16,"4,8",8,3,0,0,0,20.7,4,0,"19,91",sombre,us-e1,control,,300
SIM-02668,2023-10-12,jeudi,Santé,France,TPE,PRO,16,6,4,"66,7",47,39.0,16,12,,2,2,13.1,,0,158.31 €,clair,eu-w1,B,Client très satisfait et actif.,9476
SIM-02669,16/09/2023,samedi,Commerce,France,GE,Business,17,381,214,56.2,28,"16,2",26,4,4,0,0,"4,8",5,0,16815.53,vert,us-e1,A,"Compte engagé, ambassadeur potentiel.",330930
SIM-02670,06/10/2024,dimanche,Éducation,Canada,ETI,BUSINESS,4,193,115,59.6,20,,26,8,0,1,1,,3,2,"8911,93",vert,ap-s1,control,,387312
SIM-02671,08/08/2024,jeudi,Santé,Espagne,PME,Business,6,40,30,75.0%,61,19.2,26,7,0,0,4,5.0 h,3,3,1649.66,violet,us-e1,control,Compte dans la moyenne.,37876
SIM-02672,2025-01-01,mercredi, Commerce ,,PME, Pro ,1,46,18,"39,1",11,2.7,16,3,0,2,1,"6,5",3,4,994.76 €,clair,ap-s1,B,RAS.,19577
SIM-02673,2023-12-08,vendredi, Éducation ,France,PME,Pro,14,47,24,51.1,38,16.9,16,9,5,2,1,18.5,2,,1351.94,violet,eu-w1,control,,12194
SIM-02674,05 Mar 2024,mardi,Commerce,France,ge,business,11,378,328,86.8,88,"85,0",26,12,3,1,3,6.3,3,1,18489.09,violet,eu-w3,B,,439671
SIM-02675,28 Jan 2024,dimanche, Éducation ,France, PME ,Pro,12,22,12,"54,5",19,11.6,16,7,6,0,1,,4,0,676.33,bleu,eu-w1,B,Client très satisfait et actif.,25511
SIM-02676,2024-02-07,mercredi,Industrie,Belgique, TPE ,pro,12,11,5,45.5,15,9.7,16,4,4,1,0,6.4,5,0,282.33,violet,eu-w3,control,,3473
SIM-02677,31 Dec 2023,dimanche,Tech,Espagne,TPE,starter,13,8,5,62.5,24,"10,5",8,2,2,0,2,28.3,4,,94.17,sombre,ap-s1,A,,2780
SIM-02678,2024-06-13,jeudi,finance,France,pme, Pro ,8,23,9,39.1,7,,16,2,1,4,2,11.5 h,4,0,467.0 €,vert,eu-w1,control,,4212
SIM-02679,10/03/2023,vendredi,Public,France,PME,Starter,23,27,8,29.6,7,0.8,8,1,3,8,5,28.9 h,4,0,262.83,clair,ap-s1,control,,6897
SIM-02680,2023-09-03,dimanche,Commerce,France,GE,PRO,17,389,92,23.7,1,"0,4",16,5,6,2,3,"12,4",,0,10232.68,sombre,eu-w1,A,,511839
SIM-02681,08/08/2023,mardi,Santé,France,TPE,PRO,18,8,5,62.5,18,6.2,16,1,7,1,3,,4,0,"267,47",vert,eu-w3,A,,5922
SIM-02682,24/12/2024,mardi,,Belgique,PME, Pro ,1,31,28,90.3%,107,90.1,16,9,1,1,0,8.9,3,3,730.78,bleu,us-e1,A,,8389
SIM-02683,2024-12-04,mercredi,Public,France,PME,Business,2,49,41,83.7%,63,51.8,26,15,1,1,5,9.2,2,0,2389.0,bleu,eu-w3,A,,27426
SIM-02684,05 Oct 2024,samedi, Commerce ,Espagne,ETI,Pro,4,110,91,"82,7",43,,16,7,1,2,0,6.0,5,2,2636.3,bleu,eu-w1,control,,34588
SIM-02685,07/06/2024,vendredi,,France,TPE,starter,8,9,4,44.4,9,,8,5,3,2,0,"4,9",5,1,107.75,sombre,ap-s1,control,,1237
SIM-02686,2023-06-03,samedi,Tech,Belgique,ETI,pro,20,128,67,52.3%,30,"20,4",16,9,6,0,3,"12,6",4,0,3458.3,vert,us-e1,control,Client très satisfait et actif.,56716
SIM-02687,23 Nov 2024,samedi, Santé ,France,ETI,Pro,2,49,29,59.2,41,7.3,16,7,0,2,3,10.1,2,1,,vert,eu-w3,B,Mécontentement exprimé au support.,22623
SIM-02688,2024-09-10,mardi,TECH,France,ETI,Business,5,99,16,16.2%,1,0.1,26,2,0,30,6,6.5,3,1,"4561,89",violet,eu-w1,B,,48630
SIM-02689,02/04/2024,mardi, Tech ,France,TPE, Pro ,10,10,9,90.0,65,"60,0",16,10,0,0,3,9.2,,1,276.73,sombre,ap-s1,A,RAS.,3404
SIM-02690,2023-07-05,mercredi,Commerce,Belgique,pme,STARTER,19,10,6,60.0,30,"8,6",8,3,,0,1,25.3,2,0,157.2,bleu,us-e1,A,,3996
SIM-02691,12 Jul 2022,mardi,Commerce,France,PME, Business ,31,19,7,36.8,6,"1,7",26,5,8,8,5,7.7,3,0,1017.66 €,vert,eu-w3,A,,13352
SIM-02692,2023-11-14,mardi,,France,TPE,Pro,15,3,2,66.7%,56,51.6,16,7,3,0,1,"15,6",3,0,97.98,clair,eu-w1,A,Compte dans la moyenne.,1527
SIM-02693,07 Apr 2023,vendredi,Éducation,France,TPE,STARTER,22,11,0,0.0%,0,0.0,8,0,0,88,3,,2,0,"100,52",sombre,eu-w3,A,Usage en forte baisse ce trimestre.,1896
SIM-02694,2023-08-03,jeudi,Santé,France,TPE,pro,18,1,1,100.0,58,"48,3",16,6,4,2,6,10.3,,0,33.13,violet,eu-w1,A,Compte dans la moyenne.,733
SIM-02695,12 May 2024,dimanche,tech,France,PME,pro,9,33,16,48.5%,24,,16,11,2,1,2,13.3,5,0,"888,53",clair,eu-w3,control,Compte dans la moyenne.,31330
SIM-02696,2024-06-07,vendredi,Éducation,France,PME,Starter,8,52,11,21.2,3,"1,1",8,2,2,23,6,23.7,3,2,494.48 €,bleu,ap-s1,B,,4460
SIM-02697,29/02/2024,jeudi,Commerce,Suisse,tpe,STARTER,11,10,9,90.0,113,"100,7",8,4,1,2,2,20.2,5,2,151.16,bleu,ap-s1,B,,3471
SIM-02698,2024-02-27,mardi,public,,TPE,Pro,11,9,1,11.1%,1,0.3,16,1,3,6,1,17.1,2,0,"257,14",bleu,eu-w3,control,"Client insatisfait, risque de départ.",8645
SIM-02699,12 Mar 2024,mardi, Finance ,Belgique,TPE, Starter ,11,6,1,"16,7",1,0.9,8,3,1,8,3,29.5,2,,68.72,violet,eu-w3,control,Mécontentement exprimé au support.,1747
SIM-02700,02 Jan 2025,jeudi,Éducation,France, PME , Pro ,1,58,14,24.1,2,"0,2",16,3,0,21,8,"22,7",1,3,"968,35",clair,eu-w3,A,"Client insatisfait, risque de départ.",15087
SIM-02701,01 Jan 2024,lundi,Commerce,France,TPE, Pro ,13,9,2,22.2,5,"2,4",16,5,4,7,6,16.7,2,0,242.02 €,sombre,ap-s1,A,,8732
SIM-02702,06/11/2023,lundi,Commerce,Suisse,PME,Business,15,53,30,"56,6",29,10.3,26,18,3,2,1,,5,0,2350.36,bleu,eu-w1,control,,55892
SIM-02703,23 Dec 2024,lundi, Santé ,France,TPE,Starter,1,8,4,"50,0",42,,8,5,0,2,0,29.2 h,4,1,"96,45",sombre,us-e1,control,Suivi standard.,1345
SIM-02704,2024-07-03,mercredi,Public,Espagne, TPE ,starter,7,9,8,88.9,101,,8,3,1,1,1,26.4 h,4,1,111.01 €,bleu,ap-s1,A,,1001
SIM-02705,05/12/2023,mardi,Commerce,France,PME,Business,14,15,12,80.0,63,43.6,26,15,1,0,1,"5,1",4,0,614.89,clair,ap-s1,control,,11093
SIM-02706,06/12/2023,mercredi, Industrie ,France,GE,Enterprise,14,650,407,62.6,20,"9,0",40,18,3,0,2,2.5,4,0,54709.41,bleu,ap-s1,B,,1300990
SIM-02707,10 Apr 2024,mercredi, Commerce ,France,TPE,Starter,10,8,5,62.5,16,10.6,8,5,4,2,6,,,1,102.15,vert,eu-w3,control,,3267
SIM-02708,03/07/2024,mercredi,Public,France,ETI,Business,7,212,123,58.0,20,6.6,26,12,3,1,7,8.6 h,1,0,"11339,84",bleu,eu-w1,A,"Client insatisfait, risque de départ.",195272
SIM-02709,28 Dec 2024,samedi, Santé ,France,PME,Pro,1,24,4,"16,7",1,"0,4",16,4,0,5,3,13.5 h,4,2,480.27,clair,us-e1,A,Déploiement interne limité.,2363
SIM-02710,01/06/2024,samedi,Tech,France,PME,Starter,8,52,32,61.5%,21,6.9,8,3,1,0,2,,3,2,511.23,bleu,ap-s1,A,Suivi standard.,2096
SIM-02711,2024-12-30,lundi, Santé ,Suisse,tpe,STARTER,1,9,4,44.4%,9,1.7,8,3,0,1,6,36.3,3,2,97.89,clair,eu-w1,A,,1124
SIM-02712,2024-11-02,samedi, Commerce ,,TPE,Business,3,1,1,100.0,44,22.0,26,17,1,1,2,11.0,3,0,38.45,vert,eu-w1,B,,1324
SIM-02713,08 Aug 2024,jeudi,Santé,France,PME,Starter,6,18,16,88.9,108,64.6,8,6,0,0,0,11.5,5,1,196.94,clair,eu-w1,B,,6621
SIM-02714,09 Sep 2022,vendredi,industrie,France,PME,PRO,29,56,45,80.4,61,"25,0",16,7,6,1,1,14.1,3,0,1571.81,violet,eu-w3,B,,69600
SIM-02715,2025-01-06,lundi,santé,France, PME ,Starter,1,24,4,16.7%,1,0.1,8,2,0,4,4,24.3 h,4,1,220.95,violet,eu-w1,B,Déploiement interne limité.,725
SIM-02716,2023-06-05,lundi,Tech,France, PME ,Pro,20,12,4,33.3,1,0.4,16,6,5,4,2,8.0,4,0,307.52,sombre,us-e1,B,,6556
SIM-02717,04/11/2024,lundi,Commerce,France,PME,Pro,3,36,8,"22,2",4,2.1,16,5,0,3,0,10.4,4,2,,vert,eu-w3,control,Déploiement interne limité.,13517
SIM-02718,12/06/2024,mercredi,Commerce,France,TPE,STARTER,8,5,4,"80,0",91,70.3,8,5,2,0,1,"19,2",5,1,"59,22",vert,us-e1,A,Suivi standard.,1263
SIM-02719,2024-04-12,vendredi,COMMERCE,Canada,eti,enterprise,10,191,108,"56,5",30,5.7,40,12,0,0,1,2.1,,0,16189.26,sombre,ap-s1,A,,358430
SIM-02720,2022-10-18,mardi,Tech,Belgique,tpe,Pro,28,8,2,25.0%,7,0.4,16,0,4,7,2,13.5,4,0,199.11,bleu,ap-s1,B,,2286
SIM-02721,02/10/2024,mercredi,PUBLIC,France,PME,PRO,4,35,19,54.3,22,7.1,16,6,,0,1,,4,4,"972,1",violet,eu-w1,B,Suivi standard.,10363
SIM-02722,31/01/2024,mercredi,,Allemagne,PME,Pro,12,6,1,,1,0.1,16,1,1,19,3,8.6,4,0,148.88,sombre,eu-w3,control,Faible adoption des sièges.,1465
SIM-02723,2024-03-16,samedi, Industrie ,Suisse,ETI,Business,11,185,101,54.6,13,4.6,26,6,2,4,0,5.8,5,0,9909.16,bleu,eu-w3,A,RAS.,130008
SIM-02724,04/01/2025,samedi,Commerce,France,PME,Starter,1,16,3,18.8,1,0.3,8,2,0,30,1,27.2,,0,165.86,violet,us-e1,control,,3672
SIM-02725,14 Feb 2023,mardi,Éducation,France,pme,Pro,24,30,19,63.3,49,39.1,16,7,5,0,0,10.9 h,4,0,852.73,violet,ap-s1,control,Client très satisfait et actif.,34263
SIM-02726,2025-01-07,mardi,ÉDUCATION,France,PME,pro,1,28,6,21.4,1,0.3,16,0,0,30,6,20.3,2,5,667.62,clair,eu-w3,A,,3832
SIM-02727,2024-04-01,lundi,Santé,Suisse,PME,Business,10,52,0,0.0,0,0.0,26,0,0,69,2,5.1,4,2,2297.43 €,violet,us-e1,A,Usage en forte baisse ce trimestre.,13187
SIM-02728,10/12/2024,mardi,Finance,France,ETI,Pro,2,137,70,51.1%,4,,16,5,1,1,0,8.4,,3,"2890,12",vert,eu-w3,A,RAS.,16589
SIM-02729,13/03/2023,lundi,public,France,PME,Pro,23,55,11,20.0,1,0.3,16,4,4,8,1,8.3,3,0,1095.26 €,violet,ap-s1,control,,20657
SIM-02730,31 Jan 2024,mercredi,,France,TPE,Pro,12,8,5,62.5,28,7.7,16,4,4,0,5,9.6 h,3,0,"222,68",bleu,us-e1,control,RAS.,2922
SIM-02731,11 Feb 2024,dimanche,Éducation,Belgique,TPE,Business,12,9,7,77.8%,53,36.2,26,16,2,1,0,7.5,3,1,291.33,violet,eu-w3,A,,1911
SIM-02732,03/04/2024,mercredi, Éducation ,France,PME, Pro ,10,55,0,0.0,0,0.0,16,0,0,104,0,7.3,,1,1252.76,vert,eu-w3,control,,10273
SIM-02733,11 Mar 2024,lundi,Commerce,Belgique, PME ,Starter,11,34,10,"29,4",15,"10,7",8,2,1,1,0,11.5,4,1,404.28,violet,eu-w1,B,Compte dans la moyenne.,10277
SIM-02734,10/05/2023,mercredi,TECH,France,GE,Business,21,267,115,43.1,13,"4,4",26,9,6,1,2,4.5,4,0,12910.68,sombre,eu-w1,control,Client très satisfait et actif.,222322
SIM-02735,01 Dec 2023,vendredi,Éducation,Canada,PME,STARTER,14,6,0,0.0%,0,0.0,8,0,0,64,1,26.5,3,,73.51,vert,us-e1,B,,1688
SIM-02736,01/04/2024,lundi,Santé,France,ETI,Business,10,96,35,36.5%,10,1.5,26,5,3,1,11,10.1,3,1,3644.47,violet,eu-w1,B,Support très sollicité récemment.,35862
SIM-02737,10/03/2024,dimanche, Éducation ,Allemagne,TPE,Pro,11,2,2,"100,0",56,"35,2",16,9,1,4,1,"12,3",3,3,51.89,bleu,eu-w1,A,,1064
SIM-02738,2024-11-25,lundi, Santé ,France,TPE,Pro,2,10,9,90.0,84,51.9,16,13,0,2,9,19.2,3,2,221.33,vert,us-e1,control,,1452
SIM-02739,2023-09-01,vendredi,Commerce,Belgique,ETI,Business,17,32,17,53.1,8,"2,9",26,5,2,6,0,0.5,5,,1564.33,clair,eu-w3,B,,19241
SIM-02740,2024-04-02,mardi,commerce,Allemagne,PME,Pro,10,12,9,"75,0",44,20.3,16,8,2,0,4,11.8,4,1,238.52,sombre,ap-s1,B,,1174
SIM-02741,2023-09-30,samedi,Tech,France, TPE , Pro ,16,5,3,"60,0",44,8.2,16,7,2,1,5,,3,0,130.13 €,clair,eu-w3,control,,2561
SIM-02742,07/08/2024,mercredi,Commerce,France,GE, Pro ,6,541,457,"84,5",74,,16,9,4,0,0,6.3,,1,13107.05,violet,eu-w3,B,,150469
SIM-02743,05/02/2024,lundi,Tech,Espagne,PME, Pro ,12,13,0,,0,"0,0",16,0,0,50,0,7.7,5,0,334.5 €,sombre,us-e1,A,Faible adoption des sièges.,4937
SIM-02744,29/05/2024,mercredi,TECH,Allemagne,TPE,Pro,8,10,8,80.0,70,"56,7",16,10,2,1,0,,5,1,282.92,sombre,ap-s1,control,,3016
SIM-02745,2025-01-08,mercredi,INDUSTRIE,France,eti, Enterprise ,1,199,157,,58,16.1,40,28,0,1,3,7.4,4,2,17663.9,vert,eu-w3,A,RAS.,289688
SIM-02746,27/05/2024,lundi,finance,France, PME , Business ,8,59,4,6.8%,1,0.2,26,1,0,6,0,5.5,5,1,2313.79,sombre,ap-s1,A,Faible adoption des sièges.,9487
SIM-02747,2023-05-14,dimanche,,,PME,Enterprise,21,24,9,37.5,1,0.1,40,3,5,15,11,"7,5",1,0,1730.32,clair,ap-s1,B,,12770
SIM-02748,25/12/2024,mercredi, Finance ,France, PME ,PRO,1,49,10,20.4,1,0.1,16,2,0,8,8,,3,4,1256.54,violet,us-e1,A,"Multiples tickets ouverts, friction élevée.",19577
SIM-02749,12/04/2024,vendredi,tech,France,tpe,starter,10,7,1,14.3,1,0.2,8,2,5,4,2,20.4 h,3,0,80.37,clair,us-e1,A,Déploiement interne limité.,1648
SIM-02750,2024-03-13,mercredi,santé,Belgique,PME,Pro,11,35,23,"65,7",30,,16,7,2,0,4,13.7,4,1,"984,17",sombre,eu-w1,B,RAS.,16140
SIM-02751,04/07/2023,mardi,Finance,Allemagne,PME, Pro ,19,51,32,62.7%,37,"14,6",16,5,3,0,2,"11,0",4,0,1231.43,sombre,ap-s1,A,,36352
SIM-02752,08/01/2025,mercredi,Éducation,France,tpe,Starter,1,6,2,33.3%,18,6.8,8,3,0,2,2,28.0 h,3,3,64.11 €,clair,eu-w1,control,Compte dans la moyenne.,736
SIM-02753,2024-09-07,samedi,TECH,Belgique,TPE, Pro ,5,6,3,50.0,20,"4,2",16,5,1,4,2,11.4,3,2,132.43,violet,eu-w1,A,,1195
SIM-02754,19 Dec 2022,lundi,santé,, PME , Pro ,26,12,7,58.3,33,16.6,16,6,,0,3,"15,7",,0,369.91,sombre,eu-w3,B,"Compte engagé, ambassadeur potentiel.",9100
SIM-02755,2024-03-16,samedi,Commerce,France,PME, Pro ,11,7,0,"0,0",0,0.0,16,0,0,58,4,22.1,1,1,,clair,us-e1,B,,2873
SIM-02756,2024-05-14,mardi,tech,France, ETI , Business ,9,172,148,"86,0",97,"63,2",26,19,3,1,0,3.2,4,0,8150.61,bleu,ap-s1,A,Client très satisfait et actif.,100253
SIM-02757,2023-09-06,mercredi,Tech,France,TPE,Starter,17,3,1,33.3%,1,0.1,8,1,2,11,2,32.4,,0,37.16 €,clair,ap-s1,B,RAS.,1066
SIM-02758,14 Mar 2024,jeudi,Finance,Allemagne,ETI,Enterprise,11,49,10,20.4,4,1.9,40,7,2,2,2,"0,5",5,0,3421.0,bleu,eu-w3,control,,44884
SIM-02759,05 Aug 2024,lundi,FINANCE,Suisse,PME,Pro,6,55,22,"40,0",29,"11,6",16,8,1,1,5,,3,2,1479.83 €,bleu,us-e1,control,,8494
SIM-02760,24/10/2024,jeudi,INDUSTRIE,Suisse,PME,Pro,3,42,12,28.6,1,,16,4,1,30,6,,4,3,"983,02",sombre,eu-w1,A,,5643
SIM-02761,11/09/2024,mercredi,Industrie,Belgique, PME ,Enterprise,5,18,11,61.1,31,"9,8",40,11,0,2,5,4.3,2,1,1468.92,sombre,ap-s1,B,,137315
SIM-02762,2023-11-07,mardi,Éducation,Allemagne,PME,PRO,15,29,23,79.3,62,32.1,16,10,2,0,3,13.6 h,3,,766.2,sombre,ap-s1,control,RAS.,6911
SIM-02763,13 Aug 2024,mardi, Industrie ,France,eti,enterprise,6,134,111,82.8,71,36.7,40,29,1,0,0,4.7 h,4,2,11280.43,sombre,eu-w3,B,RAS.,203499
SIM-02764,2023-03-19,dimanche,Santé,Allemagne,PME,PRO,23,47,14,"29,8",3,"0,2",16,1,2,3,7,"15,0",2,0,1344.89,sombre,eu-w3,control,Mécontentement exprimé au support.,77197
SIM-02765,2024-11-01,vendredi,Industrie,, TPE ,Starter,3,7,3,42.9,14,5.7,8,2,1,1,3,32.1 h,3,1,91.71,sombre,eu-w1,control,Compte dans la moyenne.,5565
SIM-02766,07 Dec 2024,samedi,Industrie,France,PME,Pro,2,56,43,76.8%,52,18.8,16,6,0,1,1,7.5,5,2,1317.65,violet,ap-s1,A,Compte dans la moyenne.,8644
SIM-02767,06 Mar 2023,lundi,Éducation,France, ETI ,BUSINESS,23,205,25,,1,"0,4",26,6,5,30,0,5.8,3,0,9320.18,bleu,eu-w1,B,,152851
SIM-02768,2024-05-09,jeudi,finance,France,ETI, Enterprise ,9,64,9,14.1%,1,0.1,40,3,2,10,3,5.4,3,1,4934.23,sombre,eu-w3,control,,230626
SIM-02769,12 May 2024,dimanche,,Belgique,TPE,pro,9,10,1,"10,0",1,0.6,16,0,4,30,1,6.4 h,4,0,265.32 €,bleu,us-e1,B,Déploiement interne limité.,4569
SIM-02770,19 Jun 2023,lundi,,France,TPE,Pro,20,3,2,66.7,12,2.3,16,6,,0,8,,3,0,83.53,sombre,ap-s1,B,,1301
SIM-02771,2024-03-07,jeudi,Santé,Suisse,ETI,BUSINESS,11,168,79,47.0,12,"5,3",26,5,3,1,4,11.1,3,0,"6312,13",vert,ap-s1,control,,56935
SIM-02772,09/02/2024,vendredi,COMMERCE,Allemagne,TPE,PRO,12,3,1,33.3%,2,"0,9",16,7,1,2,2,12.7,5,1,62.19 €,bleu,us-e1,control,,510
SIM-02773,2023-12-03,dimanche,Éducation,Belgique,ETI,business,14,54,37,"68,5",37,16.3,26,11,2,1,2,,4,0,3057.54,vert,eu-w1,control,,132881
SIM-02774,21 Nov 2022,lundi,ÉDUCATION,France,TPE,starter,27,7,2,"28,6",2,0.4,8,1,5,4,2,32.5,1,0,85.55,bleu,eu-w3,A,"Client insatisfait, risque de départ.",3788
SIM-02775,08/05/2023,lundi,FINANCE,,PME,Pro,21,52,36,69.2%,50,"36,1",16,6,2,1,0,8.1,4,0,1527.07,bleu,ap-s1,B,,41323
SIM-02776,08 Jan 2024,lundi,tech,Allemagne,PME,Pro,13,48,10,20.8,3,1.6,16,6,2,1,1,,,0,1204.7,vert,ap-s1,B,,14818
SIM-02777,05 Aug 2024,lundi,commerce,Canada,PME,Starter,6,56,33,58.9,33,15.6,8,2,3,0,2,20.2,,1,"553,25",vert,us-e1,A,,7259
SIM-02778,15/03/2024,vendredi,FINANCE,France, PME ,Pro,11,31,14,45.2,16,7.2,16,3,3,2,1,"11,1",3,1,788.51,bleu,eu-w3,B,,12285
SIM-02779,11 Nov 2023,samedi,SANTÉ,France,PME,business,15,40,13,32.5,3,,26,5,4,6,5,10.1,3,0,1547.07 €,clair,us-e1,B,,27909
SIM-02780,2024-07-10,mercredi,Tech,France,TPE, Enterprise ,7,10,6,60.0,27,15.6,40,16,0,3,6,5.2,3,2,735.37 €,violet,eu-w1,A,,10251
SIM-02781,01 Aug 2023,mardi, Tech ,France, ETI , Business ,18,194,164,"84,5",91,46.6,26,19,,0,6,"8,2",1,,9679.58,clair,eu-w1,B,,261929
SIM-02782,30/09/2024,lundi,Commerce,,TPE,business,4,1,1,100.0,67,,26,13,1,1,3,6.1,,0,"51,75",bleu,us-e1,B,Compte dans la moyenne.,424
SIM-02783,17/10/2023,mardi,COMMERCE,Espagne,tpe,Starter,16,5,4,80.0,62,19.6,8,3,5,0,0,20.6,4,0,55.79,clair,eu-w3,A,,823
SIM-02784,05/10/2024,samedi,Public,Espagne,ETI,PRO,4,184,145,78.8,72,40.9,16,9,2,1,0,6.6 h,3,0,"5191,91",bleu,eu-w1,control,,204354
SIM-02785,2024-08-26,lundi,Public,Belgique,TPE,Pro,5,4,2,50.0,23,"10,9",16,4,0,3,7,12.2,3,1,96.95,vert,eu-w1,control,"Multiples tickets ouverts, friction élevée.",1033
SIM-02786,05 Jul 2024,vendredi,Santé,France, PME ,Business,7,27,8,29.6,1,"0,3",26,1,2,13,2,6.2,4,1,913.81 €,sombre,eu-w1,B,,12739
SIM-02787,2024-02-02,vendredi,FINANCE,France,GE,Business,12,183,0,"0,0",0,0.0,26,0,0,80,1,6.3,2,0,8194.96,vert,ap-s1,control,,107518
SIM-02788,2024-09-01,dimanche, Tech ,France,PME,business,5,41,35,85.4,96,58.2,26,17,0,1,1,9.7,5,3,2199.88,sombre,eu-w1,B,RAS.,52313
SIM-02789,29 Aug 2024,jeudi,tech,France,ge,Enterprise,5,136,110,80.9,39,3.6,40,11,0,1,0,4.7,3,2,"12064,03",violet,eu-w3,A,RAS.,98925
SIM-02790,02 Sep 2023,samedi,Industrie,Allemagne,TPE,starter,17,7,2,28.6,9,"3,4",8,2,4,0,0,15.8 h,3,0,91.67,violet,us-e1,A,,1654
SIM-02791,09/11/2022,mercredi,TECH,Allemagne,PME,BUSINESS,27,42,12,"28,6",8,2.4,26,8,4,2,5,6.3,3,0,2202.05,violet,eu-w1,B,,126398
SIM-02792,2024-01-01,lundi,Finance,France,TPE,Pro,13,1,1,"100,0",21,"4,6",16,4,4,4,1,8.9,3,0,21.56,bleu,ap-s1,A,,300
SIM-02793,2023-12-04,lundi, Finance ,France, PME ,Enterprise,14,46,0,"0,0",0,"0,0",40,0,0,39,4,6.6,3,0,4101.17,vert,eu-w3,A,,60533
SIM-02794,04 Apr 2024,jeudi,Santé,Suisse,PME, Pro ,10,11,8,72.7%,40,12.4,16,7,0,1,6,19.9,3,0,322.01 €,bleu,eu-w3,A,,5281
SIM-02795,13/02/2024,mardi,tech,France,TPE,Business,12,7,5,"71,4",54,"23,9",26,13,3,2,1,9.5,3,1,"413,94",vert,eu-w1,control,Suivi standard.,23760
SIM-02796,01/04/2024,lundi,Public,France, PME ,Starter,10,16,14,"87,5",99,90.2,8,5,2,1,7,36.7,3,0,223.0,vert,eu-w3,control,,7863
SIM-02797,2024-04-07,dimanche,PUBLIC,France,GE,Enterprise,10,766,306,39.9,1,0.1,40,17,1,3,0,"5,4",5,1,63785.75,vert,us-e1,A,Suivi standard.,784565
SIM-02798,2023-11-04,samedi,Santé,France, TPE , Pro ,15,7,3,"42,9",19,1.0,16,6,4,0,3,15.8,4,0,177.18,sombre,ap-s1,B,Client très satisfait et actif.,5376
SIM-02799,06 Jul 2024,samedi,Santé,Allemagne,TPE,Starter,7,6,5,83.3%,55,10.4,8,5,1,0,0,20.0,5,0,73.0,vert,us-e1,A,,2095
SIM-02800,2023-05-19,vendredi,Finance,Canada,PME,Business,21,33,25,75.8%,67,"70,9",26,10,3,1,0,5.5,5,0,1956.77 €,sombre,eu-w3,control,Client très satisfait et actif.,97878
SIM-02801,07 Jan 2025,mardi,Finance,France,pme,pro,1,46,32,69.6,43,29.7,16,9,0,2,2,,3,0,"1081,92",clair,us-e1,control,,7985
SIM-02802,2024-05-06,lundi,Tech,Canada,ETI,pro,9,192,93,48.4,1,0.5,16,7,0,17,0,6.8,,0,5957.41,sombre,eu-w3,control,RAS.,341955
SIM-02803,2024-07-14,dimanche,Commerce,France,ETI,business,7,65,31,47.7%,18,"8,2",26,11,2,2,0,5.1,5,1,"3105,61",sombre,us-e1,control,Suivi standard.,28013
SIM-02804,2024-08-25,dimanche,Finance,Belgique, GE ,Enterprise,5,217,29,"13,4",1,0.1,40,8,0,4,3,1.5,5,3,15889.3,vert,eu-w1,B,,338760
SIM-02805,05 Sep 2023,mardi,finance,Allemagne,PME,Starter,17,45,29,64.4%,49,24.4,8,4,6,0,7,"36,1",3,0,"582,22",clair,eu-w1,control,,11936
SIM-02806,15 Dec 2023,vendredi,Tech,France,PME,starter,14,56,45,"80,4",74,55.3,8,5,1,0,2,24.8,4,0,"695,36",sombre,eu-w1,A,Compte dans la moyenne.,33071
SIM-02807,09 Mar 2024,samedi, Santé ,France,ETI,Enterprise,11,51,31,60.8,34,18.3,40,16,3,0,0,"0,8",5,1,4704.38 €,violet,eu-w1,control,,92582
SIM-02808,06 Aug 2024,mardi,public,Suisse,ETI,Pro,6,186,131,70.4,32,15.1,16,7,0,1,3,"14,2",4,0,5080.14,clair,ap-s1,control,,24994
SIM-02809,16/03/2024,samedi,Public,Suisse,PME,pro,11,8,6,75.0,56,32.9,16,9,2,1,2,12.1,3,0,194.22,sombre,ap-s1,B,Suivi standard.,5415
SIM-02810,08/11/2023,mercredi,santé,Espagne,TPE,Pro,15,10,1,10.0,1,0.1,16,4,5,1,3,,2,0,233.39,sombre,eu-w3,control,Mécontentement exprimé au support.,1722
SIM-02811,31 Jan 2024,mercredi, Éducation ,France,ETI,Business,12,104,84,80.8,67,52.8,26,12,3,2,0,4.8,5,0,4694.46,clair,ap-s1,control,"Compte engagé, ambassadeur potentiel.",65441
SIM-02812,14/12/2023,jeudi, Commerce ,France,PME,Pro,14,41,0,0.0,0,"0,0",16,0,0,37,0,14.4 h,4,0,"1072,54",bleu,eu-w1,A,,25505
SIM-02813,2023-04-21,vendredi,Finance,France,GE,Business,22,382,116,30.4,11,0.6,26,3,3,2,4,5.4,,0,14753.68,sombre,eu-w1,control,,157274
SIM-02814,27/12/2024,vendredi, Finance ,Belgique,ETI,PRO,1,154,30,"19,5",1,0.7,16,1,0,23,2,11.0,3,6,3608.63,sombre,eu-w1,control,,53263
SIM-02815,2023-09-14,jeudi,Tech,France,TPE,Starter,17,1,1,100.0,16,6.1,8,2,4,4,4,21.7,4,0,10.88,bleu,us-e1,control,Client très satisfait et actif.,300
SIM-02816,2024-06-06,jeudi,industrie,France,PME,BUSINESS,8,57,23,,3,"1,0",26,1,2,20,1,7.5,4,2,2412.47,clair,us-e1,B,,39565
SIM-02817,2023-04-15,samedi,tech,France,TPE,Starter,22,5,2,40.0%,26,"1,3",8,3,4,1,3,36.9,2,0,65.14 €,vert,us-e1,A,Mécontentement exprimé au support.,1923
SIM-02818,2024-11-07,jeudi,Finance,,GE,Enterprise,3,442,0,0.0,0,0.0,40,0,0,90,2,4.9,3,2,"30284,5",clair,ap-s1,B,,124166
SIM-02819,07 Aug 2024,mercredi, Industrie ,France, GE ,Enterprise,6,173,156,90.2,93,48.7,40,16,1,1,6,3.6,3,1,"15212,65",violet,ap-s1,control,Compte dans la moyenne.,149692
SIM-02820,06 Jul 2024,samedi,Santé,Allemagne,TPE,Starter,7,6,5,83.3%,55,10.4,8,5,1,0,0,20.0,5,0,73.0,vert,us-e1,A,,2095
SIM-02821,28/05/2024,mardi,INDUSTRIE,France,GE,Business,8,274,229,83.6,82,"46,7",26,12,2,1,2,"9,8",3,1,10928.3,clair,us-e1,control,,376371
SIM-02822,07/07/2023,vendredi,Commerce,Suisse,ETI,Enterprise,19,40,13,32.5,17,5.1,40,21,6,1,2,"4,5",4,0,3082.21,violet,eu-w1,B,,90987
SIM-02823,27/09/2024,vendredi,Éducation,Allemagne,PME, Business ,4,24,9,37.5,12,2.3,26,8,1,0,0,0.5,5,4,,violet,us-e1,B,,11433
SIM-02824,27/12/2024,vendredi,Commerce,,tpe,Starter,1,2,0,0.0,0,,8,0,0,30,1,24.3,,2,26.44,sombre,us-e1,B,,542
SIM-02825,26/09/2024,jeudi,finance,France,TPE,Pro,4,7,5,71.4,47,"35,8",16,5,1,4,0,10.7,4,1,"154,7",vert,ap-s1,control,RAS.,1522
SIM-02826,10 Feb 2024,samedi, Finance ,France,tpe,STARTER,12,4,2,50.0%,28,"12,5",8,4,1,0,0,16.6 h,5,1,54.0 €,clair,eu-w3,B,,487
SIM-02827,11/11/2023,samedi, Tech ,France,PME,Starter,15,44,3,"6,8",1,0.1,8,0,3,23,3,"24,2",3,0,643.55,violet,eu-w3,control,Faible adoption des sièges.,10027
SIM-02828,2024-11-01,vendredi, Public ,France,PME,Business,3,36,9,25.0,3,0.4,26,7,0,3,3,3.5,2,2,1745.29,vert,us-e1,B,"Client insatisfait, risque de départ.",17174
SIM-02829,2024-12-30,lundi,Commerce,Allemagne,PME,Business,1,36,4,11.1,1,,26,1,0,4,1,4.4,4,1,1522.04,clair,eu-w3,control,Déploiement interne limité.,34946
SIM-02830,27/09/2024,vendredi,Éducation,Allemagne,PME, Business ,4,24,9,37.5,12,2.3,26,8,1,0,0,0.5,5,4,,violet,us-e1,B,,11433
SIM-02831,01 Aug 2024,jeudi,public,France,ETI,Business,6,198,108,54.5%,28,"6,9",26,13,0,0,4,4.5,,1,8945.54 €,clair,eu-w1,control,RAS.,176048
SIM-02832,06/12/2023,mercredi,PUBLIC,Espagne,tpe,starter,14,11,6,"54,5",22,11.4,8,4,1,0,2,26.1,5,0,107.53,sombre,ap-s1,B,RAS.,1675
SIM-02833,13/05/2024,lundi,finance,France,PME,pro,9,28,16,57.1%,16,12.8,16,9,0,1,1,"16,7",4,1,782.35,bleu,eu-w1,B,,15397
SIM-02834,2024-07-06,samedi,Finance,France,pme,PRO,7,15,11,73.3,38,15.0,16,8,0,1,1,19.1,2,0,437.85,vert,eu-w1,control,"Client insatisfait, risque de départ.",10771
SIM-02835,02/09/2023,samedi,TECH,Allemagne,TPE,Starter,17,5,2,"40,0",21,7.5,8,2,4,1,2,,3,0,52.88,violet,eu-w3,B,,1344
SIM-02836,14/08/2023,lundi,commerce,Canada,ETI,Enterprise,18,32,16,50.0,9,2.0,40,12,4,2,0,0.5,4,0,2229.54,sombre,ap-s1,A,,67644
SIM-02837,2023-10-12,jeudi,Santé,France,TPE,PRO,16,6,4,"66,7",47,39.0,16,12,,2,2,13.1,,0,158.31 €,clair,eu-w1,B,Client très satisfait et actif.,9476
SIM-02838,2024-01-08,lundi,Public,Allemagne, ETI ,Business,13,153,108,70.6%,39,18.3,26,14,4,0,3,"5,3",3,1,6606.75,vert,ap-s1,A,,232954
SIM-02839,02/09/2023,samedi,Finance,Espagne,PME, Pro ,17,11,5,45.5,6,"3,1",16,6,3,0,6,16.5,2,0,,vert,eu-w1,control,,2555
SIM-02840,15 Jan 2024,lundi, Industrie ,France,eti,Pro,13,120,47,39.2,7,0.4,16,5,2,2,1,6.7,4,0,"3262,24",violet,eu-w3,A,,69551
SIM-02841,05/01/2025,dimanche,Finance,France,PME,Pro,1,35,15,42.9,1,0.2,16,7,0,12,7,"15,1",4,4,894.25,vert,eu-w3,control,"Multiples tickets ouverts, friction élevée.",5866
SIM-02842,15/11/2022,mardi,ÉDUCATION,France,ETI,BUSINESS,27,78,72,,63,44.5,26,11,4,2,1,3.3,3,0,4817.33 €,violet,us-e1,B,,316017
SIM-02843,16/03/2023,jeudi,Tech,France,GE, Business ,23,527,171,32.4,10,,26,9,7,7,1,0.5,5,0,27554.34,sombre,ap-s1,B,Client très satisfait et actif.,1491241
SIM-02844,2024-05-06,lundi,Éducation,France,PME,Pro,9,36,13,36.1%,1,0.2,16,4,2,29,0,10.6,4,0,962.98,sombre,eu-w3,B,,22900
SIM-02845,06 Feb 2024,mardi, Finance ,France,pme,Pro,12,26,17,,27,13.0,16,10,1,0,2,14.4,3,1,702.77,sombre,eu-w3,B,Suivi standard.,4610
SIM-02846,2022-12-04,dimanche,Éducation,France,ETI,pro,26,40,0,0.0%,0,0.0,16,0,0,71,0,9.4,3,0,1014.38,bleu,eu-w3,B,Usage en forte baisse ce trimestre.,8318
SIM-02847,31/07/2024,mercredi,commerce,Espagne,TPE,Pro,6,4,3,75.0,53,27.9,16,8,1,0,0,12.8,2,0,110.51,vert,ap-s1,control,Mécontentement exprimé au support.,2990
SIM-02848,08 Jun 2024,samedi,,Canada,pme,Starter,8,27,13,48.1,16,7.3,8,3,1,0,4,,2,0,334.29 €,sombre,eu-w3,A,,14528
SIM-02849,23/12/2024,lundi,SANTÉ,France,PME,STARTER,1,44,28,"63,6",63,"30,9",8,4,0,1,0,18.2,5,7,"525,21",clair,us-e1,control,,13782
SIM-02850,2024-08-06,mardi,,France,PME,PRO,6,36,16,44.4,7,3.0,16,7,0,7,0,1.9,5,0,"770,29",sombre,ap-s1,B,,20844
SIM-02851,2023-09-06,mercredi,,France,pme, Business ,17,46,30,65.2%,30,10.4,26,10,7,0,0,8.5 h,3,0,2236.84,bleu,eu-w3,A,,78871
SIM-02852,2024-02-13,mardi,Éducation,France, TPE ,Starter,12,4,2,50.0,27,11.4,8,3,6,1,0,16.9 h,4,0,52.19 €,bleu,eu-w3,A,,1455
SIM-02853,2023-12-17,dimanche, Commerce ,France,PME,STARTER,14,15,6,40.0%,1,"0,1",8,2,4,21,1,"16,1",4,0,"190,68",vert,eu-w3,B,,1564
SIM-02854,09/09/2024,lundi,Santé,Allemagne,TPE,Starter,5,3,1,33.3,1,"0,4",8,1,0,19,4,"23,0",3,0,34.05,vert,eu-w3,B,,300
SIM-02855,01/10/2024,mardi,Commerce,Belgique,TPE,starter,4,3,1,33.3%,10,3.6,8,3,1,2,0,"12,3",4,2,26.23,sombre,eu-w3,B,Suivi standard.,581
SIM-02856,08/11/2024,vendredi,INDUSTRIE,France,ETI,Enterprise,3,75,48,64.0%,14,4.4,40,12,0,4,5,0.5,3,4,6493.52 €,bleu,ap-s1,B,,69221
SIM-02857,15 Sep 2023,vendredi,éducation,Belgique,TPE,Starter,17,5,2,40.0,14,5.3,8,3,9,0,0,10.4,5,0,67.1 €,clair,ap-s1,A,"Compte engagé, ambassadeur potentiel.",6328
SIM-02858,13 Jun 2024,jeudi,Commerce,Belgique,TPE,Starter,8,1,1,100.0,26,9.8,8,4,1,0,1,,4,0,11.67,vert,eu-w1,control,,300
SIM-02859,31 Dec 2024,mardi, Commerce ,, TPE ,Pro,1,10,6,60.0,34,10.9,16,9,0,0,3,,4,0,254.59,sombre,us-e1,B,Suivi standard.,1253
SIM-02860,16 Nov 2023,jeudi,Finance,France,TPE, Starter ,15,2,2,100.0%,83,47.8,8,3,5,2,3,37.9,2,0,"24,46",vert,eu-w1,A,,300
SIM-02861,2024-12-30,lundi,Public,Allemagne,GE,enterprise,1,502,410,81.7%,52,30.5,40,15,0,1,2,0.5 h,4,,41227.25,bleu,eu-w3,control,Compte dans la moyenne.,371870
SIM-02862,10 Jul 2023,lundi,santé,Belgique,TPE,starter,19,8,2,"25,0",1,0.3,8,2,5,5,2,"24,7",3,0,91.09,bleu,eu-w3,control,,1419
SIM-02863,08/11/2024,vendredi,Finance,Belgique,PME,BUSINESS,3,7,2,28.6%,1,,26,4,0,5,2,6.6,3,0,,bleu,us-e1,control,,2116
SIM-02864,10 Jan 2025,vendredi,Finance,France,PME,Enterprise,1,18,7,"38,9",23,8.9,40,12,0,3,4,3.5,4,1,1275.87,sombre,eu-w1,control,Suivi standard.,26155
SIM-02865,10 Aug 2023,jeudi,Commerce,Canada,PME,Business,18,27,19,"70,4",47,7.0,26,14,8,2,0,"6,3",,0,1178.58,vert,eu-w3,control,"Compte engagé, ambassadeur potentiel.",60885
SIM-02866,2024-09-02,lundi,tech,France,TPE,Starter,5,1,1,100.0,52,30.9,8,3,,1,2,24.6 h,4,0,11.37 €,clair,ap-s1,control,Suivi standard.,382
SIM-02867,2022-09-23,vendredi,Public,France, TPE ,Starter,29,1,1,"100,0",39,12.2,8,1,8,1,6,38.5,3,0,"15,3",clair,ap-s1,A,Suivi standard.,414
SIM-02868,08 Dec 2023,vendredi,commerce,France,TPE,Pro,14,7,5,71.4,63,,16,11,3,0,0,11.6,4,0,170.57,vert,us-e1,control,,4336
SIM-02869,01/01/2025,mercredi,Public,France, ETI , Pro ,1,123,75,61.0,15,"11,4",16,7,,1,3,12.0,3,1,"2834,76",bleu,us-e1,B,,58113
SIM-02870,02 Jan 2025,jeudi,Éducation,Suisse,GE, Business ,1,210,27,12.9,1,0.1,26,1,0,7,1,6.0,5,0,8377.86,clair,us-e1,A,Déploiement interne limité.,82438
SIM-02871,15 Feb 2024,jeudi,commerce,Canada,PME,Pro,12,43,6,,3,"0,9",16,2,1,6,2,11.8,3,1,1188.98,vert,eu-w1,control,Faible adoption des sièges.,25349
SIM-02872,27/12/2024,vendredi,Commerce,,tpe,Starter,1,2,0,0.0,0,,8,0,0,30,1,24.3,,2,26.44,sombre,us-e1,B,,542
SIM-02873,2024-07-08,lundi,Tech,Belgique,pme,Business,7,30,0,0.0,0,0.0,26,0,0,103,3,"7,1",4,1,1147.16,bleu,eu-w3,control,,8466
SIM-02874,04/09/2024,mercredi,Éducation,Belgique,PME,PRO,5,46,35,76.1,78,51.6,16,9,2,3,5,11.5,4,0,"1238,96",violet,us-e1,B,Compte dans la moyenne.,16255
SIM-02875,18 Oct 2023,mercredi,Industrie,Allemagne, TPE ,starter,16,6,5,83.3%,64,"49,1",8,4,4,4,0,14.1,5,0,67.19,bleu,us-e1,A,Client très satisfait et actif.,551
SIM-02876,2024-01-04,jeudi,TECH,Suisse,PME,Starter,13,54,48,88.9,74,"37,0",8,3,2,1,5,23.4,4,0,806.84 €,vert,ap-s1,A,Compte dans la moyenne.,18525
SIM-02877,03 May 2024,vendredi,Finance,Allemagne,TPE,Starter,9,10,4,40.0,6,2.8,8,3,0,5,6,26.9,4,1,"125,22",clair,us-e1,control,Suivi standard.,2362
SIM-02878,2024-11-05,mardi,Éducation,France,PME,Pro,3,9,2,22.2%,4,0.8,16,3,0,13,6,17.8,,3,190.58,vert,eu-w3,B,,781
SIM-02879,2024-04-07,dimanche,PUBLIC,France,GE,Enterprise,10,766,306,39.9,1,0.1,40,17,1,3,0,"5,4",5,1,63785.75,vert,us-e1,A,Suivi standard.,784565
SIM-02880,2023-11-10,vendredi,Public,France,PME, Starter ,15,15,5,"33,3",5,"0,3",8,2,7,1,4,32.7 h,3,0,"180,66",vert,eu-w1,B,,889
SIM-02881,2023-08-14,lundi,tech,Espagne,ETI, Business ,18,37,22,"59,5",24,"10,9",26,6,5,0,0,3.2,5,0,1883.7,vert,eu-w3,A,,27803
SIM-02882,11/06/2024,mardi,Commerce,France, PME ,Business,8,49,18,36.7,9,"3,9",26,8,0,1,0,"0,5",5,3,2607.96,clair,eu-w1,B,,72710
SIM-02883,08/03/2024,vendredi,,France,PME,Starter,11,24,11,45.8,22,,8,3,0,0,0,8.9,5,0,,clair,us-e1,control,Suivi standard.,1365
SIM-02884,2024-07-29,lundi,Finance,France,PME,Pro,6,43,21,"48,8",47,27.2,16,10,0,1,4,15.1,3,1,1101.49,clair,us-e1,B,Compte dans la moyenne.,50580
SIM-02885,27/12/2024,vendredi,FINANCE,France,PME, Pro ,1,14,8,57.1,25,19.5,16,9,1,0,0,11.9 h,4,2,368.24 €,violet,eu-w3,A,,22949
SIM-02886,31/12/2024,mardi,Commerce,France, TPE ,enterprise,1,4,3,75.0,44,"19,4",40,13,0,1,2,5.4,3,0,,violet,eu-w3,A,,7395
SIM-02887,2023-09-10,dimanche,Tech,France,PME,pro,17,49,28,57.1%,36,20.4,16,7,,2,5,"12,9",2,0,1168.82,clair,ap-s1,control,Mécontentement exprimé au support.,7667
SIM-02888,2024-08-25,dimanche,Finance,Belgique, GE ,Enterprise,5,217,29,"13,4",1,0.1,40,8,0,4,3,1.5,5,3,15889.3,vert,eu-w1,B,,338760
SIM-02889,04 Oct 2023,mercredi,Finance,France, PME ,Pro,16,31,17,54.8%,6,0.7,16,3,3,5,0,2.3 h,5,1,757.78,sombre,eu-w1,control,Client très satisfait et actif.,13670
SIM-02890,28 Feb 2024,mercredi,éducation,France,TPE,Pro,11,5,4,80.0,69,51.0,16,7,0,0,4,9.6,4,0,,clair,eu-w3,A,,2720
SIM-02891,2024-11-09,samedi,Éducation,Espagne,ETI,business,3,115,12,10.4%,1,,26,3,1,14,3,7.8,3,2,4409.41,vert,eu-w3,A,,28926
SIM-02892,2024-09-03,mardi,Éducation,Canada, TPE ,Starter,5,11,9,81.8%,52,"50,2",8,2,2,0,1,22.1 h,4,1,127.76,violet,us-e1,A,,2829
SIM-02893,13/01/2024,samedi, Finance ,France,pme,Pro,13,6,3,"50,0",38,20.2,16,6,4,1,2,11.0,4,,"152,19",vert,us-e1,A,,1498
SIM-02894,2024-08-30,vendredi,SANTÉ,France,PME,Pro,5,53,34,64.2,35,13.6,16,3,0,0,0,4.5,5,2,"1241,98",bleu,ap-s1,B,,19350
SIM-02895,11 Nov 2023,samedi,Public,France,GE,ENTERPRISE,15,488,63,"12,9",1,0.1,40,4,4,8,0,5.5,5,0,29798.53,violet,ap-s1,control,Déploiement interne limité.,268783
SIM-02896,2024-12-27,vendredi,Finance,Belgique,TPE,Pro,1,7,3,42.9,16,"1,1",16,9,0,1,5,12.7,3,2,"156,74",bleu,eu-w1,control,,1542
SIM-02897,05/05/2024,dimanche,COMMERCE,Espagne,pme,Business,9,52,22,42.3,4,0.7,26,10,2,12,3,"11,3",2,0,2407.0,sombre,eu-w1,B,Mécontentement exprimé au support.,55265
SIM-02898,28 Dec 2024,samedi,Finance,France,TPE, Starter ,1,3,2,66.7,53,"45,2",8,5,0,0,2,,4,1,34.04,clair,ap-s1,B,,530
SIM-02899,15 Aug 2023,mardi,Public,,PME,Starter,18,41,38,92.7,96,43.4,8,6,1,1,1,,2,0,445.72,vert,eu-w3,B,"Client insatisfait, risque de départ.",6944
SIM-02900,02/08/2024,vendredi, Commerce ,Belgique, TPE ,Starter,6,3,1,33.3,3,0.7,8,1,0,6,2,29.4,2,1,31.38,vert,ap-s1,A,,309
SIM-02901,10 Dec 2024,mardi,Tech,France,PME,BUSINESS,2,10,6,60.0,34,"4,6",26,15,1,1,0,,4,0,368.5,bleu,eu-w1,control,RAS.,4230
SIM-02902,31 Dec 2024,mardi,commerce,France,PME,Pro,1,55,12,"21,8",1,0.3,16,3,0,22,0,7.3 h,5,4,"1314,14",sombre,ap-s1,A,,9698
SIM-02903,05/07/2024,vendredi, Industrie ,Suisse,ETI, Pro ,7,140,70,50.0,42,12.6,16,6,1,3,3,9.5 h,3,1,"2883,24",sombre,us-e1,control,,18914
SIM-02904,12/02/2024,lundi,tech,Allemagne, TPE ,enterprise,12,8,3,37.5,21,17.5,40,25,5,0,6,6.6,3,0,"630,43",sombre,ap-s1,B,Compte dans la moyenne.,9822
SIM-02905,31 Jul 2024,mercredi,COMMERCE,France,PME,Enterprise,6,19,7,"36,8",11,"3,9",40,15,1,1,3,1.3,3,,,violet,ap-s1,control,Compte dans la moyenne.,6869
SIM-02906,2023-06-13,mardi,INDUSTRIE,France,ETI,Business,20,198,167,84.3,74,26.3,26,17,3,0,3,7.4,3,0,10604.98,violet,us-e1,B,Compte dans la moyenne.,669598
SIM-02907,2024-04-28,dimanche,Tech,Belgique,pme,Business,9,23,5,21.7,1,0.4,26,6,3,14,6,4.2,4,1,1049.45 €,violet,us-e1,A,,16350
SIM-02908,13 Apr 2024,samedi,FINANCE,France,pme,Starter,10,51,30,"58,8",27,,8,2,2,1,4,,2,0,612.29,sombre,ap-s1,B,,10042
SIM-02909,07 Aug 2024,mercredi, Industrie ,France, GE ,Enterprise,6,173,156,90.2,93,48.7,40,16,1,1,6,3.6,3,1,"15212,65",violet,ap-s1,control,Compte dans la moyenne.,149692
SIM-02910,2022-10-09,dimanche,Tech,Espagne,TPE,pro,28,5,4,80.0%,46,31.2,16,9,3,2,6,20.2,2,0,154.83,vert,us-e1,B,Mécontentement exprimé au support.,15235
SIM-02911,12 Mar 2023,dimanche,Commerce,Allemagne,PME,PRO,23,34,18,52.9,33,"19,6",16,10,4,0,0,9.6,5,0,"917,86",sombre,ap-s1,control,"Compte engagé, ambassadeur potentiel.",42148
SIM-02912,17/05/2023,mercredi, Santé ,France, TPE ,Starter,21,2,1,50.0,30,"18,5",8,5,1,5,2,"14,8",5,,"32,16",vert,eu-w1,control,RAS.,3165
SIM-02913,2023-08-05,samedi,Industrie,Allemagne, ETI ,Business,18,184,69,"37,5",6,"1,6",26,6,3,11,4,"9,7",2,,8622.35,clair,eu-w1,control,"Client insatisfait, risque de départ.",148477
SIM-02914,30 Oct 2023,lundi,santé,France,PME,Pro,15,42,9,21.4,1,"0,2",16,0,2,10,3,14.0,4,0,988.96,violet,eu-w3,B,,10542
SIM-02915,2023-12-01,vendredi,finance,France, ETI ,Enterprise,14,108,38,"35,2",13,9.2,40,10,3,0,2,0.5,4,0,8180.68,violet,eu-w3,control,"Compte engagé, ambassadeur potentiel.",60373
SIM-02916,06 Jan 2025,lundi, Santé ,Belgique, PME ,BUSINESS,1,57,36,"63,2",34,17.3,26,14,0,1,1,5.6,5,1,,bleu,us-e1,control,,177630
SIM-02917,17/01/2023,mardi,Tech,Suisse,ETI,Business,25,180,50,"27,8",1,0.3,26,5,8,12,0,0.5,5,0,"8695,95",clair,eu-w3,A,Compte dans la moyenne.,185398
SIM-02918,09/01/2024,mardi,industrie,France,ETI,PRO,13,161,123,76.4,54,,16,8,2,0,0,7.1 h,4,0,4601.55,bleu,ap-s1,control,,135838
SIM-02919,02/06/2023,vendredi,Tech,Belgique,PME,Pro,20,7,5,71.4,32,14.3,16,10,3,0,4,17.6,4,0,178.71,clair,us-e1,B,,2345
SIM-02920,20/02/2023,lundi,Public,France,GE,Business,24,639,0,"0,0",0,0.0,26,0,0,63,3,4.1,5,0,"35341,33",violet,eu-w3,control,,1506954
SIM-02921,08 Nov 2023,mercredi,Finance,Espagne,PME,Pro,15,32,10,"31,2",6,0.3,16,3,2,6,7,19.3,3,1,700.57,sombre,eu-w1,B,,14362
SIM-02922,2024-12-27,vendredi,Tech,Suisse,pme,PRO,1,35,8,22.9,2,0.1,16,4,0,4,4,7.9,3,2,842.3,vert,ap-s1,control,Faible adoption des sièges.,18649
SIM-02923,2024-10-27,dimanche, Commerce ,France,eti,starter,3,172,50,29.1,1,"0,4",8,1,1,12,4,32.6,2,1,2338.11,clair,us-e1,A,"Client insatisfait, risque de départ.",69021
SIM-02924,2023-11-29,mercredi,Finance,France,ETI,Pro,14,72,66,91.7%,111,109.2,16,8,3,1,1,11.5 h,5,0,2104.31,sombre,eu-w3,B,Client très satisfait et actif.,81100
SIM-02925,10/12/2023,dimanche,Finance,Suisse,TPE,Pro,14,3,1,33.3,1,0.1,16,2,3,3,2,,1,0,61.73,bleu,eu-w3,B,,709
SIM-02926,27/04/2024,samedi, Santé ,Allemagne,PME,Pro,9,56,44,"78,6",37,22.8,16,8,2,0,9,21.8 h,2,0,1695.34,bleu,eu-w1,A,,70899
SIM-02927,09 Dec 2022,vendredi,,Belgique,TPE,Starter,26,7,7,100.0,99,70.8,8,6,6,0,0,"17,4",4,0,"101,98",vert,eu-w1,A,Client très satisfait et actif.,3596
SIM-02928,2022-09-17,samedi,Commerce,France,PME,business,29,42,25,,39,20.2,26,10,8,1,0,,5,0,1600.67,bleu,us-e1,control,"Compte engagé, ambassadeur potentiel.",32814
SIM-02929,2023-09-30,samedi,Tech,France, TPE , Pro ,16,5,3,"60,0",44,8.2,16,7,2,1,5,,3,0,130.13 €,clair,eu-w3,control,,2561
SIM-02930,07 Aug 2023,lundi,,France,tpe,STARTER,18,1,1,100.0%,35,1.8,8,2,6,1,6,44.4,2,0,"13,91",bleu,eu-w1,B,Mécontentement exprimé au support.,300
SIM-02931,01 Dec 2024,dimanche,Tech,Canada,pme,Starter,2,19,16,"84,2",67,41.4,8,3,0,1,4,30.8,2,0,217.29,bleu,eu-w3,B,,3564
SIM-02932,11/04/2024,jeudi,Public,France,PME,pro,10,18,9,50.0,1,0.1,16,6,1,5,1,"9,1",5,1,496.98,clair,ap-s1,control,Compte dans la moyenne.,8558
SIM-02933,30/05/2024,jeudi,Santé,France,ETI,Business,8,173,0,0.0,0,0.0,26,0,0,56,0,"4,1",4,3,7175.2,sombre,eu-w3,B,,35302
SIM-02934,08/12/2024,dimanche,Éducation,France,ETI,Pro,2,201,105,"52,2",35,2.6,16,10,0,4,0,"4,1",5,1,4529.97,violet,us-e1,B,Suivi standard.,55719
SIM-02935,11 Mar 2024,lundi,finance,Belgique,pme,Pro,11,19,10,52.6,26,15.6,16,10,,0,1,13.8,4,1,519.18,sombre,eu-w1,A,,14900
SIM-02936,28/12/2024,samedi,Public,Canada,PME, Pro ,1,34,27,"79,4",35,"23,2",16,8,0,0,4,"16,7",,2,1014.53,bleu,eu-w3,control,,22462
SIM-02937,2024-10-26,samedi, Commerce ,Espagne,TPE,Starter,3,6,2,33.3,1,0.5,8,2,0,29,1,15.7,4,0,59.17,bleu,ap-s1,control,RAS.,485
SIM-02938,08/01/2024,lundi, Industrie ,France,tpe,Starter,13,5,3,60.0,39,20.9,8,4,1,0,1,21.3,4,0,"60,8",violet,ap-s1,A,,1944
SIM-02939,2024-05-08,mercredi, Commerce ,,eti,enterprise,9,154,63,40.9,10,"1,2",40,10,1,1,1,3.9,4,,9145.62,sombre,eu-w3,control,,97492
SIM-02940,2024-06-12,mercredi,Tech,France, TPE ,Starter,8,6,2,33.3,1,0.1,8,2,2,17,1,17.9,5,1,"82,36",clair,eu-w1,control,Compte dans la moyenne.,1418
SIM-02941,07 Feb 2023,mardi, Industrie ,Espagne, ETI ,Business,24,155,62,"40,0",14,0.7,26,8,2,0,5,9.3,3,0,"6560,8",clair,us-e1,B,,177535
SIM-02942,2024-11-05,mardi,Finance,Canada, ETI ,Pro,3,117,13,11.1%,1,0.4,16,5,1,8,3,,3,2,2732.49,sombre,eu-w3,A,Faible adoption des sièges.,33610
SIM-02943,05 Jun 2024,mercredi, Commerce ,France,TPE,starter,8,4,2,50.0%,16,"7,6",8,2,1,4,0,,4,0,"49,98",sombre,eu-w1,control,Compte dans la moyenne.,369
SIM-02944,2025-01-05,dimanche,Tech,France,PME,Pro,1,11,6,54.5,28,"8,2",16,4,0,0,4,14.7,2,3,265.77,violet,us-e1,B,,3705
SIM-02945,12 May 2023,vendredi,Éducation,France,TPE,STARTER,21,11,9,81.8,33,,8,2,3,0,1,15.0,4,,141.93,violet,ap-s1,A,,2677
SIM-02946,2024-01-04,jeudi,Public,France, GE ,Pro,13,871,652,74.9,22,5.7,16,6,0,1,5,10.4,5,0,25169.0,vert,eu-w1,control,,1382785
SIM-02947,2023-07-04,mardi,Public,Allemagne,PME, Business ,19,15,9,60.0,32,4.7,26,9,3,0,0,2.3,3,0,548.15,clair,us-e1,control,,1798
SIM-02948,14/03/2024,jeudi,Éducation,France, PME ,Pro,11,59,15,25.4,1,"0,1",16,4,3,30,6,"12,7",2,,1481.82,vert,eu-w1,B,,10936
SIM-02949,03 Dec 2024,mardi, Tech ,Belgique,PME, Pro ,2,45,27,60.0%,12,9.7,16,5,1,7,1,10.8,4,3,956.38,violet,eu-w3,B,,20390
SIM-02950,09/04/2023,dimanche,Public,Belgique,PME, Starter ,22,45,10,22.2,5,,8,2,2,8,0,7.7,5,0,561.54,bleu,us-e1,control,,9209
SIM-02951,2023-07-11,mardi, Industrie ,Allemagne,ETI, Starter ,19,188,75,39.9%,9,"0,8",8,3,6,0,3,,2,0,2300.34,vert,eu-w1,B,,45271
SIM-02952,2025-01-06,lundi, Commerce ,France,PME,Pro,1,22,10,45.5,22,14.5,16,6,0,1,2,,4,0,"516,12",vert,us-e1,A,Compte dans la moyenne.,8888
SIM-02953,2024-11-05,mardi,Finance,Canada, ETI ,Pro,3,117,13,11.1%,1,0.4,16,5,1,8,3,,3,2,2732.49,sombre,eu-w3,A,Faible adoption des sièges.,33610
SIM-02954,03 Dec 2023,dimanche, Commerce ,France,TPE,Pro,14,5,1,20.0%,1,0.2,16,3,1,13,4,11.6,3,0,120.54,clair,eu-w1,control,Faible adoption des sièges.,1779
SIM-02955,2024-02-01,jeudi,Tech,Allemagne,TPE,Pro,12,10,4,40.0%,12,"5,1",16,1,4,2,0,,5,0,231.68,bleu,ap-s1,A,Client très satisfait et actif.,6269
SIM-02956,11 May 2024,samedi,Industrie,France,PME,PRO,9,32,12,"37,5",16,8.0,16,6,0,3,2,9.4,4,0,739.13,violet,ap-s1,control,RAS.,24850
SIM-02957,31/07/2024,mercredi,Éducation,Belgique,PME,Business,6,40,32,80.0,65,29.1,26,17,2,0,0,6.4,4,0,2043.12,violet,eu-w1,A,Compte dans la moyenne.,23455
SIM-02958,02 Jan 2024,mardi,santé,Belgique,TPE,starter,13,10,6,60.0,1,0.5,8,4,1,17,3,22.7,3,1,120.94,bleu,eu-w1,control,,3273
SIM-02959,2023-12-07,jeudi, Santé ,France,GE,Enterprise,14,258,201,77.9,71,38.4,40,32,2,3,0,1.9,3,0,22929.24 €,bleu,eu-w3,A,,582861
SIM-02960,30 Dec 2024,lundi,Éducation,Belgique,TPE,Pro,1,11,3,27.3,6,"2,5",16,3,0,14,3,,2,3,305.64,bleu,us-e1,control,"Client insatisfait, risque de départ.",5263
SIM-02961,2024-12-31,mardi, Éducation ,France,ETI,Business,1,133,12,9.0,1,"0,1",26,4,1,8,5,6.8,3,2,4760.24,vert,eu-w1,A,Faible adoption des sièges.,31227
SIM-02962,2024-10-10,jeudi,SANTÉ,Espagne,TPE,STARTER,4,9,6,66.7,30,"16,4",8,3,2,1,4,27.0,3,0,,clair,eu-w3,control,RAS.,1290
SIM-02963,07/04/2023,vendredi, Commerce ,France,TPE,Business,22,1,1,100.0,25,12.8,26,7,4,0,4,,2,0,36.33,vert,eu-w3,control,Mécontentement exprimé au support.,506
SIM-02964,11/05/2024,samedi,Industrie,Canada, PME ,PRO,9,6,3,50.0,22,9.4,16,8,0,1,3,10.9,3,0,171.59,bleu,us-e1,control,Compte dans la moyenne.,5206
SIM-02965,05 May 2024,dimanche,Tech,France,PME, Business ,9,17,9,52.9,29,"14,0",26,10,3,0,0,,5,1,765.55,bleu,eu-w3,control,,13811
SIM-02966,29 Jan 2024,lundi,Commerce,Canada,TPE, Starter ,12,7,3,42.9,10,"3,0",8,3,1,3,2,30.2,2,,70.79,vert,us-e1,B,,1741
SIM-02967,31/08/2024,samedi, Tech ,France,tpe,ENTERPRISE,5,8,1,,1,0.1,40,1,0,4,3,,4,1,588.62,violet,us-e1,B,,6757
SIM-02968,03/01/2025,vendredi,Industrie,France,TPE,starter,1,8,5,"62,5",17,"11,2",8,4,,0,0,13.0,5,1,"81,54",sombre,ap-s1,A,Compte dans la moyenne.,1204
SIM-02969,02 Oct 2024,mercredi,Commerce,France,TPE,Pro,4,10,5,50.0,28,"15,1",16,8,,0,0,1.7,5,1,236.88,vert,us-e1,B,,3302
SIM-02970,22/05/2022,dimanche,Industrie,Canada, TPE ,Starter,33,4,1,25.0%,1,0.1,8,0,11,1,1,,3,0,53.65,bleu,eu-w3,control,RAS.,3124
SIM-02971,05 Dec 2023,mardi,commerce,France,PME,Business,14,58,28,48.3,37,"14,7",26,5,2,0,1,5.2,4,1,2080.09,violet,us-e1,A,RAS.,10234
SIM-02972,07/12/2023,jeudi,SANTÉ,, PME ,Enterprise,14,59,47,79.7,89,"67,2",40,20,3,2,0,3.7,5,0,5202.14,violet,eu-w3,B,,68252
SIM-02973,31 Aug 2023,jeudi,Industrie,Canada,PME,business,17,29,12,"41,4",6,2.6,26,18,2,5,0,4.6 h,5,0,"1286,28",vert,eu-w3,B,,11602
SIM-02974,2024-03-31,dimanche,Public,Allemagne,PME,BUSINESS,10,20,4,20.0,1,0.1,26,6,,17,4,9.9,2,1,926.0,bleu,us-e1,A,,16705
SIM-02975,2024-05-31,vendredi, Finance ,France, TPE ,STARTER,8,4,3,75.0,27,"13,1",8,4,1,1,0,17.6,3,1,37.59,sombre,eu-w3,A,,401
SIM-02976,06/10/2024,dimanche,Commerce,France,PME, Pro ,4,57,3,5.3%,1,"0,1",16,4,1,30,3,"10,2",3,1,1010.12 €,clair,us-e1,B,Déploiement interne limité.,4970
SIM-02977,25/12/2024,mercredi,industrie,Canada,TPE,Starter,1,8,5,62.5%,45,20.3,8,2,0,1,1,20.8,4,4,80.26,clair,ap-s1,control,,3356
SIM-02978,04/02/2024,dimanche,Tech,France,ETI, Enterprise ,12,80,60,75.0,51,"34,4",40,18,6,1,0,0.5,5,0,6486.83 €,vert,eu-w3,control,"Compte engagé, ambassadeur potentiel.",148938
SIM-02979,2024-02-02,vendredi,FINANCE,France,GE,Business,12,183,0,"0,0",0,0.0,26,0,0,80,1,6.3,2,0,8194.96,vert,ap-s1,control,,107518
SIM-02980,24/11/2024,dimanche,,Allemagne,TPE,Pro,2,11,6,54.5,25,18.2,16,8,2,1,2,"14,4",3,3,"279,56",bleu,eu-w1,control,,2063
SIM-02981,04/02/2024,dimanche,Industrie,Espagne,TPE, Starter ,12,1,1,100.0,67,10.3,8,3,4,2,0,15.6 h,4,0,15.28,bleu,ap-s1,B,Client très satisfait et actif.,476
SIM-02982,27/09/2024,vendredi,Tech,France,ETI, Business ,4,157,73,46.5%,14,"6,5",26,13,1,0,0,5.6,5,0,"7510,64",clair,ap-s1,control,,67746
SIM-02983,11 Nov 2023,samedi,Tech,,GE,Business,15,334,135,"40,4",7,4.5,26,3,7,5,3,"5,4",5,0,"14301,76",sombre,eu-w3,A,,1008560
SIM-02984,12 May 2023,vendredi,Éducation,France,TPE,STARTER,21,11,9,81.8,33,,8,2,3,0,1,15.0,4,,141.93,violet,ap-s1,A,,2677
SIM-02985,02 Oct 2024,mercredi,Commerce,France,TPE,Pro,4,10,5,50.0,28,"15,1",16,8,,0,0,1.7,5,1,236.88,vert,us-e1,B,,3302
SIM-02986,2024-04-11,jeudi,Éducation,Espagne,pme,Business,10,20,5,25.0%,4,"1,0",26,9,0,1,1,"5,7",3,1,763.83,sombre,eu-w1,control,Suivi standard.,5637
SIM-02987,06/04/2023,jeudi,Éducation,Belgique, GE ,enterprise,22,313,0,0.0,0,0.0,40,0,0,35,0,4.8,2,0,"23068,42",vert,us-e1,control,,208077
SIM-02988,2023-12-02,samedi, Commerce ,Canada,PME,STARTER,14,37,3,8.1%,1,"0,2",8,0,2,7,0,10.5,5,0,375.86,vert,ap-s1,B,Faible adoption des sièges.,1233
SIM-02989,10/07/2024,mercredi,Éducation,Belgique,ETI,STARTER,7,181,61,"33,7",9,"4,0",8,2,2,5,5,36.2,2,0,"2008,85",bleu,eu-w3,A,Mécontentement exprimé au support.,18120
SIM-02990,2024-07-30,mardi,Tech,France,PME,Business,6,41,23,56.1,14,2.7,26,6,0,0,1,3.6,,2,1580.42,sombre,eu-w1,control,,11663
SIM-02991,29/11/2024,vendredi,Commerce,France, ETI ,Business,2,49,34,69.4,60,31.2,26,13,0,3,6,10.7,2,2,1916.2,clair,eu-w3,A,,12570
SIM-02992,02/04/2024,mardi, Tech ,France,TPE, Pro ,10,10,9,90.0,65,"60,0",16,10,0,0,3,9.2,,1,276.73,sombre,ap-s1,A,RAS.,3404
SIM-02993,04/01/2024,jeudi,Public,France,TPE,STARTER,13,2,1,"50,0",7,1.3,8,3,3,3,0,16.3,5,1,23.88 €,bleu,eu-w1,B,"Compte engagé, ambassadeur potentiel.",352
SIM-02994,2024-02-11,dimanche,,France,ETI,Pro,12,136,34,25.0%,1,0.5,16,2,3,16,2,13.0,5,0,2651.24,bleu,eu-w1,control,,45654
SIM-02995,31/07/2024,mercredi,PUBLIC,Canada,TPE,Starter,6,1,1,100.0,41,11.2,8,1,,0,0,15.8,5,0,12.45,clair,us-e1,A,Client très satisfait et actif.,300
SIM-02996,18 Apr 2023,mardi, Public ,Canada,PME,PRO,22,13,10,76.9%,47,22.9,16,4,3,1,1,9.5,4,0,345.29 €,clair,us-e1,control,,9627
SIM-02997,08 Jan 2024,lundi,tech,Allemagne,PME,Pro,13,48,10,20.8,3,1.6,16,6,2,1,1,,,0,1204.7,vert,ap-s1,B,,14818
SIM-02998,07 Mar 2024,jeudi,Industrie,France,ETI,PRO,11,64,51,"79,7",76,"52,2",16,12,3,0,1,16.6,3,1,1991.12,sombre,us-e1,control,,63676
SIM-02999,06 Jan 2024,samedi,Public,France,TPE,pro,13,6,0,0.0,0,"0,0",16,0,0,85,5,18.5,2,0,131.88,bleu,us-e1,B,,2163
SIM-03000,11 Feb 2024,dimanche,Finance,France,tpe,Starter,12,7,5,71.4%,53,32.7,8,5,5,0,6,29.6,3,0,80.02 €,sombre,us-e1,B,,984
SIM-03001,17 Nov 2023,vendredi,Éducation,Allemagne,TPE,Pro,15,10,4,40.0,6,1.0,16,6,2,8,4,,3,0,285.43,bleu,ap-s1,A,RAS.,9128
SIM-03002,12 Jun 2024,mercredi,Public,France,PME,pro,8,27,18,66.7%,29,15.1,16,6,2,0,1,,3,0,"664,18",violet,us-e1,control,,9259
SIM-03003,23 Nov 2024,samedi,PUBLIC,France,PME, Starter ,2,47,35,"74,5",27,"11,2",8,3,1,1,2,26.9,2,2,600.17 €,sombre,eu-w1,A,,9351
SIM-03004,03 Oct 2024,jeudi,SANTÉ,France, ETI ,Business,4,193,68,35.2%,1,,26,8,0,12,5,10.4,2,1,8643.54,sombre,us-e1,control,,28351
SIM-03005,15/11/2022,mardi,ÉDUCATION,France,ETI,BUSINESS,27,78,72,,63,44.5,26,11,4,2,1,3.3,3,0,4817.33 €,violet,us-e1,B,,316017
SIM-03006,28/07/2024,dimanche,ÉDUCATION,Allemagne,ETI,Enterprise,6,164,76,46.3,15,4.0,40,21,1,1,2,3.9,3,1,15017.55 €,clair,us-e1,control,,726549
SIM-03007,02/08/2024,vendredi,commerce,France,PME,Pro,6,57,22,38.6,4,"2,0",16,4,0,1,2,8.5,5,0,1279.7,clair,us-e1,B,,22036
SIM-03008,05/12/2023,mardi,FINANCE,France,PME,pro,14,7,6,85.7%,53,25.5,16,5,,0,4,16.6,,0,"195,87",vert,ap-s1,A,,3533
SIM-03009,02 Sep 2023,samedi,TECH,Belgique,TPE, Starter ,17,1,1,100.0,112,60.4,8,5,2,0,0,19.8,4,0,12.99,sombre,us-e1,control,,330
SIM-03010,06 Mar 2024,mercredi,TECH,France, ETI ,Pro,11,97,59,,14,9.1,16,3,3,3,10,20.3,2,2,2504.11,vert,ap-s1,B,"Client insatisfait, risque de départ.",51334
SIM-03011,06 Mar 2023,lundi,Éducation,France, ETI ,BUSINESS,23,205,25,,1,"0,4",26,6,5,30,0,5.8,3,0,9320.18,bleu,eu-w1,B,,152851
SIM-03012,23 Dec 2024,lundi, Tech ,France,TPE, Starter ,1,7,2,28.6,2,0.3,8,1,0,0,7,38.2 h,2,2,71.43 €,violet,eu-w3,B,,300
SIM-03013,03/07/2024,mercredi,PUBLIC,France,TPE, Starter ,7,5,4,80.0%,59,29.3,8,3,2,1,4,27.6,3,0,62.21,clair,eu-w3,B,,1020
SIM-03014,21 Apr 2023,vendredi, Commerce ,Belgique,TPE,Starter,22,10,3,"30,0",10,"6,6",8,4,6,2,2,20.3,4,0,"118,83",sombre,eu-w1,A,"Compte engagé, ambassadeur potentiel.",1364
SIM-03015,2024-07-13,samedi,SANTÉ,,PME, Business ,7,56,16,28.6%,1,0.3,26,4,2,18,7,,3,0,2544.34 €,violet,us-e1,B,Support très sollicité récemment.,35468
SIM-03016,08 Sep 2023,vendredi, Tech ,Suisse,TPE,STARTER,17,4,2,50.0,17,5.1,8,1,1,2,1,28.9,3,0,51.13 €,vert,eu-w1,A,,1258
SIM-03017,2025-01-09,jeudi,Tech,France,ETI,Enterprise,1,116,0,0.0,0,0.0,40,0,0,30,4,3.7,3,2,8284.23,vert,us-e1,B,Déploiement interne limité.,33965
SIM-03018,02/09/2023,samedi,Finance,Espagne,PME, Pro ,17,11,5,45.5,6,"3,1",16,6,3,0,6,16.5,2,0,,vert,eu-w1,control,,2555
SIM-03019,31 Aug 2023,jeudi,Industrie,Canada,PME,business,17,29,12,"41,4",6,2.6,26,18,2,5,0,4.6 h,5,0,"1286,28",vert,eu-w3,B,,11602
SIM-03020,2025-01-07,mardi,Public,Belgique,TPE,Pro,1,9,6,66.7,40,24.8,16,6,0,0,0,5.6,5,3,197.21,sombre,eu-w1,B,,1617
SIM-03021,14 Feb 2023,mardi,ÉDUCATION,France,PME,ENTERPRISE,24,18,6,33.3,4,1.0,40,3,1,15,1,0.5,5,0,1481.69,bleu,ap-s1,B,Suivi standard.,24300
SIM-03022,29 Apr 2024,lundi,Tech,France,ETI,Enterprise,9,118,0,,0,0.0,40,0,0,42,4,"4,9",2,4,8899.84 €,violet,us-e1,control,,153255
SIM-03023,2024-01-04,jeudi,Finance,France, TPE ,Pro,13,4,2,50.0,23,15.1,16,5,2,1,6,19.9,,1,108.31,clair,us-e1,B,Mécontentement exprimé au support.,1332
SIM-03024,14 Jun 2024,vendredi,Éducation,Allemagne,ETI,Business,8,89,48,53.9,12,4.6,26,6,4,1,6,10.1,,1,4526.42,vert,eu-w1,control,Suivi standard.,200430
SIM-03025,09/09/2023,samedi,TECH,France,ETI, Business ,17,196,109,55.6,35,15.5,26,10,3,0,2,6.5,4,0,8020.18,bleu,eu-w3,control,Client très satisfait et actif.,197296
SIM-03026,2024-01-01,lundi,,Allemagne,PME,business,13,27,8,29.6,4,"0,2",26,5,3,0,6,8.3 h,3,1,1261.24,violet,eu-w3,control,Compte dans la moyenne.,28958
SIM-03027,2025-01-09,jeudi,Industrie,Suisse, PME ,business,1,22,9,40.9%,1,,26,9,1,6,3,5.6,3,3,817.98,violet,eu-w1,B,,8720
SIM-03028,27 Jul 2024,samedi,industrie,France,tpe,STARTER,6,11,9,81.8%,62,55.2,8,6,2,3,0,"14,3",5,1,176.08,bleu,ap-s1,A,,5053
SIM-03029,2023-05-14,dimanche,,,PME,Enterprise,21,24,9,37.5,1,0.1,40,3,5,15,11,"7,5",1,0,1730.32,clair,ap-s1,B,,12770
SIM-03030,03/12/2024,mardi,Public,Espagne,PME, Pro ,2,31,22,"71,0",48,,16,6,1,0,0,,5,2,955.68,clair,us-e1,B,,27428
SIM-03031,2024-12-28,samedi,Finance,France, TPE ,pro,1,3,1,33.3%,16,,16,4,0,3,1,11.7,5,2,56.03,vert,eu-w1,control,RAS.,322
SIM-03032,2024-04-02,mardi,,France,PME,BUSINESS,10,24,19,,30,"9,0",26,8,2,1,5,,2,0,1084.59,bleu,ap-s1,B,"Client insatisfait, risque de départ.",29349
SIM-03033,2023-12-02,samedi,Tech,France,PME,PRO,14,25,14,56.0,31,20.7,16,7,8,4,3,11.6,4,0,"567,83",vert,us-e1,control,,16762
SIM-03034,2024-04-02,mardi,Commerce,France,TPE, Pro ,10,4,0,0.0,0,0.0,16,0,,91,5,"10,9",3,0,99.57,vert,eu-w3,control,Usage en forte baisse ce trimestre.,1143
SIM-03035,07 Sep 2024,samedi,INDUSTRIE,Canada,PME,business,5,57,0,0.0,0,"0,0",26,0,0,56,5,11.0,2,1,2240.62,clair,eu-w3,B,,18373
SIM-03036,2023-10-12,jeudi,Commerce,France,TPE,Starter,16,7,4,57.1,33,19.3,8,4,3,2,2,19.3,5,0,79.23,vert,ap-s1,A,"Compte engagé, ambassadeur potentiel.",3248
SIM-03037,14/05/2024,mardi,tech,France,TPE,Starter,9,4,0,0.0%,0,,8,0,0,50,1,"21,0",3,1,"44,5",clair,eu-w1,B,,401
SIM-03038,06/12/2023,mercredi,Finance,France,PME,Business,14,33,25,75.8%,43,"30,1",26,13,3,2,1,2.2 h,5,1,1673.99 €,violet,us-e1,B,,61770
SIM-03039,2024-02-02,vendredi,FINANCE,France,GE,Business,12,183,0,"0,0",0,0.0,26,0,0,80,1,6.3,2,0,8194.96,vert,ap-s1,control,,107518
SIM-03040,2024-01-06,samedi,PUBLIC,France,TPE,Pro,13,4,2,50.0%,30,14.9,16,5,3,0,0,8.1,,1,90.15 €,clair,eu-w1,A,"Compte engagé, ambassadeur potentiel.",665
SIM-03041,29/10/2024,mardi,PUBLIC,France,PME,Business,3,44,21,,13,"2,6",26,12,0,6,0,0.5,5,1,"1837,69",bleu,eu-w3,B,Suivi standard.,25617
SIM-03042,10 Sep 2024,mardi,Industrie,Allemagne,ETI,Pro,5,181,116,64.1%,37,8.2,16,4,2,0,4,14.0,4,0,,vert,ap-s1,B,,62296
SIM-03043,2024-11-30,samedi,Éducation,France,GE,Pro,2,136,38,27.9,5,1.0,16,1,2,1,0,10.3,3,0,2363.36 €,sombre,us-e1,B,RAS.,40697
SIM-03044,2023-07-07,vendredi,tech,Belgique,TPE,starter,19,1,1,100.0%,4,"0,2",8,3,6,6,4,"34,4",2,0,11.92,violet,ap-s1,B,"Client insatisfait, risque de départ.",450
SIM-03045,05/06/2024,mercredi,Finance,France,ETI, Business ,8,37,5,"13,5",2,1.1,26,1,2,2,0,,3,0,1241.45,sombre,eu-w3,A,,28504
SIM-03046,04/12/2023,lundi,Industrie,France,ETI,Enterprise,14,102,48,,15,8.7,40,7,6,1,4,2.6,2,,7865.9,sombre,us-e1,A,,58050
SIM-03047,07 Nov 2023,mardi,Éducation,Belgique,GE,Business,15,765,415,,26,"12,6",26,7,0,0,9,11.3,1,0,31201.7,vert,ap-s1,A,,716391
SIM-03048,07/01/2025,mardi,Finance,Allemagne,pme,business,1,22,18,"81,8",68,57.3,26,16,0,3,1,,5,2,1120.68,clair,eu-w3,control,Suivi standard.,11027
SIM-03049,02/04/2024,mardi, Santé ,Espagne, GE ,business,10,398,216,54.3,47,24.2,26,13,3,1,3,,3,1,18513.18,vert,eu-w1,A,,1168922
SIM-03050,2024-06-04,mardi,TECH,France, TPE ,Starter,8,5,3,60.0%,56,,8,2,2,0,1,22.9,3,1,63.41,bleu,eu-w1,control,RAS.,780
SIM-03051,2024-02-14,mercredi,PUBLIC,France,PME,pro,12,51,34,66.7,71,"60,5",16,10,3,1,1,12.5,4,0,1405.36,bleu,ap-s1,A,,27657
SIM-03052,14 Sep 2023,jeudi,Éducation,Espagne, TPE ,starter,17,5,4,80.0,73,"47,9",8,4,4,1,1,15.2 h,3,0,57.72,vert,eu-w3,control,,2035
SIM-03053,2024-04-29,lundi,santé,France, ETI ,PRO,9,68,21,30.9,13,2.0,16,4,1,3,0,3.1,4,1,1873.22,bleu,eu-w1,A,,32257
SIM-03054,31/12/2023,dimanche,Industrie,France,PME,Business,13,12,6,50.0,22,"14,5",26,11,1,3,1,8.6,2,0,566.73,sombre,eu-w3,A,,37642
SIM-03055,28 Dec 2024,samedi,Commerce,France,PME,enterprise,1,52,38,73.1,34,"16,4",40,10,1,1,0,2.5,4,5,3652.42,sombre,eu-w1,control,,35940
SIM-03056,12 May 2024,dimanche,,Belgique,TPE,pro,9,10,1,"10,0",1,0.6,16,0,4,30,1,6.4 h,4,0,265.32 €,bleu,us-e1,B,Déploiement interne limité.,4569
SIM-03057,2023-05-16,mardi,Tech,Allemagne,ETI,Business,21,69,36,"52,2",27,13.3,26,10,1,0,2,6.4,4,0,3508.82 €,sombre,ap-s1,control,,71931
SIM-03058,12 Nov 2023,dimanche,Finance,France, TPE ,pro,15,2,1,50.0,15,"3,5",16,7,0,2,4,"11,0",4,0,50.41,sombre,eu-w1,A,Compte dans la moyenne.,496
SIM-03059,05 Mar 2024,mardi,Commerce,France,PME, Pro ,11,30,6,20.0,5,0.2,16,8,4,3,5,12.2,3,1,521.24,bleu,us-e1,B,,6839
SIM-03060,11/10/2024,vendredi,finance,France,TPE,Starter,4,11,8,72.7,51,30.3,8,3,,1,0,15.0 h,5,0,130.27,vert,ap-s1,A,RAS.,3739
SIM-03061,2023-03-05,dimanche,Tech,,tpe,Pro,23,3,2,"66,7",58,50.4,16,13,7,0,0,8.1,5,0,76.59,sombre,eu-w3,control,,1130
SIM-03062,29 Dec 2023,vendredi, Santé ,Belgique,pme,PRO,13,46,9,19.6,3,1.0,16,6,6,11,4,11.4,3,0,"977,61",bleu,us-e1,A,,27256
SIM-03063,18/09/2023,lundi, Industrie ,France,PME,BUSINESS,17,39,18,46.2,13,"1,6",26,10,4,0,4,6.0,4,0,1726.18,bleu,us-e1,A,,58034
SIM-03064,2024-10-10,jeudi,Finance,France,GE,Pro,4,876,594,67.8,10,3.6,16,7,0,0,2,9.1,5,2,24911.02,sombre,ap-s1,B,RAS.,490249
SIM-03065,18/06/2023,dimanche,commerce,France,PME,Enterprise,20,56,43,76.8,77,"48,3",40,22,6,1,0,1.8,4,0,5056.94,bleu,eu-w3,A,"Compte engagé, ambassadeur potentiel.",49760
SIM-03066,31 May 2024,vendredi,santé,France,PME, Pro ,8,59,7,11.9%,1,0.1,16,0,2,26,5,14.8 h,3,0,"1564,54",bleu,eu-w3,B,,47468
SIM-03067,12 Jul 2023,mercredi,INDUSTRIE,Allemagne,eti,pro,19,200,0,0.0,0,0.0,16,0,0,54,2,17.4,1,0,4353.57,violet,us-e1,A,,46409
SIM-03068,2024-07-30,mardi,Public,France,TPE,Starter,6,11,9,81.8,68,34.7,8,3,3,2,3,,4,1,155.72,bleu,eu-w3,A,Client très satisfait et actif.,12258
SIM-03069,07 Feb 2024,mercredi,Tech,France,TPE,Business,12,4,2,50.0,30,9.7,26,1,3,2,3,4.6,4,0,194.51,clair,eu-w3,A,,7018
SIM-03070,28 Feb 2024,mercredi,commerce,France,TPE,starter,11,10,5,,13,10.1,8,5,2,2,4,41.8,1,0,120.92,sombre,eu-w1,B,,3966
SIM-03071,2023-06-09,vendredi,industrie,Canada,PME,Enterprise,20,45,18,"40,0",5,0.2,40,17,4,3,0,3.7,,0,4332.7,bleu,us-e1,control,,113690
SIM-03072,2024-06-14,vendredi,Éducation,France,ETI,Business,8,183,83,45.4,16,"11,8",26,9,2,5,3,3.1,3,1,7816.91 €,clair,eu-w3,A,Compte dans la moyenne.,269214
SIM-03073,2024-09-12,jeudi,,Allemagne, GE ,business,5,136,35,25.7,1,0.3,26,3,1,2,5,5.7,2,0,5264.91,sombre,us-e1,B,"Client insatisfait, risque de départ.",43172
SIM-03074,30/12/2024,lundi,finance,Suisse,TPE,Starter,1,7,4,57.1,23,5.5,8,4,1,1,0,16.8,5,1,"67,75",bleu,eu-w1,control,,300
SIM-03075,10 May 2023,mercredi,FINANCE,France,tpe,Starter,21,6,2,33.3,3,,8,2,7,8,4,31.4,,0,"82,32",violet,ap-s1,A,Compte dans la moyenne.,2835
SIM-03076,06 Jan 2025,lundi,Public,France,ETI,Pro,1,73,10,"13,7",4,0.5,16,2,0,2,0,6.1,,2,1355.41,vert,eu-w3,B,,4446
SIM-03077,2024-04-12,vendredi,tech,Espagne,TPE,Pro,10,6,3,50.0,12,5.9,16,8,3,1,2,12.0,5,4,138.73,sombre,us-e1,B,"Compte engagé, ambassadeur potentiel.",2275
SIM-03078,2024-09-07,samedi,TECH,France,ETI,starter,5,195,59,30.3,8,4.5,8,1,0,1,0,"13,9",5,0,2597.1,vert,eu-w3,control,,44722
SIM-03079,2024-10-26,samedi,Tech,France, PME ,business,3,48,24,,23,"8,9",26,2,2,1,5,3.0 h,2,0,2253.36,clair,eu-w1,B,"Client insatisfait, risque de départ.",11087
SIM-03080,01/09/2024,dimanche,industrie,France, TPE ,Pro,5,5,2,40.0%,28,3.0,16,9,1,1,0,,,1,,clair,eu-w3,A,RAS.,3151
SIM-03081,2024-07-30,mardi, Tech ,Espagne, PME ,PRO,6,29,18,,33,"9,1",16,7,2,0,0,,3,3,"716,08",clair,ap-s1,A,,2349
SIM-03082,2024-01-13,samedi,Tech,Canada,GE, Enterprise ,13,259,101,39.0%,1,"0,4",40,14,1,30,0,0.5 h,,0,20082.97,clair,eu-w3,A,,1317443
SIM-03083,2024-02-01,jeudi,Tech,Allemagne,TPE,Pro,12,10,4,40.0%,12,"5,1",16,1,4,2,0,,5,0,231.68,bleu,ap-s1,A,Client très satisfait et actif.,6269
SIM-03084,02/09/2024,lundi,ÉDUCATION,Suisse,TPE,STARTER,5,2,1,50.0,16,"4,8",8,3,0,0,0,20.7,4,0,"19,91",sombre,us-e1,control,,300
SIM-03085,14 Apr 2024,dimanche,Santé,,PME,PRO,10,53,48,90.6%,86,"74,2",16,10,1,0,3,,5,1,1588.18,sombre,us-e1,control,,24744
SIM-03086,06/07/2023,jeudi,Commerce,Canada,PME,PRO,19,27,19,70.4,54,"35,0",16,5,6,0,4,"10,1",4,,655.22,sombre,eu-w3,B,Client très satisfait et actif.,12357
SIM-03087,2023-08-07,lundi,ÉDUCATION,France,TPE,Starter,18,7,5,71.4,30,8.8,8,3,5,2,0,22.2,3,0,74.66,vert,eu-w1,B,,735
SIM-03088,17/12/2022,samedi,tech,France,TPE,Starter,26,10,0,0.0,0,"0,0",8,0,0,53,0,23.0,3,0,124.83 €,sombre,eu-w1,control,,2457
SIM-03089,10/03/2023,vendredi, Éducation ,France,PME,BUSINESS,23,51,37,72.5,26,7.5,26,6,5,1,0,0.5,5,0,2120.05,vert,eu-w3,control,Client très satisfait et actif.,126906
SIM-03090,07/06/2023,mercredi,Santé,France,PME,STARTER,20,9,0,"0,0",0,0.0,8,0,0,84,0,25.0,1,0,"136,81",bleu,eu-w3,B,Usage en forte baisse ce trimestre.,2468
SIM-03091,08 Nov 2024,vendredi, Public ,France,GE, Business ,3,572,475,"83,0",64,13.5,26,18,0,1,8,9.5,3,1,"22211,12",bleu,eu-w3,B,Support très sollicité récemment.,564607
SIM-03092,09 Apr 2024,mardi,Tech,France,ETI,Business,10,204,91,44.6,12,6.3,26,3,1,1,3,,4,2,9182.15,vert,eu-w3,B,RAS.,180705
SIM-03093,01 Jan 2025,mercredi,Commerce,France,PME,Pro,1,45,22,48.9,21,6.7,16,6,0,1,2,11.2,4,4,1121.86 €,violet,eu-w1,A,Suivi standard.,42317
SIM-03094,02/09/2024,lundi,ÉDUCATION,Suisse,TPE,STARTER,5,2,1,50.0,16,"4,8",8,3,0,0,0,20.7,4,0,"19,91",sombre,us-e1,control,,300
SIM-03095,07 Apr 2023,vendredi,Éducation,France,TPE,STARTER,22,11,0,0.0%,0,0.0,8,0,0,88,3,,2,0,"100,52",sombre,eu-w3,A,Usage en forte baisse ce trimestre.,1896
SIM-03096,30 Nov 2023,jeudi,Industrie,France,ge,Enterprise,14,557,72,,1,0.1,40,1,4,5,0,"0,6",4,1,33504.58,violet,eu-w3,A,,302211
SIM-03097,2024-07-05,vendredi,Commerce,Espagne,PME,Business,7,57,41,"71,9",23,15.6,26,5,1,1,0,3.7 h,5,0,2466.12,sombre,eu-w1,control,,16178
SIM-03098,09 Oct 2023,lundi,ÉDUCATION,France, PME ,Business,16,58,30,51.7,26,14.8,26,6,3,1,5,9.3,3,0,2905.7,clair,us-e1,control,RAS.,88159
SIM-03099,05/05/2023,vendredi,Finance,Allemagne,PME,Business,21,55,40,72.7%,44,6.8,26,13,1,0,2,3.7,4,0,"2603,65",vert,eu-w3,B,RAS.,76860
SIM-03100,19 Mar 2023,dimanche,,Belgique,TPE,Starter,23,3,0,0.0,0,0.0,8,0,0,58,3,25.4,4,0,39.62 €,bleu,ap-s1,B,,1527
SIM-03101,14 Sep 2023,jeudi,tech,France,PME,BUSINESS,17,57,25,43.9,14,2.7,26,8,6,1,0,8.0 h,5,0,2657.17,sombre,eu-w1,control,,65366
SIM-03102,01/01/2025,mercredi, Commerce ,Suisse,ETI,BUSINESS,1,67,34,50.7%,15,"5,1",26,10,,0,0,1.7,4,4,"2655,94",violet,eu-w1,control,Compte dans la moyenne.,26134
SIM-03103,2023-08-04,vendredi,,France, ETI ,business,18,114,49,43.0,26,18.4,26,14,5,0,5,9.3 h,2,,"5282,03",clair,us-e1,control,,138600
SIM-03104,20 Jul 2023,jeudi,Industrie,France,TPE,Starter,19,6,4,66.7,27,8.6,8,4,3,1,4,34.4,2,0,88.12,bleu,eu-w3,B,Mécontentement exprimé au support.,2601
SIM-03105,24 Nov 2024,dimanche,Public,France,PME,Enterprise,2,29,16,55.2,11,5.9,40,6,0,1,4,3.0,3,2,"1647,66",sombre,us-e1,B,,8106
SIM-03106,04/09/2024,mercredi,Santé,Allemagne,PME,PRO,5,36,12,33.3,4,0.8,16,5,1,5,5,15.2,3,0,867.1,bleu,ap-s1,control,,19909
SIM-03107,12 Sep 2023,mardi,INDUSTRIE,Suisse,TPE,Pro,17,7,4,57.1,10,3.4,16,2,0,4,1,"9,6",3,1,149.57,sombre,ap-s1,B,Compte dans la moyenne.,2208
SIM-03108,06 Mar 2023,lundi,Éducation,France, ETI ,BUSINESS,23,205,25,,1,"0,4",26,6,5,30,0,5.8,3,0,9320.18,bleu,eu-w1,B,,152851
SIM-03109,27 Dec 2024,vendredi,FINANCE,Belgique,TPE, Pro ,1,1,1,100.0,58,"37,8",16,9,1,1,7,,4,5,19.41,bleu,ap-s1,control,Support très sollicité récemment.,300
SIM-03110,02/10/2023,lundi,INDUSTRIE,France,ETI,Pro,16,99,67,67.7%,51,"7,4",16,5,4,1,5,17.6 h,3,0,2542.79,vert,us-e1,control,RAS.,135531
SIM-03111,06 Jan 2025,lundi,SANTÉ,Espagne,GE,Enterprise,1,176,138,78.4,60,15.3,40,26,1,1,0,,4,5,13769.98,violet,us-e1,A,Suivi standard.,248410
SIM-03112,06 Apr 2023,jeudi,Commerce,France,PME,Business,22,34,6,17.6,1,,26,6,4,9,3,1.6,3,0,1272.59,violet,us-e1,B,,25045
SIM-03113,05/11/2023,dimanche, Finance ,France,PME, Business ,15,36,20,55.6,40,18.0,26,10,5,1,0,2.6,5,0,1332.58,violet,eu-w1,B,Client très satisfait et actif.,8742
SIM-03114,07/05/2024,mardi,SANTÉ,France,TPE, Business ,9,6,3,"50,0",7,"0,6",26,4,1,21,5,9.8,1,1,235.49,bleu,eu-w3,A,"Client insatisfait, risque de départ.",2510
SIM-03115,04 Aug 2024,dimanche,Commerce,France,ge,Enterprise,6,252,90,35.7%,2,1.1,40,11,1,1,1,3.0 h,4,0,"17745,09",sombre,eu-w3,A,,392876
SIM-03116,13/02/2024,mardi,Finance,France,TPE,Starter,12,11,2,18.2,1,0.4,8,2,6,11,3,22.2,4,0,158.82,violet,eu-w1,control,,3386
SIM-03117,2024-05-10,vendredi, Industrie ,France, PME ,Pro,9,12,0,"0,0",0,"0,0",16,0,0,86,1,13.9,3,2,273.11,bleu,ap-s1,control,"Compte peu actif, relance nécessaire.",5375
SIM-03118,2023-08-18,vendredi,Éducation,France,TPE,Starter,18,11,7,63.6,17,11.4,8,4,5,1,2,23.7,4,0,119.01,violet,eu-w3,control,,1952
SIM-03119,10 Mar 2024,dimanche,Éducation,Allemagne,PME,BUSINESS,11,39,30,"76,9",57,30.5,26,18,3,1,3,8.6,2,1,"1956,77",vert,eu-w3,control,,19255
SIM-03120,2024-11-07,jeudi,Finance,,GE,Enterprise,3,442,0,0.0,0,0.0,40,0,0,90,2,4.9,3,2,"30284,5",clair,ap-s1,B,,124166
SIM-03121,11 Jun 2024,mardi,santé,Espagne, ETI ,pro,8,179,73,40.8,19,1.0,16,0,0,1,0,4.0,5,2,"4496,08",violet,ap-s1,A,,232267
SIM-03122,2023-12-10,dimanche,Finance,Belgique,TPE,STARTER,14,11,2,"18,2",6,2.2,8,1,3,1,1,,4,1,"127,58",bleu,eu-w1,B,,1151
SIM-03123,09 Sep 2023,samedi,,France,pme,STARTER,17,32,10,"31,2",1,0.1,8,0,6,10,0,,,0,336.92,clair,eu-w3,B,Mécontentement exprimé au support.,7183
SIM-03124,02 Aug 2023,mercredi,Commerce,Espagne,pme,Business,18,39,28,71.8,51,,26,13,7,1,2,7.3,4,0,"1857,91",violet,eu-w1,control,,76174
SIM-03125,17/07/2023,lundi,Tech,France,eti,BUSINESS,19,44,28,63.6%,30,"14,4",26,10,3,0,0,2.3 h,4,0,2264.69,sombre,eu-w1,A,Client très satisfait et actif.,79853
SIM-03126,30/06/2024,dimanche,Commerce,France,PME,business,7,43,28,"65,1",7,"4,0",26,10,2,3,1,3.8,3,0,2053.74,vert,ap-s1,A,Compte dans la moyenne.,52206
SIM-03127,04/05/2024,samedi,Tech,Allemagne,PME, Starter ,9,56,18,32.1,17,6.3,8,4,2,1,1,11.6,4,0,"754,24",vert,eu-w1,B,,5566
SIM-03128,17/11/2022,jeudi,Commerce,Allemagne,ETI, Business ,27,92,21,22.8%,1,"0,6",26,9,6,2,4,6.8,,0,,bleu,eu-w1,control,,73384
SIM-03129,2024-07-01,lundi,Commerce,,PME,Starter,7,18,11,61.1,15,9.2,8,3,,2,2,"21,7",3,0,211.44,violet,eu-w1,A,Compte dans la moyenne.,5201
SIM-03130,11 Jun 2024,mardi,ÉDUCATION,Suisse,TPE,Business,8,7,3,42.9,24,3.4,26,8,2,1,0,7.7,4,2,305.67 €,sombre,eu-w3,A,RAS.,2506
SIM-03131,06 Jan 2025,lundi,Santé,France,ETI,Business,1,198,38,19.2,1,0.3,26,7,0,30,3,4.9,,2,"6748,93",violet,ap-s1,A,Faible adoption des sièges.,22136
SIM-03132,23/12/2024,lundi, Finance ,,TPE,Pro,1,9,0,0.0%,0,0.0,16,0,0,30,2,9.4 h,5,2,170.43,bleu,eu-w3,A,Faible adoption des sièges.,1118
SIM-03133,28 Feb 2024,mercredi,Éducation,France,tpe,starter,11,9,4,"44,4",7,"4,3",8,2,2,1,1,0.5,5,0,115.29,violet,ap-s1,B,,2363
SIM-03134,2023-04-15,samedi, Santé ,France, TPE , Starter ,22,7,6,85.7,91,36.1,8,5,3,1,0,1.2,5,0,110.81,clair,us-e1,control,,7269
SIM-03135,07 Oct 2023,samedi,SANTÉ,Suisse,PME,Pro,16,18,8,44.4,14,7.3,16,6,2,4,5,18.1,,0,"531,0",clair,eu-w3,B,,44413
SIM-03136,2025-01-08,mercredi,tech,Suisse,TPE,Starter,1,9,3,"33,3",12,0.6,8,4,0,6,3,"29,2",3,3,97.82,violet,us-e1,A,,1123
SIM-03137,09 Jul 2024,mardi,finance,Suisse,TPE,STARTER,7,2,1,50.0,7,3.4,8,2,1,4,1,13.0,4,0,24.2,sombre,eu-w1,A,,734
SIM-03138,2025-01-05,dimanche,ÉDUCATION,Suisse,tpe,Pro,1,11,6,54.5,1,0.4,16,5,0,1,5,20.6,2,7,"320,92",sombre,eu-w3,A,Mécontentement exprimé au support.,3684
SIM-03139,2024-02-03,samedi,INDUSTRIE,Suisse,TPE,Business,12,2,2,,88,60.8,26,10,,1,5,9.7,1,0,78.99,vert,ap-s1,A,,518
SIM-03140,25/12/2024,mercredi,industrie,Canada,TPE,Starter,1,8,5,62.5%,45,20.3,8,2,0,1,1,20.8,4,4,80.26,clair,ap-s1,control,,3356
SIM-03141,12/10/2023,jeudi,Industrie,France, TPE ,BUSINESS,16,5,3,"60,0",17,2.0,26,9,6,1,0,2.9,5,0,198.27,sombre,eu-w1,B,,2276
SIM-03142,05/04/2023,mercredi,Commerce,Suisse,PME,Pro,22,52,28,53.8%,37,17.8,16,7,6,2,0,7.8,,0,1233.97,clair,eu-w1,B,Client très satisfait et actif.,19225
SIM-03143,22/10/2022,samedi,Public,France,ETI,Starter,28,201,109,54.2,46,27.3,8,2,,1,0,,4,0,"3159,2",sombre,us-e1,control,"Compte engagé, ambassadeur potentiel.",165795
SIM-03144,15 Sep 2023,vendredi,éducation,Belgique,TPE,Starter,17,5,2,40.0,14,5.3,8,3,9,0,0,10.4,5,0,67.1 €,clair,ap-s1,A,"Compte engagé, ambassadeur potentiel.",6328
SIM-03145,2024-07-06,samedi,santé,Allemagne,TPE,Pro,7,6,3,50.0%,29,4.7,16,5,1,1,2,7.2,4,0,143.1,bleu,eu-w1,A,Compte dans la moyenne.,704
SIM-03146,18 Aug 2023,vendredi,tech,Belgique, ETI ,pro,18,169,117,69.2,47,"18,2",16,10,5,0,1,12.3,3,,5338.57 €,clair,eu-w3,control,,113818
SIM-03147,2024-10-24,jeudi,Tech,France,PME,Business,3,59,21,35.6,18,15.9,26,7,0,1,2,7.9,,0,2476.88,bleu,eu-w1,control,Compte dans la moyenne.,16248
SIM-03148,03/02/2023,vendredi,Public,Belgique, ETI ,BUSINESS,24,100,86,86.0%,62,50.7,26,7,4,2,1,6.2,3,,5466.01 €,clair,us-e1,control,,147910
SIM-03149,11/01/2024,jeudi, Tech ,France,TPE, Starter ,13,10,3,30.0,1,0.2,8,2,3,22,0,22.8,3,0,122.98 €,violet,ap-s1,A,,10488
SIM-03150,2024-11-03,dimanche,Public,France,TPE,Enterprise,3,11,1,9.1,1,"0,4",40,1,0,3,2,0.5,4,1,658.0,vert,eu-w1,B,,3777
SIM-03151,10 Dec 2023,dimanche,industrie,France,tpe,Starter,14,11,0,"0,0",0,0.0,8,0,0,33,2,,3,2,"117,09",sombre,eu-w1,A,Déploiement interne limité.,1536
SIM-03152,03 Jun 2024,lundi,tech,France, PME ,Business,8,53,5,9.4,1,0.1,26,3,1,0,3,,3,0,"2608,78",bleu,us-e1,A,,32088
SIM-03153,09/04/2024,mardi,Finance,France,eti,Pro,10,167,107,64.1,45,"11,6",16,10,3,1,0,2.0,,0,4608.83,bleu,us-e1,A,Client très satisfait et actif.,188962
SIM-03154,2024-10-08,mardi,Finance,France,PME,business,4,18,9,50.0%,42,"8,8",26,14,1,1,10,8.6,3,0,837.38,violet,ap-s1,control,"Multiples tickets ouverts, friction élevée.",72098
SIM-03155,2024-02-05,lundi,Commerce,France,tpe,Starter,12,5,2,40.0,10,8.1,8,4,1,1,2,12.5 h,5,0,"46,91",violet,eu-w3,B,Compte dans la moyenne.,577
SIM-03156,2023-07-09,dimanche,santé,Suisse,TPE,starter,19,10,4,40.0,12,"4,8",8,3,5,2,4,33.7,3,0,112.22,bleu,us-e1,A,,2024
SIM-03157,31/07/2024,mercredi,PUBLIC,Canada,TPE,Starter,6,1,1,100.0,41,11.2,8,1,,0,0,15.8,5,0,12.45,clair,us-e1,A,Client très satisfait et actif.,300
SIM-03158,11 May 2024,samedi,Industrie,France,PME,PRO,9,32,12,"37,5",16,8.0,16,6,0,3,2,9.4,4,0,739.13,violet,ap-s1,control,RAS.,24850
SIM-03159,13/04/2024,samedi, Finance ,Allemagne, PME ,Starter,10,16,4,25.0%,1,0.1,8,2,4,11,0,21.0,4,0,"176,06",clair,us-e1,B,,1444
SIM-03160,2024-07-27,samedi,Éducation,France,ETI,Pro,6,88,81,"92,0",66,54.2,16,11,0,1,1,18.0,2,1,2379.4 €,clair,us-e1,A,"Client insatisfait, risque de départ.",76093
SIM-03161,25 Sep 2024,mercredi,Commerce,France,eti,Pro,4,69,54,"78,3",57,18.6,16,8,0,5,4,,4,3,"1190,81",vert,ap-s1,control,,9765
SIM-03162,30/06/2024,dimanche,Commerce,France,PME,business,7,43,28,"65,1",7,"4,0",26,10,2,3,1,3.8,3,0,2053.74,vert,ap-s1,A,Compte dans la moyenne.,52206
SIM-03163,2023-09-30,samedi,,Canada, PME ,Enterprise,16,43,25,,1,0.1,40,14,4,1,3,4.8,4,0,2748.86,vert,eu-w3,A,,29303
SIM-03164,08/12/2024,dimanche,Commerce,Allemagne,ETI,Pro,2,113,29,25.7,1,0.2,16,2,0,1,1,7.8,,2,2176.01,vert,ap-s1,A,RAS.,23196
SIM-03165,23 Nov 2024,samedi,Public,France,GE,ENTERPRISE,2,783,533,"68,1",22,"15,1",40,16,0,0,1,"2,2",3,2,54739.74,bleu,eu-w3,control,,538639
SIM-03166,2024-06-05,mercredi,Finance,Espagne,PME,ENTERPRISE,8,55,4,7.3,1,0.1,40,1,0,23,0,1.7,5,1,4045.71,sombre,us-e1,B,Faible adoption des sièges.,63032
SIM-03167,05/05/2024,dimanche,Commerce,France,eti,business,9,46,27,58.7,26,"14,6",26,10,1,1,3,8.7,3,1,2192.31,violet,us-e1,B,,21572
SIM-03168,08/12/2024,dimanche,PUBLIC,Belgique,PME,Starter,2,57,33,57.9,39,,8,0,0,1,3,20.8,,2,475.17,clair,eu-w3,B,Compte dans la moyenne.,3507
SIM-03169,12 May 2023,vendredi,Éducation,France,TPE,STARTER,21,11,9,81.8,33,,8,2,3,0,1,15.0,4,,141.93,violet,ap-s1,A,,2677
SIM-03170,09/07/2023,dimanche,FINANCE,Espagne,PME,Pro,19,32,26,81.2,81,53.6,16,13,4,2,6,"14,5",4,0,795.78,sombre,eu-w1,A,,15661
SIM-03171,02 Sep 2023,samedi,TECH,Belgique,TPE, Starter ,17,1,1,100.0,112,60.4,8,5,2,0,0,19.8,4,0,12.99,sombre,us-e1,control,,330
SIM-03172,2024-02-02,vendredi,Finance,France,PME,pro,12,32,20,,18,0.9,16,6,3,0,3,,3,0,480.0,clair,eu-w1,control,,2755
SIM-03173,11 Jul 2023,mardi,Public,France,TPE,Pro,19,1,1,"100,0",15,"2,9",16,3,8,1,5,,4,0,26.98 €,clair,us-e1,A,,376
SIM-03174,2023-10-05,jeudi,COMMERCE,Allemagne,ETI,enterprise,16,183,34,"18,6",5,0.2,40,8,3,2,11,2.6,1,0,16583.03,sombre,eu-w1,A,,870277
SIM-03175,2023-10-11,mercredi,Tech,Allemagne,PME,PRO,16,51,16,31.4,14,4.7,16,5,2,0,5,"11,3",2,0,1412.86 €,violet,eu-w1,A,Mécontentement exprimé au support.,12744
SIM-03176,11/08/2023,vendredi, Finance ,France,PME,PRO,18,30,12,40.0,3,"1,3",16,0,3,15,5,16.2,2,1,773.71,clair,eu-w3,control,,13958
SIM-03177,06/12/2023,mercredi,Finance,France,PME,pro,14,56,11,19.6%,1,"0,3",16,3,3,4,3,8.6,3,0,982.67,bleu,us-e1,B,,7252
SIM-03178,2024-05-08,mercredi,industrie,France,TPE,starter,9,2,2,100.0,44,30.0,8,2,1,0,9,31.6,2,0,"29,1",sombre,eu-w1,A,Mécontentement exprimé au support.,453
SIM-03179,02/09/2023,samedi,Finance,Espagne,PME, Pro ,17,11,5,45.5,6,"3,1",16,6,3,0,6,16.5,2,0,,vert,eu-w1,control,,2555
SIM-03180,13/04/2024,samedi,Finance,Canada, TPE , Pro ,10,2,1,"50,0",9,0.4,16,5,3,0,0,7.3,4,2,53.3,violet,eu-w3,control,"Compte engagé, ambassadeur potentiel.",1180
SIM-03181,08 Jan 2025,mercredi,Éducation,France,PME, Starter ,1,27,0,0.0,0,,8,0,0,30,7,27.6,2,0,338.06,clair,us-e1,A,,3327
SIM-03182,28 Feb 2024,mercredi,éducation,France,TPE,Pro,11,5,4,80.0,69,51.0,16,7,0,0,4,9.6,4,0,,clair,eu-w3,A,,2720
SIM-03183,04 Nov 2023,samedi,COMMERCE,France,GE,Business,15,559,158,"28,3",15,10.8,26,9,1,1,3,7.7,3,0,24260.32,bleu,eu-w1,A,,139254
SIM-03184,2024-10-27,dimanche,santé,France,TPE,Pro,3,1,1,100.0,11,,16,4,0,2,2,10.9,5,2,19.31 €,violet,ap-s1,B,,301
SIM-03185,31 Aug 2024,samedi,TECH,Espagne,PME,Pro,5,50,33,66.0,14,4.1,16,3,0,1,0,9.3,4,3,1308.18,clair,us-e1,control,RAS.,10727
SIM-03186,31 Jan 2024,mercredi,Santé,Suisse,PME,Enterprise,12,34,18,"52,9",36,21.2,40,19,4,1,0,2.1,,,2042.2,vert,us-e1,B,"Compte engagé, ambassadeur potentiel.",33492
SIM-03187,07 Jul 2023,vendredi,,France,ETI,Business,19,190,58,30.5%,10,"0,8",26,9,7,0,7,"6,7",2,0,7718.74,bleu,eu-w3,A,"Client insatisfait, risque de départ.",107599
SIM-03188,13 Jul 2024,samedi,SANTÉ,Canada,PME,Business,7,32,12,37.5%,12,7.7,26,8,0,0,5,7.8,2,1,1162.07,vert,eu-w1,A,,21917
SIM-03189,15/07/2023,samedi,Commerce,France,eti, Starter ,19,83,27,32.5%,2,1.4,8,3,2,9,2,22.9,4,0,"1156,37",vert,eu-w1,B,,113787
SIM-03190,2023-05-16,mardi,Industrie,France,PME,Business,21,47,22,46.8,21,"11,8",26,13,2,2,6,10.1,2,0,2288.12,clair,eu-w1,A,,56288
SIM-03191,27 Dec 2024,vendredi,Finance,Belgique,GE, Enterprise ,1,817,229,28.0,11,2.4,40,16,0,4,1,6.5,3,2,66515.81,bleu,eu-w3,B,,436344
SIM-03192,07/08/2023,lundi,TECH,France, TPE ,Pro,18,8,6,"75,0",69,76.4,16,11,5,0,0,13.7,3,0,195.6,violet,us-e1,control,,4331
SIM-03193,2024-01-28,dimanche,Commerce,France,PME,STARTER,12,32,25,78.1,38,"20,0",8,4,4,0,7,36.7,2,0,370.02,vert,eu-w1,B,,15778
SIM-03194,2023-12-03,dimanche, Tech ,France, ETI ,Business,14,161,39,24.2,8,2.6,26,3,0,2,4,7.8,2,1,"6517,29",bleu,eu-w1,A,Mécontentement exprimé au support.,80163
SIM-03195,2024-08-03,samedi,Tech,France, PME ,Pro,6,7,4,57.1,24,10.3,16,4,0,1,2,12.0,4,0,"144,87",vert,eu-w3,control,Suivi standard.,1188
SIM-03196,16 Aug 2023,mercredi, Tech ,Suisse,TPE,Pro,18,9,7,77.8,45,"19,4",16,6,3,0,2,7.2,5,0,177.71,vert,eu-w1,control,"Compte engagé, ambassadeur potentiel.",1603
SIM-03197,2022-09-12,lundi,,France,pme,ENTERPRISE,29,51,38,74.5,82,55.6,40,22,9,1,2,2.8,4,0,4026.32,bleu,eu-w3,control,,118857
SIM-03198,06 Mar 2024,mercredi,TECH,France, ETI ,Pro,11,97,59,,14,9.1,16,3,3,3,10,20.3,2,2,2504.11,vert,ap-s1,B,"Client insatisfait, risque de départ.",51334
SIM-03199,06 Oct 2023,vendredi,COMMERCE,Belgique,PME,Business,16,55,0,0.0,0,"0,0",26,0,0,47,0,5.5,5,0,2138.58 €,vert,ap-s1,A,,28058
SIM-03200,31 Dec 2024,mardi,,,TPE,Pro,1,1,1,"100,0",1,0.4,16,5,,7,0,13.7,4,3,19.81,sombre,us-e1,control,,300
SIM-03201,2023-12-04,lundi,PUBLIC,Canada,TPE, Starter ,14,11,5,45.5,10,"6,0",8,3,5,1,0,11.4 h,4,0,147.96,vert,ap-s1,control,,2669
SIM-03202,12 Jun 2024,mercredi,Santé,Canada,PME,Pro,8,28,3,10.7,1,0.5,16,2,2,18,0,,4,0,"688,9",bleu,ap-s1,A,,7344
SIM-03203,2023-12-08,vendredi,Commerce,France,pme,PRO,14,30,17,56.7,9,3.8,16,2,4,2,0,2.5,5,0,681.95 €,violet,ap-s1,B,Client très satisfait et actif.,13421
SIM-03204,2024-12-25,mercredi, Finance ,France,PME,Starter,1,24,10,41.7,15,11.2,8,4,0,1,0,15.3,5,1,"237,47",violet,us-e1,B,,2337
SIM-03205,04 Jan 2023,mercredi,Industrie,France,ETI,Pro,25,51,29,56.9%,3,"1,7",16,3,10,3,7,19.4,3,0,"1411,01",clair,ap-s1,B,,96033
SIM-03206,11/09/2023,lundi,Finance,Belgique,TPE,Pro,17,9,5,55.6,18,7.9,16,7,5,2,5,16.5,3,,232.08,bleu,eu-w1,control,,1903
SIM-03207,11 Oct 2023,mercredi,Tech,,PME, Starter ,16,8,6,75.0,39,"18,1",8,2,0,2,10,39.3,2,0,74.82,sombre,ap-s1,A,"Client insatisfait, risque de départ.",736
SIM-03208,2024-03-12,mardi,éducation,Suisse,TPE,starter,11,8,1,12.5%,1,"0,3",8,2,3,5,8,"32,9",3,0,84.47,sombre,us-e1,B,"Multiples tickets ouverts, friction élevée.",1732
SIM-03209,2024-12-25,mercredi,,France,TPE,Starter,1,7,1,"14,3",1,"0,1",8,1,0,2,3,24.3 h,3,2,60.4 €,sombre,eu-w3,A,,1436
SIM-03210,2024-01-15,lundi, Commerce ,Belgique,tpe,STARTER,13,1,1,100.0,39,"4,3",8,1,2,1,1,20.7,4,0,12.01 €,clair,us-e1,A,Suivi standard.,300
SIM-03211,07/06/2024,vendredi,,Espagne,PME,BUSINESS,8,57,29,50.9,5,"1,6",26,5,1,2,3,7.9,4,2,2451.54,violet,ap-s1,B,Compte dans la moyenne.,46236
SIM-03212,2023-07-18,mardi,FINANCE,France,TPE, Starter ,19,3,2,66.7,29,"3,0",8,1,6,0,4,26.4,2,0,40.4,bleu,eu-w1,A,,994
SIM-03213,07 Jan 2024,dimanche,Santé,Allemagne,PME, Starter ,13,30,14,46.7,17,"11,1",8,3,2,5,1,"17,2",4,1,"419,16",vert,eu-w3,control,,24403
SIM-03214,11/04/2024,jeudi,Éducation,France,GE,Pro,10,589,226,38.4,10,2.5,16,5,2,0,2,18.2,2,,"13368,38",sombre,eu-w3,B,,131545
SIM-03215,05/03/2023,dimanche,Tech,Allemagne, PME ,Business,23,34,16,47.1%,1,0.2,26,7,5,9,2,3.8,3,0,1788.24 €,violet,ap-s1,B,Compte dans la moyenne.,108510
SIM-03216,31 Dec 2024,mardi,,,TPE,Pro,1,1,1,"100,0",1,0.4,16,5,,7,0,13.7,4,3,19.81,sombre,us-e1,control,,300
SIM-03217,02/12/2023,samedi,Industrie,Allemagne,ETI,PRO,14,121,98,81.0,71,"9,7",16,8,3,3,3,9.8,3,0,3289.48,bleu,ap-s1,A,Compte dans la moyenne.,37763
SIM-03218,2023-09-18,lundi,Industrie,France,ETI,Enterprise,17,49,14,28.6,5,1.6,40,19,1,0,0,6.2 h,4,0,4131.99,bleu,us-e1,B,,250729
SIM-03219,2022-10-19,mercredi,Industrie,France, TPE ,enterprise,28,9,7,,63,,40,25,8,1,0,"5,4",3,0,783.74,violet,us-e1,B,Compte dans la moyenne.,23136
SIM-03220,03/11/2023,vendredi,Commerce,France,TPE,Starter,15,9,6,"66,7",35,16.5,8,3,3,1,1,"17,2",5,0,111.91,sombre,ap-s1,B,,2478
SIM-03221,29/09/2024,dimanche,Finance,Belgique,TPE,Pro,4,9,4,"44,4",13,6.6,16,5,2,3,4,15.5 h,3,1,222.33,clair,eu-w3,control,,2370
SIM-03222,2023-11-12,dimanche,Finance,France,TPE,Pro,15,3,1,33.3%,2,"0,2",16,1,5,0,1,7.9,5,0,"67,04",violet,ap-s1,control,,3408
SIM-03223,02/05/2024,jeudi,INDUSTRIE,,PME,Pro,9,47,22,46.8,6,0.3,16,1,1,4,6,18.5,3,1,994.13,clair,eu-w3,control,Compte dans la moyenne.,12228
SIM-03224,28/10/2024,lundi,public,France, PME ,Business,3,30,14,46.7%,24,14.3,26,7,0,1,10,"11,9",1,2,1394.34,vert,ap-s1,control,"Client insatisfait, risque de départ.",32014
SIM-03225,08/05/2023,lundi,Industrie,Belgique, PME ,Enterprise,21,15,14,93.3%,85,83.8,40,26,6,1,0,3.6,5,0,1403.69,clair,us-e1,A,"Compte engagé, ambassadeur potentiel.",20718
SIM-03226,2025-01-08,mercredi,Finance,,PME,Pro,1,53,18,34.0,8,2.9,16,3,0,11,0,8.8 h,,1,928.78,clair,eu-w1,B,,10662
SIM-03227,2024-06-08,samedi, Commerce ,Allemagne,PME,Pro,8,31,24,77.4%,37,"21,1",16,10,3,0,1,10.4 h,,2,893.26 €,sombre,eu-w1,B,,19044
SIM-03228,20/02/2023,lundi,Public,France,GE,Business,24,639,0,"0,0",0,0.0,26,0,0,63,3,4.1,5,0,"35341,33",violet,eu-w3,control,,1506954
SIM-03229,03 Apr 2024,mercredi,Tech,France,TPE,STARTER,10,11,8,72.7,26,,8,3,,0,2,15.1 h,4,0,137.74,clair,us-e1,A,RAS.,2824
SIM-03230,08/11/2024,vendredi,Finance,Belgique,PME,BUSINESS,3,7,2,28.6%,1,,26,4,0,5,2,6.6,3,0,,bleu,us-e1,control,,2116
SIM-03231,2024-02-02,vendredi,Commerce,, TPE ,Pro,12,7,5,"71,4",25,"1,3",16,7,2,3,4,"20,4",1,0,169.55,clair,ap-s1,control,"Client insatisfait, risque de départ.",2781
SIM-03232,10/06/2024,lundi,Finance,France, TPE ,Starter,8,11,8,72.7,9,2.1,8,2,0,5,3,18.8,4,0,126.92,clair,ap-s1,A,,1873
SIM-03233,28/02/2024,mercredi,commerce,,GE,enterprise,11,306,82,26.8%,1,0.2,40,11,2,8,9,3.2,1,1,22534.37,violet,eu-w1,control,,443476
SIM-03234,14 Mar 2023,mardi,Éducation,France,TPE,Pro,23,3,2,66.7,57,39.7,16,6,5,2,1,"12,3",3,0,73.85,clair,eu-w1,control,,2907
SIM-03235,09/10/2023,lundi, Commerce ,France,ETI,business,16,181,80,44.2%,5,4.2,26,12,4,7,3,7.5 h,,0,,sombre,us-e1,B,,91837
SIM-03236,16/10/2023,lundi,SANTÉ,France,ETI,Pro,16,45,14,31.1%,16,,16,6,6,2,0,9.7,4,0,1055.9,bleu,ap-s1,control,"Compte engagé, ambassadeur potentiel.",11256
SIM-03237,09 May 2024,jeudi,Commerce,France,PME,Business,9,54,23,"42,6",25,"13,1",26,9,,1,4,11.3,1,,"2240,13",violet,eu-w1,A,,25717
SIM-03238,05/02/2024,lundi,Finance,Belgique,TPE,Starter,12,6,3,50.0%,16,4.1,8,2,,1,4,26.5 h,4,0,47.92,bleu,eu-w1,control,Client très satisfait et actif.,300
SIM-03239,04/12/2023,lundi,Industrie,France,ETI,Enterprise,14,102,48,,15,8.7,40,7,6,1,4,2.6,2,,7865.9,sombre,us-e1,A,,58050
SIM-03240,10/06/2024,lundi,tech,France,TPE, Starter ,8,3,2,66.7%,36,27.4,8,4,2,0,0,1.5 h,5,3,43.46,violet,us-e1,control,,1532
SIM-03241,03/04/2023,lundi,Finance,France,eti,Business,22,66,59,89.4,82,37.4,26,13,7,3,8,10.1,1,0,3577.98,violet,us-e1,B,,129094
SIM-03242,01 Oct 2023,dimanche,Santé,France, ETI ,ENTERPRISE,16,46,22,"47,8",22,12.4,40,18,2,1,2,,3,0,"4033,5",clair,eu-w3,B,,59534
SIM-03243,2024-04-05,vendredi,industrie,Canada, TPE ,Starter,10,5,3,60.0%,41,,8,3,1,0,1,,,1,59.67,sombre,us-e1,control,,1028
SIM-03244,2024-11-06,mercredi,Finance,,eti,Business,3,40,10,25.0,2,,26,10,0,3,0,0.7,5,1,1960.42,violet,eu-w1,control,Suivi standard.,14468
SIM-03245,2024-12-05,jeudi,Commerce,France,TPE,Business,2,2,1,50.0,26,18.7,26,14,0,0,7,7.2,3,1,90.91,clair,ap-s1,control,,1565
SIM-03246,03 Aug 2023,jeudi,,France, PME ,Pro,18,13,6,"46,2",2,"0,8",16,3,2,21,1,12.5,5,0,"307,74",clair,us-e1,B,Suivi standard.,5047
SIM-03247,2024-10-26,samedi, Commerce ,Espagne,TPE,Starter,3,6,2,33.3,1,0.5,8,2,0,29,1,15.7,4,0,59.17,bleu,ap-s1,control,RAS.,485
SIM-03248,06/01/2023,vendredi, Éducation ,France, TPE ,Pro,25,7,2,28.6,1,0.3,16,5,5,30,1,13.5,,,178.54,vert,ap-s1,A,Suivi standard.,2635
SIM-03249,2024-02-27,mardi,,,ETI,Enterprise,11,164,57,34.8,6,"1,6",40,12,2,1,0,"5,6",4,0,14018.45,vert,eu-w1,A,Compte dans la moyenne.,160932
SIM-03250,15 Apr 2024,lundi,ÉDUCATION,Allemagne,PME,Business,10,35,26,74.3,60,56.1,26,10,5,1,4,7.7,4,0,1630.31,bleu,us-e1,A,,17379
SIM-03251,27/04/2024,samedi,Commerce,Allemagne,PME, Starter ,9,13,2,15.4,1,0.3,8,1,4,8,4,"26,6",3,1,"150,4",bleu,eu-w1,control,Faible adoption des sièges.,4440
SIM-03252,03 Jan 2024,mercredi,COMMERCE,Suisse,ETI, Enterprise ,13,199,96,"48,2",4,0.5,40,11,3,0,0,"4,4",3,0,"13484,78",sombre,ap-s1,A,Compte dans la moyenne.,210093
SIM-03253,02 May 2024,jeudi,,,PME,Pro,9,50,43,86.0,54,48.5,16,9,3,1,1,"7,7",4,0,1288.62,bleu,eu-w3,B,Client très satisfait et actif.,22190
SIM-03254,05/10/2024,samedi,Public,France,ETI,business,4,147,118,80.3,45,24.2,26,15,0,2,3,"8,2",4,2,5995.3,bleu,eu-w1,A,,98323
SIM-03255,14 Apr 2024,dimanche,finance,Suisse,PME,Starter,10,6,5,83.3,81,"23,2",8,4,2,0,0,15.6,5,0,68.8,vert,eu-w1,control,,508
SIM-03256,12/05/2023,vendredi,Commerce,Espagne,PME,Enterprise,21,58,27,46.6,22,13.2,40,10,3,1,0,1.6,5,0,4468.23,vert,eu-w1,control,,153886
SIM-03257,23/09/2022,vendredi,Public,Allemagne,PME,starter,29,12,3,25.0,1,"0,4",8,3,3,27,3,29.9,,0,156.03,bleu,eu-w1,control,Suivi standard.,4350
SIM-03258,07 Jan 2025,mardi,Finance,France, PME ,enterprise,1,11,8,72.7%,65,"32,7",40,25,0,0,0,1.3,5,2,745.91,vert,eu-w3,A,,9786
SIM-03259,2024-09-10,mardi,TECH,France,ETI,Business,5,99,16,16.2%,1,0.1,26,2,0,30,6,6.5,3,1,"4561,89",violet,eu-w1,B,,48630
SIM-03260,2024-12-28,samedi, Industrie ,France, TPE ,Starter,1,6,3,50.0%,12,4.6,8,4,0,9,4,29.4 h,3,,76.62,violet,ap-s1,A,,2450
SIM-03261,30/04/2024,mardi, Tech ,France,PME,Starter,9,35,13,37.1%,19,10.8,8,4,4,0,4,20.1,4,1,"402,5",vert,ap-s1,control,,2640
SIM-03262,07 Jan 2024,dimanche,finance,Allemagne,ETI,Pro,13,35,31,"88,6",101,59.2,16,9,2,1,2,13.2,5,1,1071.23,clair,us-e1,control,Compte dans la moyenne.,54461
SIM-03263,30 Apr 2024,mardi,Finance,France, PME ,Starter,9,48,41,85.4,78,66.4,8,3,3,2,3,18.0 h,5,,782.11,clair,eu-w1,control,"Compte engagé, ambassadeur potentiel.",27577
SIM-03264,04 Nov 2023,samedi, Finance ,Allemagne,PME,PRO,15,49,32,65.3,27,18.3,16,7,5,1,1,11.4,3,,1093.84,vert,ap-s1,B,,21527
SIM-03265,14/02/2024,mercredi,Tech,France,TPE,Starter,12,6,4,66.7,28,8.8,8,3,1,1,3,32.8,2,0,67.36,vert,eu-w3,B,Mécontentement exprimé au support.,552
SIM-03266,09 Nov 2024,samedi,Santé,France,PME,Pro,3,59,40,67.8,43,"6,6",16,6,1,1,4,11.8,5,1,1396.34,sombre,ap-s1,B,,26335
SIM-03267,23 Nov 2024,samedi,Finance,Suisse,GE,Pro,2,407,241,59.2,17,11.5,16,2,0,2,2,12.7,2,0,10429.35,sombre,us-e1,control,,153937
SIM-03268,28/02/2024,mercredi,Industrie,Allemagne,ETI,Pro,11,62,28,45.2%,5,1.2,16,6,1,6,0,"5,1",5,0,1460.49,clair,eu-w1,A,,19162
SIM-03269,13 Jun 2024,jeudi, Commerce ,France,pme, Pro ,8,18,16,88.9,75,45.9,16,9,0,1,4,"16,1",1,0,477.61,clair,eu-w1,A,Mécontentement exprimé au support.,6266
SIM-03270,21/12/2022,mercredi,Commerce,France,pme,Pro,26,32,17,53.1%,30,17.8,16,6,3,1,5,18.1,2,0,1007.09,bleu,us-e1,control,,51200
SIM-03271,2023-03-15,mercredi, Finance ,France, TPE , Pro ,23,2,1,50.0%,16,8.4,16,6,0,0,1,,4,0,"51,43",violet,eu-w1,B,,1096
SIM-03272,2024-08-27,mardi,Commerce,France,TPE,Pro,5,10,8,80.0,45,24.3,16,7,2,1,3,15.5 h,3,0,248.0 €,clair,ap-s1,B,Suivi standard.,8134
SIM-03273,26 Dec 2024,jeudi,ÉDUCATION,France,ETI,Enterprise,1,206,156,"75,7",53,28.2,40,22,0,0,5,4.6 h,3,2,16593.74,sombre,eu-w3,A,Compte dans la moyenne.,394599
SIM-03274,18 Oct 2023,mercredi, Santé ,France,ETI,PRO,16,169,52,30.8,7,"0,4",16,5,4,7,0,0.5,5,0,4315.13,violet,us-e1,control,,99075
SIM-03275,02 Jan 2025,jeudi, Éducation ,Belgique,eti,Business,1,141,104,"73,8",47,32.1,26,3,0,0,0,4.8 h,3,2,6085.66,violet,eu-w3,A,,79844
SIM-03276,27 Jul 2024,samedi,commerce,Canada,TPE,Starter,6,3,2,66.7,33,12.7,8,4,2,1,4,25.4,4,3,41.61,violet,eu-w1,control,,1433
SIM-03277,2023-09-12,mardi,Éducation,France, ETI ,Business,17,38,7,"18,4",1,"0,2",26,5,1,9,0,,2,0,2003.44,sombre,us-e1,B,,95284
SIM-03278,01 Jan 2025,mercredi, Santé ,France,TPE, Pro ,1,2,1,50.0,19,7.1,16,10,0,0,1,13.0 h,3,0,54.09,clair,us-e1,A,,1597
SIM-03279,01 Aug 2023,mardi,Tech,Belgique,TPE, Pro ,18,2,1,"50,0",14,1.3,16,7,1,1,3,,4,0,51.66 €,vert,ap-s1,B,Suivi standard.,678
SIM-03280,2023-10-10,mardi, Industrie ,France,PME,pro,16,41,10,24.4%,3,0.7,16,0,7,11,1,10.7,3,0,814.92,clair,eu-w3,B,,10692
SIM-03281,05/09/2023,mardi,Éducation,France,pme,Starter,17,58,31,"53,4",30,"15,7",8,4,6,0,1,,3,0,682.11,violet,us-e1,control,Compte dans la moyenne.,55933
SIM-03282,09 Jan 2024,mardi,COMMERCE,Allemagne,tpe,Pro,13,1,1,100.0,45,23.2,16,6,1,1,2,6.2,4,0,30.41,violet,eu-w3,B,,1347
SIM-03283,08 Feb 2024,jeudi,Commerce,France,ETI,Enterprise,12,101,26,25.7%,7,1.0,40,14,3,4,2,"4,3",,1,8681.21,clair,eu-w1,control,,142372
SIM-03284,09/08/2024,vendredi,Industrie,France, TPE ,STARTER,6,9,6,66.7%,4,1.0,8,3,0,5,0,11.9,5,1,114.17,violet,eu-w3,A,RAS.,3558
SIM-03285,2024-10-03,jeudi,,France,TPE,Starter,4,8,5,62.5,50,30.2,8,4,1,1,1,27.4 h,2,2,91.08,bleu,eu-w3,B,,1195
SIM-03286,2024-04-06,samedi,commerce,Canada,ETI,Pro,10,112,28,25.0%,1,"0,1",16,1,2,1,2,9.0,4,0,2619.07,bleu,us-e1,B,RAS.,75167
SIM-03287,04/09/2024,mercredi,Tech,France,ETI,Pro,5,193,143,74.1,52,28.6,16,6,0,1,2,12.8,3,0,"5228,1",violet,eu-w3,A,RAS.,98602
SIM-03288,29/06/2024,samedi,Tech,Espagne,TPE,Starter,7,3,2,66.7,31,32.8,8,3,1,3,3,21.1,4,0,32.8,clair,ap-s1,A,,300
SIM-03289,2024-11-27,mercredi,Éducation,France,PME,BUSINESS,2,47,30,63.8%,9,5.3,26,11,1,6,5,7.5,3,2,"2277,46",sombre,us-e1,B,Compte dans la moyenne.,41085
SIM-03290,10/01/2025,vendredi,Public,France,PME,enterprise,1,43,20,46.5,10,3.5,40,5,0,0,1,,4,,3211.76,sombre,eu-w3,B,,15802
SIM-03291,04/01/2024,jeudi,TECH,Belgique,pme,Business,13,30,0,0.0,0,0.0,26,0,0,136,12,14.4,1,0,1295.63 €,vert,eu-w1,control,,11687
SIM-03292,03/12/2023,dimanche,Industrie,France,TPE,Starter,14,6,2,33.3,8,"5,1",8,4,2,3,4,20.4,5,0,69.14 €,clair,ap-s1,control,,1134
SIM-03293,2024-06-03,lundi,Commerce,Belgique,GE, Business ,8,234,160,"68,4",65,46.2,26,14,4,0,2,7.0 h,4,1,"10824,4",violet,eu-w1,B,"Compte engagé, ambassadeur potentiel.",718957
SIM-03294,18 Aug 2023,vendredi,santé,France,tpe,Pro,18,1,1,"100,0",1,0.1,16,2,5,27,2,"18,4",2,0,21.62,violet,us-e1,A,"Client insatisfait, risque de départ.",300
SIM-03295,2024-12-30,lundi, Tech ,France,TPE, Pro ,1,10,6,60.0,39,"22,7",16,9,0,1,8,24.5,,0,236.85,vert,eu-w3,control,,2913
SIM-03296,30/01/2024,mardi,éducation,Allemagne,PME,starter,12,29,18,62.1,44,24.4,8,3,2,1,1,18.6,4,0,421.49,bleu,us-e1,control,,8986
SIM-03297,27/09/2024,vendredi, Finance ,Espagne,ETI,Pro,4,184,69,37.5%,2,"0,8",16,3,1,5,2,,4,3,5007.19,sombre,us-e1,A,,32847
SIM-03298,23 Dec 2024,lundi,Éducation,Espagne, PME , Starter ,1,57,13,22.8%,1,0.4,8,1,0,2,5,24.0,1,2,589.63,violet,ap-s1,control,"Client insatisfait, risque de départ.",1934
SIM-03299,2022-12-17,samedi,ÉDUCATION,Belgique,PME, Pro ,26,27,10,37.0,13,0.9,16,8,4,1,3,13.0,2,0,"735,83",clair,ap-s1,B,,51891
SIM-03300,08 Oct 2024,mardi,finance,,PME,Pro,4,24,7,29.2,1,"0,6",16,5,0,9,7,,2,2,584.75,violet,us-e1,control,,17262
SIM-03301,2023-10-31,mardi,COMMERCE,France,tpe,Pro,15,7,4,57.1,51,39.1,16,6,2,3,4,16.0,2,0,214.39,violet,us-e1,B,,7384
SIM-03302,17 Apr 2023,lundi,Tech,Espagne,PME, Pro ,22,30,16,53.3%,11,5.5,16,3,7,0,1,9.1,4,0,"862,71",bleu,eu-w1,control,Client très satisfait et actif.,43860
SIM-03303,18/04/2023,mardi, Finance ,Espagne,TPE,Pro,22,11,9,,79,"57,7",16,10,4,1,4,14.0,4,0,303.54,sombre,us-e1,A,,7218
SIM-03304,13 Jun 2024,jeudi,santé,France,TPE,starter,8,5,4,80.0,69,30.4,8,3,2,2,1,21.5,4,1,70.63,clair,eu-w1,B,Suivi standard.,3301
SIM-03305,25 Sep 2024,mercredi,Commerce,France,eti,Pro,4,69,54,"78,3",57,18.6,16,8,0,5,4,,4,3,"1190,81",vert,ap-s1,control,,9765
SIM-03306,03 Dec 2023,dimanche,Finance,Belgique,eti,Business,14,106,83,78.3%,74,"48,1",26,9,2,1,1,"3,3",3,0,5734.01,sombre,eu-w3,A,,94038
SIM-03307,30 Dec 2023,samedi,,France,PME, Pro ,13,29,17,58.6,24,12.3,16,6,6,2,3,19.3,3,0,694.92,violet,eu-w1,control,,5129
SIM-03308,2024-08-09,vendredi,Commerce,France,ETI,Business,6,42,19,"45,2",24,9.9,26,7,2,1,1,9.6 h,3,1,1751.1,sombre,us-e1,control,RAS.,40205
SIM-03309,10 Mar 2024,dimanche,Éducation,Allemagne,PME,BUSINESS,11,39,30,"76,9",57,30.5,26,18,3,1,3,8.6,2,1,"1956,77",vert,eu-w3,control,,19255
SIM-03310,2023-12-04,lundi,INDUSTRIE,France,ETI,Enterprise,14,87,50,,34,"19,8",40,11,6,0,9,6.1,1,0,7102.34,violet,eu-w1,A,,75711
SIM-03311,31 Jan 2024,mercredi, Éducation ,France,ETI,Business,12,104,84,80.8,67,52.8,26,12,3,2,0,4.8,5,0,4694.46,clair,ap-s1,control,"Compte engagé, ambassadeur potentiel.",65441
SIM-03312,2024-03-28,jeudi, Public ,France,PME,business,10,41,0,0.0%,0,0.0,26,0,0,39,4,7.0,,1,1332.98,vert,us-e1,control,,12023
SIM-03313,23 Nov 2024,samedi,PUBLIC,France,PME, Starter ,2,47,35,"74,5",27,"11,2",8,3,1,1,2,26.9,2,2,600.17 €,sombre,eu-w1,A,,9351
SIM-03314,2023-05-14,dimanche,,,PME,Enterprise,21,24,9,37.5,1,0.1,40,3,5,15,11,"7,5",1,0,1730.32,clair,ap-s1,B,,12770
SIM-03315,13 Jul 2024,samedi,SANTÉ,Canada,PME,Business,7,32,12,37.5%,12,7.7,26,8,0,0,5,7.8,2,1,1162.07,vert,eu-w1,A,,21917
SIM-03316,07/07/2024,dimanche,Commerce,Espagne,PME, Pro ,7,12,5,41.7,6,"2,6",16,4,2,2,3,"15,8",4,3,248.78 €,bleu,ap-s1,control,,3876
SIM-03317,2025-01-07,mardi,commerce,Suisse,GE,Enterprise,1,198,18,"9,1",1,"0,1",40,9,0,7,4,3.9 h,,1,11835.33,violet,ap-s1,A,Faible adoption des sièges.,67935
SIM-03318,2024-07-03,mercredi,ÉDUCATION,Belgique,eti, Business ,7,167,38,"22,8",3,"1,1",26,9,1,2,0,3.6,5,1,"6217,08",sombre,ap-s1,B,Faible adoption des sièges.,137646
SIM-03319,04 Mar 2024,lundi,COMMERCE,Canada,TPE,Starter,11,3,1,33.3,1,0.4,8,1,1,9,0,16.4,4,0,32.59,vert,ap-s1,A,,454
SIM-03320,2024-09-02,lundi,tech,France,TPE,Starter,5,1,1,100.0,52,30.9,8,3,,1,2,24.6 h,4,0,11.37 €,clair,ap-s1,control,Suivi standard.,382
SIM-03321,14 Dec 2023,jeudi,Tech,Espagne,TPE,pro,14,3,1,33.3,1,"0,3",16,4,4,1,7,11.7,3,0,"77,61",vert,eu-w1,B,Support très sollicité récemment.,4200
SIM-03322,2022-10-06,jeudi,Public,Belgique,GE,Business,28,643,202,31.4,3,1.6,26,6,8,0,5,2.9,3,0,31814.34,violet,eu-w3,A,,913072
SIM-03323,2023-11-04,samedi,Tech,France,ETI,Business,15,41,23,56.1,35,23.5,26,13,7,0,1,5.0,5,0,2031.89 €,clair,ap-s1,A,,58315
SIM-03324,29/09/2024,dimanche,COMMERCE,France,TPE,pro,4,2,1,50.0,20,5.4,16,8,1,2,3,12.7,3,1,45.88,bleu,eu-w1,B,,715
SIM-03325,04/11/2024,lundi,Commerce,France,PME,Pro,3,36,8,"22,2",4,2.1,16,5,0,3,0,10.4,4,2,,vert,eu-w3,control,Déploiement interne limité.,13517
SIM-03326,28/10/2024,lundi,tech,France,TPE,pro,3,9,0,"0,0",0,0.0,16,0,0,84,3,11.1,3,0,206.57,violet,eu-w1,B,"Compte peu actif, relance nécessaire.",1186
SIM-03327,16 Sep 2023,samedi, Finance ,France,ETI,Enterprise,17,195,113,57.9%,20,"4,9",40,15,3,0,4,"0,5",3,0,12670.05,violet,eu-w1,A,RAS.,145452
SIM-03328,07 Sep 2024,samedi,Éducation,Canada,ETI,Pro,5,50,26,52.0%,17,2.9,16,5,0,3,3,15.6,3,0,904.34,vert,ap-s1,A,,7416
SIM-03329,2025-01-07,mardi, Tech ,France,pme, Pro ,1,34,4,11.8,1,0.4,16,4,0,1,0,,5,0,617.27,bleu,eu-w1,A,,8099
SIM-03330,15 Dec 2023,vendredi,Commerce,, PME ,PRO,14,12,7,58.3,33,7.9,16,6,1,1,1,11.3,5,,263.63,sombre,us-e1,A,,1946
SIM-03331,2023-08-11,vendredi,industrie,France,pme,Pro,18,28,21,75.0,17,"0,8",16,4,5,1,4,16.0,,0,567.21,clair,us-e1,control,,11628
SIM-03332,06 Jan 2025,lundi, Commerce ,France,ETI,Enterprise,1,120,75,62.5,37,26.6,40,24,0,0,2,2.6 h,4,2,"9056,13",sombre,us-e1,B,,163373
SIM-03333,2023-03-05,dimanche,Tech,,tpe,Pro,23,3,2,"66,7",58,50.4,16,13,7,0,0,8.1,5,0,76.59,sombre,eu-w3,control,,1130
SIM-03334,30/11/2023,jeudi,Tech,Allemagne,PME,Pro,14,47,41,87.2,51,33.8,16,11,3,1,1,,4,0,1083.45,violet,eu-w1,B,,21322
SIM-03335,29/12/2024,dimanche,Industrie,France,pme,STARTER,1,49,38,,67,44.1,8,7,0,0,5,21.0,4,0,"621,72",vert,eu-w3,B,Suivi standard.,6628
SIM-03336,2024-10-12,samedi,Tech,France,PME, Pro ,4,25,10,40.0,12,"3,2",16,5,1,6,0,13.3,4,1,594.21,bleu,eu-w3,control,,6822
SIM-03337,25/09/2024,mercredi,Éducation,France,PME,enterprise,4,28,21,"75,0",82,"55,2",40,25,0,2,0,3.0 h,5,1,2367.1,violet,ap-s1,control,,54349
SIM-03338,28 Dec 2024,samedi,santé,France, PME ,business,1,55,12,21.8,1,0.1,26,2,0,1,2,3.6,3,6,1812.27,violet,eu-w3,A,Déploiement interne limité.,11888
SIM-03339,12/05/2024,dimanche,Tech,France, TPE ,Pro,9,9,1,11.1%,1,"0,2",16,3,1,18,0,0.5,5,0,179.91,clair,ap-s1,control,,1623
SIM-03340,2023-12-01,vendredi,Public,Espagne,ETI,business,14,104,0,0.0%,0,0.0,26,0,0,61,2,4.5,4,0,"5660,09",bleu,us-e1,A,Usage en forte baisse ce trimestre.,357378
SIM-03341,2024-07-30,mardi,santé,Belgique,ETI,pro,6,129,87,67.4,35,22.5,16,9,1,2,3,14.3 h,3,1,3292.76,clair,ap-s1,A,,35101
SIM-03342,31/12/2024,mardi,Commerce,Allemagne,ETI, Business ,1,184,136,73.9,33,25.2,26,11,0,0,6,8.3 h,3,3,8422.32,bleu,ap-s1,B,,179564
SIM-03343,31/07/2024,mercredi,Éducation,Belgique,PME,Business,6,40,32,80.0,65,29.1,26,17,2,0,0,6.4,4,0,2043.12,violet,eu-w1,A,Compte dans la moyenne.,23455
SIM-03344,2024-03-15,vendredi,public,France,PME, Pro ,11,31,10,32.3,6,1.3,16,5,4,3,1,10.3 h,3,2,707.43,clair,ap-s1,A,Compte dans la moyenne.,10442
SIM-03345,2024-10-07,lundi,Commerce,France,PME,Business,4,37,25,67.6%,43,"17,5",26,14,1,0,5,9.0,2,1,1987.29,clair,eu-w1,control,,146662
SIM-03346,05 Jun 2024,mercredi,COMMERCE,Espagne,PME,Business,8,17,11,64.7,29,13.0,26,11,0,0,0,3.3,5,,,sombre,eu-w1,control,,28866
SIM-03347,31/03/2024,dimanche,Industrie,Allemagne,PME,Pro,10,43,28,"65,1",45,24.7,16,7,0,0,0,11.0,5,0,1117.55,vert,us-e1,A,,7331
SIM-03348,23 Nov 2024,samedi,Public,France,GE,ENTERPRISE,2,783,533,"68,1",22,"15,1",40,16,0,0,1,"2,2",3,2,54739.74,bleu,eu-w3,control,,538639
SIM-03349,22/12/2022,jeudi,SANTÉ,Suisse,TPE,Starter,26,11,7,63.6,22,7.9,8,4,4,0,3,29.8,3,0,"135,74",sombre,ap-s1,A,RAS.,4118
SIM-03350,29/12/2024,dimanche,Tech,France,TPE,Starter,1,11,6,"54,5",44,"20,0",8,3,2,0,3,"26,1",5,4,125.13,clair,eu-w1,control,,1129
SIM-03351,31 Jan 2024,mercredi, Éducation ,France, ETI ,Business,12,86,24,,1,"0,2",26,4,2,6,5,5.9,2,0,3603.94 €,violet,eu-w3,A,"Client insatisfait, risque de départ.",26597
SIM-03352,2025-01-04,samedi,Commerce,Suisse, PME ,Pro,1,50,28,56.0,19,3.4,16,6,0,1,1,8.5,5,0,"1214,49",bleu,eu-w1,control,,10955
SIM-03353,06 Sep 2023,mercredi, Tech ,Allemagne,ETI,PRO,17,43,30,69.8,65,24.0,16,8,3,3,2,9.4,4,0,"1203,99",clair,ap-s1,A,,25669
SIM-03354,23 Dec 2024,lundi,ÉDUCATION,France, TPE ,Pro,1,5,1,20.0%,6,2.6,16,6,,2,0,10.3 h,5,2,"112,94",vert,eu-w3,control,Faible adoption des sièges.,370
SIM-03355,2023-03-14,mardi,Commerce,Allemagne,pme,Pro,23,12,7,58.3,35,24.1,16,3,2,1,3,12.8,3,0,385.71,vert,ap-s1,A,Suivi standard.,6642
SIM-03356,2025-01-06,lundi,Tech,France,ETI,pro,1,179,108,"60,3",36,9.5,16,7,0,1,4,17.2,,2,3963.02,violet,ap-s1,control,,68243
SIM-03357,2024-11-05,mardi,TECH,France,TPE,STARTER,3,4,2,50.0%,28,8.4,8,3,1,1,4,36.6,3,0,"50,83",sombre,ap-s1,A,Suivi standard.,1167
SIM-03358,2024-06-09,dimanche,Santé,France,PME, Enterprise ,8,45,26,57.8%,26,,40,11,2,2,3,"2,7",5,4,"3936,2",sombre,eu-w1,A,,54871
SIM-03359,11 Apr 2023,mardi, Finance ,France,TPE, Starter ,22,1,1,"100,0",42,"34,5",8,3,2,0,6,,,0,14.19 €,sombre,eu-w3,A,,663
SIM-03360,2024-06-10,lundi,SANTÉ,Canada,pme,Business,8,41,18,"43,9",28,14.8,26,6,3,7,0,2.9 h,3,1,1865.51,vert,eu-w1,control,,7649
SIM-03361,25 Dec 2024,mercredi,Santé,France,PME, Pro ,1,34,12,35.3%,1,0.3,16,4,0,19,6,16.8,4,1,"647,44",clair,eu-w1,A,,5840
SIM-03362,24 Dec 2024,mardi,COMMERCE,Belgique,eti,Business,1,187,115,"61,5",27,11.1,26,2,0,0,0,3.7,5,0,9184.37 €,clair,ap-s1,B,,331372
SIM-03363,03/12/2023,dimanche,Commerce,France,ETI, Pro ,14,32,20,62.5%,55,,16,9,3,0,0,,4,1,840.13,vert,ap-s1,B,,27556
SIM-03364,2024-01-13,samedi,Tech,Canada,GE, Enterprise ,13,259,101,39.0%,1,"0,4",40,14,1,30,0,0.5 h,,0,20082.97,clair,eu-w3,A,,1317443
SIM-03365,2023-08-12,samedi,Tech,Espagne,TPE,STARTER,18,11,2,18.2,1,0.1,8,2,4,2,2,20.8,3,0,140.52,vert,eu-w1,A,,4955
SIM-03366,30/11/2023,jeudi,Commerce,Espagne, GE ,BUSINESS,14,665,528,79.4%,57,31.6,26,19,3,1,1,4.6,4,0,28300.47,bleu,eu-w3,control,Client très satisfait et actif.,464128
SIM-03367,17/01/2023,mardi,Tech,Suisse,ETI,Business,25,180,50,"27,8",1,0.3,26,5,8,12,0,0.5,5,0,"8695,95",clair,eu-w3,A,Compte dans la moyenne.,185398
SIM-03368,16 Oct 2023,lundi,industrie,France, ETI ,business,16,142,126,88.7%,45,27.0,26,12,4,2,4,6.4,4,0,7297.02,bleu,us-e1,A,"Compte engagé, ambassadeur potentiel.",59836
SIM-03369,10/09/2023,dimanche,Tech,Belgique,ETI,Business,17,215,137,,40,29.6,26,8,2,1,4,6.1,,0,10676.68,vert,ap-s1,control,,288911
SIM-03370,12 Dec 2023,mardi,commerce,France,TPE,PRO,14,2,1,50.0,8,5.6,16,6,7,2,0,6.8,4,0,"48,68",sombre,eu-w1,control,"Compte engagé, ambassadeur potentiel.",479
SIM-03371,2023-10-12,jeudi, Éducation ,Belgique,TPE,starter,16,9,6,66.7,47,20.4,8,3,1,1,5,27.1,2,0,114.34,bleu,eu-w3,control,,4594
SIM-03372,06 Jan 2025,lundi,Santé,Suisse, PME ,Pro,1,36,25,69.4,26,8.4,16,7,,0,3,15.2,,1,,clair,eu-w1,A,,25642
SIM-03373,05/05/2024,dimanche,Industrie,France,pme,Enterprise,9,34,15,44.1%,4,1.0,40,15,0,7,4,1.6,3,,"2694,6",violet,eu-w3,B,Compte dans la moyenne.,57449
SIM-03374,2024-02-13,mardi,Tech,France,PME,Starter,12,59,0,,0,,8,0,0,41,3,26.0,3,1,750.08 €,clair,ap-s1,control,Déploiement interne limité.,8611
SIM-03375,2023-10-12,jeudi, Industrie ,France,PME,Pro,16,15,11,73.3,42,12.4,16,6,2,0,0,10.9,4,0,392.57,clair,eu-w1,control,Suivi standard.,3863
SIM-03376,07/06/2024,vendredi,,France,TPE,starter,8,9,4,44.4,9,,8,5,3,2,0,"4,9",5,1,107.75,sombre,ap-s1,control,,1237
SIM-03377,10/12/2023,dimanche, Tech ,France,PME,Pro,14,23,14,60.9,17,4.3,16,8,1,3,8,21.7,1,0,491.03,vert,ap-s1,B,Mécontentement exprimé au support.,6040
SIM-03378,2024-09-07,samedi,TECH,Belgique,TPE, Pro ,5,6,3,50.0,20,"4,2",16,5,1,4,2,11.4,3,2,132.43,violet,eu-w1,A,,1195
SIM-03379,03/11/2023,vendredi,Commerce,Suisse,tpe,Enterprise,15,10,4,40.0%,9,2.0,40,16,0,4,13,"8,9",1,0,865.25,bleu,ap-s1,A,,9224
SIM-03380,29/10/2024,mardi,PUBLIC,France,PME,Business,3,44,21,,13,"2,6",26,12,0,6,0,0.5,5,1,"1837,69",bleu,eu-w3,B,Suivi standard.,25617
SIM-03381,08/01/2024,lundi, Public ,France,PME, Business ,13,9,2,22.2,1,0.4,26,11,2,4,3,9.4,4,0,426.89,bleu,eu-w3,control,,4551
SIM-03382,03/11/2023,vendredi,Finance,Belgique,pme,Starter,15,19,7,36.8,15,3.4,8,1,2,1,0,10.6,4,0,"263,37",clair,us-e1,B,RAS.,10150
SIM-03383,11 Feb 2024,dimanche,Éducation,Belgique,TPE,Business,12,9,7,77.8%,53,36.2,26,16,2,1,0,7.5,3,1,291.33,violet,eu-w3,A,,1911
SIM-03384,12 Jun 2024,mercredi,Santé,Canada,PME,Pro,8,28,3,10.7,1,0.5,16,2,2,18,0,,4,0,"688,9",bleu,ap-s1,A,,7344
SIM-03385,2024-08-08,jeudi, Industrie ,France, GE ,enterprise,6,194,78,40.2,7,,40,19,0,9,1,"1,0",2,0,"12981,8",vert,ap-s1,B,Mécontentement exprimé au support.,42580
SIM-03386,2024-12-28,samedi, Tech ,Belgique,PME,Pro,1,52,38,,71,14.2,16,10,1,1,2,10.5,,3,1221.86,bleu,us-e1,control,Compte dans la moyenne.,19037
SIM-03387,10 May 2023,mercredi,finance,Espagne,PME,Business,21,30,24,"80,0",81,"45,1",26,18,7,1,4,7.9,3,0,1744.53 €,violet,eu-w3,A,RAS.,24319
SIM-03388,21 Apr 2023,vendredi, Commerce ,Belgique,TPE,Starter,22,10,3,"30,0",10,"6,6",8,4,6,2,2,20.3,4,0,"118,83",sombre,eu-w1,A,"Compte engagé, ambassadeur potentiel.",1364
SIM-03389,18 Aug 2023,vendredi,santé,France,tpe,Pro,18,1,1,"100,0",1,0.1,16,2,5,27,2,"18,4",2,0,21.62,violet,us-e1,A,"Client insatisfait, risque de départ.",300
SIM-03390,2024-12-05,jeudi,Commerce,Canada,PME,Pro,2,15,6,40.0,4,"0,7",16,4,0,9,0,7.4,5,2,"373,49",bleu,eu-w1,A,,1531
SIM-03391,2023-11-12,dimanche,Finance,France,TPE,Pro,15,3,1,33.3%,2,"0,2",16,1,5,0,1,7.9,5,0,"67,04",violet,ap-s1,control,,3408
SIM-03392,25/09/2024,mercredi,Éducation,France,PME,enterprise,4,28,21,"75,0",82,"55,2",40,25,0,2,0,3.0 h,5,1,2367.1,violet,ap-s1,control,,54349
SIM-03393,2024-07-08,lundi,,Allemagne,ETI,PRO,7,118,72,"61,0",33,"23,6",16,6,0,1,5,20.0,3,0,"2270,15",bleu,ap-s1,B,,14892
SIM-03394,2024-01-07,dimanche, Commerce ,France,tpe, Starter ,13,3,2,66.7,4,1.6,8,1,2,12,1,20.7 h,3,0,32.03,vert,ap-s1,A,,683
SIM-03395,04/01/2025,samedi,SANTÉ,France,ETI,BUSINESS,1,205,22,10.7%,1,0.4,26,1,0,0,0,5.3,5,2,5535.0,sombre,eu-w1,B,,27232
SIM-03396,2023-09-13,mercredi,Commerce,France,PME,Business,17,33,28,"84,8",95,70.6,26,12,6,0,1,4.4,,0,1381.69,vert,eu-w1,B,"Compte engagé, ambassadeur potentiel.",4532
SIM-03397,11 Dec 2024,mercredi, Industrie ,France,TPE,Pro,2,3,1,33.3,1,0.1,16,0,1,11,2,10.7,3,0,78.64,violet,eu-w3,B,Compte dans la moyenne.,1870
SIM-03398,03 Oct 2024,jeudi,SANTÉ,France, ETI ,Business,4,193,68,35.2%,1,,26,8,0,12,5,10.4,2,1,8643.54,sombre,us-e1,control,,28351
SIM-03399,25 Dec 2024,mercredi,Industrie,Allemagne,eti,Enterprise,1,43,13,30.2,6,4.0,40,25,0,1,2,1.4,2,0,4371.79 €,clair,eu-w1,A,,32264
SIM-03400,08/01/2024,lundi, Industrie ,France,tpe,Starter,13,5,3,60.0,39,20.9,8,4,1,0,1,21.3,4,0,"60,8",violet,ap-s1,A,,1944
SIM-03401,31 Dec 2024,mardi,INDUSTRIE,Belgique,TPE,STARTER,1,6,3,50.0%,13,"5,1",8,2,0,3,4,27.7,3,,"67,87",sombre,ap-s1,control,,890
SIM-03402,2023-10-17,mardi,Tech,Belgique,GE,ENTERPRISE,16,321,43,13.4%,1,"0,6",40,9,,30,3,"2,5",4,0,27549.32,violet,ap-s1,A,,1784645
SIM-03403,2024-05-02,jeudi, Industrie ,France,TPE,starter,9,11,4,36.4,2,"0,6",8,1,2,16,6,31.1,2,1,141.95,clair,eu-w1,control,"Client insatisfait, risque de départ.",1513
SIM-03404,18 Sep 2022,dimanche,Commerce,Belgique,ge, Business ,29,675,490,72.6,54,28.8,26,10,4,1,0,"3,1",5,0,"37686,36",violet,eu-w1,control,,1328821
SIM-03405,01/06/2024,samedi,tech,Canada, TPE ,starter,8,5,2,40.0,30,9.7,8,3,2,3,3,29.7,,1,56.23,sombre,ap-s1,A,Suivi standard.,646
SIM-03406,2024-12-27,vendredi,finance,France,PME,Business,1,57,40,"70,2",40,22.4,26,14,0,5,1,7.7,4,2,2424.31,violet,eu-w3,A,,23855
SIM-03407,2023-10-16,lundi,Industrie,France,PME, Pro ,16,47,26,"55,3",11,"3,6",16,3,3,0,2,11.3,,0,1093.79 €,violet,ap-s1,A,RAS.,40361
SIM-03408,15/01/2024,lundi,Commerce,France, PME ,Pro,13,29,13,,9,,16,6,1,9,2,"14,4",2,0,"702,66",sombre,ap-s1,A,,9795
SIM-03409,04 Dec 2024,mercredi,santé,France,GE,ENTERPRISE,2,435,346,79.5%,62,35.0,40,26,0,1,4,0.5,,,33662.34,sombre,eu-w3,control,RAS.,662475
SIM-03410,06 Dec 2023,mercredi,Public,Espagne,PME,Starter,14,21,17,81.0,71,35.9,8,4,4,2,0,12.4,4,1,262.21,sombre,eu-w1,A,"Compte engagé, ambassadeur potentiel.",7525
SIM-03411,07/04/2023,vendredi,ÉDUCATION,France,PME, Business ,22,35,16,,11,5.2,26,9,10,11,2,"5,7",2,0,1568.52 €,bleu,us-e1,A,Mécontentement exprimé au support.,37299
SIM-03412,2023-10-12,jeudi, Éducation ,Belgique,TPE,starter,16,9,6,66.7,47,20.4,8,3,1,1,5,27.1,2,0,114.34,bleu,eu-w3,control,,4594
SIM-03413,31/12/2024,mardi,,France,PME, Business ,1,18,11,61.1,30,15.0,26,13,0,0,5,8.6,3,5,522.5,vert,us-e1,A,,2571
SIM-03414,2023-10-09,lundi,PUBLIC,Suisse,PME,Business,16,30,8,26.7%,4,1.9,26,6,3,1,0,4.8,5,0,1401.58,clair,ap-s1,A,"Compte engagé, ambassadeur potentiel.",44823
SIM-03415,12 Dec 2023,mardi,industrie,France,ETI,Pro,14,149,36,24.2,2,"0,1",16,3,4,5,12,18.9 h,2,0,3136.15,clair,eu-w3,A,Mécontentement exprimé au support.,66863
SIM-03416,16/05/2023,mardi,COMMERCE,Belgique,TPE,Pro,21,8,0,0.0%,0,"0,0",16,0,0,36,4,"10,1",3,0,206.14,clair,us-e1,A,Faible adoption des sièges.,2366
SIM-03417,2023-11-14,mardi,finance,Espagne,PME,Starter,15,55,45,81.8%,58,"30,8",8,4,4,0,2,21.8 h,4,0,721.39,bleu,us-e1,control,,15380
SIM-03418,2024-10-01,mardi,COMMERCE,Allemagne, TPE ,Pro,4,5,5,100.0,80,61.9,16,11,0,1,0,6.0,5,1,"136,76",vert,us-e1,B,,1906
SIM-03419,2024-08-27,mardi,Finance,Allemagne,TPE,Pro,5,3,1,33.3,1,"0,1",16,0,1,12,2,9.7 h,5,1,50.89,violet,eu-w1,A,,2045
SIM-03420,2025-01-04,samedi,ÉDUCATION,France,PME,Pro,1,11,8,"72,7",42,25.8,16,8,0,0,3,14.7,2,1,"257,3",vert,ap-s1,A,"Client insatisfait, risque de départ.",1266
SIM-03421,13/02/2024,mardi,Finance,Suisse, TPE ,Starter,12,3,1,33.3,1,0.3,8,4,3,6,1,17.9 h,3,1,40.6,violet,us-e1,B,,1032
SIM-03422,2024-06-12,mercredi,commerce,France, ETI ,PRO,8,61,0,0.0%,0,0.0,16,0,,51,8,"17,7",1,,1448.6,clair,us-e1,B,"Client insatisfait, risque de départ.",17818
SIM-03423,2025-01-06,lundi, Tech ,Canada,ge,Business,1,366,174,"47,5",26,13.6,26,9,0,2,0,6.1,2,2,14724.81 €,violet,ap-s1,control,Mécontentement exprimé au support.,253561
SIM-03424,16/01/2024,mardi,éducation,France,ETI,enterprise,13,97,30,30.9%,9,0.4,40,18,5,0,0,"0,5",5,0,7115.69,bleu,us-e1,B,,87523
SIM-03425,13 Dec 2023,mercredi, Industrie ,France,PME,pro,14,33,29,87.9,90,66.3,16,12,4,0,2,9.7,,0,1195.86 €,sombre,us-e1,B,Client très satisfait et actif.,51972
SIM-03426,02/01/2024,mardi,Public,France,tpe,Pro,13,7,2,28.6,1,0.3,16,5,2,21,3,14.2 h,3,0,202.95,bleu,eu-w3,B,,5658
SIM-03427,28 Oct 2024,lundi,finance,Allemagne,ETI,Pro,3,149,36,24.2%,3,1.3,16,2,0,2,2,10.6,5,0,3424.16,violet,ap-s1,B,Faible adoption des sièges.,73003
SIM-03428,09/01/2025,jeudi,Tech,France,pme,Business,1,57,18,"31,6",7,3.0,26,9,0,5,2,4.6,3,2,2617.56 €,clair,eu-w3,control,,15025
SIM-03429,2023-06-15,jeudi,Éducation,France,PME, Starter ,20,44,20,45.5,11,"6,8",8,2,4,7,6,37.3,3,0,446.46,bleu,eu-w3,control,,10983
SIM-03430,2024-10-07,lundi,Commerce,France,TPE,PRO,4,7,3,42.9%,1,"0,5",16,6,0,18,4,12.2,3,1,198.75,violet,ap-s1,B,,5215
SIM-03431,2023-12-13,mercredi,Éducation,France,pme,Business,14,12,6,50.0%,23,,26,6,2,3,6,5.2,3,0,687.56,violet,us-e1,A,,15223
SIM-03432,2025-01-07,mardi,Industrie,France,PME,Pro,1,32,0,0.0,0,0.0,16,0,0,30,1,10.7,4,1,827.75,sombre,eu-w1,control,Faible adoption des sièges.,33938
SIM-03433,10/05/2024,vendredi,commerce,France,TPE, Business ,9,4,1,"25,0",1,0.1,26,4,2,8,1,5.2,4,0,200.15,violet,eu-w3,A,,4431
SIM-03434,04/01/2025,samedi,SANTÉ,France,ETI,BUSINESS,1,205,22,10.7%,1,0.4,26,1,0,0,0,5.3,5,2,5535.0,sombre,eu-w1,B,,27232
SIM-03435,2024-01-15,lundi, Commerce ,Belgique,tpe,STARTER,13,1,1,100.0,39,"4,3",8,1,2,1,1,20.7,4,0,12.01 €,clair,us-e1,A,Suivi standard.,300
SIM-03436,2023-09-07,jeudi,,France,TPE,BUSINESS,17,4,3,75.0,42,22.2,26,7,4,1,0,4.8 h,4,0,163.47,violet,eu-w1,control,,2011
SIM-03437,30 Nov 2023,jeudi,Finance,Allemagne, TPE ,Pro,14,5,2,"40,0",1,0.1,16,2,1,30,7,,2,0,134.94,clair,us-e1,A,Mécontentement exprimé au support.,9959
SIM-03438,2024-08-08,jeudi,Éducation,France, TPE ,Pro,6,11,5,45.5,23,"9,9",16,8,0,2,4,14.7,3,0,219.22,violet,us-e1,A,,899
SIM-03439,09/07/2023,dimanche,Commerce,Allemagne,PME,PRO,19,42,8,19.0,4,"1,5",16,4,8,11,0,8.1,4,0,1060.91,violet,us-e1,B,Faible adoption des sièges.,28708
SIM-03440,17/06/2023,samedi,TECH,France,PME,Pro,20,41,4,9.8,1,,16,1,6,5,0,1.1,5,0,1051.68,bleu,eu-w1,A,,37082
SIM-03441,09/10/2024,mercredi,,Allemagne,PME,Pro,4,53,37,69.8,46,27.4,16,9,0,0,6,17.7,2,2,1141.46,violet,us-e1,control,,10296
SIM-03442,07/01/2025,mardi,COMMERCE,France,TPE,Starter,1,7,5,"71,4",31,7.8,8,3,0,0,0,10.7,5,4,72.84,clair,eu-w1,B,RAS.,2927
SIM-03443,31 May 2024,vendredi,Finance,France,ETI,Business,8,92,67,72.8%,48,"38,7",26,16,0,1,3,3.7,4,1,4476.05,sombre,eu-w3,control,,135803
SIM-03444,05/09/2024,jeudi,Santé,Allemagne,tpe,Business,5,10,8,80.0,45,23.1,26,13,1,1,5,8.7,3,1,"451,68",sombre,eu-w3,B,,2593
SIM-03445,2023-10-17,mardi,Tech,Belgique,GE,ENTERPRISE,16,321,43,13.4%,1,"0,6",40,9,,30,3,"2,5",4,0,27549.32,violet,ap-s1,A,,1784645
SIM-03446,2024-01-05,vendredi,Tech,France,pme,Business,13,19,4,21.1%,1,0.4,26,2,2,1,1,6.3,2,0,664.18,vert,eu-w3,control,Mécontentement exprimé au support.,11982
SIM-03447,05 Jun 2023,lundi,éducation,France,TPE, Business ,20,5,3,60.0,13,4.6,26,2,7,2,1,8.5 h,4,0,202.14,sombre,us-e1,control,,3647
SIM-03448,18 Feb 2023,samedi,santé,,PME,BUSINESS,24,29,8,"27,6",13,3.9,26,3,4,3,0,"5,1",3,0,1547.97,vert,eu-w1,control,,52043
SIM-03449,2024-05-07,mardi,Commerce,Espagne,PME,Business,9,13,2,15.4%,1,"0,1",26,3,1,15,2,4.3,2,0,492.89,violet,us-e1,B,,6063
SIM-03450,09/01/2025,jeudi,Commerce,Allemagne,TPE,Starter,1,1,1,100.0,34,20.6,8,1,2,2,7,"26,0",3,1,11.03,vert,us-e1,control,"Multiples tickets ouverts, friction élevée.",300
SIM-03451,27/09/2024,vendredi,tech,France, TPE , Starter ,4,4,1,25.0,1,"0,3",8,0,1,16,0,12.5,5,2,31.58,vert,ap-s1,control,Suivi standard.,1114
SIM-03452,01/09/2023,vendredi, Public ,France,PME,business,17,48,29,60.4,43,"24,5",26,15,5,0,1,8.2 h,4,0,2604.95,bleu,eu-w3,B,,113211
SIM-03453,04 Jan 2025,samedi,COMMERCE,Canada,ETI,Pro,1,136,73,53.7,15,2.1,16,5,1,2,3,20.3,2,4,3070.34,sombre,eu-w1,A,,20141
SIM-03454,2024-10-31,jeudi,FINANCE,France,ETI, Business ,3,142,77,"54,2",18,5.0,26,14,3,4,8,7.3,2,1,"7292,57",vert,ap-s1,A,,149498
SIM-03455,2024-07-08,lundi,Tech,Belgique,pme,Business,7,30,0,0.0,0,0.0,26,0,0,103,3,"7,1",4,1,1147.16,bleu,eu-w3,control,,8466
SIM-03456,08 Jan 2025,mercredi, Éducation ,Suisse,TPE,Starter,1,3,3,100.0,89,"98,8",8,5,0,0,4,26.5,3,2,,clair,eu-w3,A,,554
SIM-03457,2024-05-04,samedi,,France,TPE,Starter,9,11,7,63.6,29,11.7,8,4,,6,5,27.3 h,3,1,145.53,vert,eu-w1,A,,3341
SIM-03458,12 Dec 2023,mardi,COMMERCE,France,TPE, Business ,14,10,6,60.0,16,3.9,26,9,3,1,2,4.9 h,4,0,"372,59",clair,ap-s1,A,Client très satisfait et actif.,8860
SIM-03459,2024-02-02,vendredi,Commerce,, TPE ,Pro,12,7,5,"71,4",25,"1,3",16,7,2,3,4,"20,4",1,0,169.55,clair,ap-s1,control,"Client insatisfait, risque de départ.",2781
SIM-03460,16 Mar 2024,samedi,Commerce,France,pme, Starter ,11,44,19,"43,2",11,4.6,8,3,2,2,6,"19,6",5,0,579.81,bleu,eu-w1,B,,10460
SIM-03461,08/09/2023,vendredi,Industrie,France,TPE,Starter,17,5,4,80.0,56,"10,9",8,3,4,0,2,27.2,4,0,"71,3",violet,eu-w1,control,Client très satisfait et actif.,1812
SIM-03462,2024-03-08,vendredi,Public,France,TPE,starter,11,1,0,0.0,0,0.0,8,0,0,39,4,23.6,4,0,12.35 €,clair,eu-w3,A,Déploiement interne limité.,365
SIM-03463,2024-11-07,jeudi,Finance,,GE,Enterprise,3,442,0,0.0,0,0.0,40,0,0,90,2,4.9,3,2,"30284,5",clair,ap-s1,B,,124166
SIM-03464,07/12/2023,jeudi,SANTÉ,, PME ,Enterprise,14,59,47,79.7,89,"67,2",40,20,3,2,0,3.7,5,0,5202.14,violet,eu-w3,B,,68252
SIM-03465,05 Aug 2024,lundi,FINANCE,Suisse,PME,Pro,6,55,22,"40,0",29,"11,6",16,8,1,1,5,,3,2,1479.83 €,bleu,us-e1,control,,8494
SIM-03466,2024-05-12,dimanche,éducation,France,TPE,Starter,9,2,1,50.0%,4,1.5,8,3,0,0,0,19.8,4,,18.73 €,sombre,ap-s1,B,,300
SIM-03467,2022-12-17,samedi,ÉDUCATION,Belgique,PME, Pro ,26,27,10,37.0,13,0.9,16,8,4,1,3,13.0,2,0,"735,83",clair,ap-s1,B,,51891
SIM-03468,10 Dec 2023,dimanche,FINANCE,Suisse,TPE, Starter ,14,9,6,66.7,35,"15,3",8,2,5,1,2,22.1,4,0,129.59,violet,eu-w1,control,Client très satisfait et actif.,3188
SIM-03469,10/06/2024,lundi,,France,ETI, Business ,8,179,117,"65,4",43,"8,1",26,11,2,3,2,4.8,4,0,8050.34,bleu,eu-w3,B,,59412
SIM-03470,03 Jul 2023,lundi,santé,Belgique,TPE,Starter,19,8,2,25.0,1,0.1,8,2,7,18,1,"20,3",2,0,84.7,clair,us-e1,A,"Client insatisfait, risque de départ.",1111
SIM-03471,31 Dec 2024,mardi,,Canada,PME, Pro ,1,11,7,"63,6",6,"0,4",16,8,0,2,3,22.0 h,3,1,275.54,violet,ap-s1,control,RAS.,5423
SIM-03472,08 May 2024,mercredi,Finance,France,PME, Starter ,9,41,20,48.8,9,4.0,8,3,1,4,9,35.2,2,0,"595,5",vert,eu-w1,control,,6348
SIM-03473,07/07/2023,vendredi,finance,France,TPE,Starter,19,11,5,45.5,29,12.7,8,3,0,0,0,5.1,5,0,129.26,bleu,eu-w1,B,,3498
SIM-03474,2024-04-14,dimanche,Finance,Canada,TPE, Starter ,10,1,1,"100,0",20,4.2,8,3,2,0,4,32.6,2,0,10.41,vert,us-e1,B,,300
SIM-03475,28 Apr 2024,dimanche,Santé,Allemagne,GE, Business ,9,800,111,13.9,1,0.3,26,4,0,12,1,"4,0",5,2,39638.4 €,clair,eu-w1,control,,780084
SIM-03476,2024-02-04,dimanche,Industrie,France, ETI ,Enterprise,12,199,0,"0,0",0,,40,0,0,114,0,2.0,5,0,18484.05,violet,us-e1,control,Usage en forte baisse ce trimestre.,333452
SIM-03477,2023-10-11,mercredi,FINANCE,Belgique,TPE,Enterprise,16,2,1,50.0,15,"4,4",40,7,3,1,7,2.7,1,,169.34,bleu,us-e1,A,Mécontentement exprimé au support.,694
SIM-03478,03 Dec 2024,mardi, Tech ,Belgique,PME, Pro ,2,45,27,60.0%,12,9.7,16,5,1,7,1,10.8,4,3,956.38,violet,eu-w3,B,,20390
SIM-03479,2023-11-05,dimanche,Tech,France,ETI,Pro,15,186,74,"39,8",1,,16,4,1,3,0,9.1,4,1,4683.99 €,sombre,eu-w3,B,,15363
SIM-03480,04/03/2024,lundi,Tech,,PME, Starter ,11,23,17,73.9,55,26.5,8,5,5,0,5,"37,7",2,0,320.43,violet,ap-s1,A,"Client insatisfait, risque de départ.",8145
SIM-03481,04/03/2024,lundi,commerce,France,GE,Business,11,530,268,50.6,1,,26,14,2,29,5,7.4,,2,25998.25,sombre,us-e1,A,Mécontentement exprimé au support.,383734
SIM-03482,01 Jan 2025,mercredi, Santé ,France,TPE, Pro ,1,2,1,50.0,19,7.1,16,10,0,0,1,13.0 h,3,0,54.09,clair,us-e1,A,,1597
SIM-03483,2023-04-09,dimanche, Santé ,France, PME ,Pro,22,27,22,81.5%,20,9.2,16,9,4,1,5,,3,0,723.53,clair,us-e1,control,Compte dans la moyenne.,66449
SIM-03484,2024-05-06,lundi,FINANCE,France,TPE,Starter,9,10,3,30.0%,1,"0,1",8,1,4,19,0,12.4,4,1,121.65,vert,ap-s1,B,,1596
SIM-03485,10/01/2025,vendredi,Commerce,France,tpe,Starter,1,5,1,20.0,2,"0,1",8,3,1,0,3,,4,4,61.17,violet,eu-w1,A,,502
SIM-03486,2024-03-03,dimanche,Commerce,Canada,ge,Enterprise,11,127,73,57.5,16,6.6,40,13,2,4,5,"3,2",3,0,10808.83,violet,us-e1,A,RAS.,257034
SIM-03487,17 Jul 2023,lundi,finance,Suisse, PME ,PRO,19,51,41,80.4,72,43.3,16,13,3,0,5,18.6,2,0,1421.11,sombre,eu-w3,control,"Client insatisfait, risque de départ.",59431
SIM-03488,12 Jul 2023,mercredi,Finance,France, GE ,enterprise,19,276,71,25.7%,1,"0,3",40,2,4,8,0,2.0,4,0,"20600,81",sombre,eu-w3,B,"Compte engagé, ambassadeur potentiel.",371639
SIM-03489,12 Oct 2024,samedi,Commerce,Espagne,ge,Enterprise,4,540,329,,22,5.4,40,13,0,0,3,2.0,4,1,36083.22 €,sombre,ap-s1,B,Suivi standard.,384647
SIM-03490,20/06/2023,mardi,Commerce,France,TPE,Starter,20,6,2,33.3,5,0.9,8,2,7,2,2,23.5,3,0,63.54,vert,eu-w1,control,,2084
SIM-03491,2024-09-10,mardi,Industrie,France,TPE, Starter ,5,10,2,20.0,1,0.1,8,2,0,30,1,24.2,3,3,"98,09",sombre,us-e1,control,,2413
SIM-03492,02/07/2023,dimanche,SANTÉ,Suisse,ETI,BUSINESS,19,169,125,74.0,79,83.3,26,14,5,2,3,7.5,3,0,7393.14 €,sombre,us-e1,control,Compte dans la moyenne.,151559
SIM-03493,05/10/2024,samedi,Public,France,ETI,business,4,147,118,80.3,45,24.2,26,15,0,2,3,"8,2",4,2,5995.3,bleu,eu-w1,A,,98323
SIM-03494,05/10/2023,jeudi,Santé,Canada,PME,Business,16,7,3,42.9,12,"5,3",26,8,0,1,1,8.2,3,0,328.86,clair,us-e1,control,,5933
SIM-03495,05 Jun 2023,lundi,Public,France,PME,Enterprise,20,10,9,"90,0",85,59.9,40,20,5,3,0,"2,5",,0,939.41,bleu,ap-s1,B,,23109
SIM-03496,2023-07-15,samedi,Commerce,Allemagne,TPE, Starter ,19,4,3,"75,0",70,36.4,8,4,2,0,0,20.2,3,0,57.11,clair,ap-s1,control,Compte dans la moyenne.,2997
SIM-03497,02/01/2025,jeudi,Commerce,Belgique,PME, Pro ,1,47,8,17.0,2,0.2,16,4,0,4,6,"14,4",2,3,960.44,sombre,us-e1,A,Mécontentement exprimé au support.,10238
SIM-03498,15/02/2024,jeudi,Public,France,PME,Business,12,43,26,,18,7.7,26,17,1,4,0,3.0,3,0,1944.39,sombre,eu-w1,A,,31888
SIM-03499,2024-06-07,vendredi,Tech,France, PME ,Pro,8,27,14,"51,9",33,17.6,16,10,1,1,2,13.7 h,3,3,,vert,eu-w1,A,,8691
SIM-03500,2024-12-01,dimanche,ÉDUCATION,France,PME,Business,2,51,34,66.7%,46,"26,2",26,10,0,1,0,,4,0,"2110,83",clair,eu-w3,control,,12116
SIM-03501,29 Dec 2024,dimanche,Industrie,Espagne,PME, Business ,1,34,15,44.1,17,"5,0",26,9,0,0,2,1.0,4,2,1466.95,violet,ap-s1,B,RAS.,19246
SIM-03502,28 Dec 2024,samedi, Industrie ,Belgique,TPE,Pro,1,11,5,45.5,11,2.5,16,3,0,1,0,,5,1,285.81,vert,ap-s1,control,,6328
SIM-03503,10/05/2023,mercredi,finance,France,ETI, Business ,21,179,148,,66,"38,2",26,13,5,0,0,"3,4",5,0,7830.91,clair,us-e1,A,"Compte engagé, ambassadeur potentiel.",51371
SIM-03504,2024-04-10,mercredi,Tech,Belgique,PME,Pro,10,48,37,"77,1",53,"43,5",16,7,,1,3,13.5,3,0,"1345,91",clair,eu-w1,B,RAS.,37524
SIM-03505,2024-05-31,vendredi, Finance ,France, TPE ,STARTER,8,4,3,75.0,27,"13,1",8,4,1,1,0,17.6,3,1,37.59,sombre,eu-w3,A,,401
SIM-03506,14 Jan 2023,samedi,TECH,France,pme, Business ,25,53,32,"60,4",23,12.8,26,12,3,0,2,7.3 h,3,,,clair,us-e1,B,RAS.,84587
SIM-03507,2023-07-03,lundi,,Allemagne,PME, Pro ,19,30,20,"66,7",16,6.5,16,4,5,1,6,12.3 h,4,0,767.33,violet,eu-w3,A,,39011
SIM-03508,06/01/2023,vendredi,Industrie,France,ETI,Pro,25,44,18,40.9,13,3.4,16,5,4,1,1,14.5,3,0,1147.89,violet,eu-w3,A,Compte dans la moyenne.,27297
SIM-03509,2024-05-28,mardi,FINANCE,France,PME,Starter,8,8,5,"62,5",50,2.5,8,4,1,0,3,25.3 h,3,2,113.55,sombre,us-e1,control,Suivi standard.,5121
SIM-03510,14 Feb 2023,mardi,ÉDUCATION,France,PME,ENTERPRISE,24,18,6,33.3,4,1.0,40,3,1,15,1,0.5,5,0,1481.69,bleu,ap-s1,B,Suivi standard.,24300
SIM-03511,02 Nov 2024,samedi,tech,France,GE,Enterprise,3,171,94,55.0,16,4.5,40,15,0,1,0,1.1 h,5,1,12455.44,clair,eu-w1,A,Compte dans la moyenne.,204269
SIM-03512,27 Dec 2024,vendredi,TECH,France,PME, Business ,1,57,42,"73,7",67,26.4,26,13,0,1,4,,4,1,2218.39,bleu,eu-w1,A,,29105
SIM-03513,04 Dec 2023,lundi, Santé ,France, ETI ,Pro,14,150,98,"65,3",31,15.7,16,7,0,1,5,15.3 h,2,,3877.17,vert,us-e1,A,Mécontentement exprimé au support.,44510
SIM-03514,10/10/2023,mardi,Éducation,France, TPE ,Starter,16,10,3,30.0%,3,0.6,8,2,,6,0,6.9 h,5,,104.37,sombre,ap-s1,B,Client très satisfait et actif.,1455
SIM-03515,2023-12-01,vendredi,Commerce,France,ETI,Business,14,106,48,45.3,15,9.4,26,6,6,1,6,11.2,3,0,4355.14,bleu,us-e1,control,RAS.,103565
SIM-03516,11 Oct 2024,vendredi,Santé,France,PME,PRO,4,23,14,"60,9",32,"13,1",16,3,0,1,0,8.7 h,4,2,616.85,vert,ap-s1,A,,17704
SIM-03517,02/04/2024,mardi, Santé ,Espagne, GE ,business,10,398,216,54.3,47,24.2,26,13,3,1,3,,3,1,18513.18,vert,eu-w1,A,,1168922
SIM-03518,15/03/2024,vendredi,FINANCE,France, PME ,Pro,11,31,14,45.2,16,7.2,16,3,3,2,1,"11,1",3,1,788.51,bleu,eu-w3,B,,12285
SIM-03519,2024-12-05,jeudi,Commerce,Canada,PME,Pro,2,15,6,40.0,4,"0,7",16,4,0,9,0,7.4,5,2,"373,49",bleu,eu-w1,A,,1531
SIM-03520,07/05/2023,dimanche,public,France, PME ,Starter,21,29,21,72.4,35,13.2,8,5,3,1,3,28.7,3,0,436.34,violet,eu-w1,B,,27193
SIM-03521,2024-10-30,mercredi,Finance,Belgique,ETI, Business ,3,174,80,46.0,7,3.5,26,8,1,2,1,3.3,3,,7302.94,bleu,us-e1,control,,161687
SIM-03522,2024-08-26,lundi,FINANCE,France,ETI,Pro,5,171,89,52.0%,16,8.3,16,7,0,1,3,,4,0,3355.8,vert,eu-w1,B,RAS.,19262
SIM-03523,2025-01-02,jeudi,Tech,Belgique,pme,Business,1,24,21,87.5,86,"65,6",26,17,0,0,0,3.1 h,5,1,,sombre,ap-s1,control,,15819
SIM-03524,2024-12-29,dimanche,COMMERCE,Canada,PME,Business,1,25,15,60.0%,33,"11,9",26,5,0,0,7,5.3,,3,1185.15,vert,eu-w3,B,Mécontentement exprimé au support.,23324
SIM-03525,2025-01-08,mercredi,Industrie,Belgique,ETI,Business,1,112,83,74.1,33,18.8,26,11,0,1,1,,3,3,4011.37 €,vert,ap-s1,B,,42761
SIM-03526,27/09/2024,vendredi, Finance ,Espagne,ETI,Pro,4,184,69,37.5%,2,"0,8",16,3,1,5,2,,4,3,5007.19,sombre,us-e1,A,,32847
SIM-03527,15 Sep 2023,vendredi,,Belgique,TPE,Starter,17,9,4,,11,"6,9",8,1,,2,0,19.2,4,0,119.99,sombre,eu-w3,A,,1968
SIM-03528,05/08/2023,samedi,Éducation,France,TPE,Pro,18,3,2,66.7,26,14.0,16,3,2,0,3,16.9,2,0,"85,37",violet,ap-s1,control,,3430
SIM-03529,11 Apr 2023,mardi, Finance ,France,TPE, Starter ,22,1,1,"100,0",42,"34,5",8,3,2,0,6,,,0,14.19 €,sombre,eu-w3,A,,663
SIM-03530,2024-01-13,samedi,Finance,Belgique,TPE,BUSINESS,13,5,3,60.0,27,4.2,26,8,2,1,5,8.1,2,2,228.29 €,sombre,eu-w1,control,,3370
SIM-03531,2024-05-03,vendredi,Tech,Belgique,PME, Enterprise ,9,35,19,,26,18.5,40,14,2,1,9,"3,7",2,0,3131.43,clair,eu-w1,control,Mécontentement exprimé au support.,59059
SIM-03532,2023-09-12,mardi,Éducation,France, ETI ,Business,17,38,7,"18,4",1,"0,2",26,5,1,9,0,,2,0,2003.44,sombre,us-e1,B,,95284
SIM-03533,29 Dec 2024,dimanche,Industrie,Espagne,PME, Business ,1,34,15,44.1,17,"5,0",26,9,0,0,2,1.0,4,2,1466.95,violet,ap-s1,B,RAS.,19246
SIM-03534,13/11/2023,lundi, Industrie ,France,PME,business,15,12,6,50.0%,19,6.3,26,12,4,0,1,"6,0",4,,598.28,bleu,ap-s1,B,Client très satisfait et actif.,29926
SIM-03535,08/09/2023,vendredi,industrie,Belgique, PME ,PRO,17,57,32,56.1,26,11.2,16,7,5,0,2,,3,0,1597.15,clair,us-e1,A,Suivi standard.,78580
SIM-03536,2023-06-08,jeudi,Éducation,Belgique,PME,business,20,56,16,28.6,6,2.8,26,5,8,4,2,7.1,3,0,2940.99,sombre,eu-w3,A,,36174
SIM-03537,2023-06-13,mardi,Commerce,Belgique,PME,Pro,20,39,14,35.9,1,0.2,16,4,2,2,3,13.6,4,0,903.27,violet,ap-s1,B,,44441
SIM-03538,2024-06-08,samedi,industrie,France,TPE, Starter ,8,3,1,"33,3",11,"7,7",8,5,2,2,1,"14,9",5,3,31.18,bleu,us-e1,B,,562
SIM-03539,04/06/2024,mardi,,France,PME,Business,8,27,8,29.6,12,4.7,26,6,1,0,2,6.7,4,1,1170.16,sombre,eu-w1,B,,19191
SIM-03540,06 Aug 2024,mardi,Tech,France,GE, Enterprise ,6,242,51,"21,1",7,3.6,40,17,1,1,2,6.5,2,0,16631.2,vert,eu-w3,B,,204564
SIM-03541,07/07/2023,vendredi,finance,France,TPE,Starter,19,11,5,45.5,29,12.7,8,3,0,0,0,5.1,5,0,129.26,bleu,eu-w1,B,,3498
SIM-03542,2024-06-04,mardi,Éducation,France,PME,STARTER,8,43,14,"32,6",4,1.0,8,1,3,5,1,25.7,3,0,440.91,violet,us-e1,B,,5062
SIM-03543,14 Dec 2023,jeudi,Tech,Espagne,TPE,pro,14,3,1,33.3,1,"0,3",16,4,4,1,7,11.7,3,0,"77,61",vert,eu-w1,B,Support très sollicité récemment.,4200
SIM-03544,10 May 2023,mercredi,finance,Espagne,PME,Business,21,30,24,"80,0",81,"45,1",26,18,7,1,4,7.9,3,0,1744.53 €,violet,eu-w3,A,RAS.,24319
SIM-03545,14 Feb 2024,mercredi,industrie,France,GE,Enterprise,12,364,334,91.8,111,"109,5",40,27,4,0,0,0.9,5,0,25582.76,vert,eu-w3,A,,629336
SIM-03546,18 Apr 2023,mardi, Public ,Canada,PME,PRO,22,13,10,76.9%,47,22.9,16,4,3,1,1,9.5,4,0,345.29 €,clair,us-e1,control,,9627
SIM-03547,31/12/2024,mardi, Tech ,France,pme,Business,1,12,7,"58,3",5,3.1,26,7,0,4,3,"8,3",,2,559.71 €,bleu,eu-w3,A,,6425
SIM-03548,2024-12-30,lundi,industrie,France,TPE,starter,1,9,3,33.3,8,"2,2",8,2,0,1,1,19.9,5,3,112.91,vert,us-e1,A,,3241
SIM-03549,03 Feb 2024,samedi, Santé ,France,ETI,PRO,12,174,73,"42,0",1,"0,1",16,2,5,6,3,10.8,4,0,3896.03 €,violet,eu-w1,control,"Compte engagé, ambassadeur potentiel.",79869
SIM-03550,27/05/2024,lundi,Commerce,France,ETI,Business,8,143,32,22.4%,1,0.1,26,5,1,10,2,"5,4",5,1,6406.48,vert,ap-s1,B,Déploiement interne limité.,52533
SIM-03551,30/12/2024,lundi,Tech,Suisse,PME,Pro,1,54,15,27.8,1,"0,5",16,6,0,1,2,,3,4,1347.8 €,sombre,eu-w1,control,,36471
SIM-03552,03/04/2024,mercredi, Éducation ,France,PME, Pro ,10,55,0,0.0,0,0.0,16,0,0,104,0,7.3,,1,1252.76,vert,eu-w3,control,,10273
SIM-03553,2024-02-02,vendredi,Finance,France,PME,pro,12,32,20,,18,0.9,16,6,3,0,3,,3,0,480.0,clair,eu-w1,control,,2755
SIM-03554,01 Jan 2025,mercredi,Finance,France,PME,Pro,1,17,8,"47,1",21,"7,0",16,3,0,0,0,3.9,5,1,320.17,violet,eu-w3,control,RAS.,1838
SIM-03555,07 Jan 2025,mardi,Éducation,Allemagne,TPE,STARTER,1,3,1,33.3,1,0.1,8,2,0,14,0,"17,0",5,1,26.95,sombre,eu-w1,A,,300
SIM-03556,10/03/2024,dimanche,Tech,Allemagne,PME,Pro,11,50,34,68.0%,58,,16,5,2,1,4,14.5,3,0,1289.84,bleu,ap-s1,A,,74037
SIM-03557,29 Dec 2024,dimanche,Industrie,France,TPE,Pro,1,4,2,,1,0.7,16,8,0,1,1,12.4,,1,101.57 €,vert,eu-w3,A,,2415
SIM-03558,10/08/2024,samedi,Commerce,Canada,tpe,Starter,6,1,1,"100,0",1,"0,2",8,3,2,6,4,,3,0,11.74,bleu,us-e1,A,,300
SIM-03559,10/11/2023,vendredi,Éducation,France, TPE ,PRO,15,7,2,28.6,12,"0,6",16,3,4,8,7,15.1,3,0,178.75,bleu,eu-w3,A,Support très sollicité récemment.,1759
SIM-03560,07/06/2023,mercredi,Santé,France,PME,STARTER,20,9,0,"0,0",0,0.0,8,0,0,84,0,25.0,1,0,"136,81",bleu,eu-w3,B,Usage en forte baisse ce trimestre.,2468
SIM-03561,18/10/2022,mardi,INDUSTRIE,Suisse,GE,ENTERPRISE,28,647,426,65.8,31,12.2,40,26,,0,4,2.2,2,0,,sombre,ap-s1,A,"Client insatisfait, risque de départ.",2000000
SIM-03562,13/04/2024,samedi,Finance,Canada, TPE , Pro ,10,2,1,"50,0",9,0.4,16,5,3,0,0,7.3,4,2,53.3,violet,eu-w3,control,"Compte engagé, ambassadeur potentiel.",1180
SIM-03563,2024-11-24,dimanche, Industrie ,France, TPE , Starter ,2,5,4,"80,0",39,18.7,8,6,0,0,4,20.5 h,3,0,60.43,sombre,us-e1,B,Compte dans la moyenne.,300
SIM-03564,15 Aug 2023,mardi,Public,,PME,Starter,18,41,38,92.7,96,43.4,8,6,1,1,1,,2,0,445.72,vert,eu-w3,B,"Client insatisfait, risque de départ.",6944
SIM-03565,03/02/2024,samedi,INDUSTRIE,Suisse,PME, Business ,12,43,9,20.9,1,0.5,26,2,1,30,0,4.9,3,,2245.7 €,vert,us-e1,B,,193355
SIM-03566,2023-05-13,samedi,PUBLIC,Belgique, PME ,BUSINESS,21,58,12,"20,7",1,0.6,26,6,1,29,7,"6,5",,0,2467.59,vert,eu-w1,control,,24281
SIM-03567,2024-10-10,jeudi,SANTÉ,Espagne,TPE,STARTER,4,9,6,66.7,30,"16,4",8,3,2,1,4,27.0,3,0,,clair,eu-w3,control,RAS.,1290
SIM-03568,31/12/2024,mardi,Commerce,France, TPE ,enterprise,1,4,3,75.0,44,"19,4",40,13,0,1,2,5.4,3,0,,violet,eu-w3,A,,7395
SIM-03569,2023-10-30,lundi,Commerce,Espagne,PME,PRO,15,48,0,0.0%,0,0.0,16,0,0,31,3,14.4,3,0,1137.15,violet,ap-s1,B,,16784
SIM-03570,2024-03-11,lundi,,Canada, ETI ,business,11,53,19,35.8,19,,26,8,2,2,6,8.4,2,0,1747.19,bleu,ap-s1,B,Mécontentement exprimé au support.,12894
SIM-03571,2024-04-06,samedi,Santé,Suisse,ETI,Business,10,161,113,70.2,84,33.6,26,16,3,1,0,5.9,5,1,7455.05,vert,ap-s1,B,,110037
SIM-03572,10 Feb 2024,samedi, Finance ,France,tpe,STARTER,12,4,2,50.0%,28,"12,5",8,4,1,0,0,16.6 h,5,1,54.0 €,clair,eu-w3,B,,487
SIM-03573,31/08/2023,jeudi,finance,Allemagne,PME,pro,17,38,9,23.7%,9,3.0,16,5,1,1,11,19.2,1,0,954.45,sombre,eu-w1,B,,16436
SIM-03574,05/01/2025,dimanche,,France, PME ,STARTER,1,19,6,31.6,1,"0,2",8,1,1,9,2,19.7,3,0,218.83,sombre,eu-w1,control,,1974
SIM-03575,2024-10-10,jeudi,Santé,France,TPE,STARTER,4,8,5,62.5,24,10.3,8,3,3,2,3,22.5,4,1,110.61,sombre,eu-w1,control,,3356
SIM-03576,2024-03-31,dimanche,tech,Allemagne,PME,Starter,10,24,10,41.7,14,3.2,8,3,1,0,8,,3,0,262.03,violet,eu-w3,B,,1934
SIM-03577,2023-05-08,lundi,Finance,France,PME,Business,21,49,18,36.7,1,0.2,26,2,3,20,7,13.1,2,0,2057.91,bleu,eu-w3,A,Mécontentement exprimé au support.,45562
SIM-03578,2024-02-11,dimanche,,France,ETI,Pro,12,136,34,25.0%,1,0.5,16,2,3,16,2,13.0,5,0,2651.24,bleu,eu-w1,control,,45654
SIM-03579,2023-04-13,jeudi,Commerce,France, PME ,pro,22,13,4,30.8%,12,8.2,16,6,4,1,1,7.2 h,3,0,372.86,violet,us-e1,B,,12841
SIM-03580,14 Oct 2023,samedi,Tech,Suisse,ETI,Business,16,198,92,"46,5",18,10.8,26,15,1,0,1,2.5,4,0,8847.81,clair,eu-w3,control,,261187
SIM-03581,10/07/2024,mercredi,Santé,France,TPE,STARTER,7,2,1,50.0,12,8.6,8,3,2,10,1,15.7,4,0,21.89,violet,ap-s1,B,,413
SIM-03582,2024-10-24,jeudi,Industrie,Belgique,PME,Business,3,56,20,35.7,1,"0,5",26,11,0,16,2,6.0,,2,1859.84 €,sombre,us-e1,B,,7625
SIM-03583,26/12/2024,jeudi,Éducation,France, GE ,Business,1,330,151,45.8%,1,0.3,26,7,0,30,6,5.2,4,2,15641.13 €,violet,ap-s1,control,Compte dans la moyenne.,282166
SIM-03584,03 Feb 2024,samedi, Santé ,France,ETI,PRO,12,174,73,"42,0",1,"0,1",16,2,5,6,3,10.8,4,0,3896.03 €,violet,eu-w1,control,"Compte engagé, ambassadeur potentiel.",79869
SIM-03585,05 Feb 2023,dimanche,Santé,Suisse,pme,Business,24,44,0,0.0,0,0.0,26,0,0,54,2,8.1 h,3,0,2374.6,clair,us-e1,A,,99306
SIM-03586,2024-06-02,dimanche,Tech,France, PME ,starter,8,8,4,50.0,5,2.1,8,0,1,0,0,26.4,3,1,78.68,vert,eu-w3,B,RAS.,2194
SIM-03587,04 Jan 2025,samedi,COMMERCE,Canada,ETI,Pro,1,136,73,53.7,15,2.1,16,5,1,2,3,20.3,2,4,3070.34,sombre,eu-w1,A,,20141
SIM-03588,26 Aug 2024,lundi,Commerce,Canada,pme,pro,5,10,3,"30,0",1,0.1,16,2,0,1,2,12.4,,0,201.34,vert,eu-w3,A,Suivi standard.,4127
SIM-03589,12 May 2024,dimanche,Commerce,France,ETI,Enterprise,9,168,122,72.6%,53,33.5,40,29,2,2,0,0.5,5,2,14112.66,sombre,us-e1,A,Compte dans la moyenne.,428178
SIM-03590,09/05/2024,jeudi,Finance,France,TPE,Business,9,10,3,30.0%,14,7.5,26,11,,2,0,1.2,4,1,527.3,clair,eu-w1,A,,9512
SIM-03591,01 Jan 2025,mercredi,Éducation,France,pme,Business,1,45,20,44.4,9,3.5,26,10,0,4,4,8.8,2,,"1884,08",clair,us-e1,A,,74157
SIM-03592,29/02/2024,jeudi,Tech,France, TPE ,Business,11,10,9,90.0,76,"62,2",26,12,2,2,2,4.2,5,1,501.63,vert,eu-w1,B,RAS.,7404
SIM-03593,2023-11-02,jeudi,Industrie,France,PME,PRO,15,20,18,90.0,55,33.0,16,12,3,1,1,"6,4",4,0,581.02,violet,eu-w3,control,,33827
SIM-03594,30 Nov 2024,samedi,,France,ETI,Enterprise,2,183,57,31.1,12,5.8,40,20,0,1,2,2.7,3,0,16675.96,sombre,ap-s1,B,Suivi standard.,300834
SIM-03595,24/12/2024,mardi,tech,,pme,STARTER,1,24,5,20.8%,6,0.3,8,2,0,1,5,22.6,2,1,234.29,sombre,ap-s1,B,,2690
SIM-03596,11 Nov 2024,lundi,Tech,Canada,ETI,Pro,3,102,51,"50,0",21,8.3,16,3,0,0,1,6.3,5,0,2618.18,sombre,eu-w3,control,,17175
SIM-03597,29/11/2024,vendredi,ÉDUCATION,France,TPE,Pro,2,10,4,,16,"4,9",16,4,0,1,8,16.9,2,2,245.71,clair,ap-s1,B,,4433
SIM-03598,28/12/2024,samedi,public,Belgique,pme,starter,1,38,0,0.0,0,0.0,8,0,0,30,6,28.5,3,0,409.78,clair,ap-s1,control,,3360
SIM-03599,2022-09-13,mardi,Santé,France,pme,Pro,29,24,9,"37,5",8,"0,8",16,5,7,4,2,14.9,4,0,"581,23",bleu,ap-s1,control,"Compte engagé, ambassadeur potentiel.",13345
SIM-03600,09 Feb 2024,vendredi,ÉDUCATION,France,ETI,Business,12,82,23,28.0%,3,2.0,26,9,2,1,0,0.5 h,4,1,3534.02,sombre,us-e1,B,Suivi standard.,28979
SIM-03601,2024-05-28,mardi,Santé,France,PME,Business,8,57,19,"33,3",11,5.7,26,8,4,1,2,3.8,3,0,"2781,58",clair,eu-w1,A,,70708
SIM-03602,01 Jan 2024,lundi,,Belgique,TPE,Starter,13,3,2,66.7%,19,15.9,8,4,3,0,1,19.4,3,0,33.71,sombre,eu-w3,control,,300
SIM-03603,2023-10-05,jeudi,,France,TPE,Starter,16,9,7,,61,43.2,8,1,7,2,3,32.0,4,0,"98,43",clair,eu-w1,A,Client très satisfait et actif.,4439
SIM-03604,11 Jun 2024,mardi,santé,Espagne, ETI ,pro,8,179,73,40.8,19,1.0,16,0,0,1,0,4.0,5,2,"4496,08",violet,ap-s1,A,,232267
SIM-03605,08/12/2023,vendredi,Tech,France, PME , Pro ,14,14,10,71.4,37,"11,1",16,6,3,0,1,9.4 h,3,0,"287,54",bleu,ap-s1,B,,1415
SIM-03606,2024-08-09,vendredi,Commerce,France,ETI,Business,6,42,19,"45,2",24,9.9,26,7,2,1,1,9.6 h,3,1,1751.1,sombre,us-e1,control,RAS.,40205
SIM-03607,18/07/2022,lundi,Éducation,Espagne,TPE,Starter,31,5,4,80.0,67,25.8,8,4,9,1,2,20.0 h,4,0,"60,93",bleu,eu-w3,control,Client très satisfait et actif.,1499
SIM-03608,02/01/2025,jeudi,public,Canada,PME,PRO,1,19,9,47.4,3,0.5,16,5,0,5,3,18.0,,1,463.0,bleu,ap-s1,control,Suivi standard.,7973
SIM-03609,04 Jan 2025,samedi,Tech,France,PME, Pro ,1,18,8,,15,8.6,16,10,0,1,4,18.7,3,2,429.69,violet,us-e1,B,,5990
SIM-03610,2024-06-08,samedi,,France,ETI,Business,8,173,18,10.4,1,0.2,26,4,1,5,3,"5,7",,2,7748.84 €,bleu,us-e1,B,,203330
SIM-03611,2023-09-13,mercredi,Industrie,Canada,TPE, Pro ,17,11,5,"45,5",5,"0,2",16,1,4,2,6,23.0,1,0,"262,3",sombre,eu-w1,control,,3226
SIM-03612,2024-12-11,mercredi,Éducation,,PME, Pro ,2,38,17,44.7,1,0.3,16,4,1,16,4,13.9,3,4,"733,6",bleu,eu-w1,B,RAS.,9625
SIM-03613,11 Feb 2024,dimanche,Finance,France,TPE,Business,12,8,5,62.5,22,15.0,26,8,4,1,0,5.8 h,4,1,344.65,bleu,us-e1,B,,10457
SIM-03614,2023-06-08,jeudi,Éducation,Belgique,PME,business,20,56,16,28.6,6,2.8,26,5,8,4,2,7.1,3,0,2940.99,sombre,eu-w3,A,,36174
SIM-03615,2024-04-29,lundi,santé,France, ETI ,PRO,9,68,21,30.9,13,2.0,16,4,1,3,0,3.1,4,1,1873.22,bleu,eu-w1,A,,32257
SIM-03616,2024-07-27,samedi,Finance,France,pme,Pro,6,56,35,62.5%,14,0.7,16,1,1,9,3,11.9 h,4,0,977.86,bleu,eu-w1,control,Suivi standard.,8820
SIM-03617,2024-08-09,vendredi, Finance ,France,GE,Enterprise,6,796,694,87.2,80,74.8,40,16,1,2,0,"0,5",,0,61412.53,clair,eu-w1,control,,1158240
SIM-03618,08/02/2024,jeudi,TECH,France,PME,Pro,12,32,18,"56,2",10,"5,9",16,6,0,10,5,"14,1",1,1,939.96,bleu,eu-w1,A,Mécontentement exprimé au support.,20811
SIM-03619,30/04/2024,mardi, Tech ,France,PME,Starter,9,35,13,37.1%,19,10.8,8,4,4,0,4,20.1,4,1,"402,5",vert,ap-s1,control,,2640
SIM-03620,10 Aug 2023,jeudi,Commerce,Canada,PME,Business,18,27,19,"70,4",47,7.0,26,14,8,2,0,"6,3",,0,1178.58,vert,eu-w3,control,"Compte engagé, ambassadeur potentiel.",60885
SIM-03621,06/12/2023,mercredi,Tech,Canada,pme, Enterprise ,14,49,22,"44,9",14,"3,5",40,16,,2,4,"3,7",3,0,4592.71 €,clair,eu-w3,B,,225961
SIM-03622,30/12/2024,lundi,COMMERCE,,pme, Pro ,1,12,8,66.7%,41,11.8,16,8,1,1,2,14.4 h,4,0,323.8,sombre,ap-s1,A,,16993
SIM-03623,2024-10-07,lundi,ÉDUCATION,France,GE,Enterprise,4,818,271,33.1%,7,"3,7",40,18,1,3,0,0.6,5,3,54509.69,vert,us-e1,A,,536375
SIM-03624,17/07/2023,lundi,Tech,France,eti,BUSINESS,19,44,28,63.6%,30,"14,4",26,10,3,0,0,2.3 h,4,0,2264.69,sombre,eu-w1,A,Client très satisfait et actif.,79853
SIM-03625,04/05/2024,samedi,Tech,Allemagne,PME, Starter ,9,56,18,32.1,17,6.3,8,4,2,1,1,11.6,4,0,"754,24",vert,eu-w1,B,,5566
SIM-03626,2023-04-11,mardi,Industrie,Allemagne, PME ,Enterprise,22,8,1,"12,5",5,1.2,40,7,2,12,4,3.8,4,0,674.58 €,clair,eu-w3,control,,5532
SIM-03627,2024-12-27,vendredi,Tech,Suisse,pme,PRO,1,35,8,22.9,2,0.1,16,4,0,4,4,7.9,3,2,842.3,vert,ap-s1,control,Faible adoption des sièges.,18649
SIM-03628,11/10/2024,vendredi,,France, TPE ,Pro,4,2,2,100.0,60,27.0,16,6,1,3,0,6.9 h,,3,50.02,bleu,eu-w3,A,,3322
SIM-03629,2024-03-07,jeudi, Éducation ,France,PME,Pro,11,45,5,11.1,1,,16,1,2,30,6,18.5,2,0,1137.79,bleu,eu-w1,A,,54113
SIM-03630,12/06/2022,dimanche,Finance,France,TPE,Pro,32,11,5,45.5%,7,1.9,16,6,7,22,0,6.7,4,0,"231,55",bleu,us-e1,control,Compte dans la moyenne.,4367
SIM-03631,03/12/2023,dimanche,Industrie,France,TPE,Starter,14,6,2,33.3,8,"5,1",8,4,2,3,4,20.4,5,0,69.14 €,clair,ap-s1,control,,1134
SIM-03632,2024-03-16,samedi,Finance,Allemagne,TPE, Business ,11,5,4,80.0,65,"41,7",26,4,1,1,3,7.5 h,4,0,235.83 €,violet,eu-w1,A,,5221
SIM-03633,14 Feb 2024,mercredi,industrie,France,GE,Enterprise,12,364,334,91.8,111,"109,5",40,27,4,0,0,0.9,5,0,25582.76,vert,eu-w3,A,,629336
SIM-03634,07/01/2025,mardi,Finance,Allemagne,pme,business,1,22,18,"81,8",68,57.3,26,16,0,3,1,,5,2,1120.68,clair,eu-w3,control,Suivi standard.,11027
SIM-03635,2024-02-14,mercredi,TECH,,PME,Enterprise,12,22,11,50.0,17,13.3,40,18,6,0,3,1.7,3,1,1827.95,bleu,ap-s1,control,,28479
SIM-03636,13/11/2023,lundi,Finance,France, GE , Business ,15,466,172,"36,9",19,8.7,26,9,5,4,1,7.6,3,0,21031.25,sombre,eu-w1,B,Suivi standard.,965755
SIM-03637,2023-08-09,mercredi,TECH,France,eti, Pro ,18,136,66,48.5%,23,8.1,16,6,3,1,0,5.5,3,,3203.53,clair,eu-w1,B,Compte dans la moyenne.,52538
SIM-03638,2024-01-01,lundi,éducation,France,TPE,STARTER,13,7,1,,5,1.7,8,2,3,2,9,50.5,1,0,87.53,bleu,eu-w1,control,,2225
SIM-03639,12/09/2023,mardi,COMMERCE,Canada,TPE,PRO,17,9,6,66.7%,55,16.2,16,10,2,1,2,8.8,5,0,266.89,bleu,eu-w3,control,,22979
SIM-03640,15 Apr 2023,samedi,Industrie,France,PME,PRO,22,40,22,55.0%,50,16.6,16,8,4,2,0,"12,3",3,0,"1092,4",vert,eu-w3,B,Compte dans la moyenne.,50163
SIM-03641,2024-01-08,lundi, Éducation ,Belgique,TPE,STARTER,13,4,1,25.0,8,2.1,8,3,4,1,2,30.5,,0,48.54,vert,ap-s1,B,,3144
SIM-03642,05 Jun 2023,lundi,Public,France,PME,Enterprise,20,10,9,"90,0",85,59.9,40,20,5,3,0,"2,5",,0,939.41,bleu,ap-s1,B,,23109
SIM-03643,23 Nov 2024,samedi,PUBLIC,France,PME, Starter ,2,47,35,"74,5",27,"11,2",8,3,1,1,2,26.9,2,2,600.17 €,sombre,eu-w1,A,,9351
SIM-03644,12/10/2023,jeudi,Industrie,France, TPE ,BUSINESS,16,5,3,"60,0",17,2.0,26,9,6,1,0,2.9,5,0,198.27,sombre,eu-w1,B,,2276
SIM-03645,02 May 2024,jeudi,SANTÉ,France,GE,BUSINESS,9,715,170,23.8,15,"9,3",26,12,,2,0,"0,5",5,0,37661.22,bleu,eu-w1,A,,1204406
SIM-03646,11/03/2024,lundi,Industrie,France,PME,Starter,11,8,3,37.5%,3,0.5,8,0,1,3,5,32.9,3,1,"109,74",bleu,us-e1,A,Suivi standard.,2610
SIM-03647,06/04/2023,jeudi,Commerce,Belgique,ge,Enterprise,22,545,183,33.6,1,0.4,40,18,5,16,0,0.5,4,0,45171.44,clair,us-e1,B,RAS.,481528
SIM-03648,27 Jun 2024,jeudi,Éducation,France,PME,ENTERPRISE,7,32,22,68.8,27,"6,3",40,22,2,1,0,1.6 h,4,2,"2435,44",sombre,ap-s1,B,,43935
SIM-03649,11/01/2024,jeudi,éducation,Espagne,eti,Starter,13,120,86,71.7,36,"11,4",8,4,1,0,0,8.9,5,0,1462.46,clair,eu-w1,A,Compte dans la moyenne.,23984
SIM-03650,12/07/2023,mercredi,FINANCE,France,eti, Business ,19,85,68,80.0,46,"17,1",26,14,5,2,7,9.2,1,0,4046.15,clair,us-e1,B,,209024
SIM-03651,2024-01-13,samedi,Finance,Belgique,TPE,BUSINESS,13,5,3,60.0,27,4.2,26,8,2,1,5,8.1,2,2,228.29 €,sombre,eu-w1,control,,3370
SIM-03652,25/12/2024,mercredi,Commerce,France,GE,PRO,1,430,73,"17,0",1,,16,4,0,9,4,16.5,2,3,9075.64,vert,eu-w3,control,"Client insatisfait, risque de départ.",81862
SIM-03653,2024-12-28,samedi, Industrie ,France, TPE ,Starter,1,6,3,50.0%,12,4.6,8,4,0,9,4,29.4 h,3,,76.62,violet,ap-s1,A,,2450
SIM-03654,2024-01-04,jeudi,TECH,Suisse,PME,Starter,13,54,48,88.9,74,"37,0",8,3,2,1,5,23.4,4,0,806.84 €,vert,ap-s1,A,Compte dans la moyenne.,18525
SIM-03655,01 Jun 2024,samedi,Santé,Espagne,GE,ENTERPRISE,8,412,259,62.9,33,20.3,40,21,2,1,5,3.8 h,3,0,31405.82,clair,ap-s1,B,,309033
SIM-03656,25 Aug 2024,dimanche,Public,France,tpe,Pro,5,1,1,,3,0.2,16,4,2,2,1,11.5 h,2,1,20.06 €,bleu,eu-w1,B,Mécontentement exprimé au support.,300
SIM-03657,2024-08-27,mardi,FINANCE,France,TPE,Starter,5,7,2,,1,0.3,8,2,1,24,3,29.8,3,0,70.22 €,clair,eu-w1,A,,300
SIM-03658,2024-12-31,mardi, Éducation ,France,ETI,Business,1,133,12,9.0,1,"0,1",26,4,1,8,5,6.8,3,2,4760.24,vert,eu-w1,A,Faible adoption des sièges.,31227
SIM-03659,2024-02-01,jeudi,Industrie,Allemagne, TPE ,Starter,12,2,1,50.0,42,23.7,8,4,3,2,5,27.2,4,1,25.53,vert,eu-w1,control,,544
SIM-03660,2024-07-10,mercredi,FINANCE,France,TPE, Pro ,7,9,4,44.4,9,4.0,16,4,0,2,0,8.9 h,3,1,186.58,violet,eu-w1,B,Suivi standard.,2448
SIM-03661,2024-12-25,mercredi,Santé,France,GE,Enterprise,1,348,293,"84,2",54,23.6,40,20,0,1,1,3.8,4,4,33977.96,violet,eu-w1,B,,752272
SIM-03662,2024-04-06,samedi,commerce,Canada,ETI,Pro,10,112,28,25.0%,1,"0,1",16,1,2,1,2,9.0,4,0,2619.07,bleu,us-e1,B,RAS.,75167
SIM-03663,08 Oct 2024,mardi,COMMERCE,France, ETI , Business ,4,151,104,68.9,38,31.6,26,10,0,0,2,"5,9",4,2,"7954,93",vert,us-e1,B,RAS.,182645
SIM-03664,31 Dec 2023,dimanche,Tech,Espagne,TPE,starter,13,8,5,62.5,24,"10,5",8,2,2,0,2,28.3,4,,94.17,sombre,ap-s1,A,,2780
SIM-03665,14/02/2024,mercredi,Commerce,Canada,PME,Business,12,32,18,56.2,27,11.4,26,7,0,0,0,4.5,5,1,1308.99,violet,eu-w1,B,,19321
SIM-03666,31/12/2024,mardi,TECH,,TPE, Starter ,1,4,1,25.0,5,"1,5",8,2,0,5,10,43.5,1,3,"44,01",bleu,eu-w1,A,Mécontentement exprimé au support.,300
SIM-03667,18/07/2023,mardi,Santé,Canada,tpe,Business,19,1,1,100.0%,25,15.8,26,10,2,1,2,3.2,5,0,47.3 €,violet,us-e1,control,,543
SIM-03668,2024-12-28,samedi, Éducation ,France,PME,BUSINESS,1,37,0,0.0,0,,26,0,0,30,2,,3,3,1535.85,clair,us-e1,control,,13853
SIM-03669,2024-11-23,samedi,Finance,France,TPE,Pro,2,10,5,50.0,28,,16,7,1,0,2,"10,7",5,0,282.44,sombre,ap-s1,B,Compte dans la moyenne.,7411
SIM-03670,15 Feb 2024,jeudi,Industrie,Suisse,ETI, Pro ,12,114,36,31.6%,1,0.2,16,3,,1,1,10.9,2,,"3457,65",clair,us-e1,A,"Client insatisfait, risque de départ.",56705
SIM-03671,2024-04-14,dimanche,COMMERCE,France,PME,Starter,10,13,9,69.2,50,12.6,8,4,1,2,0,15.0,5,1,173.99,violet,eu-w3,A,Compte dans la moyenne.,6706
SIM-03672,2024-05-28,mardi,Industrie,France,GE,Business,8,682,384,,47,23.1,26,11,2,1,0,2.8,5,,"25763,66",violet,eu-w3,B,,971805
SIM-03673,2023-07-20,jeudi,Industrie,Espagne,TPE,Starter,19,2,1,50.0,1,"0,7",8,1,2,30,0,"10,7",4,0,23.0,violet,eu-w1,control,,792
SIM-03674,05 Aug 2024,lundi, Santé ,,PME,pro,6,33,5,15.2,1,0.3,16,6,2,6,1,11.2,5,2,771.93,violet,us-e1,control,Faible adoption des sièges.,8862
SIM-03675,2023-08-04,vendredi,Santé,France, ETI ,Business,18,148,14,"9,5",1,"0,1",26,4,2,8,0,5.2,,0,6357.74,sombre,us-e1,B,Déploiement interne limité.,119907
SIM-03676,02 Jan 2025,jeudi,industrie,Suisse,TPE, Starter ,1,9,7,77.8,44,,8,4,0,1,5,28.8,4,0,"114,61",bleu,ap-s1,B,Suivi standard.,2068
SIM-03677,23/12/2024,lundi,Éducation,Allemagne,PME,BUSINESS,1,46,36,78.3,49,"28,5",26,15,0,0,0,"2,1",5,1,2025.39 €,clair,us-e1,control,,24912
SIM-03678,2023-12-29,vendredi,Finance,France,PME,Business,13,50,27,54.0,5,2.1,26,1,1,1,4,13.3 h,1,0,"1936,65",violet,ap-s1,control,,23821
SIM-03679,2022-12-17,samedi,ÉDUCATION,Belgique,PME, Pro ,26,27,10,37.0,13,0.9,16,8,4,1,3,13.0,2,0,"735,83",clair,ap-s1,B,,51891
SIM-03680,03/08/2024,samedi,Industrie,France, PME ,Enterprise,6,26,17,65.4%,23,15.4,40,23,1,2,0,0.5,3,6,1735.53,vert,ap-s1,control,Compte dans la moyenne.,11385
SIM-03681,14 Jun 2024,vendredi, Éducation ,France,PME,Business,8,10,7,70.0,24,"6,1",26,8,1,1,3,13.1,4,1,"484,39",clair,eu-w1,B,,12710
SIM-03682,2023-08-05,samedi, Public ,France,PME,Pro,18,55,22,40.0,11,6.8,16,5,6,0,2,13.1,2,0,1386.53,clair,eu-w1,control,Mécontentement exprimé au support.,29561
SIM-03683,02/09/2023,samedi,Finance,Espagne,PME, Pro ,17,11,5,45.5,6,"3,1",16,6,3,0,6,16.5,2,0,,vert,eu-w1,control,,2555
SIM-03684,2023-12-16,samedi,Santé,France,ETI,Pro,14,90,18,20.0,4,1.8,16,6,5,0,5,17.7,1,0,1738.63,vert,eu-w1,control,,21385
SIM-03685,2024-07-02,mardi,Commerce,Canada,ETI,Starter,7,81,10,12.3,1,0.1,8,2,1,9,3,37.2,2,1,817.38,clair,us-e1,control,Mécontentement exprimé au support.,9384
SIM-03686,06/12/2023,mercredi,Finance,France,PME,Business,14,33,25,75.8%,43,"30,1",26,13,3,2,1,2.2 h,5,1,1673.99 €,violet,us-e1,B,,61770
SIM-03687,26 Dec 2024,jeudi,Santé,Canada,PME,Business,1,31,11,"35,5",1,0.1,26,9,0,1,4,4.8,4,,,bleu,eu-w1,control,,4857
SIM-03688,2024-04-07,dimanche,,France,eti,STARTER,10,170,106,62.4%,19,"9,0",8,3,3,0,1,14.7,3,2,2124.77 €,vert,us-e1,B,,26135
SIM-03689,03 Jan 2025,vendredi,Tech,France, TPE ,starter,1,8,5,62.5,31,"12,1",8,2,0,0,1,"15,1",5,2,113.39,sombre,eu-w1,A,Compte dans la moyenne.,5951
SIM-03690,2024-02-28,mercredi,Santé,Allemagne,GE,Enterprise,11,870,0,"0,0",0,0.0,40,0,0,56,3,2.1,3,1,70940.69,violet,eu-w1,control,Faible adoption des sièges.,1977826
SIM-03691,2024-06-05,mercredi,Finance,Espagne,PME,ENTERPRISE,8,55,4,7.3,1,0.1,40,1,0,23,0,1.7,5,1,4045.71,sombre,us-e1,B,Faible adoption des sièges.,63032
SIM-03692,02/10/2024,mercredi,PUBLIC,France,PME,PRO,4,35,19,54.3,22,7.1,16,6,,0,1,,4,4,"972,1",violet,eu-w1,B,Suivi standard.,10363
SIM-03693,28 Feb 2024,mercredi,éducation,France,TPE,Pro,11,5,4,80.0,69,51.0,16,7,0,0,4,9.6,4,0,,clair,eu-w3,A,,2720
SIM-03694,28 May 2024,mardi,public,France,PME,Pro,8,9,7,77.8%,43,38.3,16,5,0,1,7,"18,0",3,2,228.73,violet,us-e1,A,,2438
SIM-03695,15 Apr 2024,lundi,ÉDUCATION,Allemagne,PME,Business,10,35,26,74.3,60,56.1,26,10,5,1,4,7.7,4,0,1630.31,bleu,us-e1,A,,17379
SIM-03696,2024-08-07,mercredi, Tech ,France,GE,enterprise,6,135,24,17.8,3,"1,5",40,12,1,8,5,5.3,3,1,8656.72,clair,ap-s1,control,Faible adoption des sièges.,56788
SIM-03697,2024-06-08,samedi,public,France,TPE,Pro,8,9,8,88.9,76,51.9,16,9,2,1,6,14.9 h,5,0,"272,46",sombre,ap-s1,B,,4692
SIM-03698,03 Jan 2025,vendredi,Industrie,Suisse,TPE,Starter,1,6,1,16.7,1,0.3,8,2,0,30,0,9.7 h,5,2,67.17,sombre,ap-s1,control,,300
SIM-03699,18 Aug 2023,vendredi,santé,France,tpe,Pro,18,1,1,"100,0",1,0.1,16,2,5,27,2,"18,4",2,0,21.62,violet,us-e1,A,"Client insatisfait, risque de départ.",300
SIM-03700,04 Jan 2024,jeudi,Finance,Canada,PME, Enterprise ,13,57,14,"24,6",1,0.1,40,11,6,17,0,"0,5",5,0,3824.7,clair,eu-w1,B,Déploiement interne limité.,21954
SIM-03701,12/04/2024,vendredi, Santé ,Allemagne,TPE,STARTER,10,6,5,83.3,74,37.8,8,3,1,2,1,"25,4",3,1,77.02,vert,us-e1,B,,1074
SIM-03702,2024-05-06,lundi,FINANCE,France,TPE,Starter,9,10,3,30.0%,1,"0,1",8,1,4,19,0,12.4,4,1,121.65,vert,ap-s1,B,,1596
SIM-03703,07 May 2023,dimanche,tech,Belgique,TPE,Enterprise,21,8,4,50.0,23,14.5,40,17,3,0,1,2.6,4,0,700.16,bleu,eu-w3,control,,13779
SIM-03704,30/12/2024,lundi,Industrie,France,PME,Enterprise,1,37,1,2.7,1,"0,2",40,1,0,12,4,0.7,2,2,2459.3,clair,eu-w3,control,Mécontentement exprimé au support.,26216
SIM-03705,30 Sep 2023,samedi,PUBLIC,Espagne, ETI , Enterprise ,16,174,68,39.1%,15,7.8,40,10,3,1,0,0.5,5,0,14130.73,sombre,ap-s1,A,Client très satisfait et actif.,498250
SIM-03706,01/08/2024,jeudi,éducation,Allemagne,GE,Pro,6,535,171,"32,0",1,0.2,16,1,0,10,0,7.7,3,2,"9831,11",clair,eu-w1,A,,40308
SIM-03707,02 May 2024,jeudi,,,PME,Pro,9,50,43,86.0,54,48.5,16,9,3,1,1,"7,7",4,0,1288.62,bleu,eu-w3,B,Client très satisfait et actif.,22190
SIM-03708,11/05/2024,samedi,finance,Belgique,TPE,starter,9,9,9,100.0,120,89.4,8,4,0,2,1,19.5,4,1,124.48,vert,ap-s1,B,,919
SIM-03709,2023-09-01,vendredi,Commerce,Belgique,ETI,Business,17,32,17,53.1,8,"2,9",26,5,2,6,0,0.5,5,,1564.33,clair,eu-w3,B,,19241
SIM-03710,2024-12-27,vendredi,éducation,Suisse,TPE,Starter,1,3,1,"33,3",1,0.1,8,3,1,6,3,29.7,2,2,35.28,sombre,ap-s1,B,Mécontentement exprimé au support.,636
SIM-03711,06/12/2023,mercredi,SANTÉ,France,GE,Enterprise,14,536,37,6.9,1,0.2,40,1,2,7,6,"2,7",2,0,37549.49,sombre,eu-w1,control,,307906
SIM-03712,2023-12-10,dimanche,Finance,Belgique,TPE,STARTER,14,11,2,"18,2",6,2.2,8,1,3,1,1,,4,1,"127,58",bleu,eu-w1,B,,1151
SIM-03713,2024-04-10,mercredi,Tech,Belgique,PME,Business,10,12,10,83.3,55,32.2,26,12,3,1,4,8.4 h,2,0,620.02,vert,us-e1,A,,24404
SIM-03714,2025-01-06,lundi,PUBLIC,Suisse, ETI ,Enterprise,1,49,18,36.7,3,,40,1,0,11,3,6.2 h,1,0,3463.2,violet,ap-s1,B,Mécontentement exprimé au support.,31238
SIM-03715,2024-04-07,dimanche,TECH,,PME,PRO,10,29,23,"79,3",42,24.4,16,13,2,0,0,8.0,4,0,,bleu,eu-w3,control,,31060
SIM-03716,2024-07-04,jeudi, Éducation ,Espagne,TPE,pro,7,5,1,20.0%,1,"0,3",16,3,3,6,5,12.4 h,2,0,132.99,vert,eu-w3,B,"Client insatisfait, risque de départ.",981
SIM-03717,03 Mar 2024,dimanche,Commerce,,ETI,business,11,108,78,72.2,46,25.2,26,13,2,2,0,0.7,4,2,4511.61,bleu,eu-w3,A,,92488
SIM-03718,05 Mar 2024,mardi,Éducation,France,PME, Pro ,11,32,18,56.2,28,8.9,16,5,1,1,7,"18,8",2,1,959.06,bleu,eu-w3,B,"Client insatisfait, risque de départ.",36962
SIM-03719,2023-03-09,jeudi,,France, PME ,Pro,23,54,43,79.6%,58,36.9,16,10,5,1,2,12.4 h,3,0,1274.65,violet,eu-w1,B,,22995
SIM-03720,2024-06-11,mardi,Public,Canada,tpe,Pro,8,4,2,50.0,19,4.1,16,3,5,2,1,5.9,5,0,"110,89",vert,eu-w1,control,,5638
SIM-03721,01 Jan 2025,mercredi,INDUSTRIE,Suisse,PME,Pro,1,52,16,30.8%,1,0.1,16,4,0,21,4,"10,1",3,2,1181.79,sombre,ap-s1,A,,5814
SIM-03722,27/06/2024,jeudi, Commerce ,France,PME,Enterprise,7,28,0,0.0%,0,"0,0",40,0,0,63,6,"6,6",1,2,"1881,95",sombre,eu-w3,A,"Compte peu actif, relance nécessaire.",60185
SIM-03723,19/10/2022,mercredi,santé,France,GE,ENTERPRISE,28,141,76,53.9%,10,"0,5",40,12,5,2,1,4.9,4,0,13574.62,vert,eu-w1,B,,166968
SIM-03724,02/04/2024,mardi,Commerce,France,PME,pro,10,30,5,"16,7",1,"0,2",16,1,3,2,1,8.6 h,4,0,"772,64",clair,us-e1,control,,14572
SIM-03725,04 May 2023,jeudi, Commerce ,France, PME ,Business,21,35,23,65.7,18,"12,1",26,8,6,1,2,,3,0,1619.11,vert,ap-s1,B,,112852
SIM-03726,2023-07-08,samedi, Commerce ,France,GE,Enterprise,19,894,108,12.1,1,0.1,40,3,1,30,3,1.1,2,0,"67990,64",clair,us-e1,B,Mécontentement exprimé au support.,1059294
SIM-03727,2024-08-10,samedi, Éducation ,France,ETI,Enterprise,6,38,19,50.0,15,1.8,40,12,1,1,2,2.1,4,1,2950.97,sombre,eu-w1,control,,111311
SIM-03728,2023-10-13,vendredi, Commerce ,France,TPE,STARTER,16,6,4,66.7,29,9.0,8,4,1,0,1,17.5,4,0,80.29,vert,us-e1,control,,658
SIM-03729,17/09/2023,dimanche,Tech,France,tpe,business,17,10,4,,16,5.2,26,16,4,0,4,4.5 h,4,0,"480,0",vert,eu-w3,B,,12989
SIM-03730,02 Dec 2024,lundi,Tech,,PME,pro,2,31,11,"35,5",15,,16,8,0,1,4,"11,9",3,1,556.56,clair,us-e1,B,,2282
SIM-03731,2024-03-15,vendredi,COMMERCE,Belgique,ETI,business,11,144,36,25.0,12,7.2,26,5,4,1,3,7.5 h,4,0,6623.75,vert,us-e1,A,Client très satisfait et actif.,152081
SIM-03732,07 Mar 2024,jeudi,Éducation,Canada,PME, Pro ,11,43,5,11.6,1,0.3,16,0,3,5,5,,3,0,"925,48",sombre,us-e1,A,Faible adoption des sièges.,10625
SIM-03733,2024-03-28,jeudi, Public ,France,PME,business,10,41,0,0.0%,0,0.0,26,0,0,39,4,7.0,,1,1332.98,vert,us-e1,control,,12023
SIM-03734,2023-09-10,dimanche,Tech,France,PME,pro,17,49,28,57.1%,36,20.4,16,7,,2,5,"12,9",2,0,1168.82,clair,ap-s1,control,Mécontentement exprimé au support.,7667
SIM-03735,27/08/2024,mardi,Finance,France, PME , Starter ,5,11,6,"54,5",4,1.1,8,0,0,16,3,16.4,4,1,"110,17",vert,us-e1,control,,1626
SIM-03736,05 Dec 2023,mardi,Tech,France,PME,Enterprise,14,47,42,89.4,90,50.1,40,27,3,0,0,"5,8",5,1,4632.16,clair,eu-w3,A,,125346
SIM-03737,12/02/2024,lundi,ÉDUCATION,Belgique, PME ,Pro,12,48,17,,7,1.6,16,6,6,2,1,10.8,3,0,1147.44 €,bleu,us-e1,B,,15054
SIM-03738,29 Dec 2023,vendredi,Industrie,France,PME,Business,13,30,25,83.3,60,"48,0",26,15,2,3,1,,4,0,"1650,19",bleu,eu-w1,control,,37888
SIM-03739,31/01/2024,mercredi,,Allemagne,PME,Pro,12,6,1,,1,0.1,16,1,1,19,3,8.6,4,0,148.88,sombre,eu-w3,control,Faible adoption des sièges.,1465
SIM-03740,2024-11-26,mardi,Éducation,France,PME,starter,2,23,14,60.9%,42,9.1,8,5,3,1,1,28.4,3,2,"300,06",sombre,eu-w3,control,RAS.,7874
SIM-03741,13 Jun 2023,mardi,Finance,Suisse,GE,Business,20,125,27,21.6%,6,0.5,26,2,7,2,8,5.1,2,0,5248.28,sombre,eu-w1,A,,60250
SIM-03742,2024-09-03,mardi,Finance,Espagne,tpe,STARTER,5,3,2,66.7,51,20.8,8,4,,1,1,19.1,5,3,42.48,vert,ap-s1,control,,836
SIM-03743,2024-02-02,vendredi,Finance,France,PME,pro,12,32,20,,18,0.9,16,6,3,0,3,,3,0,480.0,clair,eu-w1,control,,2755
SIM-03744,11 Nov 2024,lundi,Tech,Belgique,ETI,Enterprise,3,89,33,37.1,10,"4,4",40,5,1,4,5,4.1,4,0,8262.26,violet,eu-w3,B,,74526
SIM-03745,2024-05-05,dimanche,INDUSTRIE,France,TPE,PRO,9,8,3,37.5%,24,"10,3",16,4,3,1,3,11.4,4,,193.0,clair,eu-w1,control,Client très satisfait et actif.,8071
SIM-03746,07/05/2023,dimanche,Finance,Canada,PME,Business,21,29,21,72.4,74,"41,9",26,8,5,1,1,"3,1",4,0,1216.86,vert,ap-s1,A,"Compte engagé, ambassadeur potentiel.",27939
SIM-03747,08 Jul 2024,lundi, Commerce ,France,TPE,Business,7,1,1,100.0,53,37.4,26,14,1,2,1,,4,0,41.26,bleu,eu-w1,B,,3011
SIM-03748,2023-11-02,jeudi,Industrie,France,PME,PRO,15,20,18,90.0,55,33.0,16,12,3,1,1,"6,4",4,0,581.02,violet,eu-w3,control,,33827
SIM-03749,2024-03-07,jeudi, Public ,Allemagne, TPE ,starter,11,4,1,25.0,1,0.4,8,2,1,14,4,24.4,2,0,42.53,vert,us-e1,B,Mécontentement exprimé au support.,300
SIM-03750,2023-08-04,vendredi,Tech,Suisse, TPE ,STARTER,18,3,1,33.3,1,"0,5",8,1,4,3,4,"24,1",3,0,33.14,bleu,ap-s1,control,,1277
SIM-03751,10 Feb 2024,samedi,ÉDUCATION,Espagne,ETI,BUSINESS,12,197,162,82.2,65,7.5,26,10,4,4,8,"12,5",2,1,10538.61,vert,eu-w3,B,,172833
SIM-03752,2023-11-04,samedi,Finance,France,ETI,pro,15,206,73,35.4,17,14.1,16,4,4,0,0,7.7 h,5,0,5402.99,clair,ap-s1,A,,57596
SIM-03753,03 Oct 2024,jeudi,SANTÉ,France, ETI ,Business,4,193,68,35.2%,1,,26,8,0,12,5,10.4,2,1,8643.54,sombre,us-e1,control,,28351
SIM-03754,2023-08-19,samedi, Tech ,Belgique,TPE,Pro,18,10,5,,16,"7,4",16,7,2,1,1,"14,4",4,0,240.65 €,bleu,ap-s1,B,,2763
SIM-03755,02/11/2023,jeudi,Public,France,pme,PRO,15,9,6,66.7%,41,14.9,16,7,4,2,1,,4,0,239.07,bleu,ap-s1,B,,7841
SIM-03756,2022-09-17,samedi,Commerce,France,PME,business,29,42,25,,39,20.2,26,10,8,1,0,,5,0,1600.67,bleu,us-e1,control,"Compte engagé, ambassadeur potentiel.",32814
SIM-03757,27/04/2024,samedi,public,,TPE,starter,9,3,3,100.0,69,45.6,8,3,4,0,0,14.2,5,1,33.26,sombre,eu-w1,A,"Compte engagé, ambassadeur potentiel.",300
SIM-03758,08/02/2024,jeudi,Tech,Canada,TPE,STARTER,12,2,2,100.0,79,42.0,8,6,3,0,0,14.1 h,5,0,"25,43",violet,ap-s1,control,"Compte engagé, ambassadeur potentiel.",438
SIM-03759,07 Nov 2024,jeudi,éducation,France, TPE ,starter,3,8,0,0.0,0,0.0,8,0,0,54,3,30.0,2,3,93.63,clair,eu-w1,control,"Client insatisfait, risque de départ.",1152
SIM-03760,2023-12-13,mercredi,Public,France,TPE,STARTER,14,7,1,"14,3",1,"0,3",8,1,3,2,0,,4,0,82.2 €,sombre,eu-w3,control,,674
SIM-03761,12 Jan 2024,vendredi,Industrie,Allemagne, PME ,PRO,13,42,0,"0,0",0,0.0,16,0,0,48,3,9.3,3,0,"1162,7",bleu,eu-w1,A,Déploiement interne limité.,23835
SIM-03762,2024-01-30,mardi,Public,France,ETI, Business ,12,109,82,75.2%,20,18.8,26,8,2,3,0,4.4,,2,5068.95,clair,eu-w3,control,RAS.,170418
SIM-03763,06 Apr 2024,samedi,public,France,TPE,Starter,10,1,1,100.0,43,23.8,8,4,1,4,0,"15,0",4,0,11.59,clair,eu-w1,control,Suivi standard.,300
SIM-03764,15 Jul 2023,samedi,SANTÉ,France,GE,enterprise,19,725,123,17.0,1,0.6,40,2,5,1,0,0.5,4,0,57382.11,violet,us-e1,control,,1082227
SIM-03765,16/05/2023,mardi,COMMERCE,Belgique,TPE,Pro,21,8,0,0.0%,0,"0,0",16,0,0,36,4,"10,1",3,0,206.14,clair,us-e1,A,Faible adoption des sièges.,2366
SIM-03766,2024-09-27,vendredi, Tech ,France, ETI ,Starter,4,208,99,47.6,19,9.3,8,4,0,0,5,29.7,3,1,"2512,03",bleu,ap-s1,A,,20599
SIM-03767,30 Dec 2024,lundi,Industrie,France,TPE,Pro,1,11,5,45.5,8,"1,0",16,2,0,6,0,"9,5",,1,"297,43",bleu,ap-s1,control,Suivi standard.,1219
SIM-03768,30/11/2023,jeudi,Commerce,Espagne, GE ,BUSINESS,14,665,528,79.4%,57,31.6,26,19,3,1,1,4.6,4,0,28300.47,bleu,eu-w3,control,Client très satisfait et actif.,464128
SIM-03769,24/12/2024,mardi,Éducation,Canada,tpe,Starter,1,4,2,"50,0",14,"0,7",8,0,1,2,0,8.1,4,0,50.07,clair,us-e1,control,,2258
SIM-03770,03 Aug 2024,samedi,COMMERCE,Suisse,PME,Starter,6,50,27,54.0,18,"5,6",8,3,2,0,3,23.6,3,0,704.8,vert,us-e1,B,,7513
SIM-03771,02 Jan 2024,mardi,Industrie,France,TPE,PRO,13,3,1,"33,3",6,1.9,16,8,2,2,0,"10,4",3,0,80.56 €,bleu,ap-s1,control,,2378
SIM-03772,2024-10-07,lundi,ÉDUCATION,France,GE,Enterprise,4,818,271,33.1%,7,"3,7",40,18,1,3,0,0.6,5,3,54509.69,vert,us-e1,A,,536375
SIM-03773,2024-06-10,lundi,SANTÉ,Canada,pme,Business,8,41,18,"43,9",28,14.8,26,6,3,7,0,2.9 h,3,1,1865.51,vert,eu-w1,control,,7649
SIM-03774,2024-10-10,jeudi,Finance,France,GE,Pro,4,876,594,67.8,10,3.6,16,7,0,0,2,9.1,5,2,24911.02,sombre,ap-s1,B,RAS.,490249
SIM-03775,2023-09-18,lundi,Industrie,France,ETI,Enterprise,17,49,14,28.6,5,1.6,40,19,1,0,0,6.2 h,4,0,4131.99,bleu,us-e1,B,,250729
SIM-03776,2024-01-07,dimanche, Commerce ,France,tpe, Starter ,13,3,2,66.7,4,1.6,8,1,2,12,1,20.7 h,3,0,32.03,vert,ap-s1,A,,683
SIM-03777,2025-01-09,jeudi,Tech,France,ETI,Enterprise,1,116,0,0.0,0,0.0,40,0,0,30,4,3.7,3,2,8284.23,vert,us-e1,B,Déploiement interne limité.,33965
SIM-03778,2024-12-28,samedi,COMMERCE,Canada,ETI,Business,1,102,57,55.9,21,5.1,26,6,0,0,0,5.6,4,0,"5001,85",violet,eu-w1,control,,86132
SIM-03779,10/03/2024,dimanche,Éducation,Espagne,PME,business,11,29,25,86.2%,55,,26,13,2,1,2,,5,0,1605.58,sombre,eu-w1,B,,40814
SIM-03780,31/12/2024,mardi,COMMERCE,Allemagne,eti, Enterprise ,1,191,156,,48,,40,21,1,0,4,"5,2",2,1,16557.89,sombre,eu-w1,A,,475211
SIM-03781,14 May 2024,mardi,Éducation,Suisse,ETI,Enterprise,9,193,153,79.3,61,46.2,40,14,1,1,0,6.9,5,1,"16785,77",violet,ap-s1,A,,660688
SIM-03782,03/01/2025,vendredi,Industrie,France,TPE,starter,1,8,5,"62,5",17,"11,2",8,4,,0,0,13.0,5,1,"81,54",sombre,ap-s1,A,Compte dans la moyenne.,1204
SIM-03783,04 Jan 2025,samedi,SANTÉ,France,PME,Starter,1,10,3,30.0,2,0.5,8,4,0,8,8,38.4,2,1,111.1,clair,ap-s1,control,Mécontentement exprimé au support.,1549
SIM-03784,2024-03-09,samedi,Industrie,France,ETI,BUSINESS,11,102,80,78.4,53,"46,6",26,12,0,1,0,3.2,5,0,5576.93 €,vert,ap-s1,A,,109754
SIM-03785,13/07/2024,samedi, Santé ,Belgique,pme,Starter,7,14,8,57.1,35,23.1,8,4,0,1,0,12.1,5,0,169.04 €,bleu,us-e1,B,Suivi standard.,832
SIM-03786,05/03/2023,dimanche,finance,Allemagne,TPE,Business,23,6,1,16.7,1,0.1,26,1,3,12,0,4.5 h,4,0,236.01,violet,eu-w1,A,,3096
SIM-03787,11/05/2023,jeudi,Commerce,France,ETI,Business,21,89,56,"62,9",30,"5,5",26,9,5,1,1,"5,1",3,,"3544,44",clair,us-e1,control,Compte dans la moyenne.,66848
SIM-03788,29 Nov 2024,vendredi,Tech,France,PME, Starter ,2,8,8,100.0,117,"97,6",8,6,0,1,6,41.2,3,2,105.88 €,bleu,eu-w3,control,RAS.,3386
SIM-03789,2024-10-08,mardi,Santé,Canada,PME,STARTER,4,51,0,"0,0",0,0.0,8,0,0,42,0,"17,9",,2,496.83,sombre,eu-w1,B,,4889
SIM-03790,2023-10-14,samedi,Industrie,France,PME,PRO,16,58,29,,33,20.2,16,2,0,3,5,14.0,4,0,1506.17 €,clair,eu-w1,B,,13586
SIM-03791,25/09/2024,mercredi,Santé,Espagne,TPE,STARTER,4,1,1,100.0,83,,8,4,,1,4,27.2,4,1,12.35,vert,us-e1,A,,300
SIM-03792,08/12/2023,vendredi,Tech,Suisse,TPE,Pro,14,6,3,"50,0",27,19.4,16,6,3,1,2,7.9 h,4,0,153.91 €,sombre,ap-s1,control,,1010
SIM-03793,12/07/2024,vendredi,Tech,France,PME, Business ,7,46,21,,3,"0,3",26,6,0,7,1,6.7,4,2,2043.59,vert,eu-w3,B,,18433
SIM-03794,2023-12-31,dimanche,FINANCE,Canada,GE,Business,13,621,546,87.9,78,36.5,26,11,4,1,0,"4,8",4,0,"30810,72",bleu,eu-w1,control,Client très satisfait et actif.,1136916
SIM-03795,23 Dec 2024,lundi,éducation,France,tpe, Pro ,1,10,2,20.0%,1,"0,1",16,0,0,25,2,17.7,1,2,171.02,clair,ap-s1,B,Mécontentement exprimé au support.,701
SIM-03796,2024-04-12,vendredi,ÉDUCATION,France, PME ,pro,10,41,32,78.0,95,101.7,16,7,4,0,3,11.0,5,0,1115.54,violet,us-e1,B,,20124
SIM-03797,2024-02-02,vendredi,commerce,France,GE, Enterprise ,12,468,101,21.6,2,"0,4",40,7,3,0,1,"2,4",4,0,29005.74 €,vert,eu-w1,control,Faible adoption des sièges.,190278
SIM-03798,16 Aug 2023,mercredi,Commerce,Espagne,TPE, Pro ,18,3,1,33.3,10,3.8,16,3,3,0,7,21.4,1,0,83.63,bleu,us-e1,B,,1303
SIM-03799,04/10/2023,mercredi,tech,France,TPE,PRO,16,11,9,81.8%,74,,16,12,0,0,1,6.7,,0,288.58,clair,ap-s1,A,,2130
SIM-03800,30 Apr 2024,mardi,Industrie,France, PME , Enterprise ,9,53,10,18.9,1,0.1,40,9,2,30,0,2.9 h,5,1,3241.09,vert,eu-w1,control,,13288
SIM-03801,29/07/2024,lundi,COMMERCE,Suisse,ge,Enterprise,6,453,333,73.5,62,45.5,40,17,1,0,5,1.7,3,0,35791.12 €,vert,ap-s1,B,,851113
SIM-03802,10 Feb 2024,samedi,ÉDUCATION,Espagne,ETI,BUSINESS,12,197,162,82.2,65,7.5,26,10,4,4,8,"12,5",2,1,10538.61,vert,eu-w3,B,,172833
SIM-03803,2024-10-07,lundi,Santé,Belgique, ETI ,Pro,4,65,50,76.9%,38,,16,7,0,0,7,21.9,3,3,1674.12,violet,us-e1,A,"Multiples tickets ouverts, friction élevée.",38438
SIM-03804,2024-10-30,mercredi,Éducation,Espagne, PME , Business ,3,27,0,"0,0",0,"0,0",26,0,0,32,2,10.6 h,3,,,bleu,eu-w1,A,Déploiement interne limité.,11376
SIM-03805,2023-07-04,mardi,Industrie,France,PME,starter,19,53,34,64.2,8,0.4,8,2,3,5,0,9.8,5,,724.82,violet,us-e1,control,,60624
SIM-03806,09 Jul 2024,mardi,,France, PME ,BUSINESS,7,23,14,60.9,23,13.7,26,13,3,1,2,5.9 h,4,1,1004.3,vert,eu-w3,A,,9059
SIM-03807,02/01/2025,jeudi,Commerce,Belgique,PME, Pro ,1,47,8,17.0,2,0.2,16,4,0,4,6,"14,4",2,3,960.44,sombre,us-e1,A,Mécontentement exprimé au support.,10238
SIM-03808,01 Jan 2024,lundi,commerce,France,PME,Starter,13,22,7,31.8,1,0.6,8,3,3,3,1,19.7,4,0,268.08,vert,ap-s1,control,"Compte engagé, ambassadeur potentiel.",2638
SIM-03809,2024-11-06,mercredi,Finance,,eti,Business,3,40,10,25.0,2,,26,10,0,3,0,0.7,5,1,1960.42,violet,eu-w1,control,Suivi standard.,14468
SIM-03810,08 Jan 2025,mercredi,TECH,Canada,PME,STARTER,1,10,4,"40,0",2,"0,5",8,0,0,11,1,"6,7",4,,114.7,clair,ap-s1,A,RAS.,1881
SIM-03811,2024-02-28,mercredi,finance,France,PME,Starter,11,52,26,50.0,27,16.6,8,3,0,0,2,20.3 h,5,1,621.65,vert,eu-w3,A,,12234
SIM-03812,28 Jan 2024,dimanche,Finance,Canada,TPE,STARTER,12,8,5,"62,5",39,20.0,8,5,5,0,0,"27,0",4,0,99.28,bleu,eu-w1,B,"Compte engagé, ambassadeur potentiel.",2768
SIM-03813,08/01/2025,mercredi, Tech ,Allemagne,eti,enterprise,1,209,134,64.1%,25,,40,11,0,1,3,2.6,5,0,14564.98,clair,eu-w1,control,,143319
SIM-03814,13/12/2023,mercredi, Tech ,France,GE,Pro,14,834,290,34.8,5,0.8,16,5,6,2,0,5.0,3,0,19494.35,vert,eu-w3,B,,287737
SIM-03815,12/10/2024,samedi, Finance ,France,PME,PRO,4,37,12,"32,4",1,"0,3",16,3,2,14,2,13.1,,0,698.22,bleu,eu-w1,control,,27482
SIM-03816,25/12/2024,mercredi,Commerce,France,GE,PRO,1,430,73,"17,0",1,,16,4,0,9,4,16.5,2,3,9075.64,vert,eu-w3,control,"Client insatisfait, risque de départ.",81862
SIM-03817,09 Jan 2025,jeudi,,France,PME,Pro,1,50,5,,1,0.2,16,1,0,14,1,13.8,3,2,"1396,91",violet,ap-s1,control,,21764
SIM-03818,08 Oct 2024,mardi,finance,,PME,Pro,4,24,7,29.2,1,"0,6",16,5,0,9,7,,2,2,584.75,violet,us-e1,control,,17262
SIM-03819,2024-01-01,lundi,,Allemagne,PME,business,13,27,8,29.6,4,"0,2",26,5,3,0,6,8.3 h,3,1,1261.24,violet,eu-w3,control,Compte dans la moyenne.,28958
SIM-03820,2023-01-05,jeudi,Public,Suisse,PME,PRO,25,16,5,31.2,13,6.0,16,5,,4,1,12.8,4,0,378.58,sombre,ap-s1,A,,11176
SIM-03821,2025-01-06,lundi, Finance ,Allemagne,eti, Business ,1,118,34,28.8%,5,"4,1",26,4,0,1,2,"10,1",2,3,5749.65,vert,eu-w1,control,,75435
SIM-03822,2023-08-18,vendredi,Finance,France,ETI,Enterprise,18,112,52,46.4,13,2.0,40,20,3,0,1,2.1,2,0,8559.39,bleu,eu-w3,control,Mécontentement exprimé au support.,35093
SIM-03823,2024-01-10,mercredi,COMMERCE,Suisse,TPE,starter,13,1,1,100.0%,1,0.1,8,1,1,30,0,10.7,5,0,10.72,bleu,eu-w1,B,,300
SIM-03824,2023-10-09,lundi,santé,France, PME ,Starter,16,30,0,0.0,0,0.0,8,0,0,98,0,22.6,3,0,378.32 €,sombre,ap-s1,B,,4343
SIM-03825,11/08/2022,jeudi,Finance,Canada, PME , Business ,30,47,15,31.9,7,4.6,26,7,8,1,9,9.0,3,0,"2173,63",bleu,eu-w1,control,,60601
SIM-03826,02/04/2024,mardi,Finance,France, PME ,Starter,10,13,6,46.2,11,,8,3,3,1,7,"28,8",3,0,168.92,vert,ap-s1,control,"Multiples tickets ouverts, friction élevée.",4432
SIM-03827,2023-12-09,samedi,Finance,,GE,enterprise,14,760,315,41.4,23,10.6,40,11,3,1,0,3.0,4,0,66168.67,violet,us-e1,B,,2000000
SIM-03828,24 Oct 2024,jeudi,COMMERCE,Allemagne,ETI, Pro ,3,115,42,36.5,1,,16,4,0,21,0,6.4,5,3,2535.28 €,violet,us-e1,control,,22868
SIM-03829,31 Jul 2024,mercredi,Finance,France,PME,Business,6,15,5,"33,3",8,7.0,26,10,3,5,3,6.2,,3,788.5 €,vert,eu-w3,B,,5819
SIM-03830,2024-02-12,lundi,COMMERCE,, PME ,Business,12,35,8,22.9,3,"0,6",26,3,3,15,3,6.0,,0,"1267,55",bleu,us-e1,A,,9355
SIM-03831,2024-04-02,mardi,,Espagne,TPE,Starter,10,11,3,27.3%,4,1.3,8,2,3,14,1,16.4,3,0,"133,89",bleu,eu-w3,A,,3403
SIM-03832,11/03/2024,lundi,Public,Suisse,ETI,Pro,11,108,68,63.0,46,,16,7,5,1,5,12.9,2,0,2454.05 €,sombre,ap-s1,B,Mécontentement exprimé au support.,30185
SIM-03833,13/12/2023,mercredi,ÉDUCATION,France, TPE ,Starter,14,2,1,50.0,5,1.0,8,0,2,5,6,32.2,3,0,23.84,vert,eu-w1,B,,665
SIM-03834,05/05/2024,dimanche,COMMERCE,Espagne,pme,Business,9,52,22,42.3,4,0.7,26,10,2,12,3,"11,3",2,0,2407.0,sombre,eu-w1,B,Mécontentement exprimé au support.,55265
SIM-03835,10/10/2023,mardi,Éducation,France, TPE ,Starter,16,10,3,30.0%,3,0.6,8,2,,6,0,6.9 h,5,,104.37,sombre,ap-s1,B,Client très satisfait et actif.,1455
SIM-03836,18 Feb 2023,samedi,Finance,France,PME,pro,24,53,17,32.1,6,"0,8",16,4,5,1,2,11.4,4,0,1551.29 €,sombre,us-e1,B,"Compte engagé, ambassadeur potentiel.",40706
SIM-03837,11 Dec 2023,lundi,Commerce,France,ETI,Pro,14,74,47,63.5%,45,32.1,16,10,3,0,6,"12,5",3,1,"1760,51",vert,ap-s1,B,,72181
SIM-03838,2023-09-04,lundi,Finance,France,pme,PRO,17,53,18,34.0%,1,,16,4,3,10,0,10.2,3,0,1192.93,violet,us-e1,control,RAS.,14673
SIM-03839,08 Dec 2023,vendredi,Industrie,France,tpe,pro,14,10,5,50.0%,17,12.0,16,4,5,3,0,8.0,,1,248.47,clair,eu-w3,B,"Compte engagé, ambassadeur potentiel.",4890
SIM-03840,07/06/2024,vendredi,Public,Suisse,PME,Pro,8,40,29,"72,5",41,25.9,16,6,3,1,1,9.0 h,3,1,"1094,58",vert,us-e1,B,,57444
SIM-03841,2024-04-07,dimanche,PUBLIC,France,GE,Enterprise,10,766,306,39.9,1,0.1,40,17,1,3,0,"5,4",5,1,63785.75,vert,us-e1,A,Suivi standard.,784565
SIM-03842,04 Jan 2025,samedi,Finance,France,TPE,Starter,1,9,2,22.2%,1,0.3,8,1,0,8,0,"23,5",2,1,"93,44",clair,us-e1,B,,690
SIM-03843,2023-09-13,mercredi,Industrie,Canada,TPE, Pro ,17,11,5,"45,5",5,"0,2",16,1,4,2,6,23.0,1,0,"262,3",sombre,eu-w1,control,,3226
SIM-03844,13/05/2024,lundi,finance,France,PME,pro,9,28,16,57.1%,16,12.8,16,9,0,1,1,"16,7",4,1,782.35,bleu,eu-w1,B,,15397
SIM-03845,29/03/2024,vendredi,Tech,France,pme,business,10,19,6,31.6,11,3.4,26,8,1,4,6,"8,0",2,2,870.46,bleu,ap-s1,A,,8565
SIM-03846,2025-01-05,dimanche,ÉDUCATION,Suisse,tpe,Pro,1,11,6,54.5,1,0.4,16,5,0,1,5,20.6,2,7,"320,92",sombre,eu-w3,A,Mécontentement exprimé au support.,3684
SIM-03847,11 Aug 2023,vendredi,Tech,France, ETI ,Pro,18,123,64,52.0,19,8.1,16,7,4,2,0,10.1,3,0,3474.33,vert,eu-w3,A,,119656
SIM-03848,05 Aug 2024,lundi,FINANCE,Suisse,PME,Pro,6,55,22,"40,0",29,"11,6",16,8,1,1,5,,3,2,1479.83 €,bleu,us-e1,control,,8494
SIM-03849,15 Apr 2023,samedi,,France,ETI,Pro,22,102,20,"19,6",1,0.4,16,3,6,17,2,10.5,5,0,2461.31 €,clair,eu-w3,control,Déploiement interne limité.,24219
SIM-03850,05 Oct 2023,jeudi,Commerce,France, TPE ,Pro,16,9,6,66.7,26,22.1,16,5,1,0,4,"14,4",4,0,235.03,sombre,eu-w1,control,,6745
SIM-03851,05 May 2024,dimanche,Tech,France,PME, Business ,9,17,9,52.9,29,"14,0",26,10,3,0,0,,5,1,765.55,bleu,eu-w3,control,,13811
SIM-03852,29/09/2024,dimanche,Tech,France,PME,Business,4,18,9,50.0,9,2.0,26,5,1,1,7,7.5,,2,772.86,vert,eu-w1,control,Support très sollicité récemment.,8872
SIM-03853,04 Jan 2025,samedi,SANTÉ,France,PME,Starter,1,10,3,30.0,2,0.5,8,4,0,8,8,38.4,2,1,111.1,clair,ap-s1,control,Mécontentement exprimé au support.,1549
SIM-03854,2023-12-03,dimanche,INDUSTRIE,France,TPE,PRO,14,2,1,50.0,28,"4,0",16,4,,3,3,12.9,2,1,"48,92",clair,ap-s1,control,,2166
SIM-03855,2024-09-05,jeudi,Tech,France,TPE,starter,5,10,6,60.0,16,7.6,8,1,0,2,12,43.0,1,0,134.75,violet,us-e1,B,,4862
SIM-03856,03 Apr 2024,mercredi,Commerce,Canada,TPE,Starter,10,11,5,45.5,10,3.0,8,2,4,2,3,"26,6",3,0,"118,86",sombre,us-e1,B,,3021
SIM-03857,05/03/2023,dimanche,COMMERCE,France,tpe,Starter,23,10,6,60.0%,27,7.8,8,3,8,0,5,34.2,2,0,140.19 €,clair,us-e1,B,,3794
SIM-03858,2024-03-07,jeudi,Industrie,Belgique,PME,Starter,11,38,16,42.1%,9,3.1,8,2,3,1,0,"9,2",5,0,"409,4",bleu,eu-w3,control,"Compte engagé, ambassadeur potentiel.",11078
SIM-03859,08 Nov 2023,mercredi,Finance,Espagne,PME,Pro,15,32,10,"31,2",6,0.3,16,3,2,6,7,19.3,3,1,700.57,sombre,eu-w1,B,,14362
SIM-03860,2024-07-30,mardi, Tech ,Espagne, PME ,PRO,6,29,18,,33,"9,1",16,7,2,0,0,,3,3,"716,08",clair,ap-s1,A,,2349
SIM-03861,04 Mar 2023,samedi,Santé,Allemagne,PME, Pro ,23,28,21,75.0%,50,40.6,16,8,6,2,1,7.8,4,0,905.78,bleu,eu-w1,B,,89129
SIM-03862,2024-07-11,jeudi, Tech ,Suisse,TPE,Starter,7,4,2,"50,0",19,13.4,8,2,2,6,3,"27,2",,2,40.33,sombre,ap-s1,A,Suivi standard.,331
SIM-03863,2024-05-27,lundi,Tech,,TPE,Enterprise,8,3,1,33.3,20,"9,7",40,23,1,0,6,0.5,2,0,219.52 €,bleu,us-e1,B,"Client insatisfait, risque de départ.",4140
SIM-03864,01 Jan 2024,lundi,,Belgique,TPE,Starter,13,3,2,66.7%,19,15.9,8,4,3,0,1,19.4,3,0,33.71,sombre,eu-w3,control,,300
SIM-03865,06 Jun 2024,jeudi,Industrie,France,PME,Starter,8,34,9,26.5,1,0.3,8,3,1,0,4,,4,1,,bleu,ap-s1,B,,4907
SIM-03866,2022-12-10,samedi, Commerce ,Suisse,ETI,Pro,26,30,13,43.3,9,"5,6",16,5,8,0,8,16.5 h,3,0,776.71,clair,us-e1,control,,20381
SIM-03867,05 Aug 2024,lundi,commerce,Canada,PME,Starter,6,56,33,58.9,33,15.6,8,2,3,0,2,20.2,,1,"553,25",vert,us-e1,A,,7259
SIM-03868,03/05/2024,vendredi,éducation,Suisse, GE ,BUSINESS,9,495,0,0.0,0,0.0,26,0,0,35,4,8.1,2,1,19438.72,clair,eu-w3,A,,239096
SIM-03869,2024-06-04,mardi,Santé,Allemagne, GE ,Business,8,814,0,0.0,0,"0,0",26,0,0,63,0,1.5,2,2,30549.69,clair,ap-s1,B,,826675
SIM-03870,2024-07-08,lundi, Commerce ,Allemagne,TPE, Starter ,7,7,3,"42,9",7,1.7,8,2,0,1,1,"34,2",3,2,"88,19",violet,eu-w3,control,,651
SIM-03871,21/04/2023,vendredi, Finance ,France,TPE,Pro,22,4,2,50.0%,29,"22,7",16,4,7,1,0,"4,9",5,0,"107,21",bleu,eu-w3,B,,3165
SIM-03872,02/01/2025,jeudi,Commerce,Belgique,PME, Pro ,1,47,8,17.0,2,0.2,16,4,0,4,6,"14,4",2,3,960.44,sombre,us-e1,A,Mécontentement exprimé au support.,10238
SIM-03873,2023-03-19,dimanche, Industrie ,France,TPE,business,23,7,3,42.9,23,"17,8",26,13,5,4,3,9.1,5,0,386.23,bleu,eu-w1,B,"Compte engagé, ambassadeur potentiel.",23120
SIM-03874,2024-09-07,samedi,finance,Suisse,TPE,Starter,5,7,1,14.3,3,0.2,8,3,1,12,2,29.1,3,1,76.75,violet,ap-s1,A,,1951
SIM-03875,17/01/2023,mardi,Tech,Suisse,ETI,Business,25,180,50,"27,8",1,0.3,26,5,8,12,0,0.5,5,0,"8695,95",clair,eu-w3,A,Compte dans la moyenne.,185398
SIM-03876,2024-09-10,mardi,Tech,Espagne,ETI,business,5,80,48,"60,0",25,10.0,26,6,0,2,1,"7,7",5,1,3014.95,violet,us-e1,control,Suivi standard.,19778
SIM-03877,23 Dec 2024,lundi,Éducation,Canada,ETI,Pro,1,169,39,23.1,1,"0,4",16,6,1,30,0,15.9,4,2,3951.71,bleu,ap-s1,A,Faible adoption des sièges.,25923
SIM-03878,12 Nov 2023,dimanche, Finance ,Canada,TPE,Starter,15,10,3,"30,0",2,"0,7",8,2,4,5,1,"33,1",3,1,121.47,sombre,ap-s1,B,,3287
SIM-03879,2024-12-29,dimanche,COMMERCE,France,TPE,Starter,1,7,1,,2,0.1,8,2,0,0,4,25.2,3,3,84.66 €,bleu,eu-w3,B,,300
SIM-03880,30/12/2024,lundi,Éducation,Suisse,TPE,Starter,1,7,3,42.9%,30,8.6,8,2,0,3,1,17.0,5,2,88.25 €,vert,us-e1,A,Compte dans la moyenne.,1013
SIM-03881,2023-03-19,dimanche, Industrie ,France,TPE,business,23,7,3,42.9,23,"17,8",26,13,5,4,3,9.1,5,0,386.23,bleu,eu-w1,B,"Compte engagé, ambassadeur potentiel.",23120
SIM-03882,08 Jan 2025,mercredi,Éducation,France,PME, Starter ,1,27,0,0.0,0,,8,0,0,30,7,27.6,2,0,338.06,clair,us-e1,A,,3327
SIM-03883,26 Oct 2024,samedi,commerce,Suisse,TPE,Pro,3,11,6,54.5,38,"24,8",16,9,0,1,0,12.5,3,0,245.96,bleu,ap-s1,control,,3832
SIM-03884,02/04/2024,mardi,Éducation,France,PME,Pro,10,40,36,90.0,50,"27,7",16,6,5,1,10,17.6,2,1,1012.86,bleu,eu-w1,B,"Client insatisfait, risque de départ.",8305
SIM-03885,04/02/2024,dimanche,Finance,France,TPE, Starter ,12,7,2,,14,"0,7",8,1,3,1,1,4.2,4,0,"78,3",sombre,eu-w1,A,Client très satisfait et actif.,899
SIM-03886,2024-10-03,jeudi,,France,TPE,Starter,4,8,5,62.5,50,30.2,8,4,1,1,1,27.4 h,2,2,91.08,bleu,eu-w3,B,,1195
SIM-03887,2023-03-09,jeudi, Éducation ,France,GE,business,23,258,37,14.3,1,0.2,26,1,9,1,0,4.4,,0,10533.42,sombre,eu-w3,control,,285034
SIM-03888,11/05/2023,jeudi,Commerce,France,ETI,Business,21,89,56,"62,9",30,"5,5",26,9,5,1,1,"5,1",3,,"3544,44",clair,us-e1,control,Compte dans la moyenne.,66848
SIM-03889,01/04/2024,lundi,Santé,France,ETI,Business,10,96,35,36.5%,10,1.5,26,5,3,1,11,10.1,3,1,3644.47,violet,eu-w1,B,Support très sollicité récemment.,35862
SIM-03890,08/01/2024,lundi,Tech,France,PME,Pro,13,36,19,"52,8",25,10.6,16,5,2,1,5,,3,0,941.17,vert,eu-w3,control,,15435
SIM-03891,2023-11-04,samedi,Santé,France, TPE , Pro ,15,7,3,"42,9",19,1.0,16,6,4,0,3,15.8,4,0,177.18,sombre,ap-s1,B,Client très satisfait et actif.,5376
SIM-03892,2022-11-08,mardi,Finance,France,PME,pro,27,14,10,71.4,48,"29,1",16,4,5,0,3,9.4,,,378.4,bleu,ap-s1,A,"Compte engagé, ambassadeur potentiel.",9309
SIM-03893,17/05/2022,mardi,Éducation,France,TPE,Business,33,2,1,"50,0",25,21.7,26,14,4,2,4,"8,4",2,0,92.15,vert,eu-w1,B,"Client insatisfait, risque de départ.",2418
SIM-03894,2025-01-09,jeudi,industrie,France,TPE,Starter,1,6,0,,0,"0,0",8,0,0,30,0,"20,4",,2,71.31,clair,ap-s1,B,Faible adoption des sièges.,409
SIM-03895,10/12/2023,dimanche,Santé,France,PME, Pro ,14,39,22,56.4,25,"11,6",16,9,2,2,2,15.0,4,0,936.5,vert,us-e1,control,,25342
SIM-03896,2023-11-17,vendredi,commerce,France,TPE,Enterprise,15,2,2,100.0%,83,"35,0",40,29,0,1,2,5.2,4,0,178.28 €,vert,eu-w1,B,Compte dans la moyenne.,5263
SIM-03897,2024-12-26,jeudi,Commerce,France,PME,Business,1,46,10,"21,7",1,0.1,26,7,0,30,2,,3,2,1800.79 €,bleu,eu-w1,B,,31010
SIM-03898,25 Sep 2024,mercredi,Santé,Suisse,GE,BUSINESS,4,727,76,10.5,1,0.1,26,8,0,14,0,4.6,3,2,"31870,33",vert,eu-w3,control,,444272
SIM-03899,2023-02-10,vendredi,Finance,France,TPE,Starter,24,7,5,71.4%,49,26.1,8,3,4,1,5,32.7,3,0,,clair,ap-s1,control,RAS.,793
SIM-03900,08/12/2023,vendredi,Tech,France, PME , Pro ,14,14,10,71.4,37,"11,1",16,6,3,0,1,9.4 h,3,0,"287,54",bleu,ap-s1,B,,1415
SIM-03901,08 Mar 2024,vendredi,Commerce,France,ETI,business,11,155,52,33.5,8,1.0,26,7,1,2,4,"6,2",2,0,6856.45,violet,eu-w1,control,Mécontentement exprimé au support.,78712
SIM-03902,06/01/2025,lundi,Public,Belgique,TPE,starter,1,1,1,,13,"5,6",8,1,0,5,5,44.7,1,2,10.63,vert,eu-w3,A,Mécontentement exprimé au support.,300
SIM-03903,02/12/2023,samedi,Finance,France,PME,BUSINESS,14,11,6,54.5,23,"9,6",26,12,1,1,0,"2,2",4,0,570.92,violet,us-e1,A,Compte dans la moyenne.,26217
SIM-03904,2023-09-30,samedi,Commerce,Belgique,PME,BUSINESS,16,36,6,16.7,1,"0,1",26,1,4,12,9,7.2,1,0,1249.04,clair,eu-w3,B,,5121
SIM-03905,2024-07-27,samedi,Éducation,France,ETI,Pro,6,88,81,"92,0",66,54.2,16,11,0,1,1,18.0,2,1,2379.4 €,clair,us-e1,A,"Client insatisfait, risque de départ.",76093
SIM-03906,05 Jun 2024,mercredi, Commerce ,France,TPE,starter,8,4,2,50.0%,16,"7,6",8,2,1,4,0,,4,0,"49,98",sombre,eu-w1,control,Compte dans la moyenne.,369
SIM-03907,07 Feb 2023,mardi, Industrie ,Espagne, ETI ,Business,24,155,62,"40,0",14,0.7,26,8,2,0,5,9.3,3,0,"6560,8",clair,us-e1,B,,177535
SIM-03908,07/10/2024,lundi,Public,France,TPE,Starter,4,6,4,"66,7",41,29.9,8,3,1,2,3,33.0,2,1,74.86,bleu,ap-s1,A,"Client insatisfait, risque de départ.",1473
SIM-03909,26 Jun 2024,mercredi, Finance ,Canada,GE,Business,7,519,83,16.0,1,0.1,26,2,0,13,0,7.7,,0,"21384,94",vert,ap-s1,B,,263035
SIM-03910,2023-08-04,vendredi,Tech,Suisse, TPE ,STARTER,18,3,1,33.3,1,"0,5",8,1,4,3,4,"24,1",3,0,33.14,bleu,ap-s1,control,,1277
SIM-03911,09/11/2023,jeudi,Industrie,,ETI,Business,15,123,87,"70,7",72,"61,8",26,15,3,3,1,5.4,4,0,"6109,65",bleu,ap-s1,A,,601190
SIM-03912,2024-10-09,mercredi,PUBLIC,France,PME,Pro,4,26,10,38.5%,5,"0,9",16,5,0,15,1,14.5,5,2,"571,87",bleu,ap-s1,B,,7503
SIM-03913,16 Jan 2024,mardi, Public ,Belgique,ETI,BUSINESS,13,107,48,44.9,9,,26,4,1,0,5,6.5,4,0,"4560,0",clair,ap-s1,B,,78523
SIM-03914,31 May 2024,vendredi,santé,France,PME, Pro ,8,59,7,11.9%,1,0.1,16,0,2,26,5,14.8 h,3,0,"1564,54",bleu,eu-w3,B,,47468
SIM-03915,2023-05-09,mardi,éducation,France,PME, Business ,21,13,6,46.2%,19,5.5,26,6,8,2,0,4.8,3,0,,clair,ap-s1,B,,28996
SIM-03916,30/07/2024,mardi,Commerce,Suisse,PME,BUSINESS,6,57,8,14.0,1,0.2,26,9,2,5,1,,5,3,2293.98,violet,eu-w3,A,Déploiement interne limité.,50789
SIM-03917,07 Oct 2023,samedi,Éducation,France,GE,enterprise,16,782,339,"43,4",16,2.9,40,15,3,5,0,3.1,5,0,59088.28,bleu,us-e1,B,Client très satisfait et actif.,1114405
SIM-03918,2024-12-27,vendredi,éducation,Suisse,TPE,Starter,1,3,1,"33,3",1,0.1,8,3,1,6,3,29.7,2,2,35.28,sombre,ap-s1,B,Mécontentement exprimé au support.,636
SIM-03919,29/05/2024,mercredi,,Canada,TPE,Pro,8,6,3,50.0,20,9.4,16,6,2,4,7,"17,9",1,0,"155,36",violet,ap-s1,B,,2421
SIM-03920,28 Feb 2024,mercredi,FINANCE,Belgique,TPE,Pro,11,6,2,33.3,1,"0,8",16,7,1,3,0,9.0,3,0,174.68,bleu,eu-w3,control,,1432
SIM-03921,02/07/2023,dimanche,finance,France,TPE,pro,19,5,3,"60,0",30,3.7,16,6,3,3,1,7.9,4,0,117.86,violet,eu-w3,B,,580
SIM-03922,06/12/2023,mercredi,Finance,France,PME,pro,14,56,11,19.6%,1,"0,3",16,3,3,4,3,8.6,3,0,982.67,bleu,us-e1,B,,7252
SIM-03923,30 Apr 2024,mardi,COMMERCE,Suisse,TPE,Starter,9,4,2,50.0,17,,8,2,0,2,0,19.5 h,3,,45.07,sombre,eu-w3,control,,407
SIM-03924,29 Apr 2024,lundi,Commerce,France,eti,Business,9,31,18,"58,1",28,14.3,26,6,3,1,6,5.2 h,3,1,1371.1,clair,eu-w3,A,Compte dans la moyenne.,66334
SIM-03925,15/01/2024,lundi,Commerce,France, PME ,Pro,13,29,13,,9,,16,6,1,9,2,"14,4",2,0,"702,66",sombre,ap-s1,A,,9795
SIM-03926,09/10/2023,lundi, Commerce ,France,ETI,business,16,181,80,44.2%,5,4.2,26,12,4,7,3,7.5 h,,0,,sombre,us-e1,B,,91837
SIM-03927,16 Sep 2023,samedi,santé,Suisse,GE,Enterprise,17,338,183,54.1,18,7.2,40,16,5,1,3,1.8,4,0,29358.0,violet,ap-s1,control,Client très satisfait et actif.,1203678
SIM-03928,31/12/2024,mardi,Commerce,France, TPE ,enterprise,1,4,3,75.0,44,"19,4",40,13,0,1,2,5.4,3,0,,violet,eu-w3,A,,7395
SIM-03929,11 Feb 2024,dimanche,Finance,France,tpe,Starter,12,7,5,71.4%,53,32.7,8,5,5,0,6,29.6,3,0,80.02 €,sombre,us-e1,B,,984
SIM-03930,2024-08-03,samedi,Tech,France, PME ,Pro,6,7,4,57.1,24,10.3,16,4,0,1,2,12.0,4,0,"144,87",vert,eu-w3,control,Suivi standard.,1188
SIM-03931,13/05/2024,lundi,Tech,France,PME,Starter,9,24,3,12.5,1,0.1,8,0,1,2,5,,,0,274.25,bleu,ap-s1,A,Déploiement interne limité.,3148
SIM-03932,2023-08-04,vendredi, Commerce ,France, GE ,Enterprise,18,764,510,,28,9.3,40,7,3,0,0,3.7,4,0,"73524,22",violet,eu-w1,control,"Compte engagé, ambassadeur potentiel.",2000000
SIM-03933,2025-01-02,jeudi, Industrie ,Allemagne,tpe,Pro,1,8,3,37.5,1,0.4,16,3,0,1,6,12.6,,2,191.85 €,sombre,ap-s1,A,,6450
SIM-03934,2023-10-10,mardi, Industrie ,France,PME,pro,16,41,10,24.4%,3,0.7,16,0,7,11,1,10.7,3,0,814.92,clair,eu-w3,B,,10692
SIM-03935,05/05/2023,vendredi,Finance,Allemagne,PME,Business,21,55,40,72.7%,44,6.8,26,13,1,0,2,3.7,4,0,"2603,65",vert,eu-w3,B,RAS.,76860
SIM-03936,09 Jul 2024,mardi,,France, PME ,BUSINESS,7,23,14,60.9,23,13.7,26,13,3,1,2,5.9 h,4,1,1004.3,vert,eu-w3,A,,9059
SIM-03937,02/01/2025,jeudi,Tech,France, PME ,Pro,1,35,7,20.0,1,0.1,16,3,0,8,0,10.1,5,3,"676,36",violet,ap-s1,control,Faible adoption des sièges.,2218
SIM-03938,13/11/2023,lundi,Finance,France, GE , Business ,15,466,172,"36,9",19,8.7,26,9,5,4,1,7.6,3,0,21031.25,sombre,eu-w1,B,Suivi standard.,965755
SIM-03939,2024-06-30,dimanche,industrie,Belgique,PME,Enterprise,7,48,0,"0,0",0,0.0,40,0,0,71,1,"6,9",4,3,3854.6,violet,eu-w1,control,"Compte peu actif, relance nécessaire.",53733
SIM-03940,04/12/2023,lundi,Éducation,,PME,Business,14,13,11,84.6,65,29.6,26,14,3,0,0,1.1,5,0,"751,95",vert,us-e1,A,,20348
SIM-03941,2022-10-22,samedi,tech,France, PME , Pro ,28,48,11,22.9,11,"7,6",16,5,7,9,6,"16,8",2,0,1338.46 €,violet,eu-w1,control,Mécontentement exprimé au support.,38414
SIM-03942,08/01/2025,mercredi,Tech,France,TPE,Starter,1,5,1,20.0,1,0.1,8,0,0,11,9,"35,1",1,0,61.58,sombre,ap-s1,B,,959
SIM-03943,09 Jul 2023,dimanche,Industrie,Suisse,TPE,Starter,19,8,6,75.0,35,14.6,8,3,4,0,0,27.2,4,,135.07,clair,eu-w1,control,"Compte engagé, ambassadeur potentiel.",5427
SIM-03944,08 Feb 2024,jeudi,Commerce,France,ETI,Enterprise,12,101,26,25.7%,7,1.0,40,14,3,4,2,"4,3",,1,8681.21,clair,eu-w1,control,,142372
SIM-03945,2024-12-11,mercredi,Éducation,France, PME ,Business,2,41,23,56.1,17,2.7,26,6,0,0,4,"5,2",4,2,1761.14,clair,us-e1,A,,37548
SIM-03946,08/07/2023,samedi,Santé,Belgique,TPE,Starter,19,3,2,66.7,14,9.0,8,1,4,0,4,24.6,4,0,34.55,sombre,eu-w1,control,,1643
SIM-03947,05 Jan 2025,dimanche,FINANCE,France,ETI,Starter,1,197,119,60.4,41,29.8,8,5,0,2,4,37.1,1,2,,clair,eu-w1,A,,11345
SIM-03948,30/07/2024,mardi,Tech,Allemagne,TPE, Starter ,6,2,0,"0,0",0,,8,0,0,55,0,6.3,,4,17.61,bleu,us-e1,A,Déploiement interne limité.,300
SIM-03949,2024-08-04,dimanche,Commerce,France,PME,business,6,57,0,0.0,0,0.0,26,0,0,57,1,6.7,4,4,2939.08,violet,us-e1,A,Faible adoption des sièges.,132553
SIM-03950,2024-07-05,vendredi,Commerce,Espagne,PME,Business,7,57,41,"71,9",23,15.6,26,5,1,1,0,3.7 h,5,0,2466.12,sombre,eu-w1,control,,16178
SIM-03951,2023-11-03,vendredi,Industrie,,PME,Pro,15,27,2,7.4,1,"0,1",16,0,3,2,2,"9,9",4,0,"702,6",sombre,ap-s1,control,Faible adoption des sièges.,21317
SIM-03952,13 Feb 2024,mardi, Santé ,Canada,ETI,Pro,12,180,131,"72,8",63,48.3,16,7,9,1,2,"15,2",3,0,"4221,41",vert,eu-w1,B,RAS.,90000
SIM-03953,05 Dec 2023,mardi,Tech,Canada,TPE,Starter,14,3,1,33.3,1,0.1,8,2,3,17,2,20.5,5,0,33.65,sombre,us-e1,control,,717
SIM-03954,03/12/2023,dimanche,Industrie,France,TPE,Starter,14,6,2,33.3,8,"5,1",8,4,2,3,4,20.4,5,0,69.14 €,clair,ap-s1,control,,1134
SIM-03955,29 Jan 2024,lundi,Commerce,Canada,TPE, Starter ,12,7,3,42.9,10,"3,0",8,3,1,3,2,30.2,2,,70.79,vert,us-e1,B,,1741
SIM-03956,03 Jun 2024,lundi,,Espagne,ETI,Starter,8,108,57,52.8%,30,6.2,8,3,2,1,2,25.9 h,,,1271.92,violet,eu-w3,B,,8344
SIM-03957,31/08/2024,samedi,Industrie,France,PME, Business ,5,48,17,35.4%,1,"0,2",26,6,1,0,1,2.4 h,3,0,2222.23,clair,eu-w1,control,,76534
SIM-03958,14/12/2023,jeudi,,France,PME,Pro,14,57,27,47.4%,17,"9,7",16,4,5,0,6,16.4,,0,1509.54,violet,us-e1,control,Suivi standard.,19805
SIM-03959,30 May 2024,jeudi,Commerce,France,TPE,Starter,8,1,1,100.0,53,"28,4",8,2,2,0,0,12.8,5,0,13.83,clair,eu-w1,control,,306
SIM-03960,01/11/2023,mercredi,TECH,France,TPE, Starter ,15,4,1,25.0,1,"0,4",8,1,6,3,5,39.3,,0,"56,69",clair,eu-w1,A,,1395
SIM-03961,30/07/2024,mardi,Éducation,France,tpe,Starter,6,11,6,54.5,22,2.0,8,3,0,2,5,"37,4",1,1,118.85,bleu,us-e1,B,Mécontentement exprimé au support.,682
SIM-03962,17 Nov 2023,vendredi,tech,Suisse,ETI,Starter,15,95,70,73.7,42,27.9,8,2,4,1,5,22.0,5,0,1487.34,violet,us-e1,A,,26832
SIM-03963,27 Dec 2024,vendredi,,Canada,GE,Business,1,431,399,92.6,134,170.2,26,15,0,1,0,7.0,5,2,21420.29,violet,eu-w1,B,Suivi standard.,228340
SIM-03964,04 Jan 2025,samedi,Commerce,France,GE,Enterprise,1,715,573,80.1,66,37.5,40,20,0,0,5,4.8 h,4,2,44264.93,bleu,ap-s1,B,,471864
SIM-03965,2023-09-14,jeudi,Tech,France,TPE,Starter,17,1,1,100.0,16,6.1,8,2,4,4,4,21.7,4,0,10.88,bleu,us-e1,control,Client très satisfait et actif.,300
SIM-03966,2024-07-29,lundi,Commerce,France, PME ,BUSINESS,6,10,5,50.0,44,19.2,26,11,3,1,1,3.8 h,4,2,,vert,eu-w1,B,Client très satisfait et actif.,13249
SIM-03967,05 Mar 2023,dimanche,INDUSTRIE,Belgique,TPE,Business,23,1,1,"100,0",52,"24,9",26,4,7,0,6,10.7,4,0,39.77,sombre,eu-w3,control,Client très satisfait et actif.,652
SIM-03968,2024-05-13,lundi,Industrie,Canada,tpe, Business ,9,2,2,"100,0",87,"94,5",26,12,1,1,0,0.8,4,1,"99,26",violet,us-e1,B,Compte dans la moyenne.,3012
SIM-03969,06/01/2025,lundi, Finance ,France,PME,STARTER,1,53,33,62.3%,27,18.6,8,3,0,0,1,,3,1,"685,53",clair,eu-w3,control,Compte dans la moyenne.,10118
SIM-03970,2025-01-07,mardi,ÉDUCATION,France,PME,pro,1,28,6,21.4,1,0.3,16,0,0,30,6,20.3,2,5,667.62,clair,eu-w3,A,,3832
SIM-03971,07 Aug 2023,lundi,finance,France,pme,Enterprise,18,17,3,17.6,2,0.5,40,20,3,6,4,6.5,1,0,1357.54 €,violet,us-e1,B,Mécontentement exprimé au support.,23377
SIM-03972,13 May 2024,lundi, Finance ,France,GE, Business ,9,194,173,89.2%,84,56.9,26,9,2,4,0,0.9,5,0,9830.51,violet,eu-w1,B,,120915
SIM-03973,2022-12-06,mardi,Public,France,TPE,starter,26,6,5,"83,3",70,25.6,8,5,9,2,1,22.1 h,4,0,79.32,vert,eu-w1,A,,3512
SIM-03974,01 Jan 2024,lundi,SANTÉ,Allemagne,ETI,Pro,13,84,56,66.7,38,"16,1",16,8,2,1,3,9.9,4,0,1967.36,clair,eu-w1,control,Suivi standard.,32265
SIM-03975,14 Apr 2024,dimanche,Finance,France,eti, Enterprise ,10,200,0,0.0%,0,0.0,40,0,0,51,2,"3,1",4,1,12366.61,violet,ap-s1,B,,273797
SIM-03976,2023-07-12,mercredi,Public,Espagne, ETI ,Starter,19,171,18,10.5%,1,0.1,8,0,3,22,5,25.1,3,0,"2245,47",violet,ap-s1,B,,51556
SIM-03977,2024-07-11,jeudi, Tech ,Suisse,TPE,Starter,7,4,2,"50,0",19,13.4,8,2,2,6,3,"27,2",,2,40.33,sombre,ap-s1,A,Suivi standard.,331
SIM-03978,10/01/2025,vendredi,industrie,Canada,TPE, Pro ,1,8,3,37.5,1,0.1,16,2,0,21,6,13.0,,4,197.78,sombre,us-e1,control,Suivi standard.,2433
SIM-03979,16 Apr 2023,dimanche,Commerce,France, ETI ,Pro,22,105,15,14.3,1,,16,4,2,2,0,8.1,5,0,2198.24,violet,ap-s1,control,,14420
SIM-03980,2023-10-14,samedi,Finance,Suisse,TPE,Pro,16,2,1,50.0,25,16.1,16,10,2,0,2,15.0,4,0,44.5,clair,eu-w3,control,,511
SIM-03981,11 Jun 2023,dimanche,,France,PME,Pro,20,49,10,20.4,1,0.1,16,6,,13,0,9.3,5,0,1403.28,bleu,eu-w1,control,,40274
SIM-03982,04/05/2024,samedi, Éducation ,France,ETI, Enterprise ,9,61,17,"27,9",1,"0,1",40,17,2,17,2,4.0,4,0,4692.68,bleu,ap-s1,A,,23088
SIM-03983,2024-01-28,dimanche,Commerce,France,PME,STARTER,12,32,25,78.1,38,"20,0",8,4,4,0,7,36.7,2,0,370.02,vert,eu-w1,B,,15778
SIM-03984,15 Dec 2023,vendredi, Commerce ,Allemagne,ETI,Pro,14,130,91,70.0,42,32.8,16,7,1,1,0,11.3,5,1,3351.88 €,bleu,ap-s1,B,,178655
SIM-03985,2024-12-28,samedi,ÉDUCATION,France, PME ,Pro,1,10,3,30.0,4,2.0,16,3,0,26,2,11.1,3,3,257.77,sombre,us-e1,A,RAS.,1902
SIM-03986,14 Apr 2024,dimanche,Santé,,PME,PRO,10,53,48,90.6%,86,"74,2",16,10,1,0,3,,5,1,1588.18,sombre,us-e1,control,,24744
SIM-03987,2023-07-13,jeudi,Industrie,France,tpe,starter,19,2,1,50.0,4,1.7,8,2,8,0,6,27.5,3,0,26.38,vert,ap-s1,control,,714
SIM-03988,2024-10-29,mardi,santé,France,ETI,Starter,3,186,50,26.9,3,"0,2",8,1,2,22,2,24.4,4,0,1915.54,clair,eu-w1,B,RAS.,15707
SIM-03989,16 Aug 2023,mercredi,Commerce,Belgique,PME,business,18,53,48,90.6,103,82.6,26,19,3,0,1,4.7,4,0,2597.77,clair,eu-w3,control,Client très satisfait et actif.,134201
SIM-03990,15 May 2024,mercredi,Finance,Espagne,PME, Business ,9,43,30,"69,8",50,29.9,26,10,1,0,6,12.1,1,0,1806.28,sombre,eu-w1,A,Mécontentement exprimé au support.,56284
SIM-03991,09 Jan 2024,mardi,COMMERCE,Allemagne,tpe,Pro,13,1,1,100.0,45,23.2,16,6,1,1,2,6.2,4,0,30.41,violet,eu-w3,B,,1347
SIM-03992,15 Dec 2023,vendredi,Éducation,France,pme,Pro,14,36,31,86.1%,59,50.8,16,10,,0,3,17.3,2,1,984.86,bleu,us-e1,A,,33111
SIM-03993,2024-02-27,mardi,,,ETI,Enterprise,11,164,57,34.8,6,"1,6",40,12,2,1,0,"5,6",4,0,14018.45,vert,eu-w1,A,Compte dans la moyenne.,160932
SIM-03994,04/06/2023,dimanche,éducation,Suisse, TPE ,Pro,20,4,2,50.0,24,8.9,16,7,2,0,1,14.1,3,0,116.38,violet,us-e1,control,Compte dans la moyenne.,2672
SIM-03995,2024-11-02,samedi, Finance ,Canada,TPE,pro,3,1,1,100.0,84,102.0,16,11,0,0,6,10.1 h,3,0,"27,02",bleu,us-e1,A,,620
SIM-03996,2024-02-01,jeudi,Industrie,Allemagne, TPE ,Starter,12,2,1,50.0,42,23.7,8,4,3,2,5,27.2,4,1,25.53,vert,eu-w1,control,,544
SIM-03997,2024-01-09,mardi,Éducation,Espagne,ETI,ENTERPRISE,13,219,122,"55,7",1,"0,1",40,5,,10,4,"6,9",4,0,17232.53,vert,ap-s1,B,RAS.,423920
SIM-03998,24/11/2024,dimanche,TECH,France,tpe, Pro ,2,4,2,"50,0",27,7.7,16,6,0,0,8,19.8 h,1,5,84.45,bleu,us-e1,A,Mécontentement exprimé au support.,554
SIM-03999,11/10/2024,vendredi,Public,Suisse,tpe,Starter,4,6,2,33.3,19,17.6,8,3,2,1,1,17.3,4,1,"76,65",bleu,us-e1,control,,754
SIM-04000,20/11/2022,dimanche, Public ,France,PME, Business ,27,49,18,36.7%,10,6.5,26,9,8,5,2,4.1,3,0,"2614,17",sombre,us-e1,control,Compte dans la moyenne.,117899
SIM-04001,20 May 2023,samedi,SANTÉ,France,TPE,PRO,21,4,1,25.0,1,0.1,16,5,7,4,3,"12,8",3,0,101.5,vert,us-e1,B,,4494
SIM-04002,11 Sep 2023,lundi,,Allemagne,TPE,Pro,17,10,3,30.0%,4,0.2,16,4,5,4,0,5.6,3,0,"203,87",clair,eu-w3,A,Suivi standard.,1505
SIM-04003,2024-10-10,jeudi, Éducation ,Belgique,GE,Business,4,897,652,"72,7",48,"24,0",26,8,1,1,0,5.2,5,3,"48773,13",clair,us-e1,B,,2000000
SIM-04004,2023-11-06,lundi,Éducation,Espagne,TPE, Starter ,15,10,3,30.0,9,"5,5",8,4,3,1,5,29.4,2,0,109.55 €,bleu,ap-s1,A,,2785
SIM-04005,2023-07-03,lundi,Finance,Allemagne, TPE ,Pro,19,6,2,33.3,10,"4,4",16,5,2,2,1,4.6,5,0,163.85,vert,eu-w1,B,,3896
SIM-04006,2024-10-10,jeudi,Santé,France,TPE,STARTER,4,8,5,62.5,24,10.3,8,3,3,2,3,22.5,4,1,110.61,sombre,eu-w1,control,,3356
SIM-04007,15 Sep 2023,vendredi,Industrie,France,PME,Pro,17,58,35,"60,3",1,0.3,16,8,3,2,1,8.0,4,0,1522.38,bleu,eu-w3,control,"Compte engagé, ambassadeur potentiel.",23719
SIM-04008,2024-11-02,samedi,Finance,France,pme,Starter,3,43,24,55.8,30,18.2,8,3,2,0,3,"22,9",4,1,544.2,bleu,ap-s1,control,,5355
SIM-04009,29 Sep 2024,dimanche,Éducation,France,TPE,STARTER,4,4,2,50.0,12,5.7,8,4,0,2,1,20.5,5,5,34.41,sombre,us-e1,B,,310
SIM-04010,02 Jan 2024,mardi,Tech,Allemagne,PME,BUSINESS,13,54,24,"44,4",5,1.4,26,4,4,3,3,"5,1",3,2,2863.66,sombre,eu-w1,B,RAS.,75142
SIM-04011,2024-12-05,jeudi,éducation,Espagne, PME , Business ,2,24,8,33.3,1,,26,8,0,7,2,,,0,1102.43,clair,ap-s1,control,,18080
SIM-04012,04 Mar 2024,lundi,Tech,, PME ,Pro,11,50,34,68.0%,72,50.4,16,12,2,1,0,11.0,5,1,1559.64 €,sombre,eu-w3,A,RAS.,19184
SIM-04013,2024-12-04,mercredi,ÉDUCATION,France,TPE,Starter,2,3,2,66.7,15,"9,1",8,4,1,0,3,28.7 h,3,3,"38,55",sombre,eu-w3,control,,348
SIM-04014,27 Sep 2024,vendredi,Industrie,Canada,GE,ENTERPRISE,4,785,304,38.7,7,0.7,40,3,0,2,0,,4,0,43438.47,vert,eu-w3,control,,320576
SIM-04015,2024-02-02,vendredi,FINANCE,France,GE,Business,12,183,0,"0,0",0,0.0,26,0,0,80,1,6.3,2,0,8194.96,vert,ap-s1,control,,107518
SIM-04016,2023-04-12,mercredi,TECH,France,PME,Business,22,10,4,40.0%,8,"5,3",26,1,,0,2,3.8 h,3,0,478.1 €,bleu,ap-s1,control,RAS.,45085
SIM-04017,02/01/2025,jeudi,Public,France,PME, Pro ,1,21,15,71.4,17,1.5,16,7,0,1,5,16.7 h,3,5,438.63,clair,ap-s1,control,,5395
SIM-04018,17 Oct 2022,lundi,Industrie,Canada,TPE, Pro ,28,9,4,44.4,42,15.8,16,7,5,1,0,4.3,5,,"259,46",bleu,eu-w1,B,"Compte engagé, ambassadeur potentiel.",5106
SIM-04019,11/10/2023,mercredi,Tech,France,pme,Pro,16,24,0,0.0%,0,0.0,16,0,0,99,5,14.8,3,0,"585,96",bleu,eu-w3,control,"Compte peu actif, relance nécessaire.",20180
SIM-04020,03/01/2025,vendredi,Commerce,Canada,TPE,pro,1,5,4,80.0%,55,,16,10,1,0,0,3.1,5,3,124.8,violet,eu-w1,control,Compte dans la moyenne.,1433
SIM-04021,2023-11-14,mardi,Éducation,Canada,GE, Enterprise ,15,884,829,93.8,71,50.8,40,22,4,0,5,4.5,3,0,76511.23,vert,us-e1,B,,1882176
SIM-04022,2024-06-14,vendredi,Industrie,Belgique,ETI,Pro,8,217,145,"66,8",44,25.0,16,8,1,0,2,13.1,4,0,5197.48,sombre,ap-s1,control,,21310
SIM-04023,16 Apr 2023,dimanche,Commerce,France, ETI ,Pro,22,105,15,14.3,1,,16,4,2,2,0,8.1,5,0,2198.24,violet,ap-s1,control,,14420
SIM-04024,29/01/2024,lundi,,Belgique, PME ,Starter,12,31,16,51.6,28,"13,0",8,4,2,1,0,15.0,3,1,402.18 €,bleu,eu-w3,control,,5606
SIM-04025,02 Jun 2024,dimanche,Santé,France,TPE,ENTERPRISE,8,7,4,57.1,19,5.5,40,13,1,0,5,4.9 h,2,2,567.71,sombre,ap-s1,B,"Client insatisfait, risque de départ.",7448
SIM-04026,01/04/2024,lundi,Santé,France,ETI,Business,10,96,35,36.5%,10,1.5,26,5,3,1,11,10.1,3,1,3644.47,violet,eu-w1,B,Support très sollicité récemment.,35862
SIM-04027,07 Aug 2023,lundi,Tech,,PME,Enterprise,18,48,30,62.5,20,"12,9",40,13,2,0,4,3.6,2,1,4048.98,clair,eu-w3,control,"Client insatisfait, risque de départ.",102925
SIM-04028,17/07/2023,lundi,Tech,France,eti,BUSINESS,19,44,28,63.6%,30,"14,4",26,10,3,0,0,2.3 h,4,0,2264.69,sombre,eu-w1,A,Client très satisfait et actif.,79853
SIM-04029,12/06/2024,mercredi,Commerce,France,TPE,STARTER,8,5,4,"80,0",91,70.3,8,5,2,0,1,"19,2",5,1,"59,22",vert,us-e1,A,Suivi standard.,1263
SIM-04030,2023-08-14,lundi,,Belgique,GE, Enterprise ,18,714,226,31.7%,3,1.9,40,7,2,1,5,4.3,,0,52007.86 €,bleu,ap-s1,B,"Client insatisfait, risque de départ.",554404
SIM-04031,27 Dec 2024,vendredi,Finance,Espagne,TPE,Business,1,1,1,100.0%,14,2.4,26,5,0,2,0,"2,9",5,2,35.87,clair,eu-w1,B,RAS.,300
SIM-04032,05 Aug 2024,lundi,commerce,Canada,PME,Starter,6,56,33,58.9,33,15.6,8,2,3,0,2,20.2,,1,"553,25",vert,us-e1,A,,7259
SIM-04033,08/06/2023,jeudi, Industrie ,Suisse, TPE , Starter ,20,2,0,,0,0.0,8,0,0,48,1,26.6 h,3,0,26.37,sombre,eu-w3,B,Faible adoption des sièges.,541
SIM-04034,30 Jan 2024,mardi,public,France,TPE,Starter,12,1,1,100.0,69,13.7,8,5,1,1,3,,4,1,12.98 €,vert,eu-w1,B,,362
SIM-04035,2024-12-27,vendredi,Tech,France, PME ,Starter,1,30,13,"43,3",17,10.8,8,4,0,0,8,35.1,3,5,"301,52",violet,us-e1,A,Support très sollicité récemment.,2720
SIM-04036,2023-08-05,samedi, Public ,France,PME,Pro,18,55,22,40.0,11,6.8,16,5,6,0,2,13.1,2,0,1386.53,clair,eu-w1,control,Mécontentement exprimé au support.,29561
SIM-04037,17/03/2023,vendredi,commerce,Allemagne,PME,STARTER,23,32,20,62.5%,17,"0,8",8,4,5,1,5,,2,0,428.59 €,sombre,eu-w3,control,"Client insatisfait, risque de départ.",36199
SIM-04038,2024-05-13,lundi,Santé,Espagne, PME ,Pro,9,54,12,,5,1.2,16,4,1,2,7,13.3,3,1,1453.41,bleu,eu-w3,control,"Multiples tickets ouverts, friction élevée.",51247
SIM-04039,29/05/2024,mercredi,TECH,Belgique, ETI ,Business,8,100,54,54.0,6,"2,8",26,9,4,5,6,8.2 h,3,2,5380.23 €,violet,eu-w3,control,,233825
SIM-04040,14 May 2024,mardi,commerce,France,PME,enterprise,9,34,14,41.2%,12,4.6,40,21,2,2,3,4.8,1,1,3015.05,vert,eu-w1,A,"Client insatisfait, risque de départ.",54392
SIM-04041,2024-12-30,lundi,Tech,Belgique,ETI,BUSINESS,1,143,0,0.0,0,0.0,26,0,0,30,3,6.6,3,2,6605.34,sombre,us-e1,A,Faible adoption des sièges.,173324
SIM-04042,08 Jan 2025,mercredi,Santé,France,PME,Pro,1,25,4,"16,0",1,"0,3",16,5,0,5,6,"11,2",4,2,"566,84",clair,eu-w3,A,Faible adoption des sièges.,3254
SIM-04043,04 Jan 2024,jeudi,Finance,Canada,PME, Enterprise ,13,57,14,"24,6",1,0.1,40,11,6,17,0,"0,5",5,0,3824.7,clair,eu-w1,B,Déploiement interne limité.,21954
SIM-04044,2024-11-03,dimanche,Public,France,TPE,Enterprise,3,11,1,9.1,1,"0,4",40,1,0,3,2,0.5,4,1,658.0,vert,eu-w1,B,,3777
SIM-04045,2024-07-10,mercredi, Tech ,France,ETI,ENTERPRISE,7,168,157,"93,5",72,41.8,40,34,1,2,0,"2,5",4,1,14732.63 €,vert,us-e1,A,,410746
SIM-04046,19/05/2023,vendredi,ÉDUCATION,Belgique,tpe,Starter,21,2,1,50.0%,11,2.2,8,2,5,2,2,30.1,2,0,26.58,violet,eu-w1,control,,1373
SIM-04047,15 May 2023,lundi,tech,Suisse,tpe,Starter,21,7,3,42.9,18,9.9,8,4,3,2,4,"32,5",5,0,83.93 €,violet,ap-s1,control,,2134
SIM-04048,2023-03-05,dimanche,Tech,,tpe,Pro,23,3,2,"66,7",58,50.4,16,13,7,0,0,8.1,5,0,76.59,sombre,eu-w3,control,,1130
SIM-04049,12 Apr 2023,mercredi,Éducation,Allemagne,ETI,Business,22,63,46,73.0,60,,26,13,,2,0,2.6,,0,3398.12 €,sombre,ap-s1,B,"Compte engagé, ambassadeur potentiel.",103099
SIM-04050,06 Feb 2024,mardi, Finance ,France,pme,Pro,12,26,17,,27,13.0,16,10,1,0,2,14.4,3,1,702.77,sombre,eu-w3,B,Suivi standard.,4610
SIM-04051,2023-08-18,vendredi,Public,Suisse, PME ,business,18,17,7,"41,2",39,"24,2",26,16,1,1,5,6.4,2,0,894.94 €,bleu,eu-w1,B,,13943
SIM-04052,02 May 2024,jeudi, Santé ,Belgique,TPE,Pro,9,6,3,50.0,9,3.1,16,6,3,6,5,12.2,3,3,144.83 €,vert,us-e1,B,RAS.,3088
SIM-04053,10/09/2024,mardi, Tech ,Belgique,PME,Starter,5,28,10,35.7,16,3.4,8,3,0,3,6,23.0,3,1,355.13,vert,eu-w3,control,,4077
SIM-04054,04/03/2024,lundi, Tech ,France,ETI,Business,11,162,116,"71,6",41,24.3,26,8,3,2,4,3.8,3,,7502.83,vert,ap-s1,control,,178417
SIM-04055,14 May 2024,mardi,COMMERCE,France, PME , Starter ,9,27,18,66.7,45,16.3,8,3,2,0,4,26.6,3,1,409.98,bleu,ap-s1,A,,17145
SIM-04056,2024-12-29,dimanche,,France,PME,Starter,1,26,17,65.4,45,"32,5",8,5,0,0,2,26.9,4,,"278,99",violet,us-e1,B,,3203
SIM-04057,26 Dec 2024,jeudi,éducation,Allemagne,TPE,Starter,1,9,7,77.8,45,15.9,8,2,0,0,5,"26,8",4,0,109.08,vert,us-e1,A,Suivi standard.,2415
SIM-04058,2024-06-09,dimanche,Industrie,France,ETI,Pro,8,128,116,"90,6",83,31.3,16,9,0,0,1,12.8,3,0,3098.68,bleu,eu-w1,control,Compte dans la moyenne.,55900
SIM-04059,14/11/2023,mardi, Industrie ,France,PME,PRO,15,41,18,43.9,8,2.1,16,2,2,5,5,"20,6",3,0,,clair,eu-w1,B,,12449
SIM-04060,09/08/2024,vendredi,Éducation,Canada,TPE,Business,6,7,3,42.9,15,6.0,26,12,3,0,4,7.9,3,0,291.31 €,bleu,ap-s1,control,Compte dans la moyenne.,5733
SIM-04061,2024-02-15,jeudi,Tech,France,TPE, Starter ,12,4,1,"25,0",3,"1,4",8,3,1,1,3,34.6,2,0,48.89,clair,ap-s1,A,"Client insatisfait, risque de départ.",300
SIM-04062,2024-10-30,mercredi,Éducation,Espagne, PME , Business ,3,27,0,"0,0",0,"0,0",26,0,0,32,2,10.6 h,3,,,bleu,eu-w1,A,Déploiement interne limité.,11376
SIM-04063,2024-07-08,lundi,finance,France,PME,Business,7,53,12,22.6,1,0.8,26,6,0,1,2,7.1,,1,"2368,02",sombre,eu-w3,A,Faible adoption des sièges.,31068
SIM-04064,09/12/2023,samedi,Finance,France, ETI ,Business,14,69,36,,6,"0,6",26,8,6,1,1,3.8,4,0,2829.17 €,bleu,ap-s1,control,,20879
SIM-04065,30/01/2024,mardi,tech,Suisse, PME ,Starter,12,47,42,89.4,79,45.7,8,5,2,0,2,"28,7",3,0,845.35,clair,eu-w1,B,,31193
SIM-04066,2023-01-13,vendredi,Industrie,Espagne,PME,Starter,25,8,6,"75,0",39,20.6,8,6,4,2,4,29.8,4,0,,clair,eu-w3,A,,3885
SIM-04067,02/01/2025,jeudi, Commerce ,France,TPE,Pro,1,6,5,83.3,85,18.7,16,11,0,1,0,,4,4,169.44,clair,ap-s1,control,,5697
SIM-04068,14/05/2024,mardi,COMMERCE,France,ETI,BUSINESS,9,108,63,58.3,15,15.1,26,16,3,3,5,2.8,4,2,6091.21,bleu,eu-w1,control,"Compte engagé, ambassadeur potentiel.",139854
SIM-04069,11 Jan 2024,jeudi,Santé,,ETI,Enterprise,13,146,43,29.5,9,4.6,40,14,3,1,0,1.2,5,0,11497.46,sombre,eu-w1,control,Client très satisfait et actif.,131991
SIM-04070,30/09/2023,samedi,,France, PME , Starter ,16,50,0,"0,0",0,0.0,8,0,,32,7,35.2,1,0,733.48,violet,eu-w1,control,,68566
SIM-04071,2024-08-27,mardi,Finance,Allemagne,TPE,Pro,5,3,1,33.3,1,"0,1",16,0,1,12,2,9.7 h,5,1,50.89,violet,eu-w1,A,,2045
SIM-04072,28/10/2024,lundi,tech,France,TPE,pro,3,9,0,"0,0",0,0.0,16,0,0,84,3,11.1,3,0,206.57,violet,eu-w1,B,"Compte peu actif, relance nécessaire.",1186
SIM-04073,31 Jul 2024,mercredi, Finance ,France,PME,Pro,6,34,15,44.1,25,1.2,16,6,1,3,4,20.5 h,3,1,973.05,clair,eu-w3,control,,12766
SIM-04074,03 Jun 2024,lundi,,Espagne,ETI,Starter,8,108,57,52.8%,30,6.2,8,3,2,1,2,25.9 h,,,1271.92,violet,eu-w3,B,,8344
SIM-04075,02 Oct 2023,lundi,TECH,France,PME,Pro,16,21,9,42.9,14,,16,6,3,0,2,,3,0,600.75,bleu,ap-s1,B,RAS.,16256
SIM-04076,2023-07-04,mardi,Industrie,France,PME,starter,19,53,34,64.2,8,0.4,8,2,3,5,0,9.8,5,,724.82,violet,us-e1,control,,60624
SIM-04077,02/01/2024,mardi,Public,France,tpe,Pro,13,7,2,28.6,1,0.3,16,5,2,21,3,14.2 h,3,0,202.95,bleu,eu-w3,B,,5658
SIM-04078,18/04/2023,mardi, Finance ,Espagne,TPE,Pro,22,11,9,,79,"57,7",16,10,4,1,4,14.0,4,0,303.54,sombre,us-e1,A,,7218
SIM-04079,08 Oct 2023,dimanche, Santé ,France,pme,Pro,16,23,16,69.6%,18,9.3,16,7,3,0,5,14.2,3,0,636.49,bleu,eu-w1,B,,12526
SIM-04080,06 Jan 2024,samedi,,Allemagne,GE,Enterprise,13,414,318,76.8,62,45.3,40,17,1,0,1,3.8,4,0,"34121,03",clair,us-e1,A,,671502
SIM-04081,02/04/2024,mardi,Finance,France, PME ,Starter,10,13,6,46.2,11,,8,3,3,1,7,"28,8",3,0,168.92,vert,ap-s1,control,"Multiples tickets ouverts, friction élevée.",4432
SIM-04082,02/01/2025,jeudi,Tech,France,pme,STARTER,1,17,6,35.3,6,"2,7",8,1,,3,1,23.4,3,2,"162,91",violet,eu-w1,A,RAS.,935
SIM-04083,16 Feb 2023,jeudi,Santé,Suisse,PME,Pro,24,22,20,90.9,88,43.4,16,10,6,0,0,0.5,5,0,539.43,sombre,us-e1,control,,8404
SIM-04084,28 Dec 2024,samedi,Commerce,France,PME,enterprise,1,52,38,73.1,34,"16,4",40,10,1,1,0,2.5,4,5,3652.42,sombre,eu-w1,control,,35940
SIM-04085,05/08/2023,samedi,Industrie,France,ETI,Pro,18,37,29,78.4,47,"32,8",16,9,5,1,5,"8,9",4,0,1039.84,clair,eu-w1,B,Client très satisfait et actif.,39223
SIM-04086,06/11/2024,mercredi,Santé,France,TPE,PRO,3,7,1,14.3,1,0.1,16,3,0,0,2,14.8,3,1,"152,7",bleu,us-e1,A,Déploiement interne limité.,1127
SIM-04087,05 Dec 2023,mardi, Éducation ,Canada, TPE ,Pro,14,8,2,25.0,5,0.5,16,6,3,2,0,11.3,5,0,178.48 €,clair,eu-w1,control,,11708
SIM-04088,2024-07-01,lundi,Tech,France,TPE,Pro,7,5,1,20.0,1,"0,1",16,0,2,30,0,9.5,4,2,119.5,clair,us-e1,control,Faible adoption des sièges.,1078
SIM-04089,21/12/2022,mercredi,Commerce,France,pme,Pro,26,32,17,53.1%,30,17.8,16,6,3,1,5,18.1,2,0,1007.09,bleu,us-e1,control,,51200
SIM-04090,14/09/2023,jeudi, Public ,France,TPE,Pro,17,1,1,"100,0",61,37.3,16,5,2,1,4,19.5,1,0,32.11,sombre,us-e1,control,"Client insatisfait, risque de départ.",658
SIM-04091,06 Jun 2023,mardi,Santé,Espagne,ETI,Enterprise,20,113,90,"79,6",63,44.1,40,14,2,1,5,"6,0",2,0,9206.91,bleu,ap-s1,control,,158543
SIM-04092,2024-07-28,dimanche,Industrie,France,tpe, Starter ,6,10,6,60.0,17,7.9,8,2,3,3,2,,3,0,,vert,eu-w1,B,Suivi standard.,7257
SIM-04093,23/12/2024,lundi,Éducation,Allemagne,PME,BUSINESS,1,46,36,78.3,49,"28,5",26,15,0,0,0,"2,1",5,1,2025.39 €,clair,us-e1,control,,24912
SIM-04094,2024-05-06,lundi,Tech,Canada,ETI,pro,9,192,93,48.4,1,0.5,16,7,0,17,0,6.8,,0,5957.41,sombre,eu-w3,control,RAS.,341955
SIM-04095,30/11/2023,jeudi, Industrie ,Canada,TPE,Pro,14,7,6,85.7,57,"24,7",16,5,3,3,2,19.1,3,0,186.47,vert,eu-w1,A,Suivi standard.,3364
SIM-04096,13 Aug 2024,mardi,Éducation,Suisse,GE,business,6,615,588,95.6%,87,52.4,26,17,1,1,1,8.7,4,1,"34003,36",sombre,eu-w3,A,,1310489
SIM-04097,2024-11-11,lundi,SANTÉ,Canada,ETI,Enterprise,3,70,7,10.0%,1,"0,1",40,4,0,28,0,0.5,4,0,3558.53,clair,ap-s1,B,Faible adoption des sièges.,20426
SIM-04098,05 Nov 2024,mardi, Industrie ,Suisse,GE,Enterprise,3,456,257,56.4,37,32.9,40,18,0,1,1,4.4,4,1,32221.15,violet,ap-s1,B,RAS.,607691
SIM-04099,11/12/2022,dimanche,Éducation,France,TPE,Pro,26,7,3,42.9,10,"4,5",16,4,13,6,4,7.5,4,0,"166,12",vert,ap-s1,B,"Compte engagé, ambassadeur potentiel.",1362
SIM-04100,2023-07-12,mercredi,PUBLIC,Espagne,PME,Starter,19,9,6,66.7,43,25.8,8,4,4,1,2,"21,2",4,0,127.73,clair,us-e1,control,Client très satisfait et actif.,12569
SIM-04101,2025-01-07,mardi,commerce,,TPE,STARTER,1,9,5,55.6,27,"16,1",8,3,0,0,2,28.5 h,4,4,101.37,clair,eu-w1,B,RAS.,582
SIM-04102,2024-12-25,mercredi,Industrie,France,GE,pro,1,715,141,19.7,3,1.3,16,2,0,1,4,"12,0",3,2,17286.54,clair,eu-w3,A,,184275
SIM-04103,2024-02-07,mercredi,Commerce,Suisse,TPE,Starter,12,4,1,25.0,14,"5,3",8,2,4,0,4,27.5 h,2,0,47.29,sombre,eu-w3,A,Mécontentement exprimé au support.,853
SIM-04104,12 May 2023,vendredi,Éducation,France,pme, Pro ,21,35,10,"28,6",1,0.4,16,3,5,15,5,14.1,3,0,"955,72",violet,us-e1,A,Suivi standard.,20376
SIM-04105,14 Oct 2023,samedi,Tech,Suisse,ETI,Business,16,198,92,"46,5",18,10.8,26,15,1,0,1,2.5,4,0,8847.81,clair,eu-w3,control,,261187
SIM-04106,04 Jan 2025,samedi,COMMERCE,Canada,ETI,Pro,1,136,73,53.7,15,2.1,16,5,1,2,3,20.3,2,4,3070.34,sombre,eu-w1,A,,20141
SIM-04107,12/02/2023,dimanche,industrie,France,PME,Business,24,48,20,41.7,1,0.5,26,8,7,30,0,3.0,5,0,2214.47,sombre,eu-w1,control,,38133
SIM-04108,11 Sep 2023,lundi,,Allemagne,TPE,Pro,17,10,3,30.0%,4,0.2,16,4,5,4,0,5.6,3,0,"203,87",clair,eu-w3,A,Suivi standard.,1505
SIM-04109,2023-12-07,jeudi, Santé ,France,GE,Enterprise,14,258,201,77.9,71,38.4,40,32,2,3,0,1.9,3,0,22929.24 €,bleu,eu-w3,A,,582861
SIM-04110,2023-07-06,jeudi,SANTÉ,Canada, TPE ,Starter,19,2,1,"50,0",26,6.2,8,2,1,1,6,35.8,2,0,28.07,vert,eu-w1,B,,2762
SIM-04111,27 Dec 2024,vendredi,Finance,Belgique,GE, Enterprise ,1,817,229,28.0,11,2.4,40,16,0,4,1,6.5,3,2,66515.81,bleu,eu-w3,B,,436344
SIM-04112,29 Sep 2024,dimanche,COMMERCE,Suisse,GE,Enterprise,4,428,256,59.8,6,"1,0",40,16,0,25,6,6.8,4,2,38243.55 €,clair,us-e1,control,,689914
SIM-04113,02 Nov 2024,samedi,,France,GE,BUSINESS,3,891,708,,22,8.3,26,11,0,0,2,9.7,5,2,40996.35,sombre,ap-s1,control,Suivi standard.,537872
SIM-04114,17/10/2023,mardi,Éducation,France,GE,business,16,450,247,"54,9",31,"4,0",26,9,3,1,5,6.6,3,0,19063.05,clair,us-e1,control,,375161
SIM-04115,2025-01-08,mercredi,Industrie,Belgique,ETI,Business,1,112,83,74.1,33,18.8,26,11,0,1,1,,3,3,4011.37 €,vert,ap-s1,B,,42761
SIM-04116,2024-04-07,dimanche,Éducation,France,tpe,Starter,10,4,3,75.0,68,58.1,8,4,5,0,0,4.2,5,0,54.0,clair,eu-w3,A,"Compte engagé, ambassadeur potentiel.",531
SIM-04117,2024-03-07,jeudi,Industrie,Belgique,PME,Starter,11,38,16,42.1%,9,3.1,8,2,3,1,0,"9,2",5,0,"409,4",bleu,eu-w3,control,"Compte engagé, ambassadeur potentiel.",11078
SIM-04118,04/09/2024,mercredi,Tech,France,ETI,Pro,5,193,143,74.1,52,28.6,16,6,0,1,2,12.8,3,0,"5228,1",violet,eu-w3,A,RAS.,98602
SIM-04119,10/05/2024,vendredi,commerce,France,TPE, Business ,9,4,1,"25,0",1,0.1,26,4,2,8,1,5.2,4,0,200.15,violet,eu-w3,A,,4431
SIM-04120,11 Mar 2024,lundi,Éducation,France,PME,pro,11,33,25,75.8,38,21.5,16,8,4,2,0,2.5,5,0,845.28,violet,ap-s1,B,Client très satisfait et actif.,51985
SIM-04121,2024-10-11,vendredi,Éducation,Suisse,PME,Business,4,50,35,70.0,48,"38,0",26,17,0,1,0,4.7,5,1,"1973,21",clair,us-e1,A,,11326
SIM-04122,18 Jul 2023,mardi,Santé,Canada,PME,Business,19,43,30,69.8,54,41.2,26,15,3,1,3,5.4,2,0,2315.3,sombre,ap-s1,B,Mécontentement exprimé au support.,68348
SIM-04123,10/03/2024,dimanche,Éducation,Espagne,PME,business,11,29,25,86.2%,55,,26,13,2,1,2,,5,0,1605.58,sombre,eu-w1,B,,40814
SIM-04124,2024-11-11,lundi,TECH,France, ETI , Enterprise ,3,218,31,14.2,2,0.5,40,9,0,9,0,0.5,3,0,16145.25,violet,eu-w1,A,,132391
SIM-04125,27/07/2024,samedi,Industrie,France,ETI,Pro,6,176,116,65.9%,21,8.1,16,7,4,4,9,14.5,3,0,4614.72,clair,ap-s1,B,"Multiples tickets ouverts, friction élevée.",60545
SIM-04126,03/05/2023,mercredi,,Canada,TPE,Starter,21,5,5,100.0,77,49.9,8,5,6,0,2,"30,5",3,0,58.36,violet,eu-w3,A,,335
SIM-04127,21/04/2023,vendredi, Finance ,France,TPE,Pro,22,4,2,50.0%,29,"22,7",16,4,7,1,0,"4,9",5,0,"107,21",bleu,eu-w3,B,,3165
SIM-04128,09/01/2024,mardi,public,Belgique,TPE,Enterprise,13,7,6,85.7,52,46.6,40,21,2,1,4,4.5,3,0,,vert,ap-s1,control,,13866
SIM-04129,19 Jul 2023,mercredi,PUBLIC,France,PME, Enterprise ,19,16,7,43.8,20,9.1,40,14,,1,5,2.3,3,0,1445.18,violet,us-e1,A,,71103
SIM-04130,10/09/2023,dimanche,Tech,Belgique,ETI,Business,17,215,137,,40,29.6,26,8,2,1,4,6.1,,0,10676.68,vert,ap-s1,control,,288911
SIM-04131,2024-10-26,samedi,Industrie,Allemagne,TPE,Pro,3,2,1,50.0,10,2.5,16,4,0,0,3,,2,2,45.51 €,bleu,us-e1,B,,411
SIM-04132,07/05/2024,mardi,SANTÉ,France,TPE, Business ,9,6,3,"50,0",7,"0,6",26,4,1,21,5,9.8,1,1,235.49,bleu,eu-w3,A,"Client insatisfait, risque de départ.",2510
SIM-04133,17/12/2023,dimanche,Santé,, PME ,PRO,14,25,9,36.0,1,,16,4,1,6,5,20.4,2,0,631.41,clair,us-e1,B,,7249
SIM-04134,07/05/2024,mardi, Santé ,France,PME, Starter ,9,28,2,7.1,1,0.1,8,0,0,4,5,35.8,2,0,211.47,sombre,us-e1,control,,1214
SIM-04135,2023-11-03,vendredi,Finance,Allemagne,TPE, Pro ,15,3,2,66.7,54,49.3,16,8,9,1,0,6.1,5,0,76.07,violet,ap-s1,A,,4242
SIM-04136,07 May 2023,dimanche, Commerce ,Allemagne,TPE,starter,21,7,2,28.6,1,0.1,8,1,7,8,0,13.3 h,4,0,86.26,violet,ap-s1,control,Client très satisfait et actif.,2476
SIM-04137,10 Jul 2023,lundi,COMMERCE,France,ETI,Business,19,184,160,87.0,79,,26,12,4,4,0,1.8,,0,"9183,04",violet,eu-w3,A,,271083
SIM-04138,2024-09-03,mardi,Tech,Canada,PME,pro,5,34,32,94.1%,107,"113,4",16,11,1,0,0,10.0,5,0,812.85,violet,ap-s1,control,Compte dans la moyenne.,28661
SIM-04139,2025-01-08,mercredi,Industrie,Espagne,TPE,STARTER,1,9,4,44.4,11,4.5,8,4,0,4,2,27.7,,3,115.46,sombre,eu-w1,control,,1799
SIM-04140,02/06/2024,dimanche,Santé,France,TPE,starter,8,2,1,50.0%,6,1.3,8,1,1,0,5,21.1 h,5,0,27.62,clair,eu-w1,B,,544
SIM-04141,2023-11-29,mercredi,Commerce,Espagne,ETI,Business,14,57,44,77.2,29,12.9,26,8,,1,1,1.8 h,4,0,"2411,27",vert,us-e1,control,,108748
SIM-04142,17 Nov 2023,vendredi,tech,Suisse,ETI,Starter,15,95,70,73.7,42,27.9,8,2,4,1,5,22.0,5,0,1487.34,violet,us-e1,A,,26832
SIM-04143,2022-10-18,mardi,Tech,Belgique,tpe,Pro,28,8,2,25.0%,7,0.4,16,0,4,7,2,13.5,4,0,199.11,bleu,ap-s1,B,,2286
SIM-04144,01/09/2024,dimanche,industrie,France, TPE ,Pro,5,5,2,40.0%,28,3.0,16,9,1,1,0,,,1,,clair,eu-w3,A,RAS.,3151
SIM-04145,12 Mar 2024,mardi, Finance ,Belgique,TPE, Starter ,11,6,1,"16,7",1,0.9,8,3,1,8,3,29.5,2,,68.72,violet,eu-w3,control,Mécontentement exprimé au support.,1747
SIM-04146,30 Jan 2024,mardi,public,France,TPE,Starter,12,1,1,100.0,69,13.7,8,5,1,1,3,,4,1,12.98 €,vert,eu-w1,B,,362
SIM-04147,2024-07-10,mercredi, Tech ,France,ETI,ENTERPRISE,7,168,157,"93,5",72,41.8,40,34,1,2,0,"2,5",4,1,14732.63 €,vert,us-e1,A,,410746
SIM-04148,2025-01-01,mercredi, Commerce ,,PME, Pro ,1,46,18,"39,1",11,2.7,16,3,0,2,1,"6,5",3,4,994.76 €,clair,ap-s1,B,RAS.,19577
SIM-04149,2024-12-31,mardi,commerce,France, TPE ,business,1,11,7,63.6,25,16.6,26,10,0,0,6,5.3,2,4,"435,74",vert,eu-w1,A,,3930
SIM-04150,2023-12-02,samedi,Tech,Allemagne,pme,Starter,14,49,44,89.8,85,"17,2",8,4,2,2,6,,2,0,740.88,vert,us-e1,B,"Client insatisfait, risque de départ.",18226
SIM-04151,23 Dec 2024,lundi,TECH,,tpe,Starter,1,10,6,"60,0",40,"30,2",8,3,0,0,1,21.1,5,2,129.34,vert,us-e1,B,,1273
SIM-04152,26 Jun 2024,mercredi,Commerce,Canada,TPE, Starter ,7,6,2,"33,3",1,0.1,8,2,2,2,2,23.8,4,0,"60,78",vert,ap-s1,B,Suivi standard.,399
SIM-04153,2023-12-10,dimanche,Commerce,Canada,pme, Business ,14,20,9,45.0%,20,3.0,26,8,2,1,8,7.4 h,,0,"913,07",violet,eu-w3,control,Mécontentement exprimé au support.,32944
SIM-04154,20 Mar 2023,lundi,Commerce,France, ETI ,Business,23,130,0,0.0%,0,0.0,26,0,,70,3,6.6 h,5,,6007.5,violet,ap-s1,B,,187194
SIM-04155,14/04/2024,dimanche,Industrie,Canada,pme,Pro,10,57,25,43.9,22,2.9,16,4,2,4,0,6.4,5,1,1223.74,bleu,eu-w1,A,Suivi standard.,45156
SIM-04156,01/05/2024,mercredi,Santé,Belgique,PME,starter,9,56,0,0.0,0,"0,0",8,0,0,40,1,23.0,4,1,658.73,sombre,ap-s1,A,,11343
SIM-04157,2025-01-03,vendredi,Éducation,France,TPE,Starter,1,2,1,"50,0",5,1.0,8,4,0,1,2,"27,6",3,6,"17,72",violet,ap-s1,control,,300
SIM-04158,2024-10-07,lundi,Commerce,France,TPE,PRO,4,7,3,42.9%,1,"0,5",16,6,0,18,4,12.2,3,1,198.75,violet,ap-s1,B,,5215
SIM-04159,2023-09-14,jeudi,Tech,France,TPE,Starter,17,1,1,100.0,16,6.1,8,2,4,4,4,21.7,4,0,10.88,bleu,us-e1,control,Client très satisfait et actif.,300
SIM-04160,31 Aug 2024,samedi,Finance,France,PME,Pro,5,40,25,62.5%,22,11.2,16,5,1,2,3,"7,7",5,2,1050.51 €,clair,eu-w1,A,Suivi standard.,10337
SIM-04161,18 Oct 2023,mercredi, Santé ,France,ETI,PRO,16,169,52,30.8,7,"0,4",16,5,4,7,0,0.5,5,0,4315.13,violet,us-e1,control,,99075
SIM-04162,08/09/2023,vendredi,TECH,Suisse,PME,Starter,17,42,13,31.0,1,0.6,8,4,3,22,1,10.5,5,,478.34,violet,ap-s1,B,,2746
SIM-04163,08/03/2024,vendredi,,France,PME,Starter,11,24,11,45.8,22,,8,3,0,0,0,8.9,5,0,,clair,us-e1,control,Suivi standard.,1365
SIM-04164,12/04/2024,vendredi,tech,Canada,eti,ENTERPRISE,10,81,32,39.5%,18,8.9,40,16,3,1,7,2.5,3,0,6856.7,clair,eu-w3,control,,213655
SIM-04165,2023-05-03,mercredi, Tech ,Allemagne,PME,BUSINESS,21,17,9,"52,9",20,"6,2",26,1,2,0,3,10.1,4,,942.98,violet,eu-w1,B,Suivi standard.,52581
SIM-04166,10/05/2024,vendredi,Commerce,Allemagne,PME,PRO,9,24,5,20.8,5,1.8,16,3,4,0,4,13.8,4,0,583.47 €,clair,eu-w3,A,Faible adoption des sièges.,6220
SIM-04167,07/09/2024,samedi,commerce,France, TPE ,Starter,5,9,5,55.6,54,42.0,8,4,0,1,1,22.2,5,3,101.8,bleu,ap-s1,A,,1336
SIM-04168,10 Aug 2024,samedi,Finance,France,ETI,Business,6,107,81,75.7,80,35.2,26,9,1,0,9,"10,3",3,2,"4594,49",violet,eu-w1,A,,48977
SIM-04169,30 May 2024,jeudi,Industrie,France, PME ,STARTER,8,37,24,64.9,43,3.8,8,4,3,1,1,,4,3,517.41,vert,eu-w1,B,"Compte engagé, ambassadeur potentiel.",12728
SIM-04170,2024-06-08,samedi,,France,ETI,Business,8,173,18,10.4,1,0.2,26,4,1,5,3,"5,7",,2,7748.84 €,bleu,us-e1,B,,203330
SIM-04171,01 Mar 2024,vendredi,Éducation,France,GE, Pro ,11,323,95,29.4,1,0.1,16,1,,11,3,9.1,4,0,6475.88 €,clair,ap-s1,control,,42482
SIM-04172,06 Jan 2024,samedi,santé,France,PME, Pro ,13,34,0,"0,0",0,0.0,16,0,0,33,9,"18,9",2,0,722.12,violet,us-e1,B,"Client insatisfait, risque de départ.",8290
SIM-04173,2025-01-06,lundi,santé,France, PME ,Starter,1,24,4,16.7%,1,0.1,8,2,0,4,4,24.3 h,4,1,220.95,violet,eu-w1,B,Déploiement interne limité.,725
SIM-04174,27/12/2024,vendredi,FINANCE,France,PME, Pro ,1,14,8,57.1,25,19.5,16,9,1,0,0,11.9 h,4,2,368.24 €,violet,eu-w3,A,,22949
SIM-04175,09 Jan 2025,jeudi,Finance,France,ETI,enterprise,1,206,102,49.5,22,6.6,40,11,0,0,7,"4,4",5,3,"14003,33",sombre,us-e1,B,,241137
SIM-04176,09/03/2023,jeudi, Tech ,France, TPE ,Starter,23,4,2,50.0,23,8.2,8,3,9,0,4,23.9,,0,59.43,clair,eu-w3,B,,634
SIM-04177,23 Dec 2024,lundi,éducation,France,PME,starter,1,46,3,6.5,1,0.1,8,1,1,26,1,"13,4",4,2,470.84 €,clair,eu-w1,control,Faible adoption des sièges.,6564
SIM-04178,03/12/2024,mardi,Commerce,Allemagne,TPE,Pro,2,3,1,33.3,1,"0,3",16,4,0,9,5,"10,5",2,0,"77,14",violet,eu-w1,A,Mécontentement exprimé au support.,696
SIM-04179,2023-02-09,jeudi,commerce,Allemagne, TPE ,Pro,24,11,9,"81,8",66,31.6,16,11,1,1,0,6.3,5,0,311.02,bleu,eu-w3,B,Suivi standard.,15557
SIM-04180,2024-07-14,dimanche, Industrie ,France,TPE,Pro,7,11,0,0.0,0,0.0,16,0,0,138,0,12.5,3,1,229.96,clair,us-e1,B,,1320
SIM-04181,07 Aug 2023,lundi,,France,tpe,STARTER,18,1,1,100.0%,35,1.8,8,2,6,1,6,44.4,2,0,"13,91",bleu,eu-w1,B,Mécontentement exprimé au support.,300
SIM-04182,2023-01-13,vendredi,Commerce,Suisse,GE,Business,25,547,517,94.5,88,59.0,26,12,5,1,2,5.2 h,4,0,29345.3,bleu,ap-s1,control,"Compte engagé, ambassadeur potentiel.",866273
SIM-04183,20/07/2023,jeudi,finance,France,PME,Pro,19,11,8,"72,7",43,32.6,16,7,2,2,1,"14,7",3,0,"270,66",violet,eu-w1,A,,3995
SIM-04184,2024-04-27,samedi,Éducation,France,TPE,Starter,9,7,4,57.1%,22,"8,2",8,2,4,2,2,19.2,5,0,87.3,sombre,us-e1,B,Client très satisfait et actif.,1074
SIM-04185,2024-08-29,jeudi,Tech,Espagne,TPE,Starter,5,11,9,"81,8",52,44.6,8,3,1,1,1,,4,3,111.92,sombre,ap-s1,A,,2845
SIM-04186,09/10/2023,lundi, Commerce ,France,ETI,business,16,181,80,44.2%,5,4.2,26,12,4,7,3,7.5 h,,0,,sombre,us-e1,B,,91837
SIM-04187,2024-11-11,lundi,TECH,France, ETI , Enterprise ,3,218,31,14.2,2,0.5,40,9,0,9,0,0.5,3,0,16145.25,violet,eu-w1,A,,132391
SIM-04188,01/07/2024,lundi,Santé,Belgique,GE,pro,7,621,477,76.8%,57,36.3,16,7,1,0,4,15.6 h,1,3,20765.16 €,bleu,eu-w1,A,,204329
SIM-04189,02 Oct 2023,lundi,Public,France,PME,Pro,16,23,11,47.8,1,0.4,16,1,4,0,1,9.0,4,0,644.91 €,vert,us-e1,A,Client très satisfait et actif.,13749
SIM-04190,01/10/2023,dimanche,Finance,Allemagne,TPE, Starter ,16,2,1,"50,0",8,3.2,8,4,5,1,6,,3,0,"25,24",violet,ap-s1,control,,621
SIM-04191,24/10/2024,jeudi,INDUSTRIE,Suisse,PME,Pro,3,42,12,28.6,1,,16,4,1,30,6,,4,3,"983,02",sombre,eu-w1,A,,5643
SIM-04192,2023-04-14,vendredi,TECH,France,PME,ENTERPRISE,22,54,46,"85,2",59,"40,3",40,25,6,1,6,6.4,,0,4424.28,sombre,ap-s1,A,,286605
SIM-04193,2023-07-19,mercredi,Tech,France,ETI,Business,19,91,15,16.5%,1,0.4,26,3,2,12,4,5.5 h,3,0,3649.81,vert,eu-w3,control,Déploiement interne limité.,44893
SIM-04194,2024-10-09,mercredi,INDUSTRIE,France,GE,BUSINESS,4,855,451,52.7%,16,1.7,26,8,1,2,0,9.4,2,1,36264.48,sombre,ap-s1,A,"Client insatisfait, risque de départ.",297369
SIM-04195,2024-09-10,mardi,TECH,France,ETI,Business,5,99,16,16.2%,1,0.1,26,2,0,30,6,6.5,3,1,"4561,89",violet,eu-w1,B,,48630
SIM-04196,11/04/2024,jeudi, Commerce ,France,PME,Business,10,30,21,"70,0",75,"39,1",26,10,2,0,0,6.0,,0,"1503,32",violet,us-e1,A,Compte dans la moyenne.,16025
SIM-04197,05/12/2024,jeudi,Santé,France,ETI,enterprise,2,134,42,31.3%,1,0.1,40,5,0,30,2,4.1,5,2,11121.92 €,clair,eu-w3,control,,392159
SIM-04198,29/02/2024,jeudi, Commerce ,France,pme, Pro ,11,55,20,"36,4",3,1.2,16,2,2,26,0,"10,6",3,1,1458.76,violet,eu-w1,control,,13158
SIM-04199,2024-02-27,mardi,Éducation,France,TPE, Pro ,11,8,5,62.5%,27,7.6,16,4,2,1,1,"10,1",,0,,bleu,us-e1,A,Compte dans la moyenne.,3166
SIM-04200,29 Apr 2024,lundi,Tech,Belgique,TPE,Pro,9,11,6,54.5,17,4.0,16,4,1,8,6,,3,1,229.96,clair,ap-s1,B,,1131
SIM-04201,30 Dec 2024,lundi,Industrie,France,TPE,Pro,1,11,5,45.5,8,"1,0",16,2,0,6,0,"9,5",,1,"297,43",bleu,ap-s1,control,Suivi standard.,1219
SIM-04202,03 Jan 2024,mercredi,COMMERCE,Suisse,ETI, Enterprise ,13,199,96,"48,2",4,0.5,40,11,3,0,0,"4,4",3,0,"13484,78",sombre,ap-s1,A,Compte dans la moyenne.,210093
SIM-04203,2025-01-06,lundi,santé,France, PME ,Starter,1,24,4,16.7%,1,0.1,8,2,0,4,4,24.3 h,4,1,220.95,violet,eu-w1,B,Déploiement interne limité.,725
SIM-04204,01/01/2025,mercredi, Commerce ,Suisse,ETI,BUSINESS,1,67,34,50.7%,15,"5,1",26,10,,0,0,1.7,4,4,"2655,94",violet,eu-w1,control,Compte dans la moyenne.,26134
SIM-04205,2024-12-01,dimanche,Finance,Suisse,tpe,starter,2,4,1,25.0,1,0.5,8,2,0,2,8,26.6,2,1,42.4,sombre,eu-w1,A,,348
SIM-04206,2024-04-10,mercredi,Tech,Belgique,PME,Business,10,12,10,83.3,55,32.2,26,12,3,1,4,8.4 h,2,0,620.02,vert,us-e1,A,,24404
SIM-04207,2023-09-30,samedi,Tech,France,PME,Pro,16,58,35,60.3,48,,16,7,1,2,5,18.0,3,0,1582.6,clair,eu-w1,A,,15573
SIM-04208,2024-11-05,mardi,Finance,Canada, ETI ,Pro,3,117,13,11.1%,1,0.4,16,5,1,8,3,,3,2,2732.49,sombre,eu-w3,A,Faible adoption des sièges.,33610
SIM-04209,02 Apr 2024,mardi,Finance,France,TPE,Starter,10,5,4,80.0,72,41.2,8,4,1,0,3,28.2,4,2,"66,06",sombre,eu-w3,control,,2708
SIM-04210,2023-09-07,jeudi,,France,TPE,BUSINESS,17,4,3,75.0,42,22.2,26,7,4,1,0,4.8 h,4,0,163.47,violet,eu-w1,control,,2011
SIM-04211,09 Oct 2024,mercredi,Éducation,France,PME,BUSINESS,4,19,8,42.1,1,0.3,26,11,0,7,0,6.4,2,3,887.83 €,clair,eu-w3,B,"Client insatisfait, risque de départ.",13832
SIM-04212,09 Jan 2025,jeudi,TECH,France,TPE,Starter,1,6,5,83.3,77,29.9,8,6,0,0,6,"30,8",1,4,68.38,violet,eu-w3,A,,300
SIM-04213,2023-06-12,lundi,Industrie,France, GE ,ENTERPRISE,20,750,394,52.5,41,12.0,40,16,7,2,0,,5,0,71551.75,bleu,us-e1,control,"Compte engagé, ambassadeur potentiel.",762742
SIM-04214,2024-02-05,lundi,INDUSTRIE,Allemagne,PME,BUSINESS,12,13,9,69.2,51,26.6,26,13,3,2,3,9.0,3,0,"706,04",bleu,eu-w3,B,,12737
SIM-04215,2024-07-28,dimanche,Industrie,,ETI,Business,6,100,23,"23,0",1,,26,1,2,9,5,13.4,2,1,3420.81 €,clair,us-e1,B,,19635
SIM-04216,01 Aug 2023,mardi,Tech,Belgique,TPE, Pro ,18,2,1,"50,0",14,1.3,16,7,1,1,3,,4,0,51.66 €,vert,ap-s1,B,Suivi standard.,678
SIM-04217,07/07/2024,dimanche,Commerce,France,ETI,Pro,7,167,118,70.7,50,20.1,16,10,4,1,1,"14,4",5,0,4674.21,sombre,ap-s1,A,"Compte engagé, ambassadeur potentiel.",279798
SIM-04218,11 Mar 2024,lundi,Tech,,PME,Business,11,15,6,40.0,18,1.8,26,13,1,0,9,5.2 h,2,0,642.84,bleu,us-e1,B,"Client insatisfait, risque de départ.",9488
SIM-04219,2023-10-13,vendredi, Commerce ,France,TPE,STARTER,16,6,4,66.7,29,9.0,8,4,1,0,1,17.5,4,0,80.29,vert,us-e1,control,,658
SIM-04220,2024-07-29,lundi,Tech,France,tpe,Starter,6,1,1,"100,0",19,"6,2",8,4,1,0,6,32.8,1,1,12.3,vert,eu-w1,B,"Client insatisfait, risque de départ.",300
SIM-04221,01 Jan 2025,mercredi,Éducation,France,pme,Business,1,45,20,44.4,9,3.5,26,10,0,4,4,8.8,2,,"1884,08",clair,us-e1,A,,74157
SIM-04222,13 Aug 2023,dimanche,Public,Canada,ETI,Pro,18,86,35,40.7,13,0.6,16,7,2,0,1,"8,9",3,0,2521.35,sombre,eu-w3,control,,248101
SIM-04223,2023-11-02,jeudi,Finance,Belgique,PME,Starter,15,6,1,16.7,1,0.1,8,1,5,24,7,31.5 h,2,0,67.56,vert,eu-w1,A,Mécontentement exprimé au support.,1939
SIM-04224,30 Aug 2024,vendredi,Finance,France, TPE ,starter,5,6,5,83.3,28,5.0,8,3,1,0,3,"27,5",2,1,,bleu,ap-s1,A,,1381
SIM-04225,05 Jun 2024,mercredi,,Suisse,GE,Pro,8,416,0,0.0,0,0.0,16,0,0,78,0,4.9,5,0,9204.93,vert,ap-s1,control,"Compte peu actif, relance nécessaire.",143413
SIM-04226,2023-11-07,mardi,Santé,Belgique,TPE,Starter,15,10,10,100.0,156,136.7,8,6,4,2,3,"32,0",3,0,141.72 €,bleu,ap-s1,B,,4765
SIM-04227,2024-12-01,dimanche,ÉDUCATION,France,PME,Business,2,51,34,66.7%,46,"26,2",26,10,0,1,0,,4,0,"2110,83",clair,eu-w3,control,,12116
SIM-04228,2024-07-02,mardi,Santé,Belgique, PME ,Pro,7,26,7,26.9%,1,"0,7",16,5,3,4,6,"13,7",4,0,674.19,violet,ap-s1,A,,6081
SIM-04229,07 Mar 2024,jeudi,Industrie,France,ETI,PRO,11,64,51,"79,7",76,"52,2",16,12,3,0,1,16.6,3,1,1991.12,sombre,us-e1,control,,63676
SIM-04230,2024-03-13,mercredi,Commerce,France,PME,Pro,11,32,14,43.8,1,0.3,16,7,2,8,3,"13,6",4,0,"781,7",vert,eu-w1,control,,17307
SIM-04231,18/12/2022,dimanche,SANTÉ,France,TPE, Starter ,26,3,1,"33,3",1,0.2,8,2,6,1,6,,,0,"41,75",bleu,ap-s1,control,,1472
SIM-04232,31 Oct 2024,jeudi,santé,France,ETI,Business,3,206,152,"73,8",26,9.5,26,12,0,0,3,6.1,4,1,9583.21,vert,eu-w3,A,,125732
SIM-04233,2024-04-05,vendredi, Finance ,France,PME,BUSINESS,10,26,15,"57,7",1,0.1,26,5,2,19,0,4.3,3,0,1003.94 €,sombre,ap-s1,control,RAS.,9879
SIM-04234,31 Dec 2024,mardi,,,TPE,Pro,1,1,1,"100,0",1,0.4,16,5,,7,0,13.7,4,3,19.81,sombre,us-e1,control,,300
SIM-04235,2024-09-03,mardi,Tech,Canada,PME,pro,5,34,32,94.1%,107,"113,4",16,11,1,0,0,10.0,5,0,812.85,violet,ap-s1,control,Compte dans la moyenne.,28661
SIM-04236,06 Nov 2024,mercredi,Tech,France,TPE,Pro,3,10,3,30.0%,8,,16,4,3,1,0,15.0,3,2,214.86,sombre,eu-w1,control,Suivi standard.,3524
SIM-04237,10 May 2024,vendredi,Commerce,France,PME,business,9,29,2,"6,9",1,0.1,26,1,1,2,14,"13,9",1,1,1125.49,bleu,ap-s1,control,,5537
SIM-04238,11/10/2024,vendredi,Public,,PME,business,4,47,21,44.7,10,2.6,26,9,1,1,2,,3,3,1788.87,sombre,ap-s1,B,,13202
SIM-04239,2024-03-09,samedi,Industrie,France,ETI,BUSINESS,11,102,80,78.4,53,"46,6",26,12,0,1,0,3.2,5,0,5576.93 €,vert,ap-s1,A,,109754
SIM-04240,2024-09-12,jeudi,,Allemagne, GE ,business,5,136,35,25.7,1,0.3,26,3,1,2,5,5.7,2,0,5264.91,sombre,us-e1,B,"Client insatisfait, risque de départ.",43172
SIM-04241,12 Apr 2023,mercredi,Éducation,Allemagne,ETI,Business,22,63,46,73.0,60,,26,13,,2,0,2.6,,0,3398.12 €,sombre,ap-s1,B,"Compte engagé, ambassadeur potentiel.",103099
SIM-04242,2023-09-07,jeudi,,Espagne,PME, Pro ,17,52,0,"0,0",0,0.0,16,0,0,40,8,13.1,3,0,"1455,39",clair,eu-w1,A,"Multiples tickets ouverts, friction élevée.",32222
SIM-04243,08/01/2024,lundi,Tech,France,PME,Pro,13,36,19,"52,8",25,10.6,16,5,2,1,5,,3,0,941.17,vert,eu-w3,control,,15435
SIM-04244,2023-11-07,mardi,,France,ETI, Starter ,15,195,142,"72,8",43,25.7,8,3,0,2,0,19.0,4,0,2716.08,vert,eu-w3,B,Suivi standard.,73497
SIM-04245,2023-12-03,dimanche,INDUSTRIE,France,TPE,PRO,14,2,1,50.0,28,"4,0",16,4,,3,3,12.9,2,1,"48,92",clair,ap-s1,control,,2166
SIM-04246,2024-08-03,samedi,PUBLIC,France,tpe, Starter ,6,2,1,50.0,24,"13,8",8,2,0,1,2,26.0,3,2,21.5,sombre,eu-w1,A,,300
SIM-04247,19 Mar 2023,dimanche,,Belgique,TPE,Starter,23,3,0,0.0,0,0.0,8,0,0,58,3,25.4,4,0,39.62 €,bleu,ap-s1,B,,1527
SIM-04248,08/08/2024,jeudi,Tech,France,GE,Enterprise,6,487,155,31.8%,1,0.1,40,8,0,30,1,2.0 h,3,1,,sombre,eu-w3,A,,651351
SIM-04249,2024-08-30,vendredi,SANTÉ,France,PME,Pro,5,53,34,64.2,35,13.6,16,3,0,0,0,4.5,5,2,"1241,98",bleu,ap-s1,B,,19350
SIM-04250,2024-04-12,vendredi,industrie,Belgique,TPE,STARTER,10,1,1,100.0,22,"15,3",8,2,1,3,0,14.4,4,1,9.91,violet,us-e1,A,Suivi standard.,300
SIM-04251,07 Feb 2024,mercredi,Commerce,Allemagne,PME,Starter,12,50,40,80.0,58,29.3,8,6,4,2,3,32.7,3,0,623.47 €,bleu,ap-s1,A,,21472
SIM-04252,04/02/2024,dimanche,Public,France,PME,PRO,12,20,13,65.0,34,"13,1",16,6,1,1,0,1.3,5,2,"492,74",violet,eu-w1,control,RAS.,23031
SIM-04253,06 Mar 2024,mercredi,TECH,,TPE,Pro,11,6,0,0.0,0,0.0,16,0,0,54,3,14.9,4,0,167.16,bleu,eu-w3,A,Déploiement interne limité.,7813
SIM-04254,09/07/2024,mardi,Santé,France,TPE, Pro ,7,7,3,42.9%,5,2.8,16,5,2,11,0,8.8,,2,172.17 €,violet,eu-w3,B,,1835
SIM-04255,11 Mar 2024,lundi,Tech,,PME,Business,11,15,6,40.0,18,1.8,26,13,1,0,9,5.2 h,2,0,642.84,bleu,us-e1,B,"Client insatisfait, risque de départ.",9488
SIM-04256,2024-11-30,samedi,Éducation,France,GE,Pro,2,136,38,27.9,5,1.0,16,1,2,1,0,10.3,3,0,2363.36 €,sombre,us-e1,B,RAS.,40697
SIM-04257,30 Dec 2023,samedi,,France,TPE,Starter,13,3,2,"66,7",52,21.6,8,5,1,0,0,19.4,5,0,"37,16",bleu,ap-s1,control,,457
SIM-04258,09/09/2024,lundi,Santé,Allemagne,TPE,Starter,5,3,1,33.3,1,"0,4",8,1,0,19,4,"23,0",3,0,34.05,vert,eu-w3,B,,300
SIM-04259,07/04/2024,dimanche,Tech,Allemagne,TPE,pro,10,1,1,"100,0",48,11.5,16,9,2,2,1,11.6,4,0,26.61,vert,eu-w3,B,,895
SIM-04260,2023-03-19,dimanche, Santé ,Espagne, TPE ,Starter,23,9,0,0.0,0,"0,0",8,0,0,62,5,34.7,3,0,106.41,sombre,eu-w3,control,Usage en forte baisse ce trimestre.,1309
SIM-04261,30 Oct 2023,lundi,santé,France,PME,Pro,15,42,9,21.4,1,"0,2",16,0,2,10,3,14.0,4,0,988.96,violet,eu-w3,B,,10542
SIM-04262,2024-04-01,lundi,Santé,Suisse, ETI ,Business,10,69,11,15.9,3,1.5,26,4,2,5,0,,5,0,3397.11,violet,us-e1,B,Faible adoption des sièges.,133710
SIM-04263,14 Dec 2023,jeudi,PUBLIC,Belgique,ETI,Pro,14,111,40,36.0,1,0.3,16,3,2,8,2,,3,0,2525.17,violet,eu-w1,B,,26918
SIM-04264,04/09/2023,lundi, Tech ,Espagne,PME,starter,17,56,12,21.4,3,0.6,8,1,5,10,4,35.7 h,1,0,672.63,sombre,us-e1,B,,19856
SIM-04265,2023-09-04,lundi,Finance,France,pme,PRO,17,53,18,34.0%,1,,16,4,3,10,0,10.2,3,0,1192.93,violet,us-e1,control,RAS.,14673
SIM-04266,2024-12-28,samedi, Industrie ,Canada,ETI,Enterprise,1,110,52,"47,3",20,4.3,40,15,0,1,2,6.8,3,0,8067.11,bleu,eu-w1,B,,158761
SIM-04267,2023-03-08,mercredi,Commerce,Suisse,PME, Pro ,23,45,12,"26,7",3,"0,8",16,2,4,9,1,,3,0,1005.33,violet,eu-w1,control,,12366
SIM-04268,19/03/2023,dimanche,Public,Espagne,GE, Pro ,23,888,465,,16,8.6,16,5,5,3,2,11.0,4,0,"23558,91",clair,ap-s1,B,Client très satisfait et actif.,463639
SIM-04269,04/02/2024,dimanche,Tech,France, TPE ,PRO,12,9,6,66.7,29,"13,6",16,6,2,0,1,9.5,5,1,193.68,clair,ap-s1,A,Compte dans la moyenne.,3653
SIM-04270,03/05/2023,mercredi,,Canada,TPE,Starter,21,5,5,100.0,77,49.9,8,5,6,0,2,"30,5",3,0,58.36,violet,eu-w3,A,,335
SIM-04271,04/03/2024,lundi,commerce,France,GE,Business,11,530,268,50.6,1,,26,14,2,29,5,7.4,,2,25998.25,sombre,us-e1,A,Mécontentement exprimé au support.,383734
SIM-04272,01 Feb 2024,jeudi,Éducation,France, PME ,Pro,12,17,7,41.2,2,"1,3",16,3,6,13,5,15.4,,0,446.9,vert,ap-s1,B,"Client insatisfait, risque de départ.",8062
SIM-04273,06/09/2024,vendredi,Industrie,France,PME, Pro ,5,38,17,44.7,5,2.1,16,4,0,1,0,,5,1,840.04,bleu,ap-s1,control,,7577
SIM-04274,24/12/2024,mardi,,France,PME,Pro,1,21,11,52.4,17,9.5,16,5,0,2,2,"15,9",3,0,"343,85",bleu,eu-w1,A,,2256
SIM-04275,16 Mar 2024,samedi,Finance,Espagne,PME,Pro,11,27,6,22.2,1,"0,4",16,3,4,5,4,18.4,1,1,603.72 €,violet,us-e1,B,Mécontentement exprimé au support.,11881
SIM-04276,10/07/2024,mercredi,Tech,France,ETI,Business,7,172,22,12.8%,1,0.2,26,6,0,25,0,6.4,3,1,6139.83,violet,eu-w3,A,Déploiement interne limité.,45312
SIM-04277,12/02/2023,dimanche,Commerce,Belgique, TPE ,Starter,24,2,1,50.0,26,9.1,8,3,7,1,6,21.0,4,0,27.48,clair,eu-w1,A,Client très satisfait et actif.,1915
SIM-04278,10/09/2024,mardi, Tech ,Belgique,PME,Starter,5,28,10,35.7,16,3.4,8,3,0,3,6,23.0,3,1,355.13,vert,eu-w3,control,,4077
SIM-04279,03/08/2024,samedi,Industrie,France, PME ,Enterprise,6,26,17,65.4%,23,15.4,40,23,1,2,0,0.5,3,6,1735.53,vert,ap-s1,control,Compte dans la moyenne.,11385
SIM-04280,10/07/2024,mercredi,Finance,Canada,TPE,pro,7,9,2,22.2%,1,0.1,16,2,3,2,5,14.0,3,2,217.81,vert,us-e1,control,,9466
SIM-04281,2024-09-10,mardi,INDUSTRIE,France,TPE,Starter,5,2,1,"50,0",2,"0,6",8,4,0,6,1,"18,9",3,0,"24,57",vert,eu-w1,A,,363
SIM-04282,12/05/2023,vendredi, Commerce ,Espagne,PME,Pro,21,45,4,8.9%,1,0.2,16,3,6,8,0,6.5,3,0,1135.2,sombre,eu-w1,A,,35373
SIM-04283,13/04/2024,samedi,Finance,Canada, TPE , Pro ,10,2,1,"50,0",9,0.4,16,5,3,0,0,7.3,4,2,53.3,violet,eu-w3,control,"Compte engagé, ambassadeur potentiel.",1180
SIM-04284,07/01/2024,dimanche,ÉDUCATION,France,PME,business,13,55,0,"0,0",0,0.0,26,0,0,101,0,4.3,4,0,2152.36,sombre,us-e1,control,Usage en forte baisse ce trimestre.,30004
SIM-04285,22/12/2022,jeudi,SANTÉ,Suisse,TPE,Starter,26,11,7,63.6,22,7.9,8,4,4,0,3,29.8,3,0,"135,74",sombre,ap-s1,A,RAS.,4118
SIM-04286,29/03/2024,vendredi,Commerce,Canada,TPE,Starter,10,11,5,45.5%,18,10.7,8,3,1,1,13,"47,7",2,0,148.2,clair,ap-s1,control,,4739
SIM-04287,16/04/2023,dimanche,,France,TPE,Starter,22,5,0,"0,0",0,0.0,8,0,0,49,10,45.9 h,1,0,65.08,sombre,us-e1,control,Mécontentement exprimé au support.,5657
SIM-04288,2024-09-28,samedi,Tech,France, TPE , Starter ,4,4,2,50.0,19,3.3,8,2,1,0,7,32.9,2,1,57.54,violet,ap-s1,A,Mécontentement exprimé au support.,661
SIM-04289,19/08/2023,samedi, Commerce ,Allemagne,TPE,Business,18,6,2,33.3%,16,7.3,26,12,5,5,9,8.9,2,0,275.73,clair,ap-s1,A,,1130
SIM-04290,29 Dec 2023,vendredi, Santé ,Belgique,pme,PRO,13,46,9,19.6,3,1.0,16,6,6,11,4,11.4,3,0,"977,61",bleu,us-e1,A,,27256
SIM-04291,18/10/2022,mardi,INDUSTRIE,Suisse,GE,ENTERPRISE,28,647,426,65.8,31,12.2,40,26,,0,4,2.2,2,0,,sombre,ap-s1,A,"Client insatisfait, risque de départ.",2000000
SIM-04292,09/12/2024,lundi,Industrie,France,PME,pro,2,39,24,61.5,41,7.9,16,6,0,1,10,"19,2",3,0,,sombre,eu-w1,control,Support très sollicité récemment.,16986
SIM-04293,09 Feb 2024,vendredi,santé,France,TPE,Starter,12,7,3,42.9,1,0.2,8,3,3,1,0,12.9 h,3,0,96.6,vert,eu-w3,A,,3327
SIM-04294,2024-06-06,jeudi,industrie,France,PME,BUSINESS,8,57,23,,3,"1,0",26,1,2,20,1,7.5,4,2,2412.47,clair,us-e1,B,,39565
SIM-04295,2024-02-02,vendredi,Santé,Suisse, PME ,Starter,12,42,31,73.8,65,52.6,8,4,2,1,0,13.2,4,1,500.95,vert,eu-w3,B,,7394
SIM-04296,05/02/2024,lundi,Finance,Belgique,TPE,Starter,12,6,3,50.0%,16,4.1,8,2,,1,4,26.5 h,4,0,47.92,bleu,eu-w1,control,Client très satisfait et actif.,300
SIM-04297,12 Sep 2023,mardi,FINANCE,France,PME, Pro ,17,52,0,0.0%,0,0.0,16,0,0,43,8,"11,3",4,0,1344.9,vert,eu-w3,A,"Multiples tickets ouverts, friction élevée.",29776
SIM-04298,2025-01-07,mardi,Industrie,France,PME,Pro,1,32,0,0.0,0,0.0,16,0,0,30,1,10.7,4,1,827.75,sombre,eu-w1,control,Faible adoption des sièges.,33938
SIM-04299,18 Sep 2023,lundi,,Canada,PME, Business ,17,26,7,26.9,6,1.4,26,6,7,2,2,"0,5",4,0,1324.11,clair,ap-s1,B,Client très satisfait et actif.,29316
SIM-04300,02/01/2025,jeudi,Santé,Belgique,TPE, Pro ,1,11,0,"0,0",0,0.0,16,0,0,30,4,15.1,3,2,271.63,sombre,eu-w1,A,,2896
SIM-04301,01 May 2024,mercredi,Commerce,Espagne,PME, Pro ,9,54,21,"38,9",19,9.5,16,8,2,0,6,18.5,2,0,1354.61,vert,us-e1,B,"Client insatisfait, risque de départ.",26659
SIM-04302,17 Mar 2023,vendredi, Tech ,Espagne,pme,ENTERPRISE,23,21,4,19.0,1,0.1,40,5,5,20,4,3.6,1,,"1444,86",violet,us-e1,A,,17772
SIM-04303,12 Sep 2023,mardi,Commerce,France, ETI ,PRO,17,201,174,86.6,86,19.4,16,10,2,1,1,8.9,4,0,5773.9,clair,eu-w1,B,,37877
SIM-04304,18/09/2023,lundi,Finance,, PME ,Starter,17,13,6,"46,2",30,20.3,8,3,5,3,0,15.3 h,5,0,156.58,vert,eu-w3,B,Client très satisfait et actif.,2311
SIM-04305,08 Apr 2023,samedi,Santé,,TPE,starter,22,3,2,66.7,37,"14,8",8,4,6,1,4,31.7,3,0,48.05,clair,ap-s1,control,Compte dans la moyenne.,1300
SIM-04306,2025-01-07,mardi,Industrie,France,PME,Pro,1,32,0,0.0,0,0.0,16,0,0,30,1,10.7,4,1,827.75,sombre,eu-w1,control,Faible adoption des sièges.,33938
SIM-04307,2023-12-01,vendredi,COMMERCE,Canada,PME,Pro,14,48,20,"41,7",12,7.2,16,7,6,0,3,14.3,2,0,"1243,77",sombre,eu-w1,A,,18358
SIM-04308,2023-09-09,samedi,Finance,France, TPE , Starter ,17,9,8,88.9,95,46.1,8,5,1,1,0,12.3,5,0,113.62,violet,ap-s1,B,RAS.,2888
SIM-04309,13/06/2023,mardi,Tech,Allemagne,TPE,Pro,20,1,1,100.0%,38,17.3,16,3,7,0,6,"15,7",3,0,25.55,sombre,ap-s1,B,,335
SIM-04310,31/03/2024,dimanche,Industrie,Allemagne,PME,Pro,10,43,28,"65,1",45,24.7,16,7,0,0,0,11.0,5,0,1117.55,vert,us-e1,A,,7331
SIM-04311,09/04/2023,dimanche,Public,Belgique,PME, Starter ,22,45,10,22.2,5,,8,2,2,8,0,7.7,5,0,561.54,bleu,us-e1,control,,9209
SIM-04312,31 Dec 2023,dimanche, Éducation ,France,PME,business,13,29,8,27.6,7,5.1,26,11,,3,3,9.7,3,0,1184.65,sombre,ap-s1,A,,6800
SIM-04313,31/12/2024,mardi,Commerce,Espagne,PME,pro,1,58,49,84.5,72,37.1,16,8,0,3,2,"15,2",3,0,"1393,78",clair,eu-w3,control,Compte dans la moyenne.,82289
SIM-04314,30 May 2024,jeudi,Commerce,France,TPE,Starter,8,1,1,100.0,53,"28,4",8,2,2,0,0,12.8,5,0,13.83,clair,eu-w1,control,,306
SIM-04315,26 Jul 2024,vendredi, Commerce ,France,PME, Pro ,6,28,5,17.9,1,"0,1",16,5,1,30,7,14.3,2,3,724.95 €,violet,eu-w1,B,"Client insatisfait, risque de départ.",6539
SIM-04316,05/01/2025,dimanche,finance,Suisse,pme,business,1,43,39,90.7,86,31.9,26,16,0,1,3,"5,2",,1,1824.23,violet,us-e1,control,,32909
SIM-04317,12 Jan 2024,vendredi,santé,France, TPE ,Starter,13,2,1,50.0,27,16.4,8,3,3,1,1,24.8,3,0,23.16,vert,eu-w1,A,Suivi standard.,494
SIM-04318,15/07/2022,vendredi,Éducation,France,ETI, Pro ,31,123,0,0.0,0,0.0,16,0,0,46,8,"17,3",2,0,"3003,79",bleu,eu-w3,control,,46799
SIM-04319,2024-07-29,lundi,Commerce,France, PME ,BUSINESS,6,10,5,50.0,44,19.2,26,11,3,1,1,3.8 h,4,2,,vert,eu-w1,B,Client très satisfait et actif.,13249
SIM-04320,2024-07-28,dimanche,Industrie,France,tpe, Starter ,6,10,6,60.0,17,7.9,8,2,3,3,2,,3,0,,vert,eu-w1,B,Suivi standard.,7257
SIM-04321,04 Dec 2024,mercredi,santé,France,GE,ENTERPRISE,2,435,346,79.5%,62,35.0,40,26,0,1,4,0.5,,,33662.34,sombre,eu-w3,control,RAS.,662475
SIM-04322,01/09/2024,dimanche,industrie,France, TPE ,Pro,5,5,2,40.0%,28,3.0,16,9,1,1,0,,,1,,clair,eu-w3,A,RAS.,3151
SIM-04323,16 Mar 2024,samedi,Tech,,PME,PRO,11,9,3,33.3,12,3.6,16,8,3,4,0,"6,3",5,1,223.16,bleu,eu-w1,B,Client très satisfait et actif.,3843
SIM-04324,09/08/2024,vendredi,Tech,Suisse,PME,starter,6,13,4,,10,4.0,8,1,2,3,0,18.9,3,1,142.36,clair,eu-w1,A,Suivi standard.,1518
SIM-04325,02 Nov 2024,samedi,tech,France,GE,Enterprise,3,171,94,55.0,16,4.5,40,15,0,1,0,1.1 h,5,1,12455.44,clair,eu-w1,A,Compte dans la moyenne.,204269
SIM-04326,2025-01-07,mardi, Tech ,France,pme, Pro ,1,34,4,11.8,1,0.4,16,4,0,1,0,,5,0,617.27,bleu,eu-w1,A,,8099
SIM-04327,2024-12-28,samedi,COMMERCE,Canada,ETI,Business,1,102,57,55.9,21,5.1,26,6,0,0,0,5.6,4,0,"5001,85",violet,eu-w1,control,,86132
SIM-04328,05/12/2023,mardi,FINANCE,France,PME,pro,14,7,6,85.7%,53,25.5,16,5,,0,4,16.6,,0,"195,87",vert,ap-s1,A,,3533
SIM-04329,03 Jan 2025,vendredi,ÉDUCATION,France,PME,pro,1,49,29,59.2,37,12.7,16,6,0,1,9,15.3,2,2,1133.76,bleu,us-e1,A,,6508
SIM-04330,2024-08-09,vendredi, Commerce ,Allemagne,TPE,Business,6,10,5,"50,0",26,6.7,26,11,1,1,1,5.0,3,0,397.53,violet,eu-w1,A,Suivi standard.,1630
SIM-04331,2024-03-31,dimanche,tech,Belgique,eti,pro,10,65,27,41.5,2,"0,4",16,4,1,30,4,9.9,4,0,1699.35,sombre,us-e1,A,,30656
SIM-04332,19/08/2023,samedi, Finance ,Allemagne,PME, Business ,18,50,0,0.0,0,"0,0",26,0,0,133,0,2.8,3,0,2045.75,vert,ap-s1,A,"Compte peu actif, relance nécessaire.",36905
SIM-04333,10/08/2023,jeudi,commerce,Belgique,PME, Starter ,18,19,13,68.4,1,0.6,8,1,1,30,2,"28,6",3,0,"208,62",bleu,ap-s1,B,,6501
SIM-04334,04 May 2023,jeudi,éducation,France,pme,pro,21,51,24,47.1,26,15.6,16,2,2,2,0,"11,3",4,0,1352.72,sombre,ap-s1,B,,61008
SIM-04335,2024-09-10,mardi,,France,PME,Pro,5,10,8,80.0%,53,"40,1",16,7,0,2,0,"13,0",2,1,234.74,bleu,eu-w3,control,,3850
SIM-04336,2024-11-23,samedi,Finance,France,TPE,Pro,2,10,5,50.0,28,,16,7,1,0,2,"10,7",5,0,282.44,sombre,ap-s1,B,Compte dans la moyenne.,7411
SIM-04337,2023-11-09,jeudi,Commerce,Belgique, PME ,Pro,15,48,31,64.6,61,39.0,16,9,1,0,2,"18,6",3,0,1213.88,vert,ap-s1,control,,3982
SIM-04338,2024-12-28,samedi,COMMERCE,Allemagne,ETI,Business,1,76,44,57.9,18,7.5,26,10,0,6,0,"7,3",3,1,3944.93,clair,eu-w1,A,,80871
SIM-04339,15 Apr 2023,samedi,,France,ETI,Pro,22,102,20,"19,6",1,0.4,16,3,6,17,2,10.5,5,0,2461.31 €,clair,eu-w3,control,Déploiement interne limité.,24219
SIM-04340,01 Feb 2024,jeudi,Santé,Espagne,TPE,Starter,12,11,8,72.7%,32,"9,9",8,2,3,0,0,19.1,4,1,128.53,sombre,eu-w1,A,"Compte engagé, ambassadeur potentiel.",1370
SIM-04341,2024-06-07,vendredi,Éducation,France,TPE,business,8,7,4,"57,1",18,"4,9",26,11,,0,1,7.8,1,3,298.33,vert,eu-w3,A,Mécontentement exprimé au support.,16880
SIM-04342,2024-02-27,mardi,public,,TPE,Pro,11,9,1,11.1%,1,0.3,16,1,3,6,1,17.1,2,0,"257,14",bleu,eu-w3,control,"Client insatisfait, risque de départ.",8645
SIM-04343,14 Apr 2022,jeudi,éducation,France, TPE ,pro,34,9,2,22.2,1,"0,1",16,4,7,5,0,"6,9",4,0,279.42,bleu,eu-w3,B,Faible adoption des sièges.,13289
SIM-04344,05/07/2023,mercredi,INDUSTRIE,France,TPE,Starter,19,8,0,"0,0",0,0.0,8,0,0,31,3,26.8,2,0,72.76,bleu,ap-s1,control,,1551
SIM-04345,2023-09-03,dimanche,Commerce,France,GE,PRO,17,389,92,23.7,1,"0,4",16,5,6,2,3,"12,4",,0,10232.68,sombre,eu-w1,A,,511839
SIM-04346,01 Feb 2024,jeudi,Santé,Espagne,TPE,Starter,12,11,8,72.7%,32,"9,9",8,2,3,0,0,19.1,4,1,128.53,sombre,eu-w1,A,"Compte engagé, ambassadeur potentiel.",1370
SIM-04347,04 Jan 2025,samedi,Commerce,Suisse,GE,enterprise,1,472,236,50.0%,15,10.9,40,19,0,3,4,,1,4,40031.84,vert,eu-w3,A,,459566
SIM-04348,2023-06-20,mardi,TECH,,TPE,STARTER,20,11,8,72.7%,55,"17,0",8,3,7,3,4,"21,8",4,0,134.21,bleu,ap-s1,control,,1431
SIM-04349,29/03/2024,vendredi,Commerce,Canada,TPE,Starter,10,11,5,45.5%,18,10.7,8,3,1,1,13,"47,7",2,0,148.2,clair,ap-s1,control,,4739
SIM-04350,2024-03-06,mercredi,Éducation,Espagne, PME ,Starter,11,55,39,70.9,91,58.8,8,4,5,1,4,27.2,3,0,"642,03",violet,ap-s1,A,,8950
SIM-04351,08/05/2023,lundi,Industrie,Belgique, PME ,Enterprise,21,15,14,93.3%,85,83.8,40,26,6,1,0,3.6,5,0,1403.69,clair,us-e1,A,"Compte engagé, ambassadeur potentiel.",20718
SIM-04352,07/05/2023,dimanche,tech,France,PME,Business,21,24,15,62.5%,43,15.7,26,12,4,1,0,3.6 h,3,0,1284.71,vert,eu-w3,A,,41085
SIM-04353,2024-08-10,samedi,Public,Canada,PME, Starter ,6,12,5,41.7%,12,"3,3",8,3,0,2,2,14.2,4,1,118.72,clair,us-e1,control,,487
SIM-04354,2024-07-10,mercredi, Tech ,France,ETI,ENTERPRISE,7,168,157,"93,5",72,41.8,40,34,1,2,0,"2,5",4,1,14732.63 €,vert,us-e1,A,,410746
SIM-04355,2023-07-17,lundi,Finance,France,ETI,business,19,131,123,"93,9",87,81.0,26,20,3,2,0,3.3,4,0,7122.88,sombre,us-e1,B,Client très satisfait et actif.,239471
SIM-04356,2025-01-04,samedi,Tech,France,tpe,Starter,1,8,5,62.5,21,9.3,8,4,0,0,3,18.4,4,3,65.41,sombre,eu-w1,control,,644
SIM-04357,2023-08-09,mercredi,Public,Allemagne,PME,Business,18,31,18,58.1,36,"16,8",26,16,3,1,2,6.1 h,3,0,1327.32 €,vert,ap-s1,A,,10884
SIM-04358,2023-10-09,lundi,INDUSTRIE,Allemagne,TPE, Starter ,16,2,1,50.0,5,1.2,8,2,,1,0,0.5,5,0,24.52,bleu,eu-w1,A,"Compte engagé, ambassadeur potentiel.",300
SIM-04359,10 May 2023,mercredi,FINANCE,France,tpe,Starter,21,6,2,33.3,3,,8,2,7,8,4,31.4,,0,"82,32",violet,ap-s1,A,Compte dans la moyenne.,2835
SIM-04360,2025-01-03,vendredi, Finance ,France,tpe, Starter ,1,4,1,"25,0",1,0.3,8,1,0,8,1,33.6 h,2,1,32.68,bleu,eu-w3,B,,456
SIM-04361,2024-05-31,vendredi,Éducation,France,PME,Pro,8,7,5,"71,4",44,28.2,16,9,1,1,0,5.6,5,0,180.29,bleu,eu-w1,control,,1626
SIM-04362,31/12/2024,mardi,SANTÉ,Allemagne,ETI,Pro,1,80,43,53.8%,17,11.6,16,8,,0,0,"5,0",5,3,"1620,32",bleu,eu-w3,control,Compte dans la moyenne.,14615
SIM-04363,2024-10-02,mercredi,public,France,pme,STARTER,4,27,12,"44,4",32,22.0,8,3,3,4,1,28.1,3,2,276.92,clair,ap-s1,control,Compte dans la moyenne.,12489
SIM-04364,30 Dec 2023,samedi,FINANCE,France,PME,business,13,53,7,13.2,1,"0,1",26,2,3,23,1,6.6,1,0,2185.58,violet,eu-w1,B,,28675
SIM-04365,2025-01-04,samedi,commerce,France, PME , Starter ,1,52,15,28.8,3,1.2,8,0,0,0,6,27.0,4,2,"517,81",vert,us-e1,control,,5944
SIM-04366,02/03/2024,samedi,,France,ETI,Business,11,214,0,0.0,0,"0,0",26,0,0,72,2,6.6,3,0,10388.83,sombre,us-e1,A,,264084
SIM-04367,2024-09-01,dimanche,industrie,France,eti, Business ,5,118,104,88.1,68,20.8,26,17,1,0,0,0.5,4,0,5317.55,bleu,eu-w3,A,,61045
SIM-04368,09 Aug 2023,mercredi,Finance,France,PME,business,18,42,20,47.6,14,7.1,26,10,4,0,2,12.6,3,0,1865.09,vert,eu-w3,B,,33646
SIM-04369,13 May 2024,lundi, Finance ,France,GE, Business ,9,194,173,89.2%,84,56.9,26,9,2,4,0,0.9,5,0,9830.51,violet,eu-w1,B,,120915
SIM-04370,14/02/2024,mercredi,Tech,France,TPE,Starter,12,6,4,66.7,28,8.8,8,3,1,1,3,32.8,2,0,67.36,vert,eu-w3,B,Mécontentement exprimé au support.,552
SIM-04371,29 Jul 2024,lundi,Commerce,France,TPE,Starter,6,6,1,,7,"2,9",8,1,3,3,5,31.0,2,1,58.98,sombre,us-e1,B,,677
SIM-04372,11 Feb 2023,samedi,Finance,Espagne,pme,Pro,24,10,0,0.0,0,0.0,16,0,0,78,2,,1,0,275.75,bleu,us-e1,A,Usage en forte baisse ce trimestre.,8140
SIM-04373,14/04/2024,dimanche,Industrie,Canada,pme,Pro,10,57,25,43.9,22,2.9,16,4,2,4,0,6.4,5,1,1223.74,bleu,eu-w1,A,Suivi standard.,45156
SIM-04374,2024-07-08,lundi,Tech,Belgique,pme,Business,7,30,0,0.0,0,0.0,26,0,0,103,3,"7,1",4,1,1147.16,bleu,eu-w3,control,,8466
SIM-04375,23 Dec 2024,lundi,éducation,France,PME,starter,1,46,3,6.5,1,0.1,8,1,1,26,1,"13,4",4,2,470.84 €,clair,eu-w1,control,Faible adoption des sièges.,6564
SIM-04376,24/09/2024,mardi,PUBLIC,France,TPE, Pro ,4,2,2,"100,0",69,21.3,16,4,0,0,5,16.0,,3,"54,7",sombre,us-e1,B,Suivi standard.,359
SIM-04377,12 Sep 2024,jeudi,Industrie,France,PME,PRO,5,23,19,82.6,46,"9,4",16,10,1,2,4,,2,0,"575,0",violet,us-e1,B,"Client insatisfait, risque de départ.",13202
SIM-04378,06 Jan 2024,samedi,santé,France,PME, Pro ,13,34,0,"0,0",0,0.0,16,0,0,33,9,"18,9",2,0,722.12,violet,us-e1,B,"Client insatisfait, risque de départ.",8290
SIM-04379,2024-09-01,dimanche,industrie,France,eti, Business ,5,118,104,88.1,68,20.8,26,17,1,0,0,0.5,4,0,5317.55,bleu,eu-w3,A,,61045
SIM-04380,2023-11-17,vendredi,commerce,France,TPE,Enterprise,15,2,2,100.0%,83,"35,0",40,29,0,1,2,5.2,4,0,178.28 €,vert,eu-w1,B,Compte dans la moyenne.,5263
SIM-04381,08 Aug 2024,jeudi,Santé,France,PME,Starter,6,18,16,88.9,108,64.6,8,6,0,0,0,11.5,5,1,196.94,clair,eu-w1,B,,6621
SIM-04382,07/09/2022,mercredi,Public,France,ETI,enterprise,29,43,10,"23,3",1,"0,3",40,11,8,30,3,"3,8",3,0,4370.22 €,violet,eu-w3,B,,286686
SIM-04383,08 May 2024,mercredi, Public ,France,PME,Pro,9,45,28,,39,"18,1",16,10,0,3,1,12.7,3,,"1074,26",violet,ap-s1,A,Compte dans la moyenne.,24665
SIM-04384,03 Apr 2024,mercredi,Finance,France,PME,Enterprise,10,48,10,20.8,1,0.2,40,13,1,3,3,"4,0",4,3,3572.09,vert,ap-s1,control,,35149
SIM-04385,09 Apr 2024,mardi,COMMERCE,France, TPE , Starter ,10,10,0,0.0,0,0.0,8,0,0,147,1,27.1,3,0,113.16,violet,ap-s1,A,"Compte peu actif, relance nécessaire.",2691
SIM-04386,08 Sep 2023,vendredi,TECH,France,TPE,Starter,17,10,3,30.0,4,"0,6",8,1,3,3,1,23.0,4,0,140.3,violet,us-e1,B,Client très satisfait et actif.,4027
SIM-04387,05 Dec 2023,mardi, Industrie ,France, TPE ,STARTER,14,1,1,100.0,1,0.1,8,0,5,15,0,4.7,5,1,"10,67",clair,ap-s1,A,,300
SIM-04388,15 Apr 2024,lundi,,France,PME,Pro,10,12,7,"58,3",19,"14,2",16,11,,0,1,14.2,4,1,323.83,violet,ap-s1,B,,5311
SIM-04389,04/01/2025,samedi,SANTÉ,France,ETI,BUSINESS,1,205,22,10.7%,1,0.4,26,1,0,0,0,5.3,5,2,5535.0,sombre,eu-w1,B,,27232
SIM-04390,2024-10-05,samedi,Finance,Belgique,GE, Pro ,4,747,516,69.1,38,18.5,16,7,0,2,0,"5,9",5,0,"19721,35",bleu,eu-w1,control,,291087
SIM-04391,29/07/2024,lundi,SANTÉ,Belgique,tpe, Pro ,6,11,6,54.5,17,2.4,16,6,,1,1,9.5,3,0,264.86,clair,eu-w1,control,Suivi standard.,4778
SIM-04392,11/03/2024,lundi,Industrie,Canada,PME,Pro,11,33,27,"81,8",42,"23,7",16,7,0,0,4,17.7,4,0,901.12,sombre,us-e1,control,,17734
SIM-04393,2024-01-05,vendredi,PUBLIC,France,PME,Business,13,44,29,65.9,39,"20,4",26,13,,0,0,2.7,4,0,"2303,68",vert,eu-w1,A,RAS.,52892
SIM-04394,07 May 2023,dimanche,Public,France,pme,Pro,21,8,5,62.5%,39,"14,0",16,9,1,1,2,12.6 h,4,0,182.69,bleu,eu-w3,A,,4494
SIM-04395,04 Nov 2024,lundi,Finance,Canada,ETI, Business ,3,30,22,73.3%,81,48.4,26,16,0,5,4,8.0,2,1,1544.26,clair,eu-w3,control,,35456
SIM-04396,2023-05-11,jeudi, Industrie ,France,ge, Business ,21,264,126,47.7,26,"2,3",26,13,3,4,3,8.5,,0,,clair,eu-w1,control,,319965
SIM-04397,29/02/2024,jeudi,Tech,France, TPE ,Business,11,10,9,90.0,76,"62,2",26,12,2,2,2,4.2,5,1,501.63,vert,eu-w1,B,RAS.,7404
SIM-04398,2023-03-18,samedi,Éducation,France,TPE, Pro ,23,2,1,50.0,27,27.7,16,10,2,1,4,"8,7",4,0,"49,21",vert,ap-s1,A,,767
SIM-04399,28 Feb 2024,mercredi,commerce,France,TPE,starter,11,10,5,,13,10.1,8,5,2,2,4,41.8,1,0,120.92,sombre,eu-w1,B,,3966
SIM-04400,14 Jan 2024,dimanche,Commerce,France,PME, Pro ,13,57,14,24.6,9,2.7,16,4,3,3,0,1.7,5,,,bleu,us-e1,control,,36602
SIM-04401,17/09/2023,dimanche,Commerce,France,PME,ENTERPRISE,17,32,12,37.5,1,0.1,40,11,6,30,5,2.2,3,0,2451.33,vert,ap-s1,B,,14071
SIM-04402,25 Sep 2024,mercredi,Commerce,France,eti,Pro,4,69,54,"78,3",57,18.6,16,8,0,5,4,,4,3,"1190,81",vert,ap-s1,control,,9765
SIM-04403,16/04/2023,dimanche,Santé,Espagne,ETI,Pro,22,50,26,"52,0",36,"30,6",16,7,9,1,7,14.9,3,0,1429.75,vert,eu-w1,A,,110205
SIM-04404,09/11/2022,mercredi,TECH,Allemagne,PME,BUSINESS,27,42,12,"28,6",8,2.4,26,8,4,2,5,6.3,3,0,2202.05,violet,eu-w1,B,,126398
SIM-04405,2023-05-16,mardi,Commerce,France,PME,Business,21,18,11,61.1,28,"10,9",26,11,4,1,3,7.7,,0,"727,37",vert,eu-w1,A,,17297
SIM-04406,03/12/2024,mardi,Public,Espagne,PME, Pro ,2,31,22,"71,0",48,,16,6,1,0,0,,5,2,955.68,clair,us-e1,B,,27428
SIM-04407,13/06/2024,jeudi,Finance,France,PME,Pro,8,26,20,76.9,47,30.6,16,11,3,1,3,"12,1",4,0,567.86,clair,ap-s1,A,"Compte engagé, ambassadeur potentiel.",5588
SIM-04408,30 Dec 2024,lundi,Finance,France,GE, Business ,1,826,701,84.9,78,51.1,26,11,,2,0,9.8,4,1,42516.2,violet,ap-s1,control,Suivi standard.,906445
SIM-04409,2023-05-13,samedi,PUBLIC,Belgique, PME ,BUSINESS,21,58,12,"20,7",1,0.6,26,6,1,29,7,"6,5",,0,2467.59,vert,eu-w1,control,,24281
SIM-04410,30 Dec 2024,lundi,Commerce,France,ETI,Business,1,204,124,60.8,27,15.1,26,9,0,2,1,2.4,4,2,"8121,88",clair,eu-w3,A,,39960
SIM-04411,09 Jun 2023,vendredi,Tech,France,TPE,starter,20,10,1,"10,0",1,0.3,8,0,4,18,1,11.1,4,0,130.14 €,clair,us-e1,control,,3095
SIM-04412,2023-06-11,dimanche, Commerce ,France,TPE,starter,20,1,1,"100,0",16,,8,2,2,3,2,28.6,4,0,"12,82",bleu,us-e1,control,RAS.,357
SIM-04413,03 Aug 2024,samedi,COMMERCE,Suisse,PME,Starter,6,50,27,54.0,18,"5,6",8,3,2,0,3,23.6,3,0,704.8,vert,us-e1,B,,7513
SIM-04414,2024-06-30,dimanche,Industrie,France,TPE,STARTER,7,9,0,0.0,0,0.0,8,0,0,55,0,,5,2,122.28,bleu,ap-s1,control,Déploiement interne limité.,5114
SIM-04415,2024-04-08,lundi,TECH,France,PME,Pro,10,30,20,66.7,42,"11,1",16,5,3,0,1,9.5,4,1,910.97,clair,eu-w3,B,Client très satisfait et actif.,26892
SIM-04416,13/12/2023,mercredi, Tech ,France,GE,Pro,14,834,290,34.8,5,0.8,16,5,6,2,0,5.0,3,0,19494.35,vert,eu-w3,B,,287737
SIM-04417,2024-11-04,lundi,Industrie,France,TPE,Pro,3,8,5,62.5%,21,"13,2",16,2,0,3,0,0.9,5,1,,violet,eu-w1,control,,1491
SIM-04418,02 May 2024,jeudi,,,PME,Pro,9,50,43,86.0,54,48.5,16,9,3,1,1,"7,7",4,0,1288.62,bleu,eu-w3,B,Client très satisfait et actif.,22190
SIM-04419,10 Dec 2023,dimanche,industrie,France,tpe,Starter,14,11,0,"0,0",0,0.0,8,0,0,33,2,,3,2,"117,09",sombre,eu-w1,A,Déploiement interne limité.,1536
SIM-04420,04/04/2024,jeudi,INDUSTRIE,France,ETI,Business,10,54,8,14.8,1,0.1,26,3,2,14,1,3.7,4,0,2147.17,violet,eu-w3,A,,19367
SIM-04421,2024-01-08,lundi, Éducation ,Belgique,TPE,STARTER,13,4,1,25.0,8,2.1,8,3,4,1,2,30.5,,0,48.54,vert,ap-s1,B,,3144
SIM-04422,2024-01-06,samedi,Commerce,Suisse,ETI,ENTERPRISE,13,186,59,31.7,1,"0,6",40,3,1,11,5,,,0,,violet,us-e1,A,,337518
SIM-04423,06 Jan 2024,samedi,,Allemagne,GE,Enterprise,13,414,318,76.8,62,45.3,40,17,1,0,1,3.8,4,0,"34121,03",clair,us-e1,A,,671502
SIM-04424,31 May 2024,vendredi,Finance,France,ETI,Business,8,92,67,72.8%,48,"38,7",26,16,0,1,3,3.7,4,1,4476.05,sombre,eu-w3,control,,135803
SIM-04425,24/12/2024,mardi,,France,PME,Pro,1,21,11,52.4,17,9.5,16,5,0,2,2,"15,9",3,0,"343,85",bleu,eu-w1,A,,2256
SIM-04426,2024-12-31,mardi,Industrie,Allemagne,TPE,Starter,1,2,1,50.0,3,0.6,8,2,1,1,0,20.0,3,3,18.84,violet,ap-s1,A,,300
SIM-04427,24/10/2024,jeudi,Éducation,France,ETI,Enterprise,3,57,37,64.9,30,11.6,40,18,0,1,5,2.9,3,2,4752.07,bleu,eu-w3,A,,179248
SIM-04428,2025-01-05,dimanche,FINANCE,France,PME,Pro,1,53,44,83.0%,49,"18,7",16,3,1,0,0,,5,2,1232.87,vert,eu-w3,B,Suivi standard.,29318
SIM-04429,2024-12-27,vendredi,Tech,Suisse,pme,PRO,1,35,8,22.9,2,0.1,16,4,0,4,4,7.9,3,2,842.3,vert,ap-s1,control,Faible adoption des sièges.,18649
SIM-04430,07/08/2024,mercredi, Finance ,Allemagne,PME,Pro,6,30,16,53.3%,38,15.6,16,7,1,0,6,12.5,3,2,864.04,clair,ap-s1,A,RAS.,17004
SIM-04431,29/03/2024,vendredi,Tech,France,pme,business,10,19,6,31.6,11,3.4,26,8,1,4,6,"8,0",2,2,870.46,bleu,ap-s1,A,,8565
SIM-04432,08/09/2023,vendredi,industrie,Belgique, PME ,PRO,17,57,32,56.1,26,11.2,16,7,5,0,2,,3,0,1597.15,clair,us-e1,A,Suivi standard.,78580
SIM-04433,2024-09-07,samedi,Finance,France,ETI, Enterprise ,5,90,53,58.9,26,"6,4",40,23,1,1,0,"0,7",4,1,7183.72,vert,us-e1,B,RAS.,359330
SIM-04434,2023-12-17,dimanche, Commerce ,France,PME,STARTER,14,15,6,40.0%,1,"0,1",8,2,4,21,1,"16,1",4,0,"190,68",vert,eu-w3,B,,1564
SIM-04435,14/02/2024,mercredi,Commerce,Espagne,ETI,Enterprise,12,134,86,64.2%,48,"27,3",40,22,1,0,4,3.5,4,1,"12916,76",violet,ap-s1,B,Compte dans la moyenne.,222427
SIM-04436,2023-11-17,vendredi,commerce,France,TPE,Enterprise,15,2,2,100.0%,83,"35,0",40,29,0,1,2,5.2,4,0,178.28 €,vert,eu-w1,B,Compte dans la moyenne.,5263
SIM-04437,2023-11-09,jeudi,Public,Suisse,PME,pro,15,41,23,56.1,23,12.3,16,7,6,0,0,12.5,3,0,916.45,bleu,eu-w3,A,,6012
SIM-04438,07 Apr 2023,vendredi,Tech,France,PME,BUSINESS,22,34,18,52.9%,18,10.1,26,9,4,2,2,7.7,4,0,1691.7,sombre,us-e1,control,,38841
SIM-04439,14/04/2024,dimanche,santé,Canada, PME ,starter,10,55,48,87.3,66,,8,5,2,1,2,19.0,5,,862.07,violet,eu-w3,A,,12724
SIM-04440,2024-09-03,mardi,COMMERCE,Espagne,eti,Business,5,44,36,81.8,42,35.7,26,16,0,0,6,9.5,1,,,violet,eu-w3,B,,12917
SIM-04441,28 May 2024,mardi,public,France,PME,Pro,8,9,7,77.8%,43,38.3,16,5,0,1,7,"18,0",3,2,228.73,violet,us-e1,A,,2438
SIM-04442,09 May 2024,jeudi,PUBLIC,Belgique,PME,business,9,15,4,26.7,1,0.1,26,2,1,12,0,"0,5",4,1,586.23,violet,us-e1,control,,6730
SIM-04443,2024-12-11,mercredi,Éducation,,PME, Pro ,2,38,17,44.7,1,0.3,16,4,1,16,4,13.9,3,4,"733,6",bleu,eu-w1,B,RAS.,9625
SIM-04444,04 Jan 2025,samedi,COMMERCE,Canada,ETI,Pro,1,136,73,53.7,15,2.1,16,5,1,2,3,20.3,2,4,3070.34,sombre,eu-w1,A,,20141
SIM-04445,30/11/2023,jeudi,,Belgique,TPE, Starter ,14,9,7,"77,8",5,,8,4,5,2,1,26.7,2,1,122.96,clair,ap-s1,B,,2521
SIM-04446,2024-09-02,lundi,santé,Suisse, PME ,Pro,5,37,29,"78,4",58,,16,8,1,3,10,,3,4,977.34 €,violet,eu-w1,A,Support très sollicité récemment.,22440
SIM-04447,03 Feb 2024,samedi, Santé ,France,ETI,PRO,12,174,73,"42,0",1,"0,1",16,2,5,6,3,10.8,4,0,3896.03 €,violet,eu-w1,control,"Compte engagé, ambassadeur potentiel.",79869
SIM-04448,2024-02-07,mercredi,Commerce,Suisse,TPE,Starter,12,4,1,25.0,14,"5,3",8,2,4,0,4,27.5 h,2,0,47.29,sombre,eu-w3,A,Mécontentement exprimé au support.,853
SIM-04449,13/08/2024,mardi,Tech,France, PME ,starter,6,21,13,61.9,27,2.2,8,3,2,0,0,14.4,4,2,,bleu,eu-w3,B,RAS.,1638
SIM-04450,2024-09-07,samedi,Finance,France,ETI, Enterprise ,5,90,53,58.9,26,"6,4",40,23,1,1,0,"0,7",4,1,7183.72,vert,us-e1,B,RAS.,359330
SIM-04451,09 Feb 2024,vendredi,Public,France,ETI,Pro,12,36,14,"38,9",3,1.1,16,6,5,2,0,0.5,5,0,854.75,vert,us-e1,control,Client très satisfait et actif.,14719
SIM-04452,08/10/2024,mardi,Finance,France, ETI ,BUSINESS,4,86,44,51.2%,15,7.4,26,6,0,0,0,2.2,,,3482.56,vert,ap-s1,A,Compte dans la moyenne.,28557
SIM-04453,07 Aug 2023,lundi,finance,France,pme,Enterprise,18,17,3,17.6,2,0.5,40,20,3,6,4,6.5,1,0,1357.54 €,violet,us-e1,B,Mécontentement exprimé au support.,23377
SIM-04454,14/10/2023,samedi,PUBLIC,,PME,Business,16,6,3,50.0%,15,0.8,26,4,2,3,0,3.4,,0,312.16 €,vert,us-e1,A,Compte dans la moyenne.,3328
SIM-04455,2024-02-12,lundi,éducation,Canada,PME,Pro,12,37,14,37.8,11,1.3,16,1,,1,6,"24,3",1,1,889.67 €,bleu,ap-s1,control,Mécontentement exprimé au support.,16779
SIM-04456,2022-10-15,samedi,Tech,France,TPE,Starter,28,7,6,"85,7",57,41.0,8,3,6,3,0,"9,2",5,0,106.78,clair,ap-s1,B,,8668
SIM-04457,09 Jun 2023,vendredi,COMMERCE,France, PME ,Business,20,51,27,52.9%,25,4.0,26,10,5,1,2,"3,2",4,0,2307.47,vert,us-e1,control,,24598
SIM-04458,2024-10-09,mercredi,INDUSTRIE,France,GE,BUSINESS,4,855,451,52.7%,16,1.7,26,8,1,2,0,9.4,2,1,36264.48,sombre,ap-s1,A,"Client insatisfait, risque de départ.",297369
SIM-04459,12/06/2024,mercredi,SANTÉ,France,PME, Starter ,8,43,12,27.9,2,"0,3",8,3,1,3,0,25.9,4,2,457.75,sombre,us-e1,B,,8258
SIM-04460,09 Dec 2024,lundi,Santé,Belgique,TPE,starter,2,11,3,27.3,1,,8,2,1,14,0,12.1,5,2,,sombre,eu-w3,B,,515
SIM-04461,04/09/2024,mercredi,Éducation,Belgique,PME,PRO,5,46,35,76.1,78,51.6,16,9,2,3,5,11.5,4,0,"1238,96",violet,us-e1,B,Compte dans la moyenne.,16255
SIM-04462,09/07/2024,mardi,Santé,France,TPE, Pro ,7,7,3,42.9%,5,2.8,16,5,2,11,0,8.8,,2,172.17 €,violet,eu-w3,B,,1835
SIM-04463,2022-06-08,mercredi,Santé,France,TPE,Pro,32,10,1,"10,0",1,"0,4",16,7,11,7,4,12.3,4,0,293.92,bleu,ap-s1,A,Faible adoption des sièges.,15666
SIM-04464,10/07/2023,lundi,Commerce,France, TPE ,enterprise,19,3,2,"66,7",42,"24,2",40,21,5,0,3,5.0,,0,"250,36",bleu,ap-s1,A,,16629
SIM-04465,13 Mar 2023,lundi, Santé ,Espagne,ETI,ENTERPRISE,23,194,74,38.1,1,"0,2",40,18,9,4,0,"3,8",4,0,18865.05,vert,eu-w3,B,Client très satisfait et actif.,448611
SIM-04466,26 Dec 2024,jeudi,Commerce,Suisse, TPE ,Starter,1,1,1,"100,0",16,2.5,8,4,0,7,2,18.5 h,4,3,9.4,bleu,eu-w3,B,Suivi standard.,300
SIM-04467,2023-09-09,samedi,Finance,France, TPE , Starter ,17,9,8,88.9,95,46.1,8,5,1,1,0,12.3,5,0,113.62,violet,ap-s1,B,RAS.,2888
SIM-04468,05 Dec 2023,mardi,commerce,Canada,PME,Pro,14,50,14,28.0%,2,"0,1",16,5,5,10,3,"8,7",2,0,1216.46,clair,eu-w1,B,Mécontentement exprimé au support.,13965
SIM-04469,03 Apr 2023,lundi, Tech ,France,PME,Business,22,55,20,36.4,1,"0,2",26,6,3,1,9,10.2 h,2,0,"2580,47",vert,eu-w3,control,"Client insatisfait, risque de départ.",59248
SIM-04470,19 Jul 2023,mercredi,Santé,Allemagne,GE,BUSINESS,19,618,54,8.7%,1,0.1,26,1,2,10,4,"6,1",2,0,24345.66,violet,eu-w1,B,,578940
SIM-04471,09 Jan 2025,jeudi,Santé,Espagne,ge,BUSINESS,1,513,0,0.0,0,"0,0",26,0,0,30,4,,3,3,"18408,46",bleu,eu-w1,control,Déploiement interne limité.,75475
SIM-04472,2023-11-03,vendredi,Tech,Suisse,pme,Starter,15,6,4,66.7,30,,8,2,4,1,4,36.4,2,0,"83,93",violet,us-e1,control,,2615
SIM-04473,12 Sep 2023,mardi,Commerce,France, ETI ,PRO,17,201,174,86.6,86,19.4,16,10,2,1,1,8.9,4,0,5773.9,clair,eu-w1,B,,37877
SIM-04474,2024-04-01,lundi,Santé,Suisse,PME,Business,10,52,0,0.0,0,0.0,26,0,0,69,2,5.1,4,2,2297.43 €,violet,us-e1,A,Usage en forte baisse ce trimestre.,13187
SIM-04475,2024-12-28,samedi,COMMERCE,Canada,ETI,Business,1,102,57,55.9,21,5.1,26,6,0,0,0,5.6,4,0,"5001,85",violet,eu-w1,control,,86132
SIM-04476,05 Aug 2024,lundi,Éducation,France,PME,business,6,21,9,42.9,28,"18,5",26,8,1,0,0,"8,9",3,2,1011.3,sombre,eu-w1,A,,22390
SIM-04477,2024-02-02,vendredi,Finance,France,PME,pro,12,32,20,,18,0.9,16,6,3,0,3,,3,0,480.0,clair,eu-w1,control,,2755
SIM-04478,2024-04-01,lundi, Finance ,France,ETI,Pro,10,38,8,21.1%,2,0.3,16,6,3,5,0,5.6,5,0,923.05,clair,eu-w3,A,Déploiement interne limité.,12867
SIM-04479,2024-12-28,samedi,Industrie,France,PME, Business ,1,42,5,"11,9",1,0.3,26,2,0,8,5,"8,9",3,2,"1548,44",violet,eu-w1,control,,19046
SIM-04480,2024-12-27,vendredi,Finance,Belgique,TPE,Pro,1,7,3,42.9,16,"1,1",16,9,0,1,5,12.7,3,2,"156,74",bleu,eu-w1,control,,1542
SIM-04481,2025-01-04,samedi,Industrie,Suisse,PME,Starter,1,55,44,"80,0",73,"35,3",8,5,0,1,3,25.2,,4,678.82,bleu,eu-w1,control,Compte dans la moyenne.,30058
SIM-04482,14/05/2024,mardi,TECH,Belgique,PME,Business,9,52,0,0.0,0,0.0,26,0,0,70,3,,3,0,"2429,65",sombre,us-e1,A,"Compte peu actif, relance nécessaire.",75708
SIM-04483,06 Oct 2024,dimanche,INDUSTRIE,France,pme,BUSINESS,4,27,20,74.1,52,29.5,26,15,2,3,0,,4,3,1386.14,vert,ap-s1,A,Compte dans la moyenne.,37509
SIM-04484,2024-01-06,samedi,santé,France,PME,Business,13,52,41,78.8,42,32.6,26,16,2,0,1,"6,2",4,1,2229.87,clair,eu-w1,control,,21942
SIM-04485,06 Oct 2023,vendredi,Commerce,Espagne, PME ,Enterprise,16,41,13,,11,7.9,40,13,2,6,0,2.5,5,0,3457.99,violet,eu-w3,B,Suivi standard.,34027
SIM-04486,30/07/2024,mardi,Tech,Allemagne,TPE, Starter ,6,2,0,"0,0",0,,8,0,0,55,0,6.3,,4,17.61,bleu,us-e1,A,Déploiement interne limité.,300
SIM-04487,07 Jan 2025,mardi,,France,eti,Enterprise,1,189,78,41.3,1,0.3,40,10,1,11,0,0.8 h,4,1,13425.54 €,bleu,us-e1,control,RAS.,110089
SIM-04488,2024-03-09,samedi,Finance,France,TPE,pro,11,4,1,25.0%,8,4.0,16,6,1,0,2,9.7,4,0,117.05,clair,us-e1,B,,3551
SIM-04489,03/10/2024,jeudi,Finance,,ETI,Business,4,79,10,"12,7",1,,26,1,1,30,3,"9,4",4,3,"3103,52",sombre,us-e1,control,,25449
SIM-04490,2024-02-05,lundi,tech,Canada,ETI,Pro,12,71,60,84.5,110,37.9,16,10,0,0,4,14.6,3,0,2032.97,clair,ap-s1,B,RAS.,115025
SIM-04491,2024-10-01,mardi,Industrie,France,tpe,Pro,4,11,3,27.3,1,,16,2,3,30,1,15.4 h,5,0,252.27,vert,us-e1,control,RAS.,2689
SIM-04492,09/04/2024,mardi,Finance,France,eti,Pro,10,167,107,64.1,45,"11,6",16,10,3,1,0,2.0,,0,4608.83,bleu,us-e1,A,Client très satisfait et actif.,188962
SIM-04493,2024-02-15,jeudi,Commerce,Belgique,PME,STARTER,12,27,17,63.0%,22,"9,0",8,3,2,1,1,20.9,4,1,346.61,bleu,ap-s1,B,,11369
SIM-04494,19 Oct 2022,mercredi, Public ,France,ETI,Business,28,34,18,52.9%,7,1.6,26,11,2,4,0,4.8,5,0,1947.95,vert,eu-w1,A,,44725
SIM-04495,2024-08-02,vendredi,Commerce,France,TPE,Pro,6,10,2,20.0,1,0.1,16,2,1,0,6,17.9,4,1,197.18 €,violet,us-e1,control,,1779
SIM-04496,07/11/2023,mardi,Tech,France,PME,Pro,15,27,12,44.4%,17,4.7,16,3,3,1,4,"13,3",3,0,568.83,clair,ap-s1,A,Suivi standard.,13993
SIM-04497,15/02/2024,jeudi,Tech,France,PME,Business,12,54,43,"79,6",34,"6,0",26,5,1,0,2,4.1,5,0,2833.64,violet,ap-s1,A,,32530
SIM-04498,02/09/2023,samedi,TECH,Allemagne,TPE,Starter,17,5,2,"40,0",21,7.5,8,2,4,1,2,,3,0,52.88,violet,eu-w3,B,,1344
SIM-04499,23 Nov 2024,samedi, Santé ,France,ETI,Pro,2,49,29,59.2,41,7.3,16,7,0,2,3,10.1,2,1,,vert,eu-w3,B,Mécontentement exprimé au support.,22623
SIM-04500,30/05/2024,jeudi,Santé,Allemagne,tpe,Starter,8,7,3,42.9,9,3.7,8,1,3,2,9,33.4,1,0,94.87,vert,ap-s1,A,,1478
SIM-04501,2023-07-12,mercredi,Public,Espagne, ETI ,Starter,19,171,18,10.5%,1,0.1,8,0,3,22,5,25.1,3,0,"2245,47",violet,ap-s1,B,,51556
SIM-04502,09/01/2024,mardi,Santé,France,PME,business,13,57,25,"43,9",4,2.3,26,10,4,12,0,3.8 h,4,0,2620.38,violet,eu-w1,A,RAS.,27933
SIM-04503,15 Feb 2022,mardi, Santé ,France,ETI,Business,36,55,0,0.0,0,0.0,26,0,0,73,0,4.9,,0,3019.79,violet,us-e1,B,"Compte peu actif, relance nécessaire.",136193
SIM-04504,2025-01-08,mercredi,Finance,,PME,Pro,1,53,18,34.0,8,2.9,16,3,0,11,0,8.8 h,,1,928.78,clair,eu-w1,B,,10662
SIM-04505,2023-10-03,mardi,SANTÉ,Allemagne,tpe, Starter ,16,10,5,50.0,19,"12,8",8,2,3,1,2,,3,0,132.31,bleu,us-e1,A,,3363
SIM-04506,17/09/2023,dimanche,Commerce,France,PME,ENTERPRISE,17,32,12,37.5,1,0.1,40,11,6,30,5,2.2,3,0,2451.33,vert,ap-s1,B,,14071
SIM-04507,11 Nov 2024,lundi,Tech,Canada,ETI,Pro,3,102,51,"50,0",21,8.3,16,3,0,0,1,6.3,5,0,2618.18,sombre,eu-w3,control,,17175
SIM-04508,2023-06-11,dimanche, Commerce ,France,TPE,starter,20,1,1,"100,0",16,,8,2,2,3,2,28.6,4,0,"12,82",bleu,us-e1,control,RAS.,357
SIM-04509,26 Dec 2024,jeudi,Commerce,Canada,tpe,starter,1,2,2,"100,0",51,"43,8",8,5,0,1,0,"12,7",5,0,27.11,violet,us-e1,control,,1289
SIM-04510,09/11/2023,jeudi,éducation,Allemagne,pme,STARTER,15,51,17,"33,3",1,,8,3,2,21,6,24.5,2,0,623.05,sombre,eu-w3,B,"Client insatisfait, risque de départ.",22480
SIM-04511,04 Jan 2023,mercredi,Industrie,France,ETI,Pro,25,51,29,56.9%,3,"1,7",16,3,10,3,7,19.4,3,0,"1411,01",clair,ap-s1,B,,96033
SIM-04512,05 Aug 2024,lundi,commerce,Canada,PME,Starter,6,56,33,58.9,33,15.6,8,2,3,0,2,20.2,,1,"553,25",vert,us-e1,A,,7259
SIM-04513,28/12/2024,samedi, Finance ,Allemagne,PME,Starter,1,46,33,"71,7",55,"44,9",8,3,0,1,2,,3,0,455.63 €,violet,us-e1,B,,2615
SIM-04514,09/05/2024,jeudi,Finance,France,TPE,Business,9,10,3,30.0%,14,7.5,26,11,,2,0,1.2,4,1,527.3,clair,eu-w1,A,,9512
SIM-04515,2023-12-10,dimanche,Commerce,Canada,pme, Business ,14,20,9,45.0%,20,3.0,26,8,2,1,8,7.4 h,,0,"913,07",violet,eu-w3,control,Mécontentement exprimé au support.,32944
SIM-04516,11/12/2022,dimanche,Éducation,France,TPE,Pro,26,7,3,42.9,10,"4,5",16,4,13,6,4,7.5,4,0,"166,12",vert,ap-s1,B,"Compte engagé, ambassadeur potentiel.",1362
SIM-04517,07 Jan 2025,mardi,éducation,,GE,ENTERPRISE,1,158,0,"0,0",0,0.0,40,0,0,30,2,1.9,2,2,"10648,88",clair,us-e1,control,Mécontentement exprimé au support.,104785
SIM-04518,15 Apr 2024,lundi,,France,PME,Pro,10,12,7,"58,3",19,"14,2",16,11,,0,1,14.2,4,1,323.83,violet,ap-s1,B,,5311
SIM-04519,13/07/2024,samedi,Industrie,Belgique,PME,starter,7,40,10,25.0%,2,"0,6",8,0,0,2,3,33.4,,0,518.21,bleu,eu-w1,A,RAS.,3824
SIM-04520,24/10/2024,jeudi,INDUSTRIE,Suisse,PME,Pro,3,42,12,28.6,1,,16,4,1,30,6,,4,3,"983,02",sombre,eu-w1,A,,5643
SIM-04521,13/06/2023,mardi,public,France,GE,ENTERPRISE,20,460,130,28.3,4,0.5,40,18,4,8,6,"4,2",2,0,41945.48 €,clair,ap-s1,B,"Client insatisfait, risque de départ.",1444602
SIM-04522,2022-09-23,vendredi,Commerce,France,PME,Starter,29,51,44,86.3,77,73.2,8,4,9,1,7,26.6,4,0,"736,46",violet,eu-w1,B,,8455
SIM-04523,09 Nov 2023,jeudi,Commerce,Suisse,ETI,Pro,15,43,17,39.5,6,2.1,16,5,7,6,3,11.4 h,3,0,1203.14,violet,eu-w3,B,,17758
SIM-04524,2023-10-12,jeudi, Éducation ,Belgique,TPE,starter,16,9,6,66.7,47,20.4,8,3,1,1,5,27.1,2,0,114.34,bleu,eu-w3,control,,4594
SIM-04525,2024-11-05,mardi, Tech ,France, PME , Pro ,3,9,5,"55,6",15,7.2,16,7,0,1,8,22.4 h,2,,"253,92",violet,eu-w3,B,,7079
SIM-04526,01/08/2024,jeudi,Commerce,France, ETI , Enterprise ,6,44,37,84.1,65,30.7,40,22,0,0,1,1.0,,1,4202.33,violet,eu-w1,control,,120607
SIM-04527,13/01/2024,samedi,SANTÉ,Suisse,PME,Pro,13,24,13,54.2,13,2.6,16,5,,1,12,"22,2",1,2,576.45,clair,us-e1,control,"Client insatisfait, risque de départ.",20326
SIM-04528,31 Dec 2024,mardi,Éducation,Allemagne,ETI,Enterprise,1,91,28,30.8,10,3.8,40,8,1,0,3,8.3,2,3,6658.82,violet,eu-w3,B,"Client insatisfait, risque de départ.",43682
SIM-04529,31/12/2024,mardi, Santé ,France,PME,Business,1,38,18,47.4,11,1.3,26,13,,7,1,,,2,"1489,79",vert,ap-s1,A,,7330
SIM-04530,03/01/2024,mercredi,Finance,France, TPE , Pro ,13,7,4,57.1%,13,1.4,16,4,5,2,2,7.3,5,0,,sombre,eu-w3,A,,1506
SIM-04531,2023-06-13,mardi,Commerce,Belgique,PME,Pro,20,39,14,35.9,1,0.2,16,4,2,2,3,13.6,4,0,903.27,violet,ap-s1,B,,44441
SIM-04532,09 Apr 2024,mardi,finance,France,TPE,Business,10,9,7,77.8,69,62.0,26,12,3,1,6,"7,8",2,0,372.31,bleu,us-e1,A,Mécontentement exprimé au support.,2137
SIM-04533,06/02/2024,mardi,SANTÉ,France,PME,Pro,12,54,38,70.4,39,16.8,16,7,,3,1,10.4,4,1,1406.8,sombre,eu-w1,A,RAS.,73829
SIM-04534,29/09/2024,dimanche,Tech,France,GE,enterprise,4,844,533,63.2,14,"3,5",40,22,1,0,2,3.7,4,2,68015.99,violet,eu-w1,A,,1003916
SIM-04535,03 Dec 2024,mardi,Finance,Allemagne,PME,PRO,2,14,2,14.3%,1,0.4,16,2,1,18,4,13.9,3,0,323.21,bleu,eu-w1,A,,5831
SIM-04536,10 Dec 2024,mardi,Tech,France,PME,BUSINESS,2,10,6,60.0,34,"4,6",26,15,1,1,0,,4,0,368.5,bleu,eu-w1,control,RAS.,4230
SIM-04537,2023-04-15,samedi, Santé ,France, TPE , Starter ,22,7,6,85.7,91,36.1,8,5,3,1,0,1.2,5,0,110.81,clair,us-e1,control,,7269
SIM-04538,2024-03-31,dimanche,TECH,France,eti,pro,10,147,49,"33,3",13,"2,2",16,4,4,1,1,11.5,3,1,4382.02 €,clair,eu-w1,control,RAS.,197629
SIM-04539,31 Jul 2024,mercredi, Finance ,France,PME,Pro,6,34,15,44.1,25,1.2,16,6,1,3,4,20.5 h,3,1,973.05,clair,eu-w3,control,,12766
SIM-04540,2024-12-28,samedi,Industrie,France,PME, Business ,1,42,5,"11,9",1,0.3,26,2,0,8,5,"8,9",3,2,"1548,44",violet,eu-w1,control,,19046
SIM-04541,15 Sep 2023,vendredi,Industrie,Belgique, PME ,Business,17,32,0,0.0,0,"0,0",26,0,0,38,0,4.2,4,0,1587.94,sombre,eu-w3,B,Déploiement interne limité.,18230
SIM-04542,02 Sep 2023,samedi,TECH,Belgique,TPE, Starter ,17,1,1,100.0,112,60.4,8,5,2,0,0,19.8,4,0,12.99,sombre,us-e1,control,,330
SIM-04543,13 May 2024,lundi, Finance ,France,GE, Business ,9,194,173,89.2%,84,56.9,26,9,2,4,0,0.9,5,0,9830.51,violet,eu-w1,B,,120915
SIM-04544,2024-02-12,lundi,éducation,Canada,PME,Pro,12,37,14,37.8,11,1.3,16,1,,1,6,"24,3",1,1,889.67 €,bleu,ap-s1,control,Mécontentement exprimé au support.,16779
SIM-04545,31/12/2024,mardi,COMMERCE,Allemagne,eti, Enterprise ,1,191,156,,48,,40,21,1,0,4,"5,2",2,1,16557.89,sombre,eu-w1,A,,475211
SIM-04546,09 Jan 2024,mardi,COMMERCE,Allemagne,tpe,Pro,13,1,1,100.0,45,23.2,16,6,1,1,2,6.2,4,0,30.41,violet,eu-w3,B,,1347
SIM-04547,14/12/2023,jeudi,Public,France,TPE,Business,14,2,1,,11,"3,9",26,6,1,7,0,0.5,5,0,"76,61",sombre,eu-w3,A,,1131
SIM-04548,08/03/2024,vendredi,éducation,France, ETI ,Business,11,54,17,31.5%,11,2.3,26,11,3,6,2,10.2,2,0,2736.14,violet,eu-w3,B,Mécontentement exprimé au support.,80771
SIM-04549,10/06/2024,lundi,,France,ETI, Business ,8,179,117,"65,4",43,"8,1",26,11,2,3,2,4.8,4,0,8050.34,bleu,eu-w3,B,,59412
SIM-04550,19 Aug 2023,samedi,Industrie,France,PME,Pro,18,20,18,,84,"93,7",16,15,6,1,0,12.5,,0,563.48,bleu,ap-s1,B,Client très satisfait et actif.,19868
SIM-04551,04/02/2024,dimanche,Tech,France, TPE ,PRO,12,9,6,66.7,29,"13,6",16,6,2,0,1,9.5,5,1,193.68,clair,ap-s1,A,Compte dans la moyenne.,3653
SIM-04552,18 Sep 2023,lundi,,Canada,PME, Business ,17,26,7,26.9,6,1.4,26,6,7,2,2,"0,5",4,0,1324.11,clair,ap-s1,B,Client très satisfait et actif.,29316
SIM-04553,31/07/2024,mercredi,Éducation,Belgique,PME,Business,6,40,32,80.0,65,29.1,26,17,2,0,0,6.4,4,0,2043.12,violet,eu-w1,A,Compte dans la moyenne.,23455
SIM-04554,03 Sep 2023,dimanche,Tech,,PME,BUSINESS,17,13,10,,44,"6,7",26,15,2,1,3,8.7 h,2,0,638.33,violet,eu-w3,control,,13086
SIM-04555,06 Jan 2025,lundi,FINANCE,France,TPE,PRO,1,11,6,54.5,34,27.7,16,8,0,1,4,12.1,5,1,229.37,sombre,eu-w1,B,Suivi standard.,2633
SIM-04556,2023-10-31,mardi,INDUSTRIE,France,PME,Pro,15,40,25,62.5,5,4.3,16,5,4,7,5,17.3,2,0,1153.19,bleu,ap-s1,control,,77540
SIM-04557,2024-01-01,lundi,Finance,France,TPE,Pro,13,1,1,"100,0",21,"4,6",16,4,4,4,1,8.9,3,0,21.56,bleu,ap-s1,A,,300
SIM-04558,01/01/2025,mercredi,Public,France, ETI , Pro ,1,123,75,61.0,15,"11,4",16,7,,1,3,12.0,3,1,"2834,76",bleu,us-e1,B,,58113
SIM-04559,2024-05-04,samedi,,France,TPE,Starter,9,11,7,63.6,29,11.7,8,4,,6,5,27.3 h,3,1,145.53,vert,eu-w1,A,,3341
SIM-04560,11 May 2024,samedi,Public,France,PME, Pro ,9,56,30,53.6,17,9.7,16,8,2,1,4,12.7,3,1,"1434,95",sombre,eu-w1,B,RAS.,100016
SIM-04561,19/07/2023,mercredi,Éducation,Belgique,PME,business,19,14,11,78.6%,61,"50,5",26,8,2,1,8,6.9 h,1,0,652.35,vert,eu-w1,control,"Client insatisfait, risque de départ.",26211
SIM-04562,05 Sep 2024,jeudi,COMMERCE,France, TPE , Starter ,5,4,3,,69,44.6,8,5,1,2,1,,5,1,48.99 €,clair,ap-s1,control,,482
SIM-04563,17/03/2023,vendredi,COMMERCE,France,TPE,BUSINESS,23,1,1,100.0%,10,,26,7,4,4,1,3.6,3,0,35.77 €,vert,eu-w3,A,RAS.,557
SIM-04564,2024-10-01,mardi,Industrie,France,tpe,Pro,4,11,3,27.3,1,,16,2,3,30,1,15.4 h,5,0,252.27,vert,us-e1,control,RAS.,2689
SIM-04565,05/01/2025,dimanche,Finance,France, TPE , Starter ,1,3,2,"66,7",32,12.2,8,3,0,1,0,19.3 h,5,2,35.35,clair,eu-w1,A,Compte dans la moyenne.,300
SIM-04566,09/07/2024,mardi,Santé,France,TPE, Pro ,7,7,3,42.9%,5,2.8,16,5,2,11,0,8.8,,2,172.17 €,violet,eu-w3,B,,1835
SIM-04567,29 Dec 2024,dimanche,Industrie,France,TPE,Pro,1,4,2,,1,0.7,16,8,0,1,1,12.4,,1,101.57 €,vert,eu-w3,A,,2415
SIM-04568,03 Sep 2024,mardi,Commerce,France, TPE ,Starter,5,11,5,45.5,19,7.7,8,3,1,0,6,38.2,2,2,,bleu,us-e1,B,"Client insatisfait, risque de départ.",2041
SIM-04569,2024-04-30,mardi, Commerce ,France,TPE,Starter,9,1,1,100.0,1,"0,3",8,5,1,1,1,23.2,4,1,9.75 €,violet,ap-s1,A,,300
SIM-04570,11/03/2024,lundi,Public,France,ETI,starter,11,218,142,65.1,42,"14,1",8,4,4,0,3,23.1,3,2,3164.77,bleu,eu-w3,A,,108995
SIM-04571,2024-04-14,dimanche,Tech,Canada,ge,business,10,232,0,0.0%,0,"0,0",26,0,0,105,0,,4,3,10639.37,clair,ap-s1,A,"Compte peu actif, relance nécessaire.",139589
SIM-04572,12/09/2023,mardi,Industrie,France,TPE,pro,17,7,2,"28,6",1,"0,1",16,7,5,8,0,10.2,4,0,"165,83",sombre,ap-s1,A,"Compte engagé, ambassadeur potentiel.",5575
SIM-04573,2023-12-17,dimanche,éducation,France,PME,Pro,14,29,10,34.5,5,"2,2",16,11,3,3,1,9.2,4,0,812.24,violet,eu-w3,B,,50619
SIM-04574,14 Jan 2023,samedi,TECH,France,pme, Business ,25,53,32,"60,4",23,12.8,26,12,3,0,2,7.3 h,3,,,clair,us-e1,B,RAS.,84587
SIM-04575,10 Mar 2024,dimanche,Finance,Belgique,ETI,Pro,11,101,81,"80,2",86,68.9,16,6,1,1,3,10.2,4,2,"2791,56",clair,us-e1,A,Compte dans la moyenne.,103009
SIM-04576,16/03/2023,jeudi,Tech,France,GE, Business ,23,527,171,32.4,10,,26,9,7,7,1,0.5,5,0,27554.34,sombre,ap-s1,B,Client très satisfait et actif.,1491241
SIM-04577,02/09/2023,samedi, Commerce ,France,TPE,Starter,17,4,3,"75,0",21,"10,6",8,3,,3,4,28.4 h,2,0,"53,86",clair,eu-w3,control,,3092
SIM-04578,2023-09-14,jeudi,Tech,France,TPE,Starter,17,1,1,100.0,16,6.1,8,2,4,4,4,21.7,4,0,10.88,bleu,us-e1,control,Client très satisfait et actif.,300
SIM-04579,2024-04-12,vendredi,ÉDUCATION,France, PME ,pro,10,41,32,78.0,95,101.7,16,7,4,0,3,11.0,5,0,1115.54,violet,us-e1,B,,20124
SIM-04580,11/06/2024,mardi,,Belgique, PME ,pro,8,15,9,60.0,24,"3,2",16,3,1,0,1,12.2,2,1,344.4,clair,ap-s1,A,"Client insatisfait, risque de départ.",2259
SIM-04581,09/07/2024,mardi,Industrie,,TPE,PRO,7,3,1,33.3,1,0.6,16,6,1,4,4,15.2 h,3,1,"86,2",clair,eu-w3,A,,990
SIM-04582,13 May 2023,samedi,éducation,Suisse,tpe,pro,21,5,3,"60,0",18,6.6,16,7,0,1,5,18.5,3,0,98.81 €,clair,eu-w1,A,RAS.,1053
SIM-04583,02/03/2024,samedi,SANTÉ,Espagne,TPE,Starter,11,6,5,83.3,60,30.2,8,5,4,0,1,20.9 h,5,1,78.13,clair,ap-s1,control,,3267
SIM-04584,2024-06-04,mardi,TECH,France, TPE ,Starter,8,5,3,60.0%,56,,8,2,2,0,1,22.9,3,1,63.41,bleu,eu-w1,control,RAS.,780
SIM-04585,11 May 2024,samedi,INDUSTRIE,France,ge,enterprise,9,161,110,68.3,20,14.5,40,24,4,1,0,1.2,5,0,13859.61,vert,us-e1,control,"Compte engagé, ambassadeur potentiel.",204568
SIM-04586,01 Jan 2024,lundi,,Belgique,TPE,Starter,13,3,2,66.7%,19,15.9,8,4,3,0,1,19.4,3,0,33.71,sombre,eu-w3,control,,300
SIM-04587,14 Jan 2024,dimanche,COMMERCE,Canada,PME,Starter,13,57,27,"47,4",22,9.9,8,4,1,0,8,36.3,1,0,910.94,clair,eu-w3,B,,62746
SIM-04588,03 Feb 2024,samedi, Santé ,France,ETI,PRO,12,174,73,"42,0",1,"0,1",16,2,5,6,3,10.8,4,0,3896.03 €,violet,eu-w1,control,"Compte engagé, ambassadeur potentiel.",79869
SIM-04589,2023-09-07,jeudi,,France,TPE,BUSINESS,17,4,3,75.0,42,22.2,26,7,4,1,0,4.8 h,4,0,163.47,violet,eu-w1,control,,2011
SIM-04590,03/04/2024,mercredi,commerce,France,ETI,Business,10,189,73,38.6%,1,"0,5",26,6,1,4,1,4.0 h,4,1,9389.44,sombre,eu-w3,A,Compte dans la moyenne.,192484
SIM-04591,08 Nov 2023,mercredi,Commerce,Espagne,TPE,Starter,15,9,4,44.4%,1,0.3,8,2,5,7,2,29.6,3,0,122.46,vert,eu-w1,control,,3715
SIM-04592,06 Nov 2024,mercredi,Tech,France,TPE,Pro,3,10,3,30.0%,8,,16,4,3,1,0,15.0,3,2,214.86,sombre,eu-w1,control,Suivi standard.,3524
SIM-04593,2023-09-12,mardi, Commerce ,France,TPE,pro,17,10,7,70.0,17,9.6,16,8,3,3,3,16.8,2,0,236.45,vert,eu-w3,control,,2521
SIM-04594,23 Dec 2024,lundi,ÉDUCATION,France, TPE ,Pro,1,5,1,20.0%,6,2.6,16,6,,2,0,10.3 h,5,2,"112,94",vert,eu-w3,control,Faible adoption des sièges.,370
SIM-04595,28/08/2024,mercredi, Commerce ,Allemagne,TPE,starter,5,4,3,75.0,39,25.4,8,2,0,0,0,19.2,3,1,51.45,clair,eu-w1,A,RAS.,1223
SIM-04596,21/04/2023,vendredi,éducation,Allemagne,PME,Pro,22,40,18,45.0,16,5.6,16,6,5,0,1,,4,0,1144.63,bleu,ap-s1,control,Client très satisfait et actif.,15018
SIM-04597,2024-01-08,lundi,Public,Allemagne, ETI ,Business,13,153,108,70.6%,39,18.3,26,14,4,0,3,"5,3",3,1,6606.75,vert,ap-s1,A,,232954
SIM-04598,29 Aug 2024,jeudi,tech,France,ge,Enterprise,5,136,110,80.9,39,3.6,40,11,0,1,0,4.7,3,2,"12064,03",violet,eu-w3,A,RAS.,98925
SIM-04599,05/12/2023,mardi, Finance ,France,PME,PRO,14,55,47,85.5%,39,15.8,16,5,3,0,0,7.8,4,0,"1322,53",clair,ap-s1,control,"Compte engagé, ambassadeur potentiel.",13014
SIM-04600,12 Jul 2022,mardi,Commerce,France,PME, Business ,31,19,7,36.8,6,"1,7",26,5,8,8,5,7.7,3,0,1017.66 €,vert,eu-w3,A,,13352
SIM-04601,01 Jun 2024,samedi,Public,Canada, PME ,PRO,8,59,35,"59,3",17,"7,6",16,7,2,1,2,10.8,4,2,"1697,06",clair,ap-s1,A,,34790
SIM-04602,13 Apr 2024,samedi,FINANCE,France,pme,Starter,10,51,30,"58,8",27,,8,2,2,1,4,,2,0,612.29,sombre,ap-s1,B,,10042
SIM-04603,2024-01-13,samedi,,Allemagne,PME,PRO,13,19,9,"47,4",36,"11,4",16,3,1,0,0,,5,0,570.26,clair,ap-s1,A,Suivi standard.,4209
SIM-04604,30/01/2024,mardi,tech,Suisse, PME ,Starter,12,47,42,89.4,79,45.7,8,5,2,0,2,"28,7",3,0,845.35,clair,eu-w1,B,,31193
SIM-04605,07 Sep 2024,samedi,Éducation,Canada,ETI,Pro,5,50,26,52.0%,17,2.9,16,5,0,3,3,15.6,3,0,904.34,vert,ap-s1,A,,7416
SIM-04606,09 Sep 2023,samedi,,France,pme,STARTER,17,32,10,"31,2",1,0.1,8,0,6,10,0,,,0,336.92,clair,eu-w3,B,Mécontentement exprimé au support.,7183
SIM-04607,2023-11-11,samedi,INDUSTRIE,France,TPE,starter,15,8,1,"12,5",4,1.9,8,0,3,0,0,16.8 h,,0,"105,89",violet,us-e1,control,Faible adoption des sièges.,7381
SIM-04608,12 Aug 2023,samedi,Commerce,Espagne,tpe,Pro,18,1,0,0.0%,0,0.0,16,0,0,133,0,9.1,5,0,29.62 €,vert,ap-s1,B,Usage en forte baisse ce trimestre.,1870
SIM-04609,2024-12-31,mardi,Industrie,Allemagne,TPE,Starter,1,2,1,50.0,3,0.6,8,2,1,1,0,20.0,3,3,18.84,violet,ap-s1,A,,300
SIM-04610,17/05/2022,mardi,Éducation,France,TPE,Business,33,2,1,"50,0",25,21.7,26,14,4,2,4,"8,4",2,0,92.15,vert,eu-w1,B,"Client insatisfait, risque de départ.",2418
SIM-04611,13 Feb 2024,mardi, Tech ,France, TPE , Starter ,12,9,4,44.4,10,"3,1",8,2,,0,1,"17,3",4,1,106.55 €,violet,us-e1,B,RAS.,524
SIM-04612,10 Sep 2023,dimanche,Commerce,France,PME,Business,17,43,19,44.2,17,9.3,26,12,5,2,0,,4,0,1946.75,violet,eu-w3,control,,38312
SIM-04613,2023-11-04,samedi,Tech,France,ETI,Business,15,41,23,56.1,35,23.5,26,13,7,0,1,5.0,5,0,2031.89 €,clair,ap-s1,A,,58315
SIM-04614,29/12/2024,dimanche, Éducation ,Belgique,TPE,Starter,1,3,1,33.3,24,5.0,8,3,0,0,1,21.2,3,2,34.35,vert,ap-s1,A,,535
SIM-04615,05/01/2025,dimanche, Éducation ,France, ETI ,BUSINESS,1,88,36,40.9%,9,2.5,26,3,0,1,6,"8,5",2,5,3884.89,clair,eu-w3,B,,98754
SIM-04616,2023-11-07,mardi,Éducation,Allemagne,PME,PRO,15,29,23,79.3,62,32.1,16,10,2,0,3,13.6 h,3,,766.2,sombre,ap-s1,control,RAS.,6911
SIM-04617,15/02/2024,jeudi,Industrie,France,PME,pro,12,45,26,57.8%,27,11.3,16,9,0,2,1,3.7,5,0,1085.96 €,sombre,ap-s1,control,,19591
SIM-04618,15 Sep 2023,vendredi,Industrie,Belgique, PME ,Business,17,32,0,0.0,0,"0,0",26,0,0,38,0,4.2,4,0,1587.94,sombre,eu-w3,B,Déploiement interne limité.,18230
SIM-04619,2024-01-15,lundi,Industrie,Belgique,TPE,Starter,13,11,7,63.6,33,21.7,8,4,1,0,3,31.4 h,2,0,"150,84",sombre,us-e1,B,"Client insatisfait, risque de départ.",6432
SIM-04620,2024-12-31,mardi,Santé,France,GE, Enterprise ,1,698,0,0.0,0,0.0,40,0,0,30,0,1.2,3,4,"57264,34",sombre,eu-w3,B,Faible adoption des sièges.,704351
SIM-04621,12/02/2024,lundi,tech,Allemagne, TPE ,enterprise,12,8,3,37.5,21,17.5,40,25,5,0,6,6.6,3,0,"630,43",sombre,ap-s1,B,Compte dans la moyenne.,9822
SIM-04622,11 May 2024,samedi,Industrie,France,PME,PRO,9,32,12,"37,5",16,8.0,16,6,0,3,2,9.4,4,0,739.13,violet,ap-s1,control,RAS.,24850
SIM-04623,11/11/2023,samedi,Finance,Espagne, TPE , Business ,15,3,1,33.3,3,1.5,26,5,0,2,5,,2,0,140.06,violet,us-e1,control,,5513
SIM-04624,05/12/2024,jeudi,Commerce,Suisse,PME,Pro,2,53,45,84.9,52,39.4,16,8,0,0,0,12.2,3,1,1324.32,violet,us-e1,B,,11945
SIM-04625,09 Apr 2024,mardi,Tech,France,ETI,Business,10,204,91,44.6,12,6.3,26,3,1,1,3,,4,2,9182.15,vert,eu-w3,B,RAS.,180705
SIM-04626,2024-06-13,jeudi,Tech,Suisse, TPE , Starter ,8,7,5,71.4,67,"23,8",8,4,3,0,0,19.0,5,1,85.04,bleu,ap-s1,B,Client très satisfait et actif.,1255
SIM-04627,27 Dec 2024,vendredi,Finance,Belgique,GE, Enterprise ,1,817,229,28.0,11,2.4,40,16,0,4,1,6.5,3,2,66515.81,bleu,eu-w3,B,,436344
SIM-04628,29/07/2024,lundi,SANTÉ,Belgique,tpe, Pro ,6,11,6,54.5,17,2.4,16,6,,1,1,9.5,3,0,264.86,clair,eu-w1,control,Suivi standard.,4778
SIM-04629,31/05/2024,vendredi,Finance,Espagne,pme,Business,8,16,8,50.0,12,7.8,26,6,1,2,4,"6,0",3,2,781.58 €,clair,us-e1,B,,30122
SIM-04630,2024-12-27,vendredi,finance,France,PME,Business,1,57,40,"70,2",40,22.4,26,14,0,5,1,7.7,4,2,2424.31,violet,eu-w3,A,,23855
SIM-04631,02 Jul 2023,dimanche,Éducation,Canada,PME,Business,19,38,14,36.8,7,3.4,26,15,,2,1,7.4 h,3,0,1889.58,bleu,us-e1,A,RAS.,20143
SIM-04632,30 Dec 2024,lundi,Tech,France,tpe,STARTER,1,2,1,50.0,20,2.5,8,1,0,4,3,37.0,3,0,"26,19",violet,ap-s1,A,,365
SIM-04633,2024-01-08,lundi, Industrie ,France,TPE,Starter,13,3,1,33.3,7,3.1,8,3,2,4,1,19.9,5,0,"36,93",bleu,us-e1,control,,636
SIM-04634,12 Jan 2024,vendredi,Industrie,Allemagne, PME ,PRO,13,42,0,"0,0",0,0.0,16,0,0,48,3,9.3,3,0,"1162,7",bleu,eu-w1,A,Déploiement interne limité.,23835
SIM-04635,24/12/2024,mardi,,Belgique,PME, Pro ,1,31,28,90.3%,107,90.1,16,9,1,1,0,8.9,3,3,730.78,bleu,us-e1,A,,8389
SIM-04636,16/03/2023,jeudi,Tech,France,GE, Business ,23,527,171,32.4,10,,26,9,7,7,1,0.5,5,0,27554.34,sombre,ap-s1,B,Client très satisfait et actif.,1491241
SIM-04637,08/01/2024,lundi,Tech,France,PME,Pro,13,36,19,"52,8",25,10.6,16,5,2,1,5,,3,0,941.17,vert,eu-w3,control,,15435
SIM-04638,2025-01-06,lundi,Santé,Allemagne,TPE,Starter,1,9,7,77.8,31,13.9,8,3,0,0,2,,,3,84.79 €,vert,eu-w1,B,,1112
SIM-04639,15/05/2024,mercredi,Santé,Allemagne,PME,Pro,9,55,19,34.5%,2,,16,4,3,3,1,"9,2",2,,1283.42,clair,eu-w1,A,,126289
SIM-04640,19 Aug 2023,samedi,PUBLIC,France,TPE,Pro,18,5,2,40.0,15,"4,6",16,6,4,0,0,17.6,3,0,"118,01",vert,ap-s1,control,,3484
SIM-04641,11 Sep 2023,lundi,,Allemagne,TPE,Pro,17,10,3,30.0%,4,0.2,16,4,5,4,0,5.6,3,0,"203,87",clair,eu-w3,A,Suivi standard.,1505
SIM-04642,10/06/2023,samedi,Public,France,pme,Starter,20,41,20,,28,6.0,8,4,0,1,0,14.7,4,0,"628,76",violet,us-e1,A,RAS.,16499
SIM-04643,2024-10-10,jeudi,Santé,France,TPE,STARTER,4,8,5,62.5,24,10.3,8,3,3,2,3,22.5,4,1,110.61,sombre,eu-w1,control,,3356
SIM-04644,11/05/2024,samedi,Industrie,Canada, PME ,PRO,9,6,3,50.0,22,9.4,16,8,0,1,3,10.9,3,0,171.59,bleu,us-e1,control,Compte dans la moyenne.,5206
SIM-04645,12/08/2023,samedi,Éducation,France,PME, Starter ,18,58,0,"0,0",0,0.0,8,0,0,35,0,18.6,5,,754.63,bleu,ap-s1,A,Faible adoption des sièges.,18564
SIM-04646,18 Oct 2023,mercredi, Santé ,France,ETI,PRO,16,169,52,30.8,7,"0,4",16,5,4,7,0,0.5,5,0,4315.13,violet,us-e1,control,,99075
SIM-04647,04 Feb 2024,dimanche,finance,France,pme,Business,12,24,13,54.2,16,"6,8",26,13,2,0,3,"9,2",3,1,1073.14 €,sombre,us-e1,B,,34319
SIM-04648,2024-12-02,lundi,,France,PME,Business,2,7,6,85.7,82,68.8,26,21,0,1,0,5.6,,2,331.51,violet,eu-w1,control,Suivi standard.,10330
SIM-04649,12/10/2024,samedi,Tech,Espagne,PME,starter,4,9,5,55.6%,1,"0,1",8,3,1,7,1,"20,1",5,0,129.42,violet,eu-w3,B,,2653
SIM-04650,14/01/2024,dimanche,Industrie,France,eti,BUSINESS,13,169,117,69.2,24,9.6,26,8,4,1,1,9.3 h,4,0,8819.12,sombre,eu-w3,B,,130170
SIM-04651,2023-05-19,vendredi,Finance,Canada,PME,Business,21,33,25,75.8%,67,"70,9",26,10,3,1,0,5.5,5,0,1956.77 €,sombre,eu-w3,control,Client très satisfait et actif.,97878
SIM-04652,2022-10-19,mercredi,Industrie,France, TPE ,enterprise,28,9,7,,63,,40,25,8,1,0,"5,4",3,0,783.74,violet,us-e1,B,Compte dans la moyenne.,23136
SIM-04653,29/07/2024,lundi,Santé,Espagne,TPE,Business,6,5,1,20.0,1,0.3,26,1,2,30,1,9.9,1,0,137.46,clair,eu-w1,A,,902
SIM-04654,02 Feb 2023,jeudi,Éducation,, ETI ,Pro,24,96,9,9.4,1,"0,3",16,0,8,4,8,,2,0,2479.04,violet,eu-w1,A,,16263
SIM-04655,15/10/2023,dimanche, Tech ,France,pme,Pro,16,56,30,53.6,22,"9,9",16,5,8,0,0,6.8,5,0,1482.63,sombre,ap-s1,B,Client très satisfait et actif.,21884
SIM-04656,2023-08-15,mardi,éducation,France, ETI ,Business,18,170,124,72.9,16,12.6,26,13,2,1,1,3.2,5,0,7481.34,clair,us-e1,control,,736164
SIM-04657,15 Sep 2023,vendredi,,Belgique,TPE,Starter,17,9,4,,11,"6,9",8,1,,2,0,19.2,4,0,119.99,sombre,eu-w3,A,,1968
SIM-04658,06/10/2024,dimanche,COMMERCE,France,TPE,starter,4,8,5,"62,5",34,13.9,8,4,0,2,3,28.7,2,2,93.59,clair,eu-w1,control,,767
SIM-04659,2024-12-25,mercredi,,France,TPE,Starter,1,7,1,"14,3",1,"0,1",8,1,0,2,3,24.3 h,3,2,60.4 €,sombre,eu-w3,A,,1436
SIM-04660,13/02/2024,mardi,Finance,France,TPE,Starter,12,11,2,18.2,1,0.4,8,2,6,11,3,22.2,4,0,158.82,violet,eu-w1,control,,3386
SIM-04661,08/01/2024,lundi, Public ,France,PME, Business ,13,9,2,22.2,1,0.4,26,11,2,4,3,9.4,4,0,426.89,bleu,eu-w3,control,,4551
SIM-04662,2024-06-04,mardi,Éducation,France,PME,STARTER,8,43,14,"32,6",4,1.0,8,1,3,5,1,25.7,3,0,440.91,violet,us-e1,B,,5062
SIM-04663,2023-10-05,jeudi,,France,TPE,Starter,16,9,7,,61,43.2,8,1,7,2,3,32.0,4,0,"98,43",clair,eu-w1,A,Client très satisfait et actif.,4439
SIM-04664,04/01/2025,samedi,Commerce,France,PME,Starter,1,16,3,18.8,1,0.3,8,2,0,30,1,27.2,,0,165.86,violet,us-e1,control,,3672
SIM-04665,2025-01-06,lundi,Industrie,Espagne,TPE, Starter ,1,8,4,50.0,12,4.8,8,2,0,6,2,"23,4",3,4,"68,35",vert,eu-w3,B,Suivi standard.,504
SIM-04666,11 Nov 2023,samedi,Éducation,,TPE,Pro,15,1,1,100.0,12,5.6,16,4,2,0,1,16.1,,0,17.95,vert,us-e1,control,"Client insatisfait, risque de départ.",300
SIM-04667,01 Sep 2024,dimanche,ÉDUCATION,France,TPE,pro,5,2,1,50.0,6,0.3,16,5,0,0,0,5.8 h,5,4,"47,05",clair,eu-w3,control,RAS.,656
SIM-04668,2025-01-04,samedi, Tech ,Allemagne, PME ,Pro,1,53,44,"83,0",26,,16,3,0,2,0,7.6,4,1,"1344,94",bleu,eu-w1,control,RAS.,17646
SIM-04669,07/01/2025,mardi,Éducation,,tpe, Business ,1,3,1,33.3,8,5.6,26,9,0,6,0,"2,5",5,4,"106,85",violet,eu-w1,B,Suivi standard.,701
SIM-04670,2023-07-20,jeudi,Finance,France,PME,Pro,19,12,7,58.3%,15,4.7,16,3,4,0,2,"13,4",4,0,357.3,violet,ap-s1,control,,10255
SIM-04671,05/12/2024,jeudi,Santé,Belgique,TPE,Starter,2,10,5,50.0%,8,4.0,8,4,0,1,0,"11,0",4,0,"93,85",clair,eu-w3,A,,2540
SIM-04672,2023-12-09,samedi,Public,France,TPE,STARTER,14,1,1,"100,0",84,65.5,8,5,6,4,2,33.0,3,1,13.2,clair,eu-w1,B,Suivi standard.,509
SIM-04673,07 Nov 2024,jeudi,Éducation,France, PME ,Business,3,21,15,71.4,29,"22,1",26,11,1,1,9,10.2,1,1,934.34,violet,eu-w1,A,Mécontentement exprimé au support.,27582
SIM-04674,12/08/2024,lundi,Éducation,France,eti,BUSINESS,6,90,66,73.3,26,,26,9,1,0,5,5.7,2,5,"3230,93",sombre,ap-s1,B,,188105
SIM-04675,04/05/2024,samedi,Tech,Allemagne,PME, Starter ,9,56,18,32.1,17,6.3,8,4,2,1,1,11.6,4,0,"754,24",vert,eu-w1,B,,5566
SIM-04676,12 May 2024,dimanche,PUBLIC,France, TPE ,Starter,9,9,5,"55,6",12,"3,4",8,2,0,4,5,32.1 h,,1,112.2,bleu,eu-w3,control,,2668
SIM-04677,2024-11-02,samedi,Commerce,France,PME,business,3,46,13,,5,"3,1",26,1,1,1,0,,4,3,1952.88 €,violet,ap-s1,B,,30426
SIM-04678,2024-01-12,vendredi,COMMERCE,France,TPE,Pro,13,10,6,60.0,37,25.7,16,5,1,0,0,,5,0,254.06,sombre,us-e1,B,Suivi standard.,5000
SIM-04679,11 Oct 2024,vendredi, Industrie ,France,TPE,Pro,4,8,6,75.0,83,44.6,16,6,1,0,7,,4,1,,clair,eu-w3,B,"Multiples tickets ouverts, friction élevée.",4216
SIM-04680,13/02/2024,mardi,tech,France,TPE,Business,12,7,5,"71,4",54,"23,9",26,13,3,2,1,9.5,3,1,"413,94",vert,eu-w1,control,Suivi standard.,23760
SIM-04681,10 Sep 2023,dimanche,Commerce,France,PME,Business,17,43,19,44.2,17,9.3,26,12,5,2,0,,4,0,1946.75,violet,eu-w3,control,,38312
SIM-04682,2023-08-04,vendredi,Santé,France,TPE,Pro,18,7,5,"71,4",72,43.7,16,10,4,0,3,11.7 h,4,0,210.33 €,violet,eu-w3,A,Client très satisfait et actif.,5002
SIM-04683,05 Jan 2025,dimanche,finance,France,pme,Pro,1,38,24,63.2,37,19.6,16,6,0,1,7,20.1 h,3,2,979.41,violet,eu-w3,A,,9637
SIM-04684,13/02/2024,mardi,tech,France,TPE,Business,12,7,5,"71,4",54,"23,9",26,13,3,2,1,9.5,3,1,"413,94",vert,eu-w1,control,Suivi standard.,23760
SIM-04685,30 Sep 2024,lundi,Public,Suisse,TPE,PRO,4,1,1,100.0,1,0.3,16,3,1,28,3,10.1,2,0,17.95,violet,us-e1,control,,300
SIM-04686,2024-02-29,jeudi,Commerce,Canada,TPE,STARTER,11,8,0,0.0,0,0.0,8,0,0,33,1,6.4,5,2,"81,83",clair,us-e1,A,Faible adoption des sièges.,1007
SIM-04687,31 Jul 2024,mercredi,Industrie,France,PME,Starter,6,55,25,45.5%,15,4.4,8,2,0,2,1,24.2,4,0,511.63,vert,ap-s1,A,,3776
SIM-04688,17/10/2023,mardi,Finance,Espagne,tpe,starter,16,2,1,50.0,17,,8,1,2,0,0,24.8 h,3,0,"30,93",clair,eu-w1,control,,1978
SIM-04689,25 Dec 2024,mercredi,Industrie,Allemagne,eti,Enterprise,1,43,13,30.2,6,4.0,40,25,0,1,2,1.4,2,0,4371.79 €,clair,eu-w1,A,,32264
SIM-04690,2024-08-04,dimanche,Éducation,Allemagne,ETI,Pro,6,106,36,34.0,5,1.8,16,4,2,6,0,9.7,4,0,2736.47,clair,eu-w1,A,,56098
SIM-04691,2025-01-04,samedi,Industrie,France, GE , Enterprise ,1,264,223,84.5,76,56.1,40,27,0,3,9,"5,8",4,2,21725.8 €,clair,us-e1,control,,249412
SIM-04692,06/04/2024,samedi,Éducation,Allemagne,TPE,PRO,10,9,4,"44,4",9,1.0,16,3,2,1,1,"6,8",4,1,"279,32",sombre,eu-w3,control,,6184
SIM-04693,13/06/2023,mardi,public,France,GE,ENTERPRISE,20,460,130,28.3,4,0.5,40,18,4,8,6,"4,2",2,0,41945.48 €,clair,ap-s1,B,"Client insatisfait, risque de départ.",1444602
SIM-04694,31/07/2024,mercredi,commerce,Espagne,TPE,Pro,6,4,3,75.0,53,27.9,16,8,1,0,0,12.8,2,0,110.51,vert,ap-s1,control,Mécontentement exprimé au support.,2990
SIM-04695,23/11/2024,samedi,Tech,France, PME ,STARTER,2,34,21,61.8,36,"21,7",8,3,1,1,5,34.9,3,5,"425,03",sombre,us-e1,A,,7668
SIM-04696,01/06/2024,samedi,Tech,France,pme, Enterprise ,8,25,5,20.0,1,0.2,40,12,5,4,0,3.5,5,1,1975.85,clair,eu-w3,control,,34024
SIM-04697,24 Sep 2024,mardi,Finance,Allemagne,PME,Business,4,49,28,"57,1",25,"9,9",26,11,3,0,2,7.0 h,2,2,2096.48,bleu,ap-s1,control,"Client insatisfait, risque de départ.",25787
SIM-04698,06/01/2023,vendredi, Éducation ,France, TPE ,Pro,25,7,2,28.6,1,0.3,16,5,5,30,1,13.5,,,178.54,vert,ap-s1,A,Suivi standard.,2635
SIM-04699,2023-11-30,jeudi,santé,Suisse, TPE ,Starter,14,9,6,66.7%,30,2.5,8,3,4,0,2,21.7,5,0,99.41,bleu,us-e1,B,"Compte engagé, ambassadeur potentiel.",2690
SIM-04700,10 Mar 2024,dimanche,Éducation,Allemagne,PME,BUSINESS,11,39,30,"76,9",57,30.5,26,18,3,1,3,8.6,2,1,"1956,77",vert,eu-w3,control,,19255
SIM-04701,08 Jan 2024,lundi,COMMERCE,Suisse,PME,enterprise,13,32,6,"18,8",1,0.3,40,10,,3,2,"0,8",3,0,2579.13,vert,eu-w3,A,,46528
SIM-04702,14 May 2024,mardi,Éducation,Suisse,ETI,Enterprise,9,193,153,79.3,61,46.2,40,14,1,1,0,6.9,5,1,"16785,77",violet,ap-s1,A,,660688
SIM-04703,09/05/2022,lundi,Public,France,PME,business,33,11,3,27.3,17,"8,4",26,9,4,0,5,7.0,4,0,626.64,clair,ap-s1,A,,11305
SIM-04704,25 Nov 2024,lundi,Public,France,pme,Pro,2,52,0,0.0,0,0.0,16,0,0,60,2,10.5 h,3,1,1106.1,violet,ap-s1,A,,8163
SIM-04705,18/10/2023,mercredi,Commerce,France, PME ,Starter,16,10,3,"30,0",6,3.3,8,4,6,10,9,22.8,3,0,114.89,clair,us-e1,A,,6783
SIM-04706,10/06/2023,samedi,TECH,France, PME ,starter,20,33,17,51.5,32,"21,8",8,3,5,0,3,,4,0,"389,33",vert,us-e1,A,Client très satisfait et actif.,7343
SIM-04707,04 Feb 2023,samedi,Commerce,Canada,pme,Business,24,13,8,61.5%,10,3.7,26,6,9,7,8,13.1,1,0,553.29 €,vert,eu-w3,A,,22685
SIM-04708,04 Jan 2025,samedi,Public,,PME,Starter,1,41,27,"65,9",21,13.7,8,3,0,0,2,22.0,5,1,"447,49",violet,ap-s1,B,,10274
SIM-04709,06/05/2023,samedi,PUBLIC,France,PME,Business,21,39,23,59.0,11,1.7,26,9,5,2,2,"2,8",4,0,"1710,76",clair,us-e1,A,Client très satisfait et actif.,79961
SIM-04710,2024-04-02,mardi,Tech,Allemagne, PME ,pro,10,55,25,45.5,8,"3,4",16,7,3,7,0,"8,9",4,1,1200.21,bleu,eu-w3,control,"Compte engagé, ambassadeur potentiel.",15747
SIM-04711,04/06/2023,dimanche,éducation,Suisse, TPE ,Pro,20,4,2,50.0,24,8.9,16,7,2,0,1,14.1,3,0,116.38,violet,us-e1,control,Compte dans la moyenne.,2672
SIM-04712,2023-04-09,dimanche, Santé ,France, PME ,Pro,22,27,22,81.5%,20,9.2,16,9,4,1,5,,3,0,723.53,clair,us-e1,control,Compte dans la moyenne.,66449
SIM-04713,29/11/2023,mercredi,PUBLIC,France,PME, Starter ,14,23,0,0.0,0,0.0,8,0,0,53,6,"25,9",1,0,,bleu,eu-w3,B,"Client insatisfait, risque de départ.",1205
SIM-04714,07/12/2023,jeudi,Industrie,France,TPE,Starter,14,3,2,"66,7",51,31.3,8,4,4,0,0,9.3 h,5,0,38.75,sombre,eu-w3,control,,2034
SIM-04715,2024-12-10,mardi,Industrie,Espagne,ETI,Business,2,43,6,"14,0",1,0.3,26,1,0,2,6,11.8,1,2,1353.51,violet,eu-w1,B,,7769
SIM-04716,2024-04-07,dimanche,Commerce,France,PME,Pro,10,12,10,"83,3",63,26.4,16,11,1,0,0,2.3,5,0,336.22,clair,eu-w1,B,,6617
SIM-04717,29/02/2024,jeudi,INDUSTRIE,France,ETI,pro,11,62,46,74.2%,35,"17,2",16,7,4,1,2,"7,5",4,1,1524.91,clair,eu-w3,control,Client très satisfait et actif.,27509
SIM-04718,2024-07-14,dimanche,Commerce,France,ETI,business,7,65,31,47.7%,18,"8,2",26,11,2,2,0,5.1,5,1,"3105,61",sombre,us-e1,control,Suivi standard.,28013
SIM-04719,2023-07-18,mardi,TECH,Belgique,GE,Business,19,439,360,82.0,62,"61,4",26,14,3,1,0,3.0 h,3,0,21512.33,sombre,us-e1,control,,352802
SIM-04720,2024-02-12,lundi,COMMERCE,, PME ,Business,12,35,8,22.9,3,"0,6",26,3,3,15,3,6.0,,0,"1267,55",bleu,us-e1,A,,9355
SIM-04721,2023-08-08,mardi,Commerce,Belgique, PME , Business ,18,6,5,"83,3",73,"36,6",26,13,4,2,0,0.5,5,0,278.71,sombre,us-e1,B,,4799
SIM-04722,2025-01-10,vendredi,FINANCE,France,GE,Enterprise,1,647,365,56.4,18,4.4,40,19,0,3,1,,4,5,32091.86,clair,eu-w1,B,,526307
SIM-04723,25/09/2024,mercredi,SANTÉ,Belgique,PME,Business,4,30,17,56.7,15,8.1,26,13,0,2,0,5.8,4,0,1474.13,violet,us-e1,control,Compte dans la moyenne.,24176
SIM-04724,11 Mar 2024,lundi,Éducation,France,PME,pro,11,33,25,75.8,38,21.5,16,8,4,2,0,2.5,5,0,845.28,violet,ap-s1,B,Client très satisfait et actif.,51985
SIM-04725,09 Jun 2024,dimanche,Tech,France,PME,Pro,8,9,8,88.9%,62,"51,4",16,4,3,0,2,,4,0,"245,54",sombre,eu-w3,control,,9060
SIM-04726,09/02/2024,vendredi,Finance,France,GE,Pro,12,575,309,53.7,20,11.3,16,5,5,1,1,"13,8",2,,12584.54,clair,ap-s1,A,Mécontentement exprimé au support.,185748
SIM-04727,09/10/2023,lundi,Public,Belgique, ETI , Pro ,16,85,76,89.4,97,87.7,16,10,,4,2,,3,0,2525.1,violet,ap-s1,A,,47623
SIM-04728,29/11/2023,mercredi,PUBLIC,France,PME, Starter ,14,23,0,0.0,0,0.0,8,0,0,53,6,"25,9",1,0,,bleu,eu-w3,B,"Client insatisfait, risque de départ.",1205
SIM-04729,12 Mar 2023,dimanche,Commerce,Allemagne,PME,PRO,23,34,18,52.9,33,"19,6",16,10,4,0,0,9.6,5,0,"917,86",sombre,ap-s1,control,"Compte engagé, ambassadeur potentiel.",42148
SIM-04730,2023-11-01,mercredi,Santé,Suisse,TPE,starter,15,4,3,75.0,37,16.1,8,4,5,1,6,25.3,3,0,47.53 €,sombre,eu-w1,B,RAS.,1208
SIM-04731,06 Jan 2023,vendredi,Finance,Espagne, GE ,Business,25,301,103,34.2%,7,0.9,26,11,2,7,0,1.7,4,0,"15164,38",vert,us-e1,B,Compte dans la moyenne.,261131
SIM-04732,2024-07-28,dimanche,Industrie,,ETI,Business,6,100,23,"23,0",1,,26,1,2,9,5,13.4,2,1,3420.81 €,clair,us-e1,B,,19635
SIM-04733,06 Apr 2023,jeudi,Commerce,France,PME,Business,22,34,6,17.6,1,,26,6,4,9,3,1.6,3,0,1272.59,violet,us-e1,B,,25045
SIM-04734,06 Jan 2024,samedi,santé,France,PME, Pro ,13,34,0,"0,0",0,0.0,16,0,0,33,9,"18,9",2,0,722.12,violet,us-e1,B,"Client insatisfait, risque de départ.",8290
SIM-04735,15 Nov 2023,mercredi,Éducation,France,TPE,Pro,15,10,5,50.0,33,22.0,16,6,2,1,5,13.3,3,0,"282,74",violet,us-e1,control,RAS.,4173
SIM-04736,05 Jun 2023,lundi,Finance,Canada,ETI,pro,20,38,10,26.3,4,1.1,16,5,,2,4,10.7,4,0,897.63,vert,us-e1,B,,5888
SIM-04737,29 Dec 2024,dimanche,Industrie,Espagne,PME, Business ,1,34,15,44.1,17,"5,0",26,9,0,0,2,1.0,4,2,1466.95,violet,ap-s1,B,RAS.,19246
SIM-04738,23/12/2024,lundi,Éducation,Allemagne,PME,BUSINESS,1,46,36,78.3,49,"28,5",26,15,0,0,0,"2,1",5,1,2025.39 €,clair,us-e1,control,,24912
SIM-04739,03 Mar 2024,dimanche,Commerce,,ETI,business,11,108,78,72.2,46,25.2,26,13,2,2,0,0.7,4,2,4511.61,bleu,eu-w3,A,,92488
SIM-04740,11/07/2024,jeudi, Tech ,France,pme,Pro,7,55,42,"76,4",49,"31,4",16,6,3,0,0,"11,2",,0,1490.2,bleu,eu-w3,B,,40325
SIM-04741,17/05/2023,mercredi,,France,PME,Business,21,32,23,71.9%,38,18.3,26,13,7,1,3,5.1,3,0,"1653,59",violet,eu-w3,control,,48814
SIM-04742,12/05/2023,vendredi,Finance,Espagne,PME,Business,21,25,8,"32,0",1,0.4,26,6,3,7,3,5.4,4,,"930,17",violet,eu-w3,B,,10678
SIM-04743,2024-07-30,mardi,Tech,France,PME,Business,6,41,23,56.1,14,2.7,26,6,0,0,1,3.6,,2,1580.42,sombre,eu-w1,control,,11663
SIM-04744,30 Dec 2023,samedi,,France,TPE,Starter,13,3,2,"66,7",52,21.6,8,5,1,0,0,19.4,5,0,"37,16",bleu,ap-s1,control,,457
SIM-04745,2024-01-01,lundi,,Belgique, ETI ,enterprise,13,132,77,58.3,30,,40,19,1,0,0,0.5,,1,11809.92,sombre,ap-s1,control,,261472
SIM-04746,04/08/2024,dimanche,COMMERCE,France,PME,Enterprise,6,13,10,"76,9",44,41.4,40,24,0,0,1,3.5,5,0,1080.41,vert,eu-w3,A,Compte dans la moyenne.,22148
SIM-04747,2024-04-29,lundi,Public,France,PME,pro,9,25,18,72.0,51,21.5,16,5,1,1,1,12.7,4,1,545.89,violet,ap-s1,B,RAS.,4476
SIM-04748,05/11/2024,mardi,commerce,Espagne,ETI,Pro,3,64,22,34.4,9,2.5,16,5,1,2,2,,3,2,1210.71,bleu,eu-w1,control,RAS.,9928
SIM-04749,2023-03-19,dimanche, Industrie ,France,TPE,business,23,7,3,42.9,23,"17,8",26,13,5,4,3,9.1,5,0,386.23,bleu,eu-w1,B,"Compte engagé, ambassadeur potentiel.",23120
SIM-04750,04 Aug 2024,dimanche,Commerce,France,ge,Enterprise,6,252,90,35.7%,2,1.1,40,11,1,1,1,3.0 h,4,0,"17745,09",sombre,eu-w3,A,,392876
SIM-04751,2023-08-14,lundi,tech,Espagne,ETI, Business ,18,37,22,"59,5",24,"10,9",26,6,5,0,0,3.2,5,0,1883.7,vert,eu-w3,A,,27803
SIM-04752,26/06/2024,mercredi,Tech,Espagne,PME,BUSINESS,7,31,0,0.0,0,0.0,26,0,0,48,8,7.6,2,,1547.26,clair,ap-s1,A,Mécontentement exprimé au support.,44406
SIM-04753,2024-08-08,jeudi, Industrie ,France, GE ,enterprise,6,194,78,40.2,7,,40,19,0,9,1,"1,0",2,0,"12981,8",vert,ap-s1,B,Mécontentement exprimé au support.,42580
SIM-04754,09 Sep 2024,lundi,Éducation,Canada, ETI ,pro,5,161,117,"72,7",53,37.8,16,8,5,1,1,"10,1",5,2,4183.85,clair,eu-w3,control,"Compte engagé, ambassadeur potentiel.",37738
SIM-04755,29/12/2024,dimanche,Tech,Belgique,TPE,Starter,1,4,2,50.0%,27,"6,9",8,2,0,0,4,25.1,2,3,41.55,bleu,us-e1,B,Mécontentement exprimé au support.,300
SIM-04756,2024-04-11,jeudi,Finance,Belgique,TPE,Pro,10,1,1,100.0,3,1.1,16,4,2,1,7,15.5,3,0,"22,81",violet,us-e1,A,,355
SIM-04757,23/12/2024,lundi,Commerce,France,ETI,pro,1,124,65,52.4,29,,16,6,0,0,2,10.7,3,1,2944.33 €,bleu,us-e1,A,,53116
SIM-04758,11/09/2024,mercredi,Industrie,Belgique, PME ,Enterprise,5,18,11,61.1,31,"9,8",40,11,0,2,5,4.3,2,1,1468.92,sombre,ap-s1,B,,137315
SIM-04759,09 Jan 2025,jeudi,,France,PME,Pro,1,50,5,,1,0.2,16,1,0,14,1,13.8,3,2,"1396,91",violet,ap-s1,control,,21764
SIM-04760,09/08/2024,vendredi,TECH,Belgique,PME,Business,6,28,4,14.3,4,,26,1,3,5,0,4.4,4,1,,sombre,eu-w3,A,Faible adoption des sièges.,7970
SIM-04761,2024-01-28,dimanche,Tech,France,pme,pro,12,43,28,"65,1",38,"22,2",16,9,2,1,0,10.1 h,5,0,1227.45 €,sombre,eu-w1,A,Compte dans la moyenne.,40260
SIM-04762,2023-05-13,samedi,Tech,Espagne,TPE,BUSINESS,21,9,5,55.6,13,,26,10,6,3,4,6.3,4,0,504.89,vert,ap-s1,B,Client très satisfait et actif.,48025
SIM-04763,09/08/2024,vendredi,Industrie,France, TPE ,STARTER,6,9,6,66.7%,4,1.0,8,3,0,5,0,11.9,5,1,114.17,violet,eu-w3,A,RAS.,3558
SIM-04764,29 Jun 2024,samedi, Santé ,Belgique,TPE,Starter,7,10,2,20.0%,2,0.6,8,1,4,1,0,17.7,4,2,87.0,vert,eu-w1,control,Déploiement interne limité.,428
SIM-04765,03 Dec 2023,dimanche, Commerce ,France,TPE,Pro,14,5,1,20.0%,1,0.2,16,3,1,13,4,11.6,3,0,120.54,clair,eu-w1,control,Faible adoption des sièges.,1779
SIM-04766,2023-10-14,samedi,Finance,Suisse,TPE,Pro,16,2,1,50.0,25,16.1,16,10,2,0,2,15.0,4,0,44.5,clair,eu-w3,control,,511
SIM-04767,2023-03-22,mercredi,Commerce,France,PME,PRO,23,52,16,30.8,1,"0,3",16,7,6,5,2,11.3 h,2,0,1616.25,bleu,eu-w3,A,Mécontentement exprimé au support.,33133
SIM-04768,02 May 2024,jeudi,Finance,France,TPE, Starter ,9,2,1,50.0,16,6.4,8,4,,2,6,23.5,4,1,,clair,us-e1,B,Compte dans la moyenne.,728
SIM-04769,2024-03-16,samedi, Industrie ,Suisse,ETI,Business,11,185,101,54.6,13,4.6,26,6,2,4,0,5.8,5,0,9909.16,bleu,eu-w3,A,RAS.,130008
SIM-04770,2024-06-14,vendredi,Industrie,Belgique,ETI,Pro,8,217,145,"66,8",44,25.0,16,8,1,0,2,13.1,4,0,5197.48,sombre,ap-s1,control,,21310
SIM-04771,28 Feb 2024,mercredi,Public,,tpe, Starter ,11,5,1,20.0,1,0.1,8,1,2,23,4,24.0,3,0,54.23,vert,eu-w1,B,Déploiement interne limité.,1467
SIM-04772,31/05/2024,vendredi,Finance,Espagne,pme,Business,8,16,8,50.0,12,7.8,26,6,1,2,4,"6,0",3,2,781.58 €,clair,us-e1,B,,30122
SIM-04773,26 Nov 2024,mardi,Santé,France,PME, Pro ,2,53,5,9.4,1,0.1,16,0,0,1,8,13.1,3,2,1016.75,violet,us-e1,control,Support très sollicité récemment.,4169
SIM-04774,10/01/2025,vendredi,industrie,Canada,TPE, Pro ,1,8,3,37.5,1,0.1,16,2,0,21,6,13.0,,4,197.78,sombre,us-e1,control,Suivi standard.,2433
SIM-04775,05 Dec 2023,mardi, Éducation ,Canada, TPE ,Pro,14,8,2,25.0,5,0.5,16,6,3,2,0,11.3,5,0,178.48 €,clair,eu-w1,control,,11708
SIM-04776,04/02/2024,dimanche,Tech,France, TPE ,PRO,12,9,6,66.7,29,"13,6",16,6,2,0,1,9.5,5,1,193.68,clair,ap-s1,A,Compte dans la moyenne.,3653
SIM-04777,2024-03-14,jeudi,,France,PME,Pro,11,37,6,"16,2",1,0.1,16,3,2,20,4,16.3,3,1,824.37 €,vert,eu-w3,A,,6760
SIM-04778,06 Jan 2025,lundi,Public,France,ETI,Pro,1,73,10,"13,7",4,0.5,16,2,0,2,0,6.1,,2,1355.41,vert,eu-w3,B,,4446
SIM-04779,2024-07-30,mardi,Éducation,Allemagne,eti, Business ,6,104,51,49.0,21,13.0,26,8,,0,2,4.8 h,3,1,3966.47,sombre,eu-w3,A,,52040
SIM-04780,25/12/2024,mercredi,Commerce,France,GE,PRO,1,430,73,"17,0",1,,16,4,0,9,4,16.5,2,3,9075.64,vert,eu-w3,control,"Client insatisfait, risque de départ.",81862
SIM-04781,02/06/2023,vendredi,Tech,Belgique,PME,Pro,20,7,5,71.4,32,14.3,16,10,3,0,4,17.6,4,0,178.71,clair,us-e1,B,,2345
SIM-04782,10 Feb 2024,samedi,FINANCE,Espagne,ETI, Enterprise ,12,219,139,63.5%,27,"21,2",40,19,2,0,0,3.7,4,0,"16934,72",violet,eu-w3,B,RAS.,319389
SIM-04783,2023-07-02,dimanche, Commerce ,France,TPE,Business,19,7,4,"57,1",27,9.7,26,9,3,1,1,5.6,3,0,250.93,clair,eu-w3,B,,5967
SIM-04784,2024-10-02,mercredi,Tech,France,PME,Pro,4,51,36,"70,6",24,"11,4",16,7,0,0,3,,4,,"1003,18",vert,us-e1,A,,5758
SIM-04785,10/07/2024,mercredi,Finance,Canada,TPE,pro,7,9,2,22.2%,1,0.1,16,2,3,2,5,14.0,3,2,217.81,vert,us-e1,control,,9466
SIM-04786,2023-04-18,mardi, Finance ,Allemagne,pme,Business,22,42,17,40.5,11,4.5,26,9,5,1,5,2.9,3,0,1741.8,vert,us-e1,B,,34279
SIM-04787,16/01/2024,mardi, Commerce ,,PME,Business,13,56,15,26.8,3,"1,3",26,10,3,11,1,5.2,4,0,2319.03,vert,eu-w3,B,RAS.,38032
SIM-04788,2023-08-18,vendredi,Finance,France,ETI,Enterprise,18,112,52,46.4,13,2.0,40,20,3,0,1,2.1,2,0,8559.39,bleu,eu-w3,control,Mécontentement exprimé au support.,35093
SIM-04789,29/05/2024,mercredi,TECH,Belgique, ETI ,Business,8,100,54,54.0,6,"2,8",26,9,4,5,6,8.2 h,3,2,5380.23 €,violet,eu-w3,control,,233825
SIM-04790,28/05/2024,mardi,Industrie,France,TPE,Starter,8,1,1,"100,0",2,"0,3",8,1,0,4,0,16.5,4,1,10.02,bleu,eu-w1,control,,320
SIM-04791,2023-12-09,samedi,Finance,France, ETI ,Business,14,133,40,"30,1",3,0.8,26,6,1,24,2,2.1 h,4,0,5936.96,vert,eu-w3,A,,267757
SIM-04792,28/07/2024,dimanche,finance,Canada,tpe, Starter ,6,5,1,"20,0",3,"1,2",8,5,0,3,2,24.1,5,1,"63,85",sombre,eu-w3,control,Déploiement interne limité.,1047
SIM-04793,07 May 2023,dimanche, Commerce ,Allemagne,TPE,starter,21,7,2,28.6,1,0.1,8,1,7,8,0,13.3 h,4,0,86.26,violet,ap-s1,control,Client très satisfait et actif.,2476
SIM-04794,10 Dec 2023,dimanche,FINANCE,Suisse,TPE, Starter ,14,9,6,66.7,35,"15,3",8,2,5,1,2,22.1,4,0,129.59,violet,eu-w1,control,Client très satisfait et actif.,3188
SIM-04795,08 Oct 2024,mardi,Santé,Suisse,TPE,Starter,4,2,1,"50,0",45,32.5,8,5,1,0,3,25.4,3,0,25.09,vert,eu-w1,B,Suivi standard.,1029
SIM-04796,08/11/2023,mercredi,santé,Espagne,TPE,Pro,15,10,1,10.0,1,0.1,16,4,5,1,3,,2,0,233.39,sombre,eu-w3,control,Mécontentement exprimé au support.,1722
SIM-04797,2024-07-02,mardi,Finance,Belgique,PME,Business,7,42,24,57.1,25,13.8,26,8,2,1,1,8.0,4,0,1479.64,vert,ap-s1,control,RAS.,16986
SIM-04798,29/02/2024,jeudi, Commerce ,France,pme, Pro ,11,55,20,"36,4",3,1.2,16,2,2,26,0,"10,6",3,1,1458.76,violet,eu-w1,control,,13158
SIM-04799,2024-11-10,dimanche,Commerce,France, TPE , Starter ,3,7,5,71.4,45,17.3,8,3,0,1,1,23.2,5,2,79.49,clair,eu-w3,A,,456
SIM-04800,01 Oct 2023,dimanche,Tech,France,PME,Pro,16,49,0,0.0,0,0.0,16,0,0,45,1,13.2 h,,0,918.34,vert,ap-s1,A,Déploiement interne limité.,18073
SIM-04801,2023-08-15,mardi,Finance,France,GE,Enterprise,18,297,122,41.1%,21,9.5,40,6,5,1,0,1.3,5,0,28749.99,vert,eu-w3,control,Client très satisfait et actif.,1060875
SIM-04802,30 Jan 2024,mardi,Industrie,France,TPE,STARTER,12,7,6,85.7,65,"36,4",8,6,4,0,0,"20,6",3,0,85.99,bleu,eu-w1,control,,4442
SIM-04803,16/03/2023,jeudi,éducation,France,TPE,Pro,23,1,1,100.0,37,3.2,16,8,7,1,1,9.9,4,0,21.54,sombre,us-e1,A,Client très satisfait et actif.,300
SIM-04804,2023-05-10,mercredi, Commerce ,France,PME,Pro,21,21,7,33.3,24,"15,4",16,5,8,2,2,14.2,3,0,493.11,sombre,us-e1,control,Suivi standard.,6065
SIM-04805,2024-04-14,dimanche,Tech,Canada,ge,business,10,232,0,0.0%,0,"0,0",26,0,0,105,0,,4,3,10639.37,clair,ap-s1,A,"Compte peu actif, relance nécessaire.",139589
SIM-04806,01/02/2024,jeudi,TECH,France,pme,Business,12,8,1,"12,5",3,0.2,26,8,3,1,1,6.7,4,0,366.55,sombre,ap-s1,B,Déploiement interne limité.,4208
SIM-04807,14 Apr 2022,jeudi,éducation,France, TPE ,pro,34,9,2,22.2,1,"0,1",16,4,7,5,0,"6,9",4,0,279.42,bleu,eu-w3,B,Faible adoption des sièges.,13289
SIM-04808,07 Apr 2024,dimanche,Commerce,France,pme,BUSINESS,10,38,15,39.5%,4,"1,3",26,1,1,1,3,12.0,3,1,1496.93,bleu,ap-s1,control,Suivi standard.,44189
SIM-04809,2023-12-02,samedi,Tech,Allemagne,pme,Starter,14,49,44,89.8,85,"17,2",8,4,2,2,6,,2,0,740.88,vert,us-e1,B,"Client insatisfait, risque de départ.",18226
SIM-04810,04 Jul 2024,jeudi,Finance,France,tpe,Pro,7,9,4,"44,4",1,"0,5",16,6,1,6,0,"7,4",4,0,208.24,sombre,eu-w3,A,,2049
SIM-04811,2023-12-03,dimanche,Éducation,Belgique,ETI,business,14,54,37,"68,5",37,16.3,26,11,2,1,2,,4,0,3057.54,vert,eu-w1,control,,132881
SIM-04812,31 Aug 2023,jeudi,COMMERCE,Belgique,ETI, Pro ,17,72,32,44.4,11,"3,9",16,7,2,1,6,"19,9",1,0,1787.81,clair,ap-s1,B,Mécontentement exprimé au support.,76232
SIM-04813,2023-10-13,vendredi, Commerce ,France,TPE,STARTER,16,6,4,66.7,29,9.0,8,4,1,0,1,17.5,4,0,80.29,vert,us-e1,control,,658
SIM-04814,2024-10-11,vendredi,santé,France,TPE,Starter,4,11,1,9.1,1,"0,3",8,2,0,1,5,24.7,3,0,100.64,clair,eu-w3,B,Faible adoption des sièges.,1155
SIM-04815,05/04/2024,vendredi,Commerce,Suisse,PME,Pro,10,24,16,66.7,47,"25,7",16,7,3,1,0,,4,0,"559,84",violet,ap-s1,B,,2754
SIM-04816,09 Dec 2023,samedi,Commerce,Belgique, TPE ,Starter,14,2,1,50.0%,22,1.9,8,1,5,2,3,24.3,3,0,26.12,sombre,ap-s1,control,,300
SIM-04817,01/10/2023,dimanche, Commerce ,Espagne,PME,Business,16,7,2,,14,"4,0",26,9,6,2,1,4.9,5,0,310.0,sombre,eu-w3,B,,4830
SIM-04818,15/02/2024,jeudi,Tech,France,PME,Business,12,54,43,"79,6",34,"6,0",26,5,1,0,2,4.1,5,0,2833.64,violet,ap-s1,A,,32530
SIM-04819,23/12/2024,lundi,Finance,Espagne,PME,business,1,22,10,45.5%,15,"8,8",26,10,,0,0,4.2 h,,1,794.72,sombre,eu-w3,A,,10427
SIM-04820,14/02/2024,mercredi, Industrie ,Belgique,tpe,PRO,12,2,1,"50,0",4,2.4,16,8,0,5,3,,3,0,50.28,vert,ap-s1,A,Suivi standard.,1319
SIM-04821,06 Jan 2025,lundi,SANTÉ,Espagne,GE,Enterprise,1,176,138,78.4,60,15.3,40,26,1,1,0,,4,5,13769.98,violet,us-e1,A,Suivi standard.,248410
SIM-04822,06 Oct 2024,dimanche, Éducation ,France,TPE,Starter,4,9,3,33.3%,2,0.1,8,0,0,0,3,21.6,5,,124.66,violet,us-e1,control,,7360
SIM-04823,17/11/2022,jeudi,Commerce,Allemagne,ETI, Business ,27,92,21,22.8%,1,"0,6",26,9,6,2,4,6.8,,0,,bleu,eu-w1,control,,73384
SIM-04824,2024-03-13,mercredi,santé,Belgique,PME,Pro,11,35,23,"65,7",30,,16,7,2,0,4,13.7,4,1,"984,17",sombre,eu-w1,B,RAS.,16140
SIM-04825,04/09/2024,mercredi,Éducation,France,eti,Enterprise,5,75,0,0.0,0,"0,0",40,0,0,67,2,4.0,3,0,5592.26 €,clair,ap-s1,control,Usage en forte baisse ce trimestre.,55028
SIM-04826,03 Aug 2024,samedi,Tech,France,PME,Starter,6,42,22,52.4,20,9.8,8,2,3,0,2,"28,4",3,1,516.96,clair,eu-w1,A,,9326
SIM-04827,09/04/2024,mardi,Finance,France,eti,Pro,10,167,107,64.1,45,"11,6",16,10,3,1,0,2.0,,0,4608.83,bleu,us-e1,A,Client très satisfait et actif.,188962
SIM-04828,01/06/2024,samedi,santé,France,TPE,Starter,8,4,0,0.0,0,0.0,8,0,0,109,0,"5,8",5,2,44.02,vert,us-e1,A,,614
SIM-04829,04 Jan 2025,samedi,Santé,France, PME ,Business,1,47,11,23.4,1,0.1,26,8,0,8,1,"6,4",4,2,1639.54,sombre,eu-w1,A,Faible adoption des sièges.,48399
SIM-04830,29 Sep 2024,dimanche,Santé,Canada,PME,PRO,4,48,39,"81,2",68,51.7,16,12,0,4,0,5.2,5,3,1013.07,violet,us-e1,control,,14122
SIM-04831,2024-10-31,jeudi,FINANCE,France,ETI, Business ,3,142,77,"54,2",18,5.0,26,14,3,4,8,7.3,2,1,"7292,57",vert,ap-s1,A,,149498
SIM-04832,02 Jan 2024,mardi,Tech,France,tpe,Starter,13,4,3,75.0,56,25.2,8,4,0,0,0,15.6,3,0,48.25 €,violet,eu-w3,A,RAS.,2374
SIM-04833,2023-12-02,samedi,Tech,Allemagne,pme,Starter,14,49,44,89.8,85,"17,2",8,4,2,2,6,,2,0,740.88,vert,us-e1,B,"Client insatisfait, risque de départ.",18226
SIM-04834,14 Apr 2024,dimanche,finance,Suisse,PME,Starter,10,6,5,83.3,81,"23,2",8,4,2,0,0,15.6,5,0,68.8,vert,eu-w1,control,,508
SIM-04835,09 Dec 2023,samedi,Commerce,Belgique, TPE ,Starter,14,2,1,50.0%,22,1.9,8,1,5,2,3,24.3,3,0,26.12,sombre,ap-s1,control,,300
SIM-04836,11/12/2024,mercredi,Industrie,Allemagne,ge, Enterprise ,2,604,202,33.4,3,0.2,40,1,0,3,5,7.3,2,1,47473.24 €,violet,us-e1,A,,973201
SIM-04837,18 Jun 2023,dimanche,éducation,France,PME,STARTER,20,9,1,11.1,1,"0,1",8,1,8,30,0,,5,0,"81,1",clair,eu-w1,control,,4190
SIM-04838,07 May 2023,dimanche,Public,France,pme,Pro,21,8,5,62.5%,39,"14,0",16,9,1,1,2,12.6 h,4,0,182.69,bleu,eu-w3,A,,4494
SIM-04839,06/01/2025,lundi,INDUSTRIE,France,ge,Business,1,689,296,43.0%,20,"8,5",26,2,0,1,1,"4,3",3,2,"24732,91",vert,ap-s1,B,,385339
SIM-04840,11 Mar 2024,lundi,Commerce,Belgique, PME ,Starter,11,34,10,"29,4",15,"10,7",8,2,1,1,0,11.5,4,1,404.28,violet,eu-w1,B,Compte dans la moyenne.,10277
SIM-04841,05 Jun 2024,mercredi, Commerce ,France,TPE,starter,8,4,2,50.0%,16,"7,6",8,2,1,4,0,,4,0,"49,98",sombre,eu-w1,control,Compte dans la moyenne.,369
SIM-04842,29/02/2024,jeudi, Commerce ,France,pme, Pro ,11,55,20,"36,4",3,1.2,16,2,2,26,0,"10,6",3,1,1458.76,violet,eu-w1,control,,13158
SIM-04843,09/10/2023,lundi,Public,Belgique, ETI , Pro ,16,85,76,89.4,97,87.7,16,10,,4,2,,3,0,2525.1,violet,ap-s1,A,,47623
SIM-04844,2023-08-15,mardi,éducation,France, ETI ,Business,18,170,124,72.9,16,12.6,26,13,2,1,1,3.2,5,0,7481.34,clair,us-e1,control,,736164
SIM-04845,2024-04-29,lundi,santé,France, ETI ,PRO,9,68,21,30.9,13,2.0,16,4,1,3,0,3.1,4,1,1873.22,bleu,eu-w1,A,,32257
SIM-04846,05 Apr 2023,mercredi,Commerce,Belgique,PME,Pro,22,20,8,40.0,2,0.9,16,4,4,17,4,14.8,3,0,516.32,violet,eu-w1,control,,7621
SIM-04847,04/01/2025,samedi,éducation,Espagne, TPE ,Starter,1,11,1,9.1,1,0.1,8,0,0,2,3,25.9,3,3,93.65 €,clair,eu-w1,B,,614
SIM-04848,15 May 2024,mercredi,Commerce,Canada,pme,Pro,9,30,26,86.7%,81,"7,2",16,9,1,1,2,"11,3",5,1,"843,55",clair,ap-s1,control,Compte dans la moyenne.,13834
SIM-04849,12/04/2024,vendredi, Santé ,Allemagne,TPE,STARTER,10,6,5,83.3,74,37.8,8,3,1,2,1,"25,4",3,1,77.02,vert,us-e1,B,,1074
SIM-04850,07/09/2023,jeudi, Éducation ,France, PME ,BUSINESS,17,22,15,68.2%,50,33.8,26,9,1,1,3,5.9,4,0,1080.25,clair,eu-w1,B,Compte dans la moyenne.,26574
SIM-04851,10/01/2025,vendredi,Santé,Espagne,pme,Pro,1,23,0,0.0,0,"0,0",16,0,0,30,0,11.1,4,1,"551,74",clair,eu-w1,control,Faible adoption des sièges.,10858
SIM-04852,2024-04-07,dimanche,TECH,,PME,PRO,10,29,23,"79,3",42,24.4,16,13,2,0,0,8.0,4,0,,bleu,eu-w3,control,,31060
SIM-04853,06 Sep 2023,mercredi, Tech ,Allemagne,ETI,PRO,17,43,30,69.8,65,24.0,16,8,3,3,2,9.4,4,0,"1203,99",clair,ap-s1,A,,25669
SIM-04854,2024-02-05,lundi,Commerce,France,tpe,Starter,12,5,2,40.0,10,8.1,8,4,1,1,2,12.5 h,5,0,"46,91",violet,eu-w3,B,Compte dans la moyenne.,577
SIM-04855,09/01/2025,jeudi,FINANCE,, PME ,Business,1,23,6,26.1,1,0.1,26,5,0,3,4,8.2,2,2,"1055,66",vert,eu-w3,B,Mécontentement exprimé au support.,23372
SIM-04856,10 Aug 2023,jeudi,Industrie,France, TPE ,STARTER,18,6,5,83.3%,53,"48,9",8,6,2,1,4,33.1,,0,61.33,clair,ap-s1,A,,1760
SIM-04857,2024-02-06,mardi, Tech ,France, TPE ,Business,12,8,4,50.0,27,8.2,26,8,2,1,1,3.7,4,0,320.63,violet,eu-w3,B,RAS.,7099
SIM-04858,06 Jun 2024,jeudi,Industrie,France,PME,Starter,8,34,9,26.5,1,0.3,8,3,1,0,4,,4,1,,bleu,ap-s1,B,,4907
SIM-04859,09 Feb 2024,vendredi,Éducation,France,PME,Pro,12,9,8,"88,9",85,83.4,16,11,3,2,0,10.9,5,0,281.42,clair,ap-s1,control,"Compte engagé, ambassadeur potentiel.",23307
SIM-04860,01/04/2024,lundi,éducation,France,TPE,STARTER,10,3,2,66.7%,22,"1,1",8,2,4,1,2,28.2,4,1,43.58,bleu,eu-w1,control,Client très satisfait et actif.,1072
SIM-04861,2024-12-24,mardi,Public,Espagne,ETI,business,1,35,27,77.1,55,"36,6",26,13,0,1,0,,4,0,1539.38,clair,us-e1,A,,20197
SIM-04862,2025-01-08,mercredi,finance,Espagne,PME,Pro,1,21,9,"42,9",14,8.4,16,4,0,4,3,"14,2",3,,556.68,sombre,us-e1,control,,11868
SIM-04863,23 Dec 2024,lundi,éducation,France,tpe, Pro ,1,10,2,20.0%,1,"0,1",16,0,0,25,2,17.7,1,2,171.02,clair,ap-s1,B,Mécontentement exprimé au support.,701
SIM-04864,13/03/2024,mercredi, Éducation ,France,TPE,PRO,11,6,4,66.7,48,"24,6",16,7,0,3,1,"14,8",3,,171.03,clair,eu-w1,control,Suivi standard.,2104
SIM-04865,08 Feb 2024,jeudi, Santé ,France,PME,BUSINESS,12,43,26,,3,"1,8",26,7,3,20,2,5.8,,0,"1527,12",sombre,us-e1,B,,11270
SIM-04866,30 Oct 2024,mercredi,COMMERCE,France, PME ,Pro,3,13,12,92.3,84,84.1,16,9,0,0,4,"16,6",2,0,381.27,violet,ap-s1,B,Mécontentement exprimé au support.,2188
SIM-04867,2024-04-06,samedi,commerce,Canada,ETI,Pro,10,112,28,25.0%,1,"0,1",16,1,2,1,2,9.0,4,0,2619.07,bleu,us-e1,B,RAS.,75167
SIM-04868,27/08/2024,mardi,Finance,France, PME , Starter ,5,11,6,"54,5",4,1.1,8,0,0,16,3,16.4,4,1,"110,17",vert,us-e1,control,,1626
SIM-04869,2024-12-31,mardi, Éducation ,France,ETI,Business,1,133,12,9.0,1,"0,1",26,4,1,8,5,6.8,3,2,4760.24,vert,eu-w1,A,Faible adoption des sièges.,31227
SIM-04870,2024-07-11,jeudi,Finance,Belgique,pme,Pro,7,18,7,"38,9",11,0.6,16,6,2,5,0,4.2,4,2,502.92,violet,eu-w3,A,,15671
SIM-04871,03 Jun 2024,lundi,Commerce,Canada,PME,Business,8,37,19,"51,4",31,,26,14,2,0,0,4.0,,0,"1854,18",clair,ap-s1,control,,66899
SIM-04872,2024-07-10,mercredi,Éducation,Allemagne,PME,Business,7,30,16,53.3,13,3.8,26,6,0,1,6,,3,0,"1224,4",vert,eu-w3,control,,38152
SIM-04873,2024-12-24,mardi,Public,Espagne,ETI,business,1,35,27,77.1,55,"36,6",26,13,0,1,0,,4,0,1539.38,clair,us-e1,A,,20197
SIM-04874,2023-06-11,dimanche, Commerce ,France,TPE,starter,20,1,1,"100,0",16,,8,2,2,3,2,28.6,4,0,"12,82",bleu,us-e1,control,RAS.,357
SIM-04875,29/03/2024,vendredi,Finance,France,GE,Enterprise,10,839,568,"67,7",32,"12,1",40,15,2,3,3,4.5,4,2,61653.25,sombre,eu-w1,control,,455001
SIM-04876,03 May 2024,vendredi,Finance,Allemagne,TPE,Starter,9,10,4,40.0,6,2.8,8,3,0,5,6,26.9,4,1,"125,22",clair,us-e1,control,Suivi standard.,2362
SIM-04877,2024-01-16,mardi,Industrie,Belgique,ETI,business,13,58,21,36.2,8,2.7,26,12,4,1,0,0.5,5,0,2695.96,sombre,ap-s1,control,,42003
SIM-04878,2024-10-24,jeudi,Tech,Suisse,TPE,pro,3,6,3,50.0,17,8.9,16,2,2,2,0,6.7,5,,188.77 €,sombre,eu-w1,control,,8204
SIM-04879,28/02/2024,mercredi,PUBLIC,Allemagne,PME,Business,11,14,7,"50,0",19,"5,0",26,6,1,0,0,"4,0",4,0,772.16 €,vert,ap-s1,control,,36091
SIM-04880,11/05/2024,samedi,finance,Belgique,TPE,starter,9,9,9,100.0,120,89.4,8,4,0,2,1,19.5,4,1,124.48,vert,ap-s1,B,,919
SIM-04881,05 Aug 2024,lundi,Commerce,France,PME,Pro,6,24,5,"20,8",1,"0,4",16,4,0,9,0,8.4,4,1,566.02 €,sombre,eu-w3,control,,4177
SIM-04882,15 Feb 2022,mardi, Santé ,France,ETI,Business,36,55,0,0.0,0,0.0,26,0,0,73,0,4.9,,0,3019.79,violet,us-e1,B,"Compte peu actif, relance nécessaire.",136193
SIM-04883,09/04/2023,dimanche,Public,Belgique,PME, Starter ,22,45,10,22.2,5,,8,2,2,8,0,7.7,5,0,561.54,bleu,us-e1,control,,9209
SIM-04884,2023-09-30,samedi,,Canada, PME ,Enterprise,16,43,25,,1,0.1,40,14,4,1,3,4.8,4,0,2748.86,vert,eu-w3,A,,29303
SIM-04885,08/10/2024,mardi,industrie,Espagne,PME,Business,4,27,16,59.3%,9,"4,0",26,5,2,2,2,8.5,4,1,,bleu,us-e1,B,Compte dans la moyenne.,4403
SIM-04886,10 Jan 2025,vendredi,Éducation,Suisse,pme, Enterprise ,1,49,33,67.3,46,16.1,40,12,0,0,5,10.6,2,1,4067.41,vert,us-e1,B,Mécontentement exprimé au support.,40023
SIM-04887,02 Apr 2024,mardi,Éducation,France,PME,STARTER,10,34,18,,14,"10,6",8,1,1,0,2,27.7 h,3,1,432.95,bleu,ap-s1,control,,11716
SIM-04888,06 Jan 2025,lundi,SANTÉ,Espagne,GE,Enterprise,1,176,138,78.4,60,15.3,40,26,1,1,0,,4,5,13769.98,violet,us-e1,A,Suivi standard.,248410
SIM-04889,12/10/2024,samedi, Commerce ,France,ETI,Starter,4,91,40,44.0%,18,5.6,8,3,0,0,8,40.3,1,,1041.82,violet,us-e1,control,"Client insatisfait, risque de départ.",22212
SIM-04890,25 Aug 2024,dimanche,Public,France,tpe,Pro,5,1,1,,3,0.2,16,4,2,2,1,11.5 h,2,1,20.06 €,bleu,eu-w1,B,Mécontentement exprimé au support.,300
SIM-04891,02/03/2024,samedi,,France,ETI,Business,11,214,0,0.0,0,"0,0",26,0,0,72,2,6.6,3,0,10388.83,sombre,us-e1,A,,264084
SIM-04892,04 May 2024,samedi,ÉDUCATION,France,tpe,Pro,9,8,7,87.5,74,42.8,16,9,3,1,0,9.4,4,0,245.75,vert,us-e1,A,Client très satisfait et actif.,11083
SIM-04893,2024-10-27,dimanche,santé,France,TPE,Pro,3,1,1,100.0,11,,16,4,0,2,2,10.9,5,2,19.31 €,violet,ap-s1,B,,301
SIM-04894,2024-07-29,lundi,Finance,France,PME,Pro,6,43,21,"48,8",47,27.2,16,10,0,1,4,15.1,3,1,1101.49,clair,us-e1,B,Compte dans la moyenne.,50580
SIM-04895,2024-09-05,jeudi,Tech,France,TPE,starter,5,10,6,60.0,16,7.6,8,1,0,2,12,43.0,1,0,134.75,violet,us-e1,B,,4862
SIM-04896,06/10/2023,vendredi,SANTÉ,Belgique,PME,Business,16,25,14,"56,0",45,31.2,26,12,3,0,2,"7,3",4,1,1202.73,sombre,eu-w3,A,,26628
SIM-04897,2024-12-28,samedi,COMMERCE,Canada,ETI,Business,1,102,57,55.9,21,5.1,26,6,0,0,0,5.6,4,0,"5001,85",violet,eu-w1,control,,86132
SIM-04898,2024-04-28,dimanche, Commerce ,Belgique,pme,PRO,9,52,43,"82,7",39,"22,5",16,9,2,1,2,9.7 h,3,1,"1351,04",sombre,eu-w1,control,Compte dans la moyenne.,26588
SIM-04899,2023-11-09,jeudi,Commerce,Belgique, PME ,Pro,15,48,31,64.6,61,39.0,16,9,1,0,2,"18,6",3,0,1213.88,vert,ap-s1,control,,3982
SIM-04900,10/11/2023,vendredi, Éducation ,Canada, PME ,pro,15,20,14,70.0%,30,13.9,16,6,2,2,0,,4,0,,clair,eu-w1,B,Suivi standard.,5647
SIM-04901,30/05/2024,jeudi,Santé,Allemagne,tpe,Starter,8,7,3,42.9,9,3.7,8,1,3,2,9,33.4,1,0,94.87,vert,ap-s1,A,,1478
SIM-04902,01/01/2025,mercredi,Public,Belgique,ETI,Starter,1,120,74,61.7,43,33.8,8,5,0,0,0,9.8,5,1,1415.41,sombre,us-e1,A,,30177
SIM-04903,2024-07-27,samedi,santé,,pme,Pro,6,22,15,68.2,27,7.3,16,6,1,1,3,17.2,2,1,"581,84",clair,us-e1,control,,24333
SIM-04904,23/12/2024,lundi,Commerce,France,tpe,Pro,1,6,0,0.0,0,"0,0",16,0,0,30,4,11.7,5,0,"128,11",bleu,ap-s1,control,Faible adoption des sièges.,2731
SIM-04905,05/06/2024,mercredi,Finance,France,ETI, Business ,8,37,5,"13,5",2,1.1,26,1,2,2,0,,3,0,1241.45,sombre,eu-w3,A,,28504
SIM-04906,2024-08-07,mercredi, Tech ,France,GE,enterprise,6,135,24,17.8,3,"1,5",40,12,1,8,5,5.3,3,1,8656.72,clair,ap-s1,control,Faible adoption des sièges.,56788
SIM-04907,01 Mar 2024,vendredi,Industrie,France, PME ,pro,11,29,4,13.8%,1,"0,1",16,3,0,14,6,10.3 h,3,1,656.31,clair,eu-w1,B,,16145
SIM-04908,2024-05-10,vendredi,SANTÉ,Espagne,pme,Business,9,9,4,44.4,14,0.7,26,6,3,1,0,3.2,4,0,369.42,bleu,eu-w1,A,"Compte engagé, ambassadeur potentiel.",3635
SIM-04909,2023-11-04,samedi,Finance,France,ETI,pro,15,206,73,35.4,17,14.1,16,4,4,0,0,7.7 h,5,0,5402.99,clair,ap-s1,A,,57596
SIM-04910,2024-04-28,dimanche,Tech,Belgique,pme,Business,9,23,5,21.7,1,0.4,26,6,3,14,6,4.2,4,1,1049.45 €,violet,us-e1,A,,16350
SIM-04911,16/01/2024,mardi,Industrie,Allemagne,PME,BUSINESS,13,33,3,9.1%,1,"0,1",26,2,0,30,4,4.8,4,0,,sombre,ap-s1,B,,13087
SIM-04912,2024-10-07,lundi,Commerce,France,PME,Business,4,37,25,67.6%,43,"17,5",26,14,1,0,5,9.0,2,1,1987.29,clair,eu-w1,control,,146662
SIM-04913,2023-03-19,dimanche, Santé ,Espagne, TPE ,Starter,23,9,0,0.0,0,"0,0",8,0,0,62,5,34.7,3,0,106.41,sombre,eu-w3,control,Usage en forte baisse ce trimestre.,1309
SIM-04914,09/07/2023,dimanche,FINANCE,Espagne,PME,Pro,19,32,26,81.2,81,53.6,16,13,4,2,6,"14,5",4,0,795.78,sombre,eu-w1,A,,15661
SIM-04915,2023-09-10,dimanche,Industrie,, PME , Business ,17,45,15,33.3,1,0.2,26,1,6,8,10,"2,2",2,0,"1849,26",vert,ap-s1,B,"Client insatisfait, risque de départ.",53074
SIM-04916,24/12/2024,mardi,,Belgique,PME, Pro ,1,31,28,90.3%,107,90.1,16,9,1,1,0,8.9,3,3,730.78,bleu,us-e1,A,,8389
SIM-04917,02/01/2025,jeudi, Finance ,France, TPE ,Pro,1,9,5,55.6,16,"0,8",16,3,0,2,1,10.3 h,4,2,"201,07",clair,us-e1,A,RAS.,2638
SIM-04918,10 Jul 2024,mercredi,ÉDUCATION,France,TPE,Starter,7,8,1,12.5,1,0.1,8,0,2,28,3,38.5,3,,83.42,sombre,ap-s1,B,Faible adoption des sièges.,1300
SIM-04919,06 Jan 2025,lundi,Industrie,France,PME,Business,1,32,22,68.8,21,"14,0",26,11,0,0,0,9.6,5,2,1530.35,clair,us-e1,control,Suivi standard.,46431
SIM-04920,2024-06-10,lundi,SANTÉ,Canada,pme,Business,8,41,18,"43,9",28,14.8,26,6,3,7,0,2.9 h,3,1,1865.51,vert,eu-w1,control,,7649
SIM-04921,20 Mar 2023,lundi,Commerce,France, ETI ,Business,23,130,0,0.0%,0,0.0,26,0,,70,3,6.6 h,5,,6007.5,violet,ap-s1,B,,187194
SIM-04922,2024-07-27,samedi,Éducation,France,ETI,Pro,6,88,81,"92,0",66,54.2,16,11,0,1,1,18.0,2,1,2379.4 €,clair,us-e1,A,"Client insatisfait, risque de départ.",76093
SIM-04923,05 Jan 2025,dimanche, Commerce ,France,TPE,STARTER,1,6,4,66.7,10,3.4,8,3,0,2,1,10.0,5,4,71.83,violet,ap-s1,B,RAS.,1531
SIM-04924,30 Dec 2024,lundi,Tech,France,TPE, Starter ,1,3,1,33.3,21,9.6,8,4,0,0,0,12.1,5,2,43.11,vert,eu-w3,A,,566
SIM-04925,01 Oct 2024,mardi,Commerce,Canada,TPE, Pro ,4,11,7,"63,6",35,18.9,16,11,0,1,5,21.9,4,1,"285,34",sombre,ap-s1,A,,1872
SIM-04926,13/03/2024,mercredi,Santé,Suisse,PME,business,11,51,44,86.3,61,34.5,26,5,1,1,0,4.9,,1,"2497,8",bleu,eu-w3,B,,53253
SIM-04927,09/01/2025,jeudi,ÉDUCATION,France,TPE, Starter ,1,2,1,50.0%,2,1.2,8,1,0,13,3,"22,2",4,5,"22,15",sombre,us-e1,control,Compte dans la moyenne.,300
SIM-04928,2023-08-01,mardi,Commerce,Allemagne,ETI, Enterprise ,18,150,65,43.3,22,"10,2",40,17,5,0,1,"4,8",4,0,12413.74,bleu,ap-s1,control,Client très satisfait et actif.,285019
SIM-04929,16 Jul 2023,dimanche,Éducation,France,pme,Pro,19,45,13,28.9,2,1.2,16,4,3,18,0,2.6 h,4,0,"1004,69",sombre,eu-w1,A,RAS.,21420
SIM-04930,2024-06-04,mardi,Santé,Allemagne, GE ,Business,8,814,0,0.0,0,"0,0",26,0,0,63,0,1.5,2,2,30549.69,clair,ap-s1,B,,826675
SIM-04931,30 Jul 2024,mardi,ÉDUCATION,France,TPE,starter,6,7,5,71.4,48,"2,4",8,3,1,2,1,"34,3",3,1,"86,8",bleu,us-e1,control,,2135
SIM-04932,14/12/2023,jeudi,,France,PME,Pro,14,57,27,47.4%,17,"9,7",16,4,5,0,6,16.4,,0,1509.54,violet,us-e1,control,Suivi standard.,19805
SIM-04933,2024-06-10,lundi,COMMERCE,Espagne,GE,Business,8,829,341,41.1,14,,26,15,2,2,3,7.5,3,0,39276.39,bleu,ap-s1,control,Suivi standard.,386480
SIM-04934,15 Nov 2023,mercredi,Éducation,France,TPE,Pro,15,10,5,50.0,33,22.0,16,6,2,1,5,13.3,3,0,"282,74",violet,us-e1,control,RAS.,4173
SIM-04935,10 Oct 2022,lundi,éducation,Canada,TPE,STARTER,28,5,3,60.0,25,15.7,8,4,9,2,4,22.3,4,0,59.98,violet,us-e1,control,,1082
SIM-04936,09/08/2024,vendredi,Éducation,Canada,TPE,Business,6,7,3,42.9,15,6.0,26,12,3,0,4,7.9,3,0,291.31 €,bleu,ap-s1,control,Compte dans la moyenne.,5733
SIM-04937,2024-02-14,mercredi,TECH,,PME,Enterprise,12,22,11,50.0,17,13.3,40,18,6,0,3,1.7,3,1,1827.95,bleu,ap-s1,control,,28479
SIM-04938,26 Dec 2024,jeudi,FINANCE,,TPE,Pro,1,2,1,50.0,10,3.0,16,5,0,2,1,"13,4",4,4,53.1 €,bleu,us-e1,control,Compte dans la moyenne.,740
SIM-04939,02/09/2023,samedi,Santé,Belgique, PME ,STARTER,17,26,16,61.5,41,34.0,8,1,4,2,0,17.6 h,5,0,310.42,bleu,eu-w3,A,Client très satisfait et actif.,7127
SIM-04940,27 Apr 2024,samedi,Tech,France, ETI ,Business,9,144,105,"72,9",35,21.3,26,10,1,1,1,1.8,4,,6621.5,sombre,eu-w1,B,,59726
SIM-04941,02/02/2024,vendredi,Tech,France, PME ,business,12,26,6,23.1%,1,0.1,26,4,,6,2,4.3,4,1,1136.85 €,vert,ap-s1,A,,5593
SIM-04942,31/12/2024,mardi,COMMERCE,Allemagne,eti, Enterprise ,1,191,156,,48,,40,21,1,0,4,"5,2",2,1,16557.89,sombre,eu-w1,A,,475211
SIM-04943,2023-07-03,lundi,,Allemagne,PME, Pro ,19,30,20,"66,7",16,6.5,16,4,5,1,6,12.3 h,4,0,767.33,violet,eu-w3,A,,39011
SIM-04944,30 Jun 2024,dimanche,tech,France, ETI ,Business,7,191,134,70.2,41,17.1,26,13,3,0,2,4.1,3,1,8978.92,vert,us-e1,control,,139892
SIM-04945,2023-03-19,dimanche,Santé,Allemagne,PME,PRO,23,47,14,"29,8",3,"0,2",16,1,2,3,7,"15,0",2,0,1344.89,sombre,eu-w3,control,Mécontentement exprimé au support.,77197
SIM-04946,2024-03-31,dimanche,TECH,France,eti,pro,10,147,49,"33,3",13,"2,2",16,4,4,1,1,11.5,3,1,4382.02 €,clair,eu-w1,control,RAS.,197629
SIM-04947,2024-06-07,vendredi,Éducation,France,PME,Starter,8,52,11,21.2,3,"1,1",8,2,2,23,6,23.7,3,2,494.48 €,bleu,ap-s1,B,,4460
SIM-04948,30/03/2024,samedi,INDUSTRIE,Espagne,pme,Business,10,13,12,92.3,107,"72,6",26,18,4,0,6,,4,0,512.14,clair,eu-w1,A,Client très satisfait et actif.,8399
SIM-04949,17/05/2023,mercredi,,France,PME,Business,21,32,23,71.9%,38,18.3,26,13,7,1,3,5.1,3,0,"1653,59",violet,eu-w3,control,,48814
SIM-04950,2024-04-01,lundi, Finance ,France,ETI,Pro,10,38,8,21.1%,2,0.3,16,6,3,5,0,5.6,5,0,923.05,clair,eu-w3,A,Déploiement interne limité.,12867
SIM-04951,2024-09-01,dimanche,Tech,France, PME ,PRO,5,40,11,27.5,1,0.1,16,3,3,23,0,7.3,4,1,752.92,bleu,us-e1,control,Compte dans la moyenne.,10496
SIM-04952,08 Jan 2024,lundi,,Canada,TPE,Starter,13,10,4,40.0,15,6.2,8,4,4,3,2,"37,7",2,1,135.41,vert,eu-w1,B,,5441
SIM-04953,28/10/2024,lundi,tech,France,TPE,pro,3,9,0,"0,0",0,0.0,16,0,0,84,3,11.1,3,0,206.57,violet,eu-w1,B,"Compte peu actif, relance nécessaire.",1186
SIM-04954,2023-02-04,samedi,Public,France,TPE,starter,24,6,1,16.7,1,"0,2",8,2,9,8,0,,4,0,77.39 €,sombre,ap-s1,control,,698
SIM-04955,05 Dec 2023,mardi, Santé ,France,PME, Pro ,14,24,8,33.3,3,1.2,16,3,6,6,0,"12,9",4,0,648.64 €,vert,us-e1,B,,14361
SIM-04956,04/01/2024,jeudi,Public,France,TPE,STARTER,13,2,1,"50,0",7,1.3,8,3,3,3,0,16.3,5,1,23.88 €,bleu,eu-w1,B,"Compte engagé, ambassadeur potentiel.",352
SIM-04957,04/03/2024,lundi,Industrie,France,TPE,Starter,11,9,5,55.6,8,2.4,8,3,1,1,1,20.8,4,0,116.68 €,bleu,ap-s1,A,Compte dans la moyenne.,1818
SIM-04958,04 Aug 2024,dimanche,public,France,PME,Pro,6,12,6,50.0,16,0.8,16,7,0,1,0,0.5 h,5,4,315.35 €,vert,us-e1,control,,9309
SIM-04959,06 Jan 2023,vendredi,Finance,Espagne, GE ,Business,25,301,103,34.2%,7,0.9,26,11,2,7,0,1.7,4,0,"15164,38",vert,us-e1,B,Compte dans la moyenne.,261131
SIM-04960,13/08/2023,dimanche,,France, TPE ,Pro,18,6,3,50.0,35,36.0,16,6,3,1,2,13.8,4,,"180,1",bleu,eu-w1,control,,2954
SIM-04961,18/07/2023,mardi,Industrie,France,TPE,PRO,19,5,1,"20,0",1,0.3,16,0,3,14,0,"3,2",5,0,94.62,clair,us-e1,control,Déploiement interne limité.,1785
SIM-04962,10/12/2023,dimanche, Tech ,France,PME,Pro,14,23,14,60.9,17,4.3,16,8,1,3,8,21.7,1,0,491.03,vert,ap-s1,B,Mécontentement exprimé au support.,6040
SIM-04963,07/05/2023,dimanche,Finance,Canada,PME,Business,21,29,21,72.4,74,"41,9",26,8,5,1,1,"3,1",4,0,1216.86,vert,ap-s1,A,"Compte engagé, ambassadeur potentiel.",27939
SIM-04964,10 Jan 2024,mercredi,Santé,Suisse, PME ,Business,13,21,10,47.6,39,19.0,26,14,2,0,5,,,0,1048.07 €,vert,ap-s1,A,Mécontentement exprimé au support.,5157
